EOGh_mean,EOGh_mav,EOGh_rms,EOGh_std,EOGh_max,EOGh_min,EOGh_ptp,EOGh_wl,EOGv_mean,EOGv_mav,EOGv_rms,EOGv_std,EOGv_max,EOGv_min,EOGv_ptp,EOGv_wl,subject_id,label,start_idx,end_idx
157.13624584889277,164.44425030237255,194.3935383066188,114.44233471877092,260.783637268598,-49.24624400734508,310.02988127594307,640.6434040762074,0.02059572921748594,7.9385990982988694,10.355479547670535,10.355459066509836,34.805689923947256,-17.6383915055333,52.444081429480555,408.72940344340486,S1,1,0,255
-41.25329046535681,41.628475590886254,46.61316731603483,21.70146061935828,5.936725324357816,-73.7164353060599,79.65316063041772,481.7623751777177,77.18781608920818,82.73196019412167,174.81302282247586,156.8490803151553,660.6938583400505,-38.414915826378355,699.1087741664288,1618.0252278324087,S1,3,508,763
-49.89827503731139,49.89827503731139,51.911852339777404,14.317910519614196,-8.89501735908622,-73.7164353060599,64.82141794697368,414.1839181859205,5.986985924215279,25.078769827512133,28.851715865561793,28.223704716609372,54.86767396582471,-50.77922058394908,105.64689454977379,400.40039424213825,S1,3,636,891
-47.32228955693522,47.32228955693522,48.795393238918365,11.899214782087926,-8.89501735908622,-72.28316232718907,63.38814496810286,411.48237622657615,-35.571259999976526,40.1461984136005,45.75639777820739,28.780781776241113,21.677188033275463,-88.17847696843968,109.85566500171515,414.9569369928476,S1,3,764,1019
104.25796476399574,113.69354170616043,119.04722557675875,57.46754476043939,153.3711849520546,-45.65314424573719,199.0243291977918,552.135357881132,-52.34011506287771,52.34011506287771,53.09498989057023,8.92133996014487,-35.07541282565708,-76.30061286846467,41.225200042807586,373.82425978504637,S1,1,1040,1295
-3.8587789460685444,18.766864988500146,22.12370933060085,21.78458949786048,48.773384095440015,-33.39676752989461,82.17015162533463,446.2984440641107,74.23284520166922,83.9701912217152,171.69044629134103,154.81309389384631,606.0506494789165,-28.49748732466275,634.5481368035793,1466.3159300722657,S1,3,1548,1803
1.121689097927817,17.094037124638795,20.142500246155578,20.111243863420466,43.218935078780696,-33.39676752989461,76.6157026086753,477.4403047605741,28.70104864167647,28.903062666010843,31.778777294506327,13.64333145540166,57.654289812050706,-5.56366100385854,63.21795081590925,404.7273534943436,S1,3,1676,1931
10.943636842332943,17.002907627372746,19.771244042272706,16.46629599036277,43.218935078780696,-28.241951056581502,71.4608861353622,472.7129124993353,40.241995664874466,40.241995664874466,41.65393999226631,10.753255404181,64.90235770482472,16.11114136070094,48.79121634412378,408.76630617124334,S1,3,1804,2059
-104.85527248510977,104.8790570470141,114.13041895370857,45.067997100186545,1.3707513562584381,-167.98165945360998,169.35241080986842,540.1877194224833,-4.713583881611951,14.552789116506512,17.14608999753687,16.485464178925685,33.114514704259804,-34.19241999533622,67.30693469959603,428.7968921237772,S1,1,2078,2333
42.547405441886845,42.547405441886845,44.40040325532021,12.693072890310965,72.34753947360029,11.110934085485024,61.236605388115265,459.09389850037496,48.83220796572996,88.95633540235795,180.2936658384752,173.55466403029178,652.5360780037759,-54.88459353891209,707.420671542688,1700.5098256745737,S1,3,2586,2841
29.254628391094563,31.099937311579936,35.33699740505606,19.8209511200624,62.50476740651685,-19.03224225315972,81.53700965967657,410.5936636734258,-26.90083731961154,27.680268330771394,29.190462015919298,11.332608887922605,20.799458934464106,-45.36558161620997,66.16504055067408,527.2486351589691,S1,3,2714,2969
-3.7285236467799834,21.591796089268357,25.247478465329543,24.970648375095937,44.366509346863225,-41.72983298952929,86.09634233639252,346.60533619348854,-37.18628370323778,37.18628370323778,38.85792211077758,11.274680266400907,-9.025966692713022,-62.1037650423331,53.07779834962008,443.2413568035514,S1,3,2842,3097
15.126989196634044,35.83795493048519,45.266671628530496,42.6643382483559,95.34339577675782,-62.75119309470323,158.09458887146104,566.1110442007122,-107.19154742941636,107.19154742941636,112.03536803608355,32.58674348056086,-47.61859102031073,-156.4250294582008,108.80643843789008,404.12510089435796,S1,1,3116,3371
0.5721992042947717,18.599767812269732,26.5506903054069,26.544523799914593,87.24765192504249,-30.127150429215998,117.37480235425849,458.92430739282236,-25.717287311345054,35.140771299073556,46.78239446465508,39.07957990040734,24.9012112841687,-110.15530453338725,135.05651581755595,580.6943252922496,S1,2,3380,3635
-13.36981782677165,25.558497346081968,33.10745854142068,30.287815740835914,43.73520137388288,-76.9725340897188,120.7077354636017,579.57616637635,123.41345301198695,123.41345301198695,213.80290399319045,174.58751780004064,704.6310072148567,0.33698184739607606,704.2940253674607,1615.0088298788653,S1,3,3644,3899
-4.0529842477455045,19.95730943066227,23.401957438964033,23.048317306532613,43.73520137388288,-52.270097812141465,96.00529918602435,509.54085350532006,21.579127932931122,23.888493528733864,32.211543098583526,23.914948179874767,78.35522193817232,-19.89605900756392,98.25128094573624,408.5852989604457,S1,3,3772,4027
-0.7540218966049572,22.54995755494855,27.115277422724418,27.104791471080325,62.55685948042639,-52.516540517539994,115.07339999796639,521.9823076418966,24.6661956905642,29.281404798009156,34.3845723460538,23.95574264296141,99.15089211846896,-30.395557841270133,129.5464499597391,562.4462159960323,S1,1,4154,4409
56.03351871141446,56.286190385143684,64.75626812032401,32.459498481782774,119.51082615876214,-7.650832782420351,127.1616589411825,451.1913344017649,-28.4334965364066,42.25590479359421,43.42401625928354,32.820442757535666,46.328694601110406,-63.415377254759676,109.74407185587009,467.5973816725733,S1,2,4418,4673
79.07728319416333,79.07728319416333,80.31588576154383,14.050793155244005,125.87193280375868,48.55610164600374,77.31583115775494,530.2586690003486,61.02586845002887,106.64168115616147,203.3832831670336,194.01186368807845,671.7240969281878,-64.60694962951237,736.3310465577001,1664.4107883269469,S1,3,4682,4937
58.02627692381903,58.92703851073844,63.29116591007449,25.272967151026066,102.34441863698372,-24.350836693294394,126.69525533027812,439.8064758953746,-27.0411144640832,27.092265671416037,28.701239216079983,9.619732900605811,4.297921612531983,-45.42915224765185,49.727073860183836,392.88939762455027,S1,3,4810,5065
-219.16529961168112,225.86913169637288,263.4634895791985,146.2175837147178,27.857843268201933,-354.6674047990797,382.5252480672816,747.7177599626597,-102.70417123292444,102.70417123292444,106.36450550241659,27.663355583365988,-54.33162072608426,-141.97116059140265,87.6395398653184,349.2265858603363,S1,1,5193,5448
-43.912056303258595,91.79495325173514,140.99159156473186,133.97895432931108,75.7089386583484,-337.803618328825,413.5125569871734,692.6158873031367,-60.63445128097143,75.61777616868032,84.55284102448346,58.929162926068074,42.875594300364035,-151.13580015446863,194.01139445483267,568.0792513722192,S1,2,5457,5712
68.99040607919771,68.99040607919771,71.23335873040764,17.73457823130688,104.98279023287037,33.02722283914201,71.95556739372836,457.143742982478,158.09053785031904,158.09053785031904,235.02117091536664,173.90322774643033,730.5435391509188,30.51278295848225,700.0307561924366,1535.6116966945142,S1,3,5721,5976
50.180708825475264,53.776668117396696,59.75236945359356,32.438281660587535,104.98279023287037,-25.153939937466806,130.1367301703372,465.28152864610945,61.77234962318002,61.77234962318002,68.43403928730487,29.451562865287787,117.21347528142863,12.460480620161025,104.7529946612676,353.0734319810456,S1,3,5849,6104
165.45266375508317,170.68405432905936,192.20679666428492,97.82059466335893,256.9067411398781,-39.88002856183765,296.78676970171574,675.1731380388828,-83.11541888995563,86.02250771247861,96.6921899014951,49.40856940545835,23.423357704756462,-133.75663067802785,157.1799883827843,452.234939103494,S1,1,6231,6486
-5.849955904683856,75.15532712039469,89.52435421602986,89.33301748911451,179.5282449131417,-96.69482121418064,276.22306612732234,714.8641452745319,-27.66258982826826,29.858270759880917,45.926119023814884,36.66046279825994,23.77293776891503,-103.23413357074709,127.00707133966212,422.6196122136172,S1,2,6495,6750
-72.13696865569739,72.13696865569739,75.57078785430843,22.52113962675559,-9.502975961519873,-109.18664169135818,99.68366572983831,422.24337849190783,104.51997676620202,104.7367634026716,203.87383870168745,175.04318485377905,670.6426953117566,-6.193059903393865,676.8357552151505,1576.3131288567188,S1,3,6759,7014
-86.9035568972865,86.9035568972865,88.52952370443103,16.889297378325193,-38.33102081603541,-114.3158809420094,75.984860125974,444.7359741321533,27.409055209819577,27.572869848290033,29.6215510279521,11.232986148243596,48.01785390929607,-6.193059903393865,54.21091381268994,401.12567857110844,S1,3,6887,7142
-105.61254128060105,105.61254128060105,107.89512946674597,22.076007041564655,-64.5464222485704,-158.02263578110487,93.47621353253447,473.1815160994552,30.4956183696294,30.4956183696294,32.484169612623,11.19100244283691,58.77972018018195,8.36472946119348,50.41499071898846,344.30948450440656,S1,3,7015,7270
79.11010072454603,79.11010072454603,85.14669516405019,31.48891329836372,156.18247875998458,36.44541602555859,119.73706273442599,557.4852278702981,-63.72827212073885,63.94570307318372,75.46826298219749,40.4248197281717,10.174839393205524,-146.6860141587819,156.86085355198742,560.4068556631273,S1,2,7532,7787
28.01773826213126,32.5380417290867,39.0005852211292,27.13027810888173,100.1100970158956,-41.42396757964225,141.53406459553787,524.7842143869966,68.26195609808381,102.07383556951393,209.14516929872138,197.69169732351963,693.5479303851043,-67.36109059262516,760.9090209777295,1780.7845457682256,S1,3,7796,8051
19.091920866547184,19.38199829130199,23.259351661293643,13.285179612230447,50.2318214635671,-3.7404849767331347,53.97230644030024,374.1111203590039,-10.730426175401783,12.736580365623164,15.372827801090432,11.008260021285434,16.650394918504297,-41.55588304751671,58.206277966021005,490.8081623330663,S1,3,7924,8179
23.103274115872217,23.393351540627023,28.789624486455946,17.17792779115143,60.704589493861995,-3.7404849767331347,64.44507447059513,334.8333890150121,-24.467746463501964,25.778276221204674,31.135658672984583,19.25509345597645,10.443119042711453,-59.384916372818644,69.8280354155301,471.7615656551001,S1,3,8052,8307
-152.84209575975035,154.16525614054586,169.92201657368517,74.24813452360294,18.7663332100855,-245.7449735417023,264.5113067517878,671.2319497670676,35.92922498263903,58.285684611074686,60.7050471797394,48.930497087616985,128.16029996330388,-74.19720860589733,202.35750856920123,595.4499600845938,S1,1,8328,8583
-5.23200832533238,72.09622471926305,99.43506568114869,99.29732310539899,98.13517267662709,-224.6109922188059,322.746164895433,632.978400573361,-28.914685613188638,53.894044282061785,55.9603037962675,47.91134058718262,84.21635423984145,-78.67005421958646,162.8864084594279,456.13955835016293,S1,2,8592,8847
-11.975009193200272,15.111713985036909,18.365554513543007,13.924537601395924,22.451856291285164,-40.730625664949336,63.1824819562345,459.3051604624094,26.921511764512122,108.92042694968114,182.23896803509658,180.23948977627012,618.9560907369194,-86.20062239114412,705.1567131280635,1633.718835535657,S1,3,8856,9111
-18.91731597026598,22.65004448951217,29.81358089225651,23.04310660697125,22.451856291285164,-67.00294711921735,89.45480341050252,475.73702250279746,-44.73849504661732,44.73849504661732,46.499372316188165,12.675120779041274,-21.983838527451645,-74.79187834728292,52.80803981983127,379.0907650504273,S1,3,8984,9239
231.85976824933064,237.6315616160813,275.3119334065053,148.4510307926311,349.34451658465525,-49.34547051616013,398.68998710081536,730.1454445258946,9.370282318618033,34.5349463645362,36.78407168139333,35.570574056813825,62.77285824085994,-61.49326057773979,124.26611881859972,557.632148602552,S1,1,9365,9620
12.15541402391478,108.99522133948794,151.53168802494974,151.04336591058183,353.5259034922158,-99.44831492414829,452.97421841636407,721.6913315367424,-30.681494957422373,40.19966391870845,42.86703620214449,29.937078346652864,39.60364225735549,-73.48608830736654,113.08973056472203,488.1388960075203,S1,2,9629,9884
-49.4653141566992,49.4653141566992,53.650526074452,20.774061794567483,-12.891782983754862,-88.8169055965787,75.92512261282384,392.0400888298183,91.97127011984655,95.39736296420983,198.55760497357906,175.97274779177053,673.8460262322928,-20.540258766269922,694.3862849985628,1616.9884461245288,S1,3,9894,10149
-27.846928564781408,29.96322469916833,34.56672930554036,20.47943711117238,26.973075681874583,-67.41145958011737,94.38453526199194,599.7043092782005,2.511932903607218,11.56869422865909,14.032833119190638,13.806179719199264,35.97638256212216,-31.356812935117084,67.33319549723925,473.7798489367485,S1,3,10022,10277
-177.3811259832015,193.31258542201405,215.82971275369624,122.95690729794173,55.93251987486015,-290.51051884638014,346.44303872124027,720.1121430729843,-32.11914988103847,32.11914988103847,33.42169677957662,9.239590171936685,-11.112568099224353,-54.31715792884709,43.20458982962273,344.9450860138693,S1,1,10403,10658
-35.84668777846987,53.10887285650539,97.60066587747993,90.7794302418801,30.52251028055661,-239.01090079763856,269.5334110781952,612.8155566859864,-43.3044324276149,43.3044324276149,44.4978515695334,10.23645087060753,-26.674601450366282,-72.08299227694256,45.40839082657628,359.88025581372403,S1,2,10667,10922
57.491334637441135,57.491334637441135,63.079265812108865,25.956506255666362,120.12955465929193,6.365256365651418,113.76429829364051,458.0384435665384,83.6592098025503,111.15468461378362,221.36996187709968,204.95315717666182,747.5655834223489,-53.404459669746274,800.9700430920952,1791.6311892902204,S1,3,10931,11186
97.10488291427353,97.10488291427353,101.49961263061894,29.543410066729418,141.63399668211085,37.19360461356155,104.4403920685493,480.3432243067565,-33.11122382006566,38.463922365446436,44.416304724181806,29.604982392983974,45.56911077819618,-72.78841695689735,118.35752773509353,421.60992959023787,S1,3,11059,11314
3.369837106539933,79.77694255277703,93.97592084387352,93.91548272957644,175.53605813576823,-88.8780111388708,264.414069274639,614.8101565303093,-49.57163728161351,49.57163728161351,51.500548295651825,13.962780954126266,-10.571130231166254,-70.19288911345703,59.62175888229078,375.65998470140346,S1,1,11441,11696
27.154617317098676,58.73820764915598,62.378905171182346,56.15829919715593,86.17229073854969,-101.754178554942,187.9264692934917,535.0291444136196,-16.442686693087072,19.354034469709696,25.614778801895,19.64064528937343,22.998638411031898,-65.85650388829903,88.85514229933094,440.67434226365964,S1,2,11705,11960
16.4262079469083,31.38996227159435,37.512555747087546,33.72493930555365,76.06601163407312,-70.83265000555743,146.89866163963055,614.2396358950491,68.7729562345215,86.39493468375565,188.93010075346547,175.96835926233786,644.9649878321115,-32.82814296673972,677.7931307988513,1551.747001449399,S1,3,11969,12224
-32.93910279863843,45.70314401246338,51.094802270435046,39.06013729975337,48.474288658026516,-77.96653246510525,126.44082112313177,552.6962295620391,-6.9876191588651295,14.477688389540859,17.415603388742515,15.952317069461749,41.66252471761298,-32.82814296673972,74.4906676843527,409.7950207991638,S1,3,12097,12352
-58.84992311074225,58.84992311074225,59.81542930903642,10.703837315844162,-36.42412952555861,-80.78562078567428,44.36149126011567,429.01532076324713,5.616065917978399,17.27500238967484,22.165357320526866,21.44208172616538,56.97996970194531,-27.618111122054998,84.5980808240003,457.05388999330717,S1,3,12225,12480
2.098779588968883,31.61177921767577,37.686211022933534,37.62772416054425,53.74073796370129,-84.74806910771443,138.48880707141572,428.1258436480871,-41.512267315323896,73.2508385252417,75.79297872924539,63.41377836868685,101.59188117078902,-112.43538186221167,214.02726303300068,525.4096695180506,S1,2,12743,12998
21.147024709182435,23.137497855801115,27.794385773857673,18.03694060796479,60.94828397172571,-17.346120806258423,78.29440477798413,731.3139302114811,10.17436816161215,136.75916718388712,201.5452446154973,201.2882705465786,658.6224811306963,-115.95871920444051,774.5812003351368,1705.2520620792127,S1,3,13007,13262
40.93660917628148,40.96985562629809,50.44724293953919,29.48081324097545,111.1224032545455,-2.2509978642622874,113.37340111880779,614.6937936687968,-83.16798475077094,83.16798475077094,84.19452190789116,13.107396072214163,-28.62452746736257,-104.47257104833052,75.84804358096795,396.4153465098949,S1,3,13135,13390
69.97738589870269,69.97738589870269,75.76417254197388,29.040924636692154,111.1224032545455,5.080689513386655,106.04171374115884,514.9358775609579,-93.47829768373992,93.47829768373992,94.08297028005059,10.6495614401246,-72.20038321335754,-114.306253357382,42.105870144024465,374.29967239724954,S1,3,13263,13518
45.06248199665193,90.96966071871162,93.41006731341153,81.82183933276917,125.3381534034788,-127.1613414668695,252.49949487034831,698.8779330758705,-10.131716268171425,51.880318786562725,59.255556184999776,58.382953541722564,108.35281002698414,-75.60220780306543,183.95501783004957,589.3129435698793,S1,2,13781,14036
72.06929970735365,72.06929970735365,72.90135374409246,10.982869270502027,97.58260670867622,47.63037535800503,49.95223135067119,428.99666413173577,74.89143795950427,84.19088423349015,185.4826659760008,169.69116623419853,643.8318180094576,-21.478773566982348,665.31059157644,1541.6881019324858,S1,3,14045,14300
60.337918342394204,60.337918342394204,63.69245181949757,20.397647631175207,88.56267831299708,16.658522951870466,71.90415536112661,451.9681991837609,-5.101215194649417,13.472806739226655,15.489360300326343,14.625248238960037,22.471358688175048,-30.43292180263195,52.904280490807,403.16492037662493,S1,3,14173,14428
41.84630307895266,41.84630307895266,44.946605359518486,16.403787732372457,77.31744986577262,2.6653968576159737,74.65205300815664,492.5973931350403,-11.561468266935606,15.075161145185495,16.90015073437856,12.326700546267732,16.433859695960955,-30.43292180263195,46.8667814985929,423.351853544773,S1,3,14301,14556
-164.5420749527251,169.03759732928083,191.159122989044,97.3021884244761,21.413998661712995,-255.7714275562621,277.1854262179751,782.020854437465,-31.152181298687246,31.17381778278877,34.28347727146916,14.31427309216445,1.5217066306109976,-57.94434291040902,59.46604954102002,376.1646057504764,S1,1,14575,14830
23.323117336296434,24.829927700327104,28.65746303464641,16.65179826023226,53.06232308241577,-19.09345411279668,72.15577719521245,439.2732342054236,60.4793530667153,121.04242595115342,218.3568778136425,209.8141414231977,699.657594945361,-78.9272700826677,778.5848650280287,1722.5899035911107,S1,3,15083,15338
9.033800627577943,11.314963402028802,14.089497886111754,10.812233668577456,33.69035338899921,-19.09345411279668,52.78380750179589,386.4220938420797,-40.71332990297975,41.07215500453929,44.805088483756194,18.70616802683962,17.829058986859817,-78.9272700826677,96.75632906952752,449.5951712492478,S1,3,15211,15466
-0.9414719001590233,10.15913031396006,12.748972844669558,12.714162939624957,23.39505508736083,-30.00307123313438,53.39812632049521,361.1272300586538,-18.21999753117178,25.43394174611522,31.04441023878831,25.135375410728972,26.116811523617855,-64.38088421766298,90.49769574128084,426.39213872508765,S1,3,15339,15594
96.7596703633915,102.51126219552721,115.28851972183868,62.681807335307475,156.58874221173318,-25.113107484965372,181.70184969669856,562.3409284614921,-39.66313807205569,60.257918327634485,62.3866623627304,48.15528132031177,63.41515882695938,-84.03249424687742,147.4476530738368,506.2435656675932,S1,1,15613,15868
6.0244799103823965,45.125282136469664,61.11219015638381,60.814516585428954,153.8213206440567,-57.81198328975081,211.6333039338075,526.6893434904503,-3.0744738881183196,29.43671926000272,41.67435426640414,41.56079178544408,76.3589373939172,-88.9477339884891,165.3066713824063,502.28030453998514,S1,2,15877,16132
-27.383242765420277,29.924656885151126,36.14683572203903,23.595587476605342,18.921536665419204,-69.72880004321136,88.65033670863056,440.21988943215615,99.18736009555035,100.38670552311432,212.825052404049,188.29862062177148,726.0263133716561,-10.612017659466575,736.6383310311227,1737.2004466541516,S1,3,16141,16396
11.936841441469427,27.11387738824337,34.06639953563052,31.906604233644565,75.22970130210284,-48.55297335552552,123.78267465762836,530.8478881237011,16.846133910754638,17.70609948972026,20.33511120326084,11.389667243159792,50.114831396616125,-11.03389852839647,61.148729925012596,501.3389093196393,S1,3,16269,16524
-72.15715986866468,113.99970974632512,119.60725747670446,95.38993825758902,103.21209991402476,-179.45740298552087,282.66950289954565,752.1542001454409,-65.61339072833103,65.61468801796362,74.24548402784438,34.74586098602624,0.16605307297189276,-102.59820868435193,102.76426175732382,383.4812107137292,S1,1,16651,16906
-13.867640958925907,60.756160989579115,81.38502090156858,80.19482627565868,59.620223438879904,-175.91928887050338,235.53951230938327,620.5334634265356,-54.665082492944244,54.77961960009853,62.59495893375431,30.493567189785946,5.630098751939503,-121.66214175504419,127.29224050698369,462.0535839260617,S1,2,16915,17170
10.079887215763033,12.104596738195688,15.81084468194142,12.181078904348835,50.61275798318999,-17.675383202453798,68.28814118564378,454.97975566393814,56.00336138989061,107.8491030921893,208.13946090085946,200.4636094086249,702.0893667303069,-55.271972112400206,757.3613388427071,1740.1091558843882,S1,3,17180,17435
0.24058057150914092,11.215775091329991,13.070709457965236,13.068495197349776,29.229151611957572,-23.262831744909278,52.491983356866854,413.0400402267252,-33.79112836786913,33.79112836786913,35.594583796192225,11.186332698893773,-6.684198941937631,-55.271972112400206,48.587773170462576,447.5413420870737,S1,3,17308,17563
5.55435799658671,14.114751738356613,18.344201404843187,17.483101338927373,50.8665529806181,-28.83954886515037,79.70610184576847,463.4016059715214,36.095651405832164,60.22331258080369,64.92962836509341,53.97184997031128,130.32484647191183,-58.53591298921473,188.86075946112655,512.5529181683454,S1,1,17689,17944
45.535423245487046,45.535423245487046,51.71998049171778,24.52512205714838,115.87693009382656,8.280111578521993,107.59681851530456,569.5653033207996,-44.460758952339326,67.35513120735538,70.27796366065503,54.4264006679693,80.98757743699618,-99.49773391324227,180.48531135023845,486.6912248360656,S1,2,17953,18208
15.165293899791532,18.41424737331167,22.735261091558595,16.938298551929115,45.590234866273335,-26.12609450823839,71.71632937451173,497.4456859767116,74.5822529192189,90.62169633730852,205.2165355414165,191.18397947818517,709.4975591358128,-38.06294728458543,747.5605064203983,1754.977901769838,S1,3,18217,18472
11.07474071784338,18.89353756892286,23.201437409671293,20.387663326321544,45.590234866273335,-45.26547572651129,90.85571059278462,537.6547296530864,0.8035874486090697,6.339066031277937,8.349508968624418,8.310748897035548,24.213937904706302,-18.88201970186842,43.09595760657472,415.126573555982,S1,3,18345,18600
-86.87908728592359,98.17139341083518,109.87340349084502,67.26209175328184,41.34286884220987,-157.21808621912245,198.56095506133232,535.5176403528828,-38.543070664285985,50.51304826555007,55.101679152497695,39.377998288291096,42.0262018327257,-80.10741527120504,122.13361710393073,345.1701223071668,S1,1,18727,18982
20.647348544889436,54.00152564982409,58.545915304665726,54.78422397850448,61.895183067582366,-116.91447992544892,178.80966299303128,485.1433812690087,-36.852012042293396,37.7209613946168,42.69584821085587,21.560720370133925,19.81663608415973,-89.32441497724294,109.14105106140266,447.80177238189526,S1,2,18991,19246
66.17523090295376,66.17523090295376,68.6331581540964,18.203000113881373,104.61032214745961,27.04286682828145,77.56745531917817,539.8461129873917,62.86893100373959,103.8818258751417,205.87541802853053,196.04128458788784,690.0215101974887,-62.777486234779694,752.7989964322684,1746.864861346178,S1,3,19255,19510
39.65224294284006,40.62151153724157,46.74799944497408,24.760353020691916,104.61032214745961,-22.32766003647099,126.9379821839306,555.598806877629,-16.843269701254606,17.047778771027524,18.521215026784994,7.7032247688357645,7.027444288260538,-32.763106061570184,39.790550349830724,386.46698959483115,S1,3,19383,19638
10.054063639376075,15.963738395378016,19.032221887086088,16.159866159552642,37.32344601771153,-22.32766003647099,59.65110605418252,383.5950171372389,-1.0090608733717286,12.25256281507987,13.813236665341966,13.776331272388086,21.43819754729349,-25.488378922939123,46.92657647023262,349.0230551002933,S1,3,19511,19766
-22.782761165546994,33.361435668820306,37.51393904548234,29.803379277890762,44.78366725767634,-80.10882924167285,124.89249649934919,566.3432496239484,-28.24616413172798,34.03364310168091,53.72382653054355,45.69905632425487,47.260400120687805,-128.12289904233785,175.38329916302564,561.4881835427177,S1,2,20028,20283
-13.349235818582347,42.652655223603226,47.7754029774911,45.87250846336554,75.28021897644396,-87.93226569988055,163.2124846763245,528.1496352705385,109.36538184871858,109.36538184871858,215.9498306091134,186.20833115945362,726.0554742804909,0.6517024981563396,725.4037717823345,1650.532415380017,S1,3,20292,20547
-52.38003768180582,52.38003768180582,54.38359402053649,14.625558144670418,-19.463315944701158,-87.93226569988055,68.46894975517938,465.2373075262022,20.055758264283998,20.276806380485105,28.367500283724876,20.06194489055672,77.79615111169606,-3.7111982126334633,81.50734932432952,377.9615862656512,S1,3,20420,20675
-58.00552539877652,58.00552539877652,59.27551106828934,12.204312173112596,-20.67748062867656,-84.19082215818523,63.513341529508665,386.38001870793283,5.213776429851793,9.754933417276671,11.796600405469873,10.581886243286396,27.138640126359565,-22.323300870864877,49.461940997224445,425.36098847364957,S1,3,20548,20803
162.13950669497618,187.8377549632928,207.3510624432889,129.2487658164304,267.06193294484,-65.37011670327486,332.43204964811486,703.0636793901707,-6.144189122752092,14.087431243242184,17.99454034303409,16.91308434854318,30.887551276420382,-37.743372766543054,68.63092404296344,409.2502625227618,S1,1,20824,21079
-67.43195015074012,67.43195015074012,69.86761300748064,18.287029453445346,-33.49950482499583,-101.3924807744117,67.89297594941587,449.1346940465942,19.324749330738374,108.28945875561902,179.37411363144184,178.33010599550917,636.3749169409572,-97.07934065746909,733.4542575984262,1610.014037924006,S1,3,21331,21586
-48.06825315924681,48.54956583741611,55.228969745283585,27.197097958127962,16.70778716167091,-101.3924807744117,118.1002679360826,433.5524043880595,-57.914117234423145,72.81989804428181,78.455542586317,52.926620782654275,224.6107931903863,-112.13950043300233,336.75029362338864,643.961455478538,S1,3,21459,21714
-3.933706990031917,24.7166273245504,28.928527712281777,28.65982667283298,51.6579526612524,-53.08772356353931,104.74567622479171,448.62150098017014,-78.57688408503898,78.57688408503898,79.90102361109292,14.486092005326228,-49.346281367153644,-112.13950043300233,62.79321906584868,453.9011074446654,S1,3,21587,21842
-134.5208528305456,140.24147539941865,158.00805958806617,82.8896076026938,40.1138803480423,-227.32177138054223,267.4356517285845,590.9732949306399,72.30194458137085,99.73351466609128,103.4681408558804,74.0140863749914,150.17910181914434,-70.41297677682368,220.59207859596802,592.5851561551262,S1,1,21861,22116
89.85471976214058,89.85471976214058,94.54865376948969,29.42069452086436,142.97053832840126,33.59496278111399,109.37557554728727,449.99217943952897,11.286700638651702,102.44475233682186,169.17788235655294,168.8009664289311,613.9862530136292,-80.13077389753343,694.1170269111626,1644.872716933013,S1,3,22369,22624
86.82702787639039,86.82702787639039,90.42262772694802,25.245174493331547,131.85021718348935,33.59496278111399,98.25525440237536,444.752424976425,-62.75394141935201,62.75394141935201,63.6580799176553,10.690836035555119,-42.11707225752499,-86.22314394541779,44.1060716878928,373.51335269300034,S1,3,22497,22752
101.03207961418391,101.03207961418391,102.08499163068723,14.624103564686697,131.85021718348935,70.8127036825294,61.037513500959946,464.38814725520456,-61.420558952749204,61.420558952749204,62.71103805252025,12.6565884643731,-37.551027128255306,-86.22314394541779,48.67211681716248,347.4584808422639,S1,3,22625,22880
-133.67335752214993,185.22620310663018,196.95968078335594,144.65320370816872,115.25490114310394,-285.59165337640223,400.8465545195062,812.1157616875624,58.92648961748979,83.06237488152232,88.90699097662187,66.57418317844382,126.86194162945355,-71.77078349290532,198.63272512235886,501.17915296239664,S1,1,22899,23154
-61.516539177068154,145.52584993363894,170.06473528333478,158.548824009095,100.8583318203132,-305.9213149615876,406.7796467819008,860.0379389412756,35.595421593196605,67.57754217453194,82.01836256782363,73.89166231659405,136.23753661139028,-46.92565304275837,183.16318965414865,521.3704106762561,S1,2,23163,23418
0.9058958529025647,18.590176763399917,24.160818468073014,24.143829475683262,73.43060336523277,-41.50044466414582,114.93104802937859,395.58481581526905,28.12978899989871,83.77525499782963,160.19066929675193,157.7015076039621,594.6534614466692,-65.9185490350991,660.5720104817683,1594.1020118965057,S1,3,23427,23682
-39.2595319149085,39.731039144639865,47.45402403451898,26.65658550698094,6.484670151142569,-90.19901184918423,96.6836820003268,410.206784032399,-31.907710603027713,31.907710603027713,33.2854861170576,9.47742528972229,-13.408133824376378,-53.43912786237846,40.030994038002085,412.2328279890627,S1,3,23555,23810
160.23718779579156,185.6461956437104,203.87481791220677,126.05151734918421,270.33249668653514,-74.29782822981981,344.63032491635494,614.095080742907,-66.1461273908938,66.37068579702051,74.58701339269005,34.4661050603194,6.810143739430001,-120.15493353163689,126.96507727106689,420.9337615446036,S1,1,23937,24192
30.842668857939316,100.02938487212755,138.31895886679885,134.83643483760127,299.03806471115666,-75.8781011271914,374.9161658383481,683.8385967324576,-33.54483130008829,34.814471453273086,50.63852915542155,37.93421843234807,11.188106457064034,-112.8947871456045,124.08289360266853,505.8522220248991,S1,2,24202,24457
-79.7744613846429,79.7744613846429,82.80474205972166,22.19595950544048,-33.31443183018124,-132.61742619853268,99.30299436835145,545.7106936929354,63.550614050311644,113.95880676669105,218.41552350714275,208.96569183176354,703.5302315449035,-65.05739721034716,768.5876287552506,1818.2986809042823,S1,3,24465,24720
-62.72734175331925,62.76284357269864,72.50937063995711,36.37154694489863,1.7755678347237267,-132.61742619853268,134.3929940332564,596.1209102170549,-35.26154563201362,35.26154563201362,36.49939567028027,9.42492885581082,-6.812527309134519,-50.071533251533396,43.25900594239888,379.31717340370835,S1,3,24593,24848
47.60637437183652,71.22156728545424,75.46911256800381,58.55954295390783,107.97212809296853,-66.62844241842272,174.60057051139125,601.8559000346671,52.04473397859586,78.91669116395282,82.70064436459108,64.27085065109813,123.51685334760681,-58.312487404947525,181.82934075255434,570.8196653738416,S1,1,24975,25230
18.106920803046787,31.81721652638975,49.895350886122515,46.49392927126592,127.91391342038821,-26.157585650187805,154.071499070576,570.8232463882788,4.664531757826021,40.96385954975665,51.44527240360032,51.23336994733875,109.12917110229274,-42.86198368298829,151.99115478528103,520.8801677439324,S1,2,25239,25494
-12.67230671293264,15.828835371071019,21.10242387370373,16.873794354525703,10.458133380439314,-59.42506936345498,69.88320274389429,470.53626404751935,66.28255689093542,110.46135776949839,213.192077471805,202.626465568405,727.2892850211409,-70.85246528925624,798.1417503103971,1764.9967932619265,S1,3,25503,25758
-8.58809088204661,12.707229195589765,17.64397098242707,15.412800103499572,20.495814757813868,-59.42506936345498,79.92088412126884,449.50989660876166,-44.19083524633196,48.11845266773909,51.77657976577515,26.981184045056708,22.42571987838777,-81.28353922923378,103.70925910762155,460.6467929107965,S1,3,25631,25886
-30.08185512279053,30.173290546729408,34.322247758398994,16.525697672424183,2.9918165254259965,-73.95887678799792,76.95069331342393,563.0220862825461,-50.51667714257045,50.51667714257045,51.37469519361393,9.350114261870736,-28.67743500329266,-67.19719840132132,38.51976339802866,340.6891929336796,S1,1,26014,26269
-40.574120460173305,40.574120460173305,43.969892201914426,16.94379441362888,-2.6120945740735158,-81.34424398788191,78.7321494138084,550.7217452253313,-43.9925410185088,43.9925410185088,44.89952915899894,8.97908978876015,-25.174370664094564,-70.91716821403897,45.7427975499444,373.5896526536737,S1,2,26277,26532
15.429435856366153,18.466346894199017,22.928130931316932,16.95970805049116,61.36954945781635,-18.676484944557906,80.04603440237426,594.2125037253621,96.72782533085287,112.3473758184399,224.20838262360064,202.26993510023908,699.4499918297553,-38.24184089238803,737.6918327221433,1589.6265762041457,S1,3,26541,26796
18.796859178627244,20.79144864441,25.14789993171362,16.706135280020295,60.22221612063591,-18.676484944557906,78.89870106519382,465.0276812433717,-4.669415646459836,21.260875665447017,25.204252528444904,24.767941033485556,82.47893787849802,-41.57993181617672,124.05886969467474,379.7190447688601,S1,3,26669,26924
34.498294707543465,34.668748592024045,37.597095488152014,14.94688099292622,60.34585425270216,-6.0810913382047085,66.42694559090687,382.3769171864436,-22.24994073431512,22.400179797927386,24.47024931341197,10.184951584568463,3.8777557280990713,-41.57993181617672,45.457687544275785,430.8968319118104,S1,3,26797,27052
-4.114858518959881,9.815250888441241,11.29553954568971,10.519370370758098,26.183966667080327,-26.968350235793967,53.15231690287429,411.01423390904336,-23.970502790083813,24.97276471425357,30.300840004895218,18.53526101766151,9.503256841559436,-59.953294729689894,69.45655157124934,399.7375681076923,S1,2,27316,27571
9.21535165495708,12.464034144776214,15.588335505294001,12.57272833163468,37.486822553634894,-17.64732031960808,55.13414287324298,359.3123005959566,99.03650289441644,102.6085990526212,206.8815300850301,181.63628102548086,671.0546554580575,-17.431206276993773,688.4858617350512,1610.17003659307,S1,3,27579,27834
9.249529183381162,12.157906015253678,14.378685498444362,11.008760445615774,31.32539446505965,-17.64732031960808,48.97271478466773,327.29374794558913,16.890366561062518,17.67264131934484,20.782185958481907,12.108458640382914,48.60391530874976,-9.90106720728971,58.504982516039476,484.77384390778934,S1,3,27707,27962
29.0740584909329,29.62204423521038,34.78935841711673,19.104936062191452,73.56015574961712,-8.718464718885997,82.27862046850312,416.01946432132706,4.456348928019491,10.250196838894858,13.511106075909966,12.755035931985091,36.0101399907369,-20.977312221128084,56.98745221186499,396.64546209896264,S1,3,27835,28090
-158.79690461174437,185.01747381080696,201.8439737775418,124.59748326526325,68.50164587968793,-268.1797050674946,336.6813509471825,729.6905106778427,-78.5791525015004,87.86290696019883,99.8953273875212,61.67976350478324,34.173227763005634,-145.6398310890774,179.81305885208303,511.40996447184796,S1,1,28110,28365
-21.345026180108565,23.56318030622511,28.95376904930222,19.562990556937127,30.068247414152648,-61.37288851247268,91.44113592662532,423.2101624798846,82.46735020643554,104.43869428972485,215.6665920541551,199.2767298963491,699.0750683191437,-51.03771249763153,750.1127808167753,1673.903357897966,S1,3,28618,28873
-9.469733212320666,17.885686818042743,21.190463832302317,18.956790612220825,20.760631504186204,-44.98427570954127,65.74490721372747,447.2731348173468,-28.71153047218143,29.00637583849102,32.98005473747289,16.227508386431513,8.59849962061338,-60.430905447622756,69.02940506823613,424.1683599252094,S1,3,28746,29001
-8.873556293078494,16.325398493018177,18.237582235184515,15.933279778460083,20.760631504186204,-42.013454208639146,62.774085712825354,450.80832369319285,-43.383441187187515,43.383441187187515,44.974256266219776,11.855832212774054,-14.270795256850134,-64.65224366139331,50.38144840454318,388.23122317311964,S1,3,28874,29129
226.13384198289634,243.38685285904154,265.9192727973297,139.91620762125848,339.08294479026426,-57.51600656163499,396.59895135189925,879.9230473895839,-2.597299264860014,17.186956971726097,19.452027498385476,19.2778476580427,38.56108596797403,-38.7606323384726,77.32171830644663,405.02028871949744,S1,1,29148,29403
-85.50885017972706,85.50885017972706,86.69571779604048,14.296294104126432,-52.00063475039424,-111.51407819425265,59.51344344385841,413.39038155300113,91.1067343097773,116.69103528472242,226.12952388711346,206.9640658105176,682.3604986141555,-38.23139833521744,720.591896949373,1678.92993927808,S1,3,29656,29911
-91.81546285786925,91.81546285786925,92.75596124709092,13.175322655140782,-52.00063475039424,-120.46259552159842,68.46196077120418,400.0601553152669,-34.62815297143134,38.28826506811704,44.95795484312289,28.67243842897614,32.74050963050284,-82.93183339702682,115.67234302752966,448.23894394468385,S1,3,29784,30039
-102.94174374043635,102.94174374043635,103.87747985268088,13.91144191744531,-76.14642505261517,-133.7816627226973,57.63523767008212,465.84653291195315,-63.461390280445926,63.461390280445926,65.05478622580847,14.310036846862497,-14.90778809553221,-83.15252821684625,68.24474012131404,363.81673757657666,S1,3,29912,30167
-46.201419350042656,46.201419350042656,49.090391701107635,16.59202842963097,-8.636028227949264,-81.97299443541894,73.33696620746967,452.8342483214005,30.19071838451231,61.51106530902115,63.293129113324895,55.6285962107897,106.08004355965271,-84.19569824531645,190.27574180496916,519.8933590095236,S1,1,30186,30441
49.32602907041827,61.80002487429137,63.570065071189504,40.101072670185765,89.69512954346735,-61.953525040383134,151.6486545838505,564.8121344187455,-31.02251177528477,56.810386292349875,60.59915393707991,52.056327387189214,99.62683111500037,-81.00573204223053,180.6325631572309,451.19452866139943,S1,2,30450,30705
9.229362552915555,16.344777115565325,22.99580809115586,21.06243235317587,69.3433152137567,-28.472424820635915,97.8157400343926,399.86271897723856,94.3958454697433,127.29680321932435,246.69176705075,227.91720489834427,757.9948171121714,-44.88877993984199,802.8835970520134,1771.556537720761,S1,3,30714,30969
6.1842767436039745,9.461510246304703,12.151194224619307,10.459743889930605,29.586314785665202,-16.31356808447961,45.89988287014481,382.17542490242886,-25.83419075187373,26.14284698083653,27.902109126535514,10.541455397851777,5.232450832498984,-41.332227156548846,46.56467798904783,374.4178076906251,S1,3,30842,31097
57.03861342740811,57.868372291088455,67.41431519449563,35.934474692438506,118.05287143364178,-15.301399920669937,133.35427135431172,680.2299459278723,-56.62768733391769,56.62768733391769,63.37905535285717,28.46418248663732,-3.0574629931271478,-95.22387107362171,92.16640808049456,409.80198283224644,S1,1,31224,31479
-10.719307714072762,39.01577040342045,45.078582797929435,43.78555776966647,89.34006555798547,-67.93738877735343,157.27745433533892,483.63775140478936,-63.202678800626906,63.202678800626906,65.1414566656911,15.774370635714694,-25.120848089072584,-100.25841319468424,75.13756510561166,543.548466283683,S1,2,31488,31743
-0.11113858098469409,10.640867556089882,13.156974981043403,13.15650557205897,26.699713276729,-27.969824275627012,54.66953755235601,441.58440722633634,85.58510165060511,108.30639561866543,224.6325611807573,207.6896191870991,719.0461262269101,-45.79707069484686,764.843196921757,1743.817432175334,S1,3,31752,32007
-19.287502547710442,22.62925131622798,26.795073095193928,18.60022009678511,26.699713276729,-55.972848612805095,82.6725618895341,444.6365736247659,-29.291108940162577,29.303755958624297,33.97426547216937,17.212833916266305,0.9530082636923699,-61.38504747838003,62.3380557420724,419.6311543101433,S1,3,31880,32135
-71.33501351576948,71.7457141439387,79.30813376437482,34.65683089800557,11.45294223948406,-125.21214710540501,136.66508934488905,562.5838848461005,61.912371153577865,75.5516502137154,81.36481262335974,52.79290701766726,144.24644311695374,-48.89963728578611,193.14608040273987,571.375578013837,S1,1,32262,32517
74.96439244540815,86.00839540109163,92.03246568310449,53.38833772466265,148.76270452755458,-59.77047248592663,208.5331770134812,704.6968557800133,-16.238508724259415,47.239446534692846,50.96311794139386,48.306834140942954,94.5080015666742,-67.51810078601089,162.0261023526851,474.889578915874,S1,2,32526,32781
55.2206996373654,55.2206996373654,56.95381987823346,13.94316787111644,90.21849487471086,22.103892949925726,68.11460192478513,490.29913425918886,54.32518959333231,103.85455701507486,199.36619874157665,191.82193559735114,665.9641993420288,-55.693887321269564,721.6580866632984,1674.0255307738869,S1,3,32790,33045
50.23894262863858,50.23894262863858,51.37571399500069,10.747680310302782,78.31823164777697,22.103892949925726,56.21433869785125,468.38021638943906,-35.80145355635548,35.80145355635548,37.7856083264449,12.08338197077388,-5.8544751437645175,-55.693887321269564,49.83941217750505,370.90410375320755,S1,3,32918,33173
48.543066567367724,48.543066567367724,51.478423117647246,17.13472307671251,96.76940058130889,10.644331297817779,86.12506928349111,512.8984705051273,-17.96987530833219,19.34823375050549,25.38955777931824,17.9363660096557,9.155888491308204,-53.709230657062385,62.86511914837059,386.4380209747926,S1,3,33046,33301
-158.89279636079345,204.91403543818677,219.44467224859793,151.35733693132286,98.02969260725523,-287.29273943113213,385.3224320383874,858.4374652175893,-91.67212939761127,91.67212939761127,105.70184889482123,52.62225338667314,-1.0848198478503523,-146.91092512123717,145.82610527338682,559.3229087261836,S1,1,33302,33557
-20.149756120069487,85.06825512719108,124.90730201898477,123.2713325390928,84.0592746511567,-290.3588771175346,374.41815176869125,740.5424972708298,-54.19835933698646,55.65140631502783,68.53248932262181,41.943294314278255,30.322457383667093,-147.02606309495755,177.34852047862464,605.8720026193641,S1,2,33570,33825
39.420285712085764,42.69950933929451,49.25216396950638,29.526542805697197,85.61204946618281,-31.767307675344462,117.37935714152727,471.5625357920383,99.45988103702918,117.1846252308849,240.62721675263492,219.10999408109973,729.0643654079006,-37.83459837394531,766.8989637818459,1798.611382833175,S1,3,33834,34089
8.136509046665939,18.54503533191884,23.545741811274493,22.095229756142462,61.131832935311365,-38.497683378199824,99.62951631351119,492.4889928546209,-6.416207321184068,12.104544535883008,14.971024203634643,13.526413024797014,31.241925159566712,-33.64846414564404,64.89038930521076,474.2558764464156,S1,3,33962,34217
70.15154940044611,70.15154940044611,71.5816364692616,14.236951792230355,97.86938511155006,43.483387597757066,54.385997513792994,404.0372056674656,59.8566041475067,60.278655442955184,67.58821889268849,31.390353183974472,108.18656315352774,-5.909004917931687,114.09556807145943,487.951907960658,S1,1,34344,34599
40.855280573058906,41.38515756470096,50.978259368306034,30.489817603897166,112.70984681717898,-8.233205920544068,120.94305273772305,498.20388066295936,-5.400999308273693,29.079972057045836,35.515150039677195,35.10206673135943,69.42202564133619,-56.106909215302025,125.52893485663822,473.0397543601126,S1,2,34608,34863
-56.48081617369685,57.62855899760704,65.36590422113316,32.903173691901195,15.82271631531892,-119.30435377943073,135.12707009474966,517.5401187115361,30.84953741244974,121.5757010501694,196.46202764037307,194.024829199782,627.9072079956417,-85.68333347886455,713.5905414745063,1570.6689887976142,S1,3,34872,35127
-67.87077592420411,67.87077592420411,71.67358451140898,23.036069373062777,-19.092247052162666,-119.30435377943073,100.21210672726806,437.96880384215467,-64.98782747177296,64.98782747177296,65.89123976205913,10.873718677629737,-30.198595067693162,-85.68333347886455,55.48473841117139,386.81796708162955,S1,3,35000,35255
-2.143614491722389,17.89979394214025,23.913103650241805,23.81683108849886,79.57483515761565,-51.67762386997842,131.25245902759406,579.9075804748778,-59.535270155606426,59.535270155606426,60.49003169725416,10.704930743996991,-39.69310014436337,-90.50516353067799,50.81206338631462,490.53519444701175,S1,1,35382,35637
-0.03018299128227042,46.33765555073354,53.53773005259096,53.537721544450676,108.58732226354623,-58.4957993345907,167.08312159813693,451.48462863480853,-13.987594454556799,17.311767264948358,26.465878665234154,22.46753068091258,14.911866207612283,-67.82591375115736,82.73777995876964,423.6603851637092,S1,2,35646,35901
1.6906023967391812,14.14312236893724,17.73675914903184,17.656004322804876,44.31549266839693,-46.49652427976581,90.81201694816274,543.9301797219614,96.62353984019042,100.57348498783682,214.72819977122018,191.76050512485665,687.4273968661013,-16.595193398338306,704.0225902644396,1642.208272418446,S1,3,35910,36165
14.99106442171621,17.719850739356716,22.10002725939391,16.238201635954287,60.061854885229465,-14.608281081448856,74.67013596667832,743.7989898835699,1.2587164087668623,8.734147039396317,11.035863750613986,10.963846119150745,40.823340889257,-16.596794988232034,57.42013587748903,449.8192586452512,S1,3,36038,36293
20.87537679330859,23.059962315484437,27.189856777264236,17.421451010335936,60.061854885229465,-14.608281081448856,74.67013596667832,750.4424833984692,-3.6549681040819806,7.650603475217778,9.41073223384508,8.671971479154793,16.416865064443947,-24.73134289829794,41.148207962741886,451.11463537729765,S1,3,36166,36421
61.49802901703489,86.04925903633834,90.2949591404904,66.1148400376403,128.34071771878382,-108.68228140872804,237.02299912751187,565.0536565788766,-47.82477678418505,47.960410516334576,54.44040396787879,26.010542280558226,3.4230158114842792,-115.29059843200389,118.71361424348817,492.8739885870187,S1,2,36684,36939
109.2152937853168,109.2152937853168,111.5039866991816,22.475734764367616,153.29311752442635,55.160628153414756,98.13248937101159,669.2004221555065,225.0187330296526,251.70211284222106,397.14044083390013,327.2416531119999,883.8767696529376,-55.45904150761846,939.3358111605561,2289.395204490941,S1,3,36948,37203
94.0390765962855,94.0390765962855,95.9510165261744,19.05910924791978,128.06595602173064,53.64840161739006,74.41755440434059,636.3029771227625,21.391968549790455,85.80898530531071,165.91555241372237,164.53070903121832,759.8573351343865,-70.23651912684068,830.0938542612272,1125.2256504470054,S1,3,37076,37331
81.86570154509423,81.86570154509423,85.50074754430344,24.6654564353524,127.79940438664079,19.190274523546243,108.60912986309455,520.1997293756672,-57.521846467041215,57.521846467041215,58.431917305974295,10.272591643512182,-33.91476018308914,-79.28000807953681,45.36524789644767,426.02595582949624,S1,3,37204,37459
-213.79175736701768,237.07658342154147,258.84661891801545,145.92688788297568,64.9198619659734,-330.22551665315854,395.1453786191319,870.1335569372384,-92.19200759516204,92.19200759516204,96.81353521232812,29.55493758887476,-29.053508804171376,-123.5472050725939,94.49369626842253,448.92796843849305,S1,1,37479,37734
34.027297739629404,36.92051909945954,50.41828693019293,37.20412161997478,124.46049516176929,-21.84200296196797,146.30249812373725,570.1736328195132,84.30129957045554,126.069922020073,240.4401665616405,225.1771848720952,732.195504210456,-47.441779953815605,779.6372841642716,1792.64419164409,S1,3,37987,38242
0.7372818939453509,22.345813632756055,27.70133266102128,27.691519398643052,82.98339299386139,-39.44351370997843,122.42690670383982,511.1957066229619,-26.68549077586294,30.0715944997826,31.73772680953502,17.18045066603352,44.3379491024762,-51.35264940432269,95.69059850679889,436.0089428103287,S1,3,38115,38370
-32.03360341726229,32.41486459957127,36.72217709400657,17.954568851107027,11.744196352456997,-67.36715170878082,79.11134806123782,431.9476295608701,-23.957513842613125,24.129237963093065,26.03375240694929,10.187923972396852,6.56774335828328,-51.35264940432269,57.92039276260597,414.9634777616699,S1,3,38243,38498
166.5154026150675,176.01371368919536,194.5352215486466,100.58117674258435,243.08354640995992,-35.82693642742477,278.9104828373847,653.5967203869535,-3.9404909340593877,11.780893369749126,14.23982845161767,13.683758457751871,27.71967979461558,-29.557712117695118,57.2773919123107,385.7141102186648,S1,1,38517,38772
-35.88187221808049,35.88187221808049,37.466305609995935,10.780320133788065,-10.053844272821845,-61.45355859433937,51.39971432151752,499.6425581795062,79.74441775363549,93.08620360088197,202.7684817380968,186.42930301727395,677.4725845723544,-27.684346525744395,705.1569310980989,1623.7150884196087,S1,3,39025,39280
-32.62665298508033,32.641650261607424,36.122293754449,15.502310185061258,1.2631536291407384,-69.9279740985993,71.19112772774002,388.51463815100686,-10.398551405170421,12.59934592750558,14.703072637237952,10.394732976364697,25.66868604986451,-33.617754044893246,59.28644009475776,459.4503748427371,S1,3,39153,39408
-5.629156122780868,22.716673818655394,27.637726641535824,27.058391217099693,48.477399627333156,-69.9279740985993,118.40537372593245,309.568853736742,-12.608321416922266,12.728806156794876,14.727982289278385,7.612075496267563,3.5283930269055555,-33.617754044893246,37.1461470717988,405.25389911240296,S1,3,39281,39536
-143.65458744202445,181.05351293154075,194.54410931095595,131.18982420315584,95.67739420123216,-257.11286140546486,352.79025560669703,866.6839316956327,-40.41614172703396,40.657452204035096,45.196327800029046,20.22976852334161,8.751865482159937,-72.26159690564579,81.01346238780573,444.43484785380934,S1,1,39555,39810
20.94500954663375,129.31239636516494,138.8099015216074,137.22060827561495,128.53983877268342,-224.85519490104448,353.3950336737279,777.8629793809337,-39.37413182591655,39.37413182591655,46.803264306143156,25.302634105287122,-3.2880395000824536,-97.82657624666606,94.53853674658362,472.00831719850424,S1,2,39819,40074
96.09500055489355,96.09500055489355,96.86808390760818,12.21378517440147,119.98147765363838,70.03404873779238,49.947428915846004,442.1362047366404,66.47132710412335,84.44776206898594,185.56893331944963,173.25527895661645,622.8262629513047,-29.166987786561034,651.9932507378657,1559.4801181863304,S1,3,40085,40340
87.69568281837817,87.69568281837817,90.04589649584864,20.438461066320556,119.98147765363838,48.49341533519931,71.48806231843906,413.02884161826313,-5.755813021368031,10.971076204786378,12.885684234085685,11.528723894846934,23.03353960126278,-26.809818192424533,49.84335779368732,373.2036637662105,S1,3,40213,40468
-94.43116059990837,115.32857696497258,124.80197631117863,81.59834066284871,60.40919905053905,-194.4739295555555,254.88312860609454,489.64470656529477,-79.65893238153882,80.26330369027013,92.1769987919222,46.37945232664412,9.96199217498686,-128.53951987671593,138.50151205170278,454.4808584260539,S1,1,40595,40850
-43.634994553363846,43.78742855131661,67.03496381841711,50.88883595116319,7.061046724831588,-171.1593358032203,178.22038252805189,516.6707158933275,0.22987012430767706,31.100048758414797,44.86042164799882,44.85983270323455,54.9432681339751,-114.60371211682498,169.5469802508001,595.7638641804094,S1,2,40859,41114
0.5118754602454949,12.79209218874411,15.657661801360794,15.649292527107779,47.11625825499194,-29.93906653065753,77.05532478564947,525.8689747388021,92.9340851219146,102.41694982945995,219.7745032866137,199.15844977663016,737.1525287514296,-26.589828366429153,763.7423571178588,1706.5690358886513,S1,3,41123,41378
-0.6838630537225052,12.884390933273522,15.460350108198607,15.445217926330143,38.02576171916671,-29.93906653065753,67.96482824982424,468.02708959433005,-11.191461109230186,13.896649346967735,16.33565761241902,11.899786043066987,18.734677778568656,-39.25200872899491,57.98668650756356,431.8206279337408,S1,3,41251,41506
124.97481432570285,125.01077731358805,139.64922723257436,62.31534683295347,211.08465206333386,-1.5825593727413123,212.66721143607518,611.5178260256248,-67.04270025902942,81.098958105707,86.91254380046051,55.308829420309586,40.10291122768492,-115.88146249515492,155.98437372283985,481.4961102331764,S1,1,41633,41888
-24.445939091620623,90.94610304510563,99.89328206536729,96.85589225090958,189.9210494666862,-102.64995833697361,292.5710078036598,629.463008965976,-4.5325714667373855,32.061079975364834,47.08034176467604,46.86165144953406,75.74302441638596,-110.0948101469289,185.83783456331486,564.4686092750605,S1,2,41897,42152
-77.82198851601318,77.82198851601318,78.94242386923379,13.253089819483096,-50.09817096493242,-106.09429865454211,55.99612768960969,404.4299527313608,116.4095894077215,125.01003959445555,250.62267390217576,221.9471382284575,747.9177529446356,-35.2330019732209,783.1507549178565,1756.6227423452478,S1,3,42161,42416
-98.62613113668175,98.62613113668175,100.22874036197668,17.851796871984277,-66.49526467304695,-136.65340640892592,70.15814173587897,460.08644517352303,-14.031068226096707,23.681407706385258,27.835120679272425,24.04003052544399,64.00824931885882,-48.88614300199098,112.89439232084979,401.14501130584944,S1,3,42289,42544
154.6605273116104,194.18156785379375,206.8229782732658,137.31666189329823,274.4732085754783,-108.0324046818695,382.50561325734776,878.1657793863137,-31.59583389394324,33.85257546613086,38.56369557982253,22.110221557451002,29.690002695973348,-78.02803186326027,107.71803455923362,509.1710078671671,S1,1,42671,42926
-1.2419128308896532,101.42442255637354,125.37170757844127,125.36555632890025,257.9445950958357,-113.21404034370796,371.1586354395437,683.7092998374092,-45.6993806641227,45.6993806641227,48.30105680407062,15.638372527397639,-11.542474791420181,-77.40397289173572,65.86149810031554,470.52354418831277,S1,2,42935,43190
-42.34905496672549,42.34905496672549,45.10567673804381,15.526738789010698,-5.624252175106616,-76.93364462466869,71.30939244956207,399.83535009004856,63.91094288251739,90.04868931951825,184.67543491842503,173.26398253006028,642.9981319742741,-60.593737053759206,703.5918690280333,1589.0062154548684,S1,3,43199,43454
-24.06244833269039,24.43739554258776,28.1462506258491,14.601712383474633,4.881134668573564,-50.03346382319456,54.914598491768125,408.09566682354193,-7.4973653221598,13.440043776320472,14.833730237663127,12.799572883101883,23.780063495007223,-29.189949017706716,52.970012512713936,398.65772041725955,S1,3,43327,43582
45.490475043578414,50.3780381515882,56.1957161960412,32.99356299485669,85.61459512569482,-40.468666359075314,126.08326148477013,463.46814747220265,-37.12296792595267,37.12296792595267,37.968931971518984,7.9702601856229025,-14.97587484347309,-53.104431912094675,38.12855706862159,402.041707426162,S1,1,43709,43964
-17.58452336075596,22.532340055868254,26.80831540101534,20.235372811375235,47.526587404985754,-61.43205965376642,108.95864705875218,588.1151828670272,-38.158126224208345,38.158126224208345,39.204869240439876,8.9988429932615,-14.722610019579221,-57.15806583545798,42.43545581587876,463.4579688865302,S1,2,43974,44229
-22.968870493886932,23.69498276840403,27.20613195543031,14.58096719053083,9.646529925236965,-49.3459700601893,58.992499985426264,576.6572963183886,129.47186079565196,134.82371808842683,261.0447442099529,226.67464732905412,787.2843693224634,-31.85871712915975,819.1430864516232,1883.8323150553288,S1,3,44238,44493
-30.09906755858983,30.43268434131526,34.18852052951409,16.21422425219449,5.674328660228126,-64.4429441516961,70.11727281192422,595.3629368905433,28.81721367113594,28.81721367113594,31.31157016370212,12.246739253717157,63.558462979855136,3.290088372487956,60.26837460736718,442.45838235209254,S1,3,44366,44621
-35.77874489473544,35.77874489473544,37.241558363022406,10.335138270185233,-16.249057366139798,-64.4429441516961,48.1938867855563,493.63434700277116,22.607362085419823,28.817816809564604,31.807183069655963,22.374183211132674,63.558462979855136,-32.14030364118462,95.69876662103977,343.36104798764507,S1,3,44494,44749
8.058129787033703,58.0549457946521,78.79216392090993,78.37902550858145,171.9689650033361,-75.8562791821241,247.8252441854602,526.8835781799403,-29.815024809208467,32.90132532695016,41.75435569755766,29.231669732405805,39.87153473798332,-88.64570211603318,128.5172368540165,589.2695757665858,S1,2,45011,45266
-77.90688593385084,77.90688593385084,79.34353636113188,15.03043200910105,-48.218465115078615,-109.78131452297902,61.5628494079004,458.6548898048971,59.924924750363274,103.06958178458837,204.85005826403577,195.88912620266123,713.9480504012744,-47.7485276465063,761.6965780477807,1708.169224136287,S1,3,45276,45531
-88.40171253670849,88.40171253670849,89.10075425733918,11.139193409035475,-55.16059519091842,-108.06394792189268,52.903352730974255,414.6793431601999,-35.15554545975694,35.15554545975694,36.32590246879591,9.146519206749453,-2.9240913208786243,-63.909455193814225,60.9853638729356,400.9479793753242,S1,3,45404,45659
-60.10305067447078,63.71222247282557,72.55717619477504,40.64685863608192,16.66505913856176,-105.2658795622052,121.93093870076696,399.7877813607696,-40.65385730970841,40.65385730970841,41.92992738571941,10.26560745467948,-19.67419434804974,-69.46786408558758,49.79366973753784,433.4758391856345,S1,3,45532,45787
90.18544647945727,98.52027950175824,105.9065102544448,55.522735501556205,139.61364241898,-38.76663810895982,178.38028052793982,605.8416224022703,32.4800221895781,40.36366673907317,43.11949883289416,28.36087689343323,85.63089358927915,-30.66474741254558,116.29564100182473,452.016703148032,S1,1,45806,46061
-31.738063133042782,31.738063133042782,35.52512017944318,15.960247877989591,-1.5732930468714224,-64.21172175331313,62.63842870644171,429.26007197336503,70.69233195382982,120.62673979195779,230.3216300586954,219.2045790484863,746.2316369193771,-56.814775584062254,803.0464125034393,1763.7174027061935,S1,3,46313,46568
-43.82778670077414,43.82778670077414,46.51883145842118,15.592523630523758,-8.915920775466532,-73.27416252932893,64.3582417538624,340.7048336074619,-39.49166110872243,39.49166110872243,41.69279340965552,13.36778684652158,-0.18121493368268182,-60.04433305386726,59.86311812018458,356.1575917812427,S1,3,46441,46696
-45.044766201220654,45.044766201220654,47.451813894187815,14.92124926827527,-4.792523142644168,-73.27416252932893,68.48163938668476,478.3480220253284,-25.593028739840143,27.52854778560901,33.46857543672237,21.56716072377847,11.176911616754818,-60.04433305386726,71.22124467062208,370.256241405347,S1,3,46569,46824
86.98676788469595,89.93274319939604,99.65443945831905,48.62416597460365,138.93381529049697,-25.518285058720714,164.4521003492177,668.8766978145802,-88.56401514793555,88.56401514793555,95.3679951248794,35.376117862411995,-8.056664598775548,-120.39691195916684,112.34024736039129,427.5769806255512,S1,1,46844,47099
5.998429168407309,26.607060295725002,42.897140803767186,42.47568170906534,116.87071077625251,-47.73487930257442,164.60559007882694,479.7249261825179,-1.7254531138109304,21.183807051607804,30.366322096706668,30.317261242285323,38.998981635819746,-87.40388000737316,126.4028616431929,457.19193392825156,S1,2,47108,47363
-25.30227163880965,25.473127630588664,28.536353956033228,13.195398706363605,3.4480888587243084,-51.544579906366124,54.992668765090436,388.48408351323155,104.6515022036276,107.56508711244295,222.64418911477352,196.51589765995823,741.2513480869972,-22.126550934341406,763.3778990213385,1852.557490084228,S1,3,47372,47627
-6.894509761948611,13.440633032893263,17.043394057528644,15.586629402875976,22.650028126471806,-38.22574434393371,60.87577247040552,446.33335917972687,18.777395648638027,18.779114011491167,20.474393650352955,8.161507704102418,36.03358981580719,-0.21995044520236373,36.253540261009555,474.2630721900592,S1,3,47500,47755
50.563346417325036,66.21852614672503,68.96884071423686,46.90467981499671,103.784302697605,-56.73313912748781,160.51744182509282,449.43325796063937,-30.06323159832106,30.06323159832106,31.261361447536736,8.571745762634714,-9.564663457095877,-49.269353682028516,39.70469022493264,354.2048426641817,S1,1,47882,48137
-36.150403697745276,52.20393473205331,54.72374361502633,41.083286476780074,82.70311317813126,-82.68994227314654,165.3930554512778,444.6895219310981,-25.63362631365672,25.63362631365672,26.776186005077083,7.738303366390578,-13.224264997256313,-45.143030169564184,31.91876517230787,385.1114636232303,S1,2,48146,48401
-74.0996581200858,74.0996581200858,76.85665231870743,20.400629209048354,-36.62710734703415,-122.46849644455907,85.84138909752491,520.2470395073944,80.49145356593057,101.79352803785972,222.90452372991206,207.86426485113444,749.1070564115203,-45.52637798260341,794.6334343941237,1894.370286018359,S1,3,48410,48665
-59.04400070169236,59.04400070169236,62.09829757796417,19.235502156687833,-17.600994188695353,-106.55967405924471,88.95867987054936,519.0574053749594,-23.873554564724785,24.12718828932229,28.089345308195846,14.800834851053926,3.7902398172135685,-51.98179948750895,55.77203930472252,401.42692293011595,S1,3,48538,48793
201.14857386830286,217.54421219117165,240.42746387832366,131.69896209807635,319.08090545887524,-56.96381563083899,376.04472108971424,803.8578094144398,-79.43525273032955,79.43525273032955,82.21491847297321,21.19748671862544,-38.43114931937284,-116.88674619297407,78.45559687360122,433.21598253571165,S1,1,48920,49175
-52.02490725213643,84.41897562720771,94.74259068588776,79.18060062464966,276.1206706605542,-111.8866490351286,388.0073196956828,749.8254328215246,-26.910882007044698,28.37492917302515,37.67430150265561,26.365838187243668,15.325420945571842,-78.69972262148842,94.02514356706027,363.26144987112593,S1,2,49185,49440
-63.13983045505225,63.13983045505225,63.91575842200286,9.929047525673672,-35.57056224609291,-82.26078630186352,46.69022405577061,382.0315678005893,70.36440098239238,70.36440098239238,153.4308303853427,136.34467641651761,590.5101018898703,1.2806730676421987,589.2294288222281,1460.2924971277184,S1,3,49449,49704
-55.70379074445842,55.70379074445842,57.71457515735068,15.101651641163906,-15.631799428194563,-82.26078630186352,66.62898687366895,395.1187868814859,22.890164026235706,22.965363855816722,25.767596106409293,11.832556780132686,45.56958960284804,-3.5567144874751837,49.126304090323224,429.79646814265175,S1,3,49577,49832
65.29876076945095,69.28014199067992,81.58531737285855,48.91048816771379,147.90040820716095,-23.081338585497356,170.9817467926583,533.9089352715629,49.025790895437666,49.025790895437666,54.957699197589776,24.835871802084615,113.28100367963255,11.123293246136422,102.15771043349612,482.98364228722073,S1,1,49958,50213
-20.354379870722486,24.888545080086107,28.792213209006437,20.36395741380373,36.319498450771164,-54.36158109566979,90.68107954644096,503.6549025192172,-70.46198327595167,73.11065604799447,81.57886345969379,41.112283762822905,16.690579740621498,-117.48772772039813,134.1783074610196,554.4005801072585,S1,2,50223,50478
0.9522196641573755,7.223510728030835,8.815861472465949,8.764284980128243,22.074686958833865,-19.01979334801053,41.094480306844396,428.12132538348953,14.00213331014389,129.42451168667117,200.27604734904946,199.78597399348052,665.1747821702135,-94.15370922499358,759.328491395207,1755.2977567970079,S1,3,50487,50742
2.84403625734173,8.198994906256925,10.1488227367827,9.742179464040023,25.07838104801326,-31.533700357845586,56.612081405858845,448.1612796239057,-68.84048393617337,68.84048393617337,70.44265709108895,14.938397152512737,-30.171316542344165,-94.15370922499358,63.98239268264941,394.9683006357921,S1,3,50615,50870
-57.12973180692557,64.16784477369066,72.60759796418348,44.811349296771446,23.62933549833222,-113.82020342791387,137.44953892624608,546.0417157282978,70.87186492484416,95.11294392379504,100.60289412914163,71.40112792690269,147.16468017857056,-55.962807990702764,203.12748816927333,603.1306757675513,S1,1,50996,51251
-22.565920266297812,28.169690386460996,42.741121190318296,36.29852177624545,22.46095986205563,-95.96327040078062,118.42423026283625,485.78586522524114,-25.828314830232387,77.45101185503674,80.33663979319928,76.07150482468877,106.15453116535303,-101.88142669993222,208.03595786528524,513.2955118407365,S1,2,51260,51515
43.392129211929046,43.392129211929046,46.197435709771405,15.853270596748038,76.10245644710801,10.68432654701806,65.41812990008995,529.578311693976,28.20362236286246,111.34150597484496,189.7288270936797,187.62085042968027,647.0916490077597,-107.27199601810082,754.3636450258605,1691.5492198674074,S1,3,51525,51780
29.369737783741822,34.318068220385015,40.03213489091955,27.202763213302912,76.10245644710801,-17.316096971168065,93.41855341827608,591.851086760341,-18.953186732131986,25.34168503117146,29.556035235800458,22.678975540284316,138.33193778351523,-47.46094816633326,185.79288594984848,549.5644455307275,S1,3,51653,51908
-7.276580203386786,20.41347649694648,24.65680849832571,23.558641426593056,50.67801835439501,-48.952612055461344,99.63063040985635,500.6748830689429,-24.54467237575408,24.54467237575408,26.222873110791397,9.230283427477248,-6.945465441704733,-43.79931226387035,36.853846822165615,434.8770550658513,S1,3,51781,52036
-11.230946488697843,40.69994248650979,49.24880165183584,47.95112412769771,113.98535450877472,-57.34096324726398,171.3263177560387,605.8978365406483,-40.11769245393013,40.15749202549563,42.87894541720203,15.138517505464915,2.395342506841801,-66.6679565400015,69.0632990468433,434.865719229726,S1,2,52299,52554
-35.391215574407326,35.391215574407326,40.81339453914263,20.327199363747713,-2.7191257842806675,-72.5765341739321,69.85740838965144,411.8488394638382,80.43598634552289,105.72222656166198,222.15196696231095,207.07860470325406,747.5789347616352,-49.904126762771575,797.4830615244068,1809.996348270496,S1,3,52563,52818
-20.703401357373387,21.364322182824147,24.58737206802252,13.263032739418378,11.625095558871736,-49.4359184866795,61.06101404555123,462.1325187763654,-3.4353860083895884,10.434469802025486,12.267532851790067,11.776692457694121,24.039975750524622,-24.557857598012117,48.59783334853674,414.99804883033295,S1,3,52691,52946
-26.921194333133833,27.582115158584593,30.526190521508067,14.390886123969285,11.625095558871736,-52.58523172319725,64.21032728206899,468.3030804612867,14.873299753539428,18.62021654898367,22.246143825333494,16.543151741394006,44.22073103667189,-17.888354230272988,62.10908526694488,442.61993288552287,S1,3,52819,53074
30.132676215874966,33.88864508241542,39.167530419767886,25.022335287752135,73.11125516675799,-28.963059761735636,102.07431492849362,648.7371039146989,-11.656188485549642,23.21898139259625,29.63556876670263,27.247021967827976,94.19351949150001,-66.09705827283037,160.29057776433038,608.5501213368259,S1,2,53338,53593
61.60564202722668,61.60564202722668,63.98466829217048,17.285330395230783,91.73759349353749,5.0616088864177,86.67598460711979,631.000332275427,57.48578086744299,100.82157763485446,198.03227363194964,189.50505639137893,669.0786972895531,-55.88974017072982,724.968437460283,1642.6470770487688,S1,3,53604,53859
58.66313302527077,58.66313302527077,61.37015761678601,18.025899965564665,91.73759349353749,2.7341485246321664,89.00344496890533,579.1641668469492,-43.55990909730674,43.55990909730674,45.41613243641558,12.851435908738456,-11.020939117965034,-69.91792503921535,58.89698592125031,432.30475593556645,S1,3,53732,53987
55.186428171013645,55.186428171013645,58.15077813038684,18.32951562085121,96.07374539437843,2.7341485246321664,93.33959686974627,619.1235029353959,-65.43046639677846,65.43046639677846,67.52937382648514,16.705400219606293,-33.15646753875673,-98.57335202422695,65.41688448547022,437.9062918861141,S1,3,53860,54115
-162.67258778142394,183.5032452767573,191.52835943257566,101.09768370951339,83.09151356559344,-230.5683047067754,313.65981827236885,688.521860901914,-17.975614724647098,21.185808067429658,32.491035746380746,27.06556260534116,11.540313922023639,-81.39555392017914,92.93586784220278,436.1159271974846,S1,1,54134,54389
57.08117494146856,57.08117494146856,58.731566068958934,13.82520597365371,96.60468579698511,14.659842130484133,81.94484366650097,436.9443804833094,82.07703582182715,128.4486770684316,237.70617207457602,223.08649540716362,726.2061062000936,-54.99086711875727,781.1969733188508,1773.281001043109,S1,3,54641,54896
39.488473623595695,39.758365593444964,47.467944940424374,26.341341039243748,96.60468579698511,-6.583103702129511,103.18778949911461,522.6329960986202,-34.51305954126775,35.087216488720486,36.99034910050935,13.309194103267878,22.789252658564937,-54.99086711875727,77.78011977732221,465.7025073659664,S1,3,54769,55024
16.57616963250893,18.086961462156186,23.035093878312566,15.995191474220047,52.46725302656704,-16.53252605298718,68.99977907955423,506.1726493287947,-38.17867282117566,38.17867282117566,38.960527839029986,7.766058917459605,-18.335937916685378,-54.31816488217489,35.98222696548952,428.67929512180467,S1,3,54897,55152
-10.900712560182384,25.039070392282333,29.360481013018322,27.261920530221115,42.851369667733,-61.72526747036465,104.57663713809765,492.105939729737,40.80986250383355,53.95703717777765,56.95937528576238,39.735696236035906,84.31158441979119,-44.58367655215391,128.8952609719451,507.4155802936609,S1,1,55172,55427
-6.21280873457145,12.207346392299357,14.686571923689291,13.307757230177115,25.905159504722725,-31.304736350952336,57.20989585567506,496.3356819440342,-16.983184485498693,33.363788335144065,37.23250068970004,33.13352610785684,82.38046903225172,-48.77152392578267,131.15199295803438,437.59901003955576,S1,2,55436,55691
-6.4473383836668585,12.877736448621853,15.670086498423748,14.28227708156435,40.98533325181461,-31.24271093934162,72.22804419115623,545.1314035314788,73.80513575564294,99.42444142256224,216.63867625509843,203.67895813179246,731.8566115193196,-41.84949100913448,773.706102528454,1784.4385207819332,S1,3,55699,55954
3.115770978593994,11.711496207294541,15.11813641673706,14.793580361900993,40.98533325181461,-27.049034395106265,68.03436764692087,605.0690623577229,-23.221655954832507,23.221655954832507,27.0925570614503,13.955692130572832,-0.6162393125071007,-62.20196109764386,61.58572178513676,440.1732903117034,S1,3,55827,56082
-13.535650614092607,18.865816563328877,21.11524452356827,16.206162832184987,37.97463677666729,-36.6300504961711,74.60468727283839,464.4335134829854,-106.72447596000504,106.72447596000504,110.97414915895918,30.416245866596142,-41.23084665560075,-140.47075126772435,99.23990461212361,403.41702212942494,S1,1,56209,56464
-7.116668150685776,17.67271653692177,20.852904976065563,19.600935701487177,40.724382883930204,-49.746478585349635,90.47086146927984,558.1173322943428,-39.00579313714493,39.00579313714493,40.55883328308453,11.116072104268818,-5.327852232795691,-99.85018666724348,94.52233443444779,450.6887358380475,S1,2,56473,56728
16.145749708292904,18.140349592941337,21.604791615976094,14.355549001236788,48.880525364770094,-19.40081651578384,68.28134188055394,428.37279615230796,126.3328490764235,130.6626726932672,245.5756900151951,210.58829685116123,764.6614139877447,-26.89260894087017,791.5540229286149,1757.9182429930224,S1,3,56737,56992
30.310653671193414,30.32258901710891,33.15339197227779,13.431741260628218,59.7520056772328,-0.9948147278917188,60.746820405124524,488.3234875180923,36.910756898898285,36.910756898898285,37.5422139225392,6.856664739954035,52.22603808993642,20.00405242945458,32.221985660481835,389.38448746710753,S1,3,56865,57120
-52.17514445361092,57.9043230774232,64.6607567080695,38.19381833890124,23.043277648839936,-103.79793377326101,126.84121142210094,476.44392928802773,-35.95818941453059,48.56539572721672,51.54061185114675,36.924832890878584,39.82577561041827,-82.41809482178614,122.2438704322044,459.51368170581077,S1,1,57248,57503
-8.95119269818931,24.775020306974497,35.868224158481624,34.73335073906587,36.76322938873764,-97.45400226894124,134.2172316576789,444.36022298276316,-51.24368452328251,51.623567280559854,54.42887954971035,18.346327303173627,13.253276366012603,-94.34103256394908,107.59430892996168,508.6885617846362,S1,2,57512,57767
41.84590494578721,41.84590494578721,45.699562986742635,18.36764264807542,74.23069254420527,0.2085309834332494,74.02216156077202,443.54839527042424,54.91859327235585,120.76709211455838,220.75488100392772,213.81455890571118,720.8101823935291,-79.42248930844322,800.2326717019723,1825.7635109278667,S1,3,57776,58031
48.67815645731972,48.67815645731972,50.23637502349387,12.41492889298287,74.23069254420527,11.460192120593234,62.770500423612035,474.2053723442317,-50.088328488588814,50.58735254893705,54.0907179895802,20.419723843566466,25.97729561002624,-81.08376988834053,107.06106549836676,446.6811580031333,S1,3,57904,58159
-28.32038367861496,52.481658873763635,55.28684467521139,47.48253428827266,68.23384025060912,-93.31343973693939,161.5472799875485,490.41458548301455,62.48854297010758,104.11397157836248,106.56601947122778,86.32206266890937,151.2672433537996,-114.49617757198808,265.7634209257877,604.2278675412566,S1,1,58285,58540
-21.34941319693035,29.39028628804558,36.32038517671455,29.383208394109076,28.958517018281718,-80.67367321747484,109.63219023575655,462.78214242075023,16.779188503614083,52.40127768027041,73.32902513468527,71.38350481983558,155.6556403124276,-51.11407463225049,206.7697149446781,509.15114455243423,S1,2,58549,58804
-26.70673191326705,26.70673191326705,28.250775698389237,9.211774968679126,-3.0437429008712336,-49.29186363604262,46.24812073517138,363.84274899218315,70.5804699998823,121.01752048703209,229.1741509829813,218.03483376141077,750.1308148803665,-59.307876934037296,809.4386918144038,1833.0772015251089,S1,3,58813,59068
-43.46035487485592,43.46035487485592,47.415360868508955,18.958217227432492,-15.590860902152738,-84.099332630131,68.50847172797826,390.9468343087956,-40.892308512791075,40.93755007169257,43.06783498422738,13.515084710180494,1.985495965374284,-59.74310417129927,61.728600136673556,437.338481419936,S1,3,58941,59196
-51.99619799504581,51.99619799504581,55.57184476442522,19.611866932583684,-15.36153584088931,-94.01676185570308,78.65522601481376,479.190768672034,-42.080691050594254,42.080691050594254,43.42976801658636,10.740586142243084,-17.01791043281197,-59.74310417129927,42.725193738487306,403.57222345141645,S1,3,59069,59324
-14.303741341387067,45.649324885920606,58.48180656804678,56.70559657653848,166.2914033178505,-71.58681168500328,237.87821500285378,664.3534480930125,-23.447139441529917,26.700474428269615,46.84996781799618,40.56046272611704,23.039725359508928,-153.91559711805849,176.95532247756742,568.7036425526537,S1,2,59588,59843
-26.855706507180287,26.898731245631204,29.927902644071672,13.207966712300063,2.340672874606313,-55.304889917587154,57.645562792193466,497.00979180796594,90.92670946107371,93.61099732304656,215.34718582459388,195.20948734411874,757.2434627389969,-18.181008084144,775.4244708231408,1751.4205635284172,S1,3,59852,60107
-16.49463702110097,17.130581461175012,20.299142839336184,11.831405223129623,8.64218216716826,-38.15644393538559,46.79862610255385,416.2000346989813,18.348107978524325,20.955255902969355,28.701002339103265,22.070216783657184,62.65153591513335,-18.181008084144,80.83254399927735,388.48183454983496,S1,3,59980,60235
3.2595303356794663,17.706903294123933,21.71446525100836,21.46842945182611,47.74738361954703,-38.15644393538559,85.90382755493262,401.99687264024845,42.81482174162829,42.89992662058088,46.02617403563733,16.890818085319907,72.69703713426408,-4.47373090995384,77.17076804421792,379.53178061257233,S1,3,60108,60363
6.294070802010835,13.737130257488275,18.646973576978493,17.55261508493275,56.36647590881803,-17.807176423348338,74.17365233216637,384.84496040157825,54.04475434043217,102.88537545730466,198.85237981867522,191.36727381617007,687.2855924675182,-78.73241148381037,766.0180039513285,1712.8331194296102,S1,2,60627,60882
-56.376069083684456,56.376069083684456,62.580639737826246,27.167541380611453,-3.6205539390699975,-92.57822639916631,88.95767246009632,401.98323796783575,-33.31682038504454,33.95455632823819,36.420842381842725,14.712825671288025,17.300917451042803,-55.83162668795744,73.13254413900025,432.9446149328741,S1,3,60891,61146
-70.39881261940647,70.39881261940647,71.62540329310254,13.198696097618111,-38.804943244071865,-92.57822639916631,53.77328315509445,380.25185346883165,-53.88831816805239,53.88831816805239,55.231506988784254,12.106549024014992,-29.051302522040704,-75.96325831141145,46.91195578937075,383.1106407635982,S1,3,61019,61274
-36.032092719692095,36.71596868821003,46.30825769163731,29.088537685394186,5.836454588112071,-88.7878062953269,94.62426088343898,380.8365952137275,-64.14426922904065,64.14426922904065,64.72386548019973,8.642423720886454,-37.15259272008492,-80.70081162303433,43.54821890294941,364.07170219737725,S1,3,61147,61402
13.118503827585672,14.175383525860742,16.98083138819208,10.782091260967396,36.624313364798766,-8.158144800719946,44.78245816551871,428.0173844122779,-15.767105728829447,18.86290695624852,28.97055035676055,24.304138843199368,21.958102977043772,-69.53231876137717,91.49042173842093,460.82691237035556,S1,1,61421,61676
59.30525409176951,59.30525409176951,61.468966626576645,16.165416643249536,94.12557490596684,30.38566657244478,63.73990833352207,418.9280902913557,78.06950659898055,124.1645287133537,245.31979653172533,232.56602225982806,774.6152837607304,-63.79240494962553,838.407688710356,1874.2570862021757,S1,3,61929,62184
64.01394356522137,64.01394356522137,65.20932756193105,12.428653599963008,94.12557490596684,30.376311471221644,63.7492634347452,403.0872371076092,-18.476224300155124,20.561830383066663,22.600073304552254,13.01508543888563,47.420860370188336,-39.41072552401262,86.83158589420096,415.52311750515,S1,3,62057,62312
52.68086513206222,52.68086513206222,53.84019438388664,11.112739546672035,79.30724214320367,30.376311471221644,48.930930671982026,456.90166586646353,-17.26223567334602,18.215544343627695,20.95710180257503,11.883405888942518,9.037912793301668,-37.861272045492505,46.89918483879417,451.07553057765324,S1,3,62185,62440
-152.5552559581234,191.55792756131845,208.97873506398903,142.82508739187375,96.74691032936433,-271.83735311262046,368.5842634419848,696.2049530698819,-40.19269015455244,40.286453537441886,44.798619252355444,19.785447810389734,4.56760558248955,-67.45213308890871,72.01973867139826,375.3415319043148,S1,1,62459,62714
-20.01556217224396,102.55415142650449,132.40150882028433,130.87985639057246,112.26903678516341,-276.96555691656584,389.23459370172924,818.1961173314355,-54.39771914838083,54.39771914838083,56.62544449895906,15.7267007397793,-22.061679904294984,-87.077841400712,65.01616149641703,434.0887565090758,S1,2,62723,62978
70.9944440982813,70.9944440982813,73.36760995999407,18.509324634298057,106.15107239278895,37.56942224746148,68.58165014532747,356.0422703914353,55.06047274017595,75.57010700214036,168.86340734451974,159.6345660614566,618.8193047293074,-56.697073508678116,675.5163782379856,1573.0247426373198,S1,3,62987,63242
68.89197457807624,68.89197457807624,70.3004433438242,14.001720361153174,98.39890477951947,43.80281891687504,54.59608586264443,392.86181400139253,-15.559131369351928,18.255686056401235,23.182366601106747,17.185329565049326,21.943763942239904,-49.68227054465231,71.62603448689222,395.54245670807416,S1,3,63115,63370
-66.17853619797074,96.15095553046741,101.07612623917525,76.39885236187497,73.2178251980742,-149.7016981037517,222.9195233018259,682.0396301635637,53.63296578592224,58.814349548486064,66.43799233369955,39.21111840204021,100.99141517498605,-34.40363662703926,135.3950518020253,469.88224861645597,S1,1,63496,63751
8.904386979402968,55.97796585802077,67.63662368004782,67.04792879245,63.12506042811429,-155.65626799382898,218.78132842194327,579.9283757704549,-12.70990741729215,39.594522769180884,44.506707510192044,42.65331484001738,87.78595980775414,-57.12668980964425,144.9126496173984,493.4733960364647,S1,2,63762,64017
5.59247479600616,10.84886411219307,13.776194677056322,12.589986713106207,33.94206442237314,-19.934050976896113,53.87611539926925,442.88491237270364,70.68577082658454,115.92706456488213,218.0335749045144,206.2575128044893,698.4157063398188,-57.348511802512284,755.7642181423311,1699.2827403649892,S1,3,64026,64281
11.370182796700352,14.973042250833526,17.30581593412262,13.046463440923434,34.84931009782457,-19.934050976896113,54.78336107472069,368.6761960296766,-36.3635190051302,36.72740582333191,38.99727246471676,14.088354951905876,13.27045020600149,-57.807704948843366,71.07815515484485,421.5452465673085,S1,3,64154,64409
-22.813337683769934,34.17527001727308,39.27320318561184,31.96773548727897,50.901993998868484,-89.25942393499307,140.16141793386154,540.0465358107922,-74.49363647960925,80.92880725677088,93.87823416867242,57.12986062184929,26.443223334109252,-139.46774714786062,165.91097048196988,545.3975356300457,S1,1,64535,64790
-25.545983334025344,25.775203190635253,34.787496166742216,23.612975777076556,4.971991573664789,-82.11135259418752,87.08334416785232,384.4861634092888,-52.76189879072991,54.87496729524718,59.4340475365416,27.36033703324322,30.826090269534795,-99.56374640634677,130.38983667588155,531.4382942798816,S1,2,64799,65054
12.518485132334863,15.954737626668946,21.06438656797982,16.940953676720788,46.9362239848035,-22.736356520986963,69.67258050579046,361.1459536050145,99.54337132466684,115.47639864714617,222.45055640640516,198.93558573276607,709.8460072997883,-56.58231912185999,766.4283264216483,1682.4614619760926,S1,3,65063,65318
1.4492455768167076,8.756324993482032,10.826830200203716,10.729396042747254,26.147970931659128,-26.08465710755749,52.23262803921662,365.1208546527838,8.313194843037934,12.676498668873188,17.54573391298083,15.451329070562608,42.91370532529088,-15.958918757966718,58.87262408325759,407.3819380158402,S1,3,65191,65446
61.72741212166389,74.54526829087658,82.39562610236537,54.578070628807104,122.62785992422798,-39.72062374140534,162.34848366563332,453.9596686821205,19.39648584089257,28.590482026993122,31.334434946523295,24.609411826412153,72.0750911523136,-30.05954958126724,102.13464073358085,498.6518502727638,S1,1,65573,65828
-14.188594855323453,50.819939585964576,57.2666947300785,55.48115086531182,109.53542442040485,-82.33399109938378,191.86941551978862,566.4499917260277,-21.098587975583836,32.893325544626066,35.30542140342344,28.307637942962657,40.48218414245736,-58.00179210766372,98.48397625012109,395.4481499276126,S1,2,65837,66092
-32.4427009547061,32.457825346404874,35.090560696093085,13.37230738241179,0.9744742745898684,-64.8148473504226,65.78932162501246,551.3058782168738,53.36627536453569,107.01317975720443,199.8329575933189,192.5753140831133,679.7448322153283,-73.71833483576783,753.4631670510961,1694.4025418797646,S1,3,66101,66356
-26.06976357614417,26.06976357614417,28.815741592380864,12.276578945407195,-2.624936513063448,-55.57083448864674,52.94589797558329,477.06043508480303,-57.50368202461178,57.50368202461178,60.94805120563095,20.198799453842593,-12.78987820010156,-91.14666691600164,78.35678871590008,379.7156973532274,S1,3,66229,66484
85.83891113498436,92.52759417749638,105.19562543451372,60.80954650150554,146.05402021408318,-39.185655768978656,185.23967598306183,573.5249507741728,-15.508009560216799,25.77315396380263,37.01887505088005,33.61396658403905,41.232221878575054,-78.51269199073079,119.74491386930583,495.2464967250795,S1,1,66611,66866
6.596359675349781,52.49126835976473,65.80360989922885,65.47215526315985,128.58410401590442,-67.08867996865483,195.67278398455926,666.7620640149021,-18.510035330872874,29.97702267646365,31.73039171882917,25.772007113924612,41.95621168944154,-54.08124417946156,96.0374558689031,441.45576903188385,S1,2,66875,67130
-88.85806379780563,88.85806379780563,89.96649109886205,14.078850050580424,-61.599485540033065,-126.24481145892928,64.64532591889622,586.3700747265021,98.03437702480245,104.33462382809881,219.75452431056038,196.67565145772255,744.4508610710594,-29.423395645905735,773.8742567169652,1848.5870316163814,S1,3,67139,67394
-94.87704647190682,94.87704647190682,96.11755961147192,15.39257348309533,-61.599485540033065,-126.24481145892928,64.64532591889622,577.1147470490464,14.6795492867838,15.557707546374623,18.495286214522906,11.2510641671802,40.341111993041956,-14.505866595495897,54.84697858853785,511.32788843060945,S1,3,67267,67522
-94.94436171778545,94.94436171778545,95.6417890774462,11.529093456860606,-71.610317418189,-119.92827976885059,48.31796235066159,335.78031905889736,0.43231451740635674,11.19857744830453,13.36214926494499,13.35515395406244,27.33353038025581,-23.700096840067125,51.033627220322934,451.6571932292709,S1,3,67395,67650
-22.535010220460155,138.17622931883471,152.86997510850128,151.19987633605248,274.3091625832817,-132.3077669935112,406.6169295767929,679.8803338242795,-16.04987064649567,22.76852449050072,38.39057094384292,34.87459805682342,30.092793227644822,-96.41464783962267,126.5074410672675,492.6094482840336,S1,2,67913,68168
-57.21044273335939,57.21044273335939,61.70534860980723,23.11958670285532,-10.865749947155882,-109.03523786982953,98.16948792267365,445.6124777316063,84.72173057808337,124.35777815132978,237.15473309757613,221.50529519277237,730.6306838737245,-52.38004645139763,783.0107303251222,1791.1147142258733,S1,3,68178,68433
-43.910210780173024,43.910210780173024,46.15573892377606,14.221308830081467,-10.865749947155882,-76.40707446271074,65.54132451555486,426.5306928436689,-39.97768183905202,41.43177035562995,44.96708395728556,20.586976329638574,31.254886297379727,-76.82590845755925,108.08079475493898,487.5139547051398,S1,3,68306,68561
-45.89103549040422,45.89103549040422,47.21439436188181,11.10008543110175,-17.15614569174228,-76.40707446271074,59.25092877096846,377.9514051500739,-54.16547733236252,54.16547733236252,55.61607408298544,12.619380403230865,-23.80112828691349,-83.62126130075244,59.82013301383895,487.71827064494386,S1,3,68434,68689
48.89129639149406,80.49650238652643,135.14345096317948,125.98965622382012,305.16396007993006,-68.83401461837673,373.9979746983068,780.8424477130517,-18.9216301335365,19.502568378641893,24.728395501382757,15.920598517720698,9.710806444829936,-55.441783614806766,65.15259005963671,418.90922936653067,S1,2,68953,69208
-30.096471026314855,30.286446584105196,32.74925235848692,12.91185353859203,6.981324229641633,-58.467687767777015,65.44901199741865,504.3001040055171,91.37446787528746,96.45194426751566,215.32173509261062,194.97219346306912,737.3662984957296,-23.986938144903654,761.3532366406332,1791.4360384655333,S1,3,69217,69472
-37.3239715375464,37.49679454127503,39.373433458842406,12.537480249329102,6.981324229641633,-58.467687767777015,65.44901199741865,459.64926257865784,5.359312241175012,10.435287332964476,13.08058901951321,11.932291540144384,41.373023321242094,-17.489912027395693,58.86293534863779,470.5463240983913,S1,3,69345,69600
-31.64149351926037,33.00655391147339,35.42938939476188,15.939181934976137,13.55444311053474,-56.405061631262136,69.95950474179688,373.1079731430826,10.671885948329342,15.278387958731027,18.15205233161889,14.683591323503986,40.724637567991266,-17.489912027395693,58.214549595386956,420.68201488622867,S1,3,69473,69728
-200.52323792219153,212.04208377435623,234.84714198760295,122.2440638761061,48.162002567559995,-290.970772852743,339.132775420303,680.1940354047063,-9.097696017502463,16.895617867188317,18.89876426148581,16.56487904526722,22.406294656536186,-36.44431402863559,58.85060868517178,392.96452679194056,S1,1,69748,70003
26.359767482135986,28.267167415873097,34.67470732054025,22.527715952862472,74.22707520688957,-17.064884972717255,91.29196017960682,476.390013459391,67.13500570026751,76.56012052001752,180.06449547029644,167.08115853859,632.7044880025474,-48.41266513274071,681.117153135288,1580.3848654711255,S1,3,70255,70510
11.225371717196378,13.633830660319308,17.099939773135,12.899572475691274,42.19854009909381,-17.064884972717255,59.26342507181107,377.319065329777,15.006458576508493,16.346172611608118,20.72640980148879,14.296512310727575,44.557727670274765,-11.215647488942363,55.773375159217125,397.3675887678597,S1,3,70383,70638
4.369094944034554,14.930513761727761,17.64050991038991,17.0908922900057,33.9004512885405,-32.880016457244956,66.78046774578546,355.5475486321203,16.297788715990038,17.94777904357798,21.62846600098049,14.218742016244505,44.557727670274765,-13.551804103217297,58.109531773492066,391.1196007473229,S1,3,70511,70766
230.38911606295997,237.807695220809,265.94316267381913,132.84058481006997,360.5935219110624,-29.36222471621094,389.95574662727336,770.3838228468733,-120.72905844719206,121.03112977935017,136.36899687062854,63.411337739839425,6.8130076312512,-178.56357131516722,185.37657894641842,489.2697239310787,S1,1,70785,71040
18.224095365477787,82.66782084057436,118.93734378506691,117.53286389243296,278.602398891908,-66.859975283855,345.462374175763,643.4430431543077,-33.70696272924718,37.95230874885871,68.18959128007158,59.27614210213377,28.07358714602266,-166.9966189428804,195.07020608890303,593.0550834487333,S1,2,71049,71304
-20.198299180353718,25.057279566519064,30.1384788803812,22.368652606809064,36.85460345044384,-62.38512920264173,99.23973265308557,581.318308590306,112.41486728755612,122.63964362086543,250.09343191059895,223.40461565854574,781.2300145973144,-35.57435969851875,816.8043742958331,1831.4480129464878,S1,3,71313,71568
5.179720444247882,17.034892517465842,20.961614817298106,20.311567932294444,36.85460345044384,-55.401620005652994,92.25622345609683,462.84913248196494,-2.4311410401068825,13.779281540430908,16.78795735707428,16.610992308289486,47.26934406958962,-28.020900708033647,75.29024477762327,408.48101152309806,S1,3,71441,71696
-183.9530253675557,185.96784349599665,215.6518706482399,112.54782882050006,16.01135182941889,-281.9499009828572,297.9612528122761,605.1445600451062,17.92302057471127,35.159409773027704,38.425895181382735,33.98992135867763,89.04134165123398,-51.7746722175893,140.8160138688233,532.960397950683,S1,1,71823,72078
-41.28118421226462,55.547508805774896,103.42977576655574,94.83449976223356,33.739791308817914,-278.8838327621964,312.6236240710143,802.9786938681268,-52.99432518308047,54.79948102554377,62.99372907715625,34.05600389705293,18.171741852024237,-99.0405911146675,117.21233296669175,537.3984114444102,S1,2,72087,72342
-7.168629492940421,11.334642334453093,14.015389879389181,12.043334449571242,24.96096330552158,-30.238495941633587,55.19945924715517,489.9278386846082,66.27489844530646,99.12250745202476,200.58756654873463,189.32250180580058,681.6578405084996,-44.79603231880038,726.4538728273,1665.6062713398242,S1,3,72351,72606
-27.4329950062585,27.523860111573285,32.071767105626265,16.614121411140808,3.260072538662666,-56.64997502330325,59.91004756196592,438.6424659162192,-27.565914389897735,27.790914252880903,29.466667960034847,10.411766637596772,5.243385079625242,-44.79603231880038,50.03941739842562,380.526802436572,S1,3,72479,72734
209.47138879031814,225.53034758567924,253.64983135342945,143.0383662654135,334.1948144841393,-62.609677723135434,396.80449220727473,761.5730587486839,21.22233520938497,43.01958315493632,43.98668256374467,38.528440550120095,61.57656164456561,-54.85999552742475,116.43655717199036,433.2870716472987,S1,1,72860,73115
28.935100184980676,69.64236876197204,121.99459323463122,118.51346233980452,345.70622101939864,-58.208662098582245,403.9148831179809,810.7014449307321,-20.514701813627077,41.06903621656157,43.321395074252564,38.156130315814785,80.4320059288501,-59.1836701142028,139.6156760430529,508.58695661945535,S1,2,73124,73379
-56.03762076561535,56.03762076561535,60.18520566666914,21.955501362263142,-6.953736441031661,-92.82555479274886,85.8718183517172,361.3422111337566,44.25500587360267,98.23713471372044,184.35035573330092,178.95962705068985,636.8991149777236,-71.0374054648138,707.9365204425374,1635.4285785946104,S1,3,73388,73643
-63.60436965279155,63.60436965279155,66.14224880031155,18.14610805195882,-26.346476921671776,-92.82555479274886,66.47907787107708,313.74762924161917,-32.45348514208553,32.45348514208553,34.115065430646645,10.517080938631958,-2.361277882099314,-48.877596211125926,46.51631832902661,388.7937533729035,S1,3,73516,73771
26.800411975361946,43.27628462668217,45.626669424325854,36.92601902057122,69.60261270766385,-43.54655466249032,113.14916737015417,503.73079306407703,-49.75880589600215,55.114353421573554,62.81959699660791,38.345312655137015,22.450980837894924,-96.61096870591845,119.06194954381337,495.6700430458828,S1,1,73898,74153
-21.261517363559193,44.16339499047393,45.52963606920318,40.26034823487196,54.472994365224174,-67.59668992748267,122.06968429270685,464.53814470087286,-30.05857736665554,31.281669426908966,41.095127586391996,28.02305190436295,25.328709910468366,-85.11939765715736,110.44810756762573,496.55354260738983,S1,2,74162,74417
-10.587002924268734,21.95647827487549,27.545243898332718,25.429428434397835,47.42583471899383,-56.45976524204099,103.88559996103481,451.93724626664454,84.76299632378458,109.21541847558437,224.27214960019336,207.63725951886764,711.9724857066584,-39.793457563020176,751.7659432696786,1746.4711805410632,S1,3,74426,74681
23.458396927383554,27.735916516230773,34.350618215748355,25.093197990719005,65.28841578168128,-22.188972297199694,87.47738807888098,539.0627204179417,-21.2639584965235,25.407023404714003,27.44760224626645,17.355544881316085,36.844166238679726,-44.31391696827269,81.15808320695243,489.319652248463,S1,3,74554,74809
39.85867862906919,39.89550349002173,43.7502967120288,18.038131841605466,81.18056480976442,-2.4752456411728336,83.65581045093725,674.3631137665122,-35.068049914528636,35.068049914528636,36.69749004108532,10.813771336017984,-14.046808809933648,-68.4297364507679,54.382927640834254,413.8539511283218,S1,3,74682,74937
18.3520985379943,87.69266222637427,91.39865956540602,89.53722940545309,90.36621421603864,-142.32865870664682,232.69487292268548,520.6448426705236,-41.531744220728,42.2414877897009,49.86459004712806,27.596948428262294,9.737479315387844,-83.03650103203744,92.77398034742528,477.0982276063706,S1,2,75200,75455
59.88926219653039,59.88926219653039,60.70133146286299,9.895853420478497,84.39543596878585,37.14515331950275,47.2502826492831,370.626449567412,77.1959431302921,103.39558208401154,211.50819808896668,196.91750613662126,681.6764494041538,-41.22394004901852,722.9003894531724,1619.6032606781887,S1,3,75464,75719
64.08664494954624,64.08664494954624,65.44671242234489,13.273059406327981,92.32547606613707,37.14515331950275,55.180322746634324,344.88278375334716,-2.6786975314870025,22.53420662921185,39.82773529836012,39.73755249799672,228.0557292305168,-38.182247598895934,266.23797682941273,577.4144183595378,S1,3,75592,75847
64.72502293798533,64.72502293798533,66.07206771579683,13.273640718285042,92.32547606613707,36.91564795224524,55.409828113891834,418.0763026604702,-5.439267432894916,9.849483850238084,11.8658127948963,10.545704484621854,22.189571971440557,-28.123808485890294,50.31338045733085,451.4503944182744,S1,3,75720,75975
-106.71004265450595,155.78754990364018,161.68980586026657,121.47658258201132,131.65298141208308,-203.3459733131305,334.9989547252136,718.1228871500716,-15.767997206475709,18.568672075705393,23.61294234125437,17.576726376318703,17.894184847502558,-54.70174041743185,72.59592526493441,490.7485199750266,S1,1,75994,76249
55.733926861771515,55.733926861771515,57.31083743134543,13.351459981919904,88.95156164849438,28.15416931641862,60.79739233207576,506.0206773193456,58.28122455233941,88.13092174347346,183.9780652077733,174.50280038519577,636.1442257186264,-45.05874354898962,681.202969267616,1524.3968128497702,S1,3,76503,76758
51.47795626932727,51.47795626932727,54.172997708538134,16.874054019781582,95.45166714748527,12.550857808314543,82.90080933917072,640.4127446387513,-25.915527907041643,39.881761762773465,45.6910335296611,37.63051897473592,161.6313205810157,-66.19245247319971,227.8237730542154,519.5780110215514,S1,3,76631,76886
68.55231674598008,68.55231674598008,72.46293311426238,23.48311189516591,113.13587512747048,12.550857808314543,100.58501731915594,574.2973366278667,-49.839955022344554,49.839955022344554,50.368416066643945,7.277102475108323,-29.411021337271944,-66.19245247319971,36.78143113592776,430.379042219986,S1,3,76759,77014
-30.793703975716948,67.52312171338102,70.01704799523291,62.881911591670494,108.41432631889953,-86.53710389567264,194.95143021457216,536.3514813420309,34.13493613697871,59.293006504062134,62.155116327444155,51.94289769162382,99.5093283260467,-68.61937827933097,168.12870660537766,569.2547768903198,S1,1,77033,77288
-25.290632975741488,26.112606230249288,32.456178662088824,20.341765337152218,8.640411076842636,-68.89820720670832,77.53861828355096,499.71574766878217,28.323944651648514,111.9329680273442,188.77109686805395,186.63408362927322,649.289781008459,-80.56253890591621,729.8523199143752,1720.3545899138112,S1,3,77541,77796
-60.762916197077196,60.762916197077196,65.02052237048197,23.141658206734448,-18.61024625829437,-98.85662456063145,80.24637830233708,447.7327507094209,-34.176555433444975,36.26901359163082,40.51697334165541,21.76208141408073,57.53559130307628,-80.13589843903088,137.67148974210716,502.45436880498266,S1,3,77669,77924
-84.12048023325684,84.12048023325684,84.70016032500692,9.892520629653543,-54.2458246249881,-99.47309339421525,45.22726876922715,385.7495891962416,-20.651887008960923,20.651887008960923,21.718692670536452,6.72318185729978,-0.676985888504335,-35.162902948965936,34.4859170604616,430.49046202754903,S1,3,77797,78052
87.82639837269134,126.73177682825076,129.75386008080224,95.51223981642208,179.42529312789398,-107.87608207022735,287.3013751981213,682.0029458321346,19.729091941554568,34.24988123227463,35.932086886371486,30.031280345190687,65.46396473235318,-51.95881552541011,117.42278025776329,573.0478519325663,S1,1,78071,78326
17.823770824837723,41.53994815135216,70.610674587201,68.32408476696382,186.74565972029006,-42.722882589421076,229.46854230971115,678.0955146164438,-29.168187243687058,42.85604229693227,44.256333166596356,33.28422867169959,47.121960875184456,-61.28943066661989,108.41139154180435,432.95457303314475,S1,2,78335,78590
33.26751788306092,33.26751788306092,35.557066246439206,12.552976298626902,72.50954929097061,12.202607159621543,60.30694213134907,359.4734434509454,40.67068503274339,119.94960452531005,191.54531694827784,187.1777332477974,573.9022372974766,-101.87289344393481,675.7751307414114,1466.587559985329,S1,3,78599,78854
52.891304986687935,52.891304986687935,58.863759895303744,25.83509407409095,116.11234729102205,16.12009062154388,99.99225666947817,548.2132875689351,-73.7079869300241,73.7079869300241,76.91144974661859,21.965968333994113,-16.754090380824607,-105.33473331297829,88.58064293215368,442.3258056483422,S1,3,78727,78982
-150.1140418526134,184.88536957388527,196.8610673793299,127.35797693274225,86.70861348276024,-252.39200828263336,339.1006217653936,719.3233193334086,68.82991660387296,89.11942831919413,94.12941242150019,64.20894690867286,130.78954881067287,-56.97155099257428,187.76109980324713,539.2805226141126,S1,1,79109,79364
4.569442754337025,93.44744206740909,115.74052122956802,115.65028511597764,84.88204802391863,-253.31877018888764,338.20081821280627,744.8491664808419,-32.869802722240586,63.025519260465046,64.36670895308131,55.341207887537685,93.16758020785284,-75.76531091535642,168.93289112320926,515.2809769230367,S1,2,79373,79628
20.912969559411703,23.09071390948313,29.875073425693625,21.334659978488173,68.17591021655187,-11.385733845564193,79.56164406211606,375.29725888200045,80.61675994247031,119.9423222520342,225.37242590453621,210.46061003065105,702.7599499059341,-61.51250586662834,764.2724557725625,1724.849935661861,S1,3,79637,79892
-11.496885239256038,19.915382636738727,26.109208623541782,23.441680928274,29.735519744816933,-56.45950550992197,86.19502525473891,332.96940398081904,-30.43354298744871,30.789630745251145,33.208276149774385,13.288681878605782,15.533877883742647,-55.3579953697036,70.89187325344625,455.7190338276187,S1,3,79765,80020
-71.67097844241134,71.71241051565531,79.36234047308385,34.083015337160084,2.3195438897679894,-152.88395837191072,155.20350226167872,722.271536831988,-68.41528316396797,68.41528316396797,74.09418141738138,28.448141406881117,-5.917860504516108,-102.60367644708218,96.68581594256607,408.1289755362961,S1,1,80146,80401
77.4375229048347,93.90460251223757,100.22372093227246,63.62565743372112,136.74451120648817,-61.730563866315556,198.47507507280372,533.0194610921836,-49.941414606719995,50.83309481434905,55.49391484848468,24.195654409223216,24.49310606043737,-97.01975405707945,121.51286011751682,570.7812516159747,S1,2,80411,80666
108.83517080839988,108.83517080839988,109.27223855263591,9.76359121484485,131.60057845722554,89.42421440991913,42.17636404730641,405.81283509570875,75.87836205040514,118.5001758515202,226.4023738345268,213.30848330635246,723.1750926750075,-62.929874850641944,786.1049675256494,1819.961973411319,S1,3,80675,80930
115.21155650233285,115.21155650233285,115.70686311693213,10.694644485453173,147.43749030930658,89.42421440991913,58.01327589938745,484.3760696827267,-18.478787558454226,19.049381506031565,23.109131794414594,13.876828984358813,5.648531334665841,-50.213453698069245,55.861985032735085,472.8354344963468,S1,3,80803,81058
-180.46348940000894,199.6986070967909,222.88474471260963,130.80725675274303,62.488944529791326,-277.7886372917912,340.27758182158254,572.3417808402687,47.91537201349431,53.95569873674762,62.520866273854494,40.161870529665855,121.9924940472674,-24.75642378370309,146.7489178309705,528.8985625671492,S1,1,81184,81439
-59.6305002995909,84.98349906935516,141.65723339178373,128.49503961723494,38.176476644325774,-303.57714631891184,341.7536229632376,626.2213664430242,-56.252128285953994,70.8254617810735,75.45909379394283,50.296847808820345,39.23708563353448,-102.20635892156814,141.44344455510262,459.6025990061564,S1,2,81448,81703
52.00859803901348,52.00859803901348,54.7352838953341,17.060393697659627,80.88155134943,13.596307850230108,67.2852434991999,520.4558064205155,84.07780217382818,147.2389108939862,259.2525585837116,245.24031543328968,762.8602398703858,-92.5804698526951,855.440709723081,1860.6620719561106,S1,3,81712,81967
71.6077180388573,71.6077180388573,72.69855695637054,12.546509506877324,101.05039747239252,36.7592974821233,64.29109999026922,408.62900736664204,0.300905544523431,50.7361081806396,93.04407772202813,93.04359115487799,483.3745256491449,-54.31428276062054,537.6888084097654,813.5377593009023,S1,3,81840,82095
78.22636824333394,78.22636824333394,79.23836931259213,12.623568543682866,101.9157790889984,42.272739981438335,59.64303910756007,467.77238396962423,-52.69329273389491,52.69329273389491,55.558154020801204,17.610377027739283,-26.645404721698807,-82.71618333339667,56.07077861169786,413.91324445353416,S1,3,81968,82223
38.32494707677389,127.4237067458579,135.59356784808548,130.06465343565037,158.04885780191293,-207.3775959266375,365.4264537285504,699.3704894060486,-53.44636477473601,53.6853466203667,59.53740247038227,26.23334491227031,4.2527182861708885,-83.37669450940923,87.62941279558012,476.357365262312,S1,2,82486,82741
102.82750315765003,102.82750315765003,104.63947215901652,19.388752617975882,138.69701373051478,59.047604896576665,79.64940883393811,577.732326789242,106.67897120370489,170.9266480722918,271.8167321308718,250.0078658147083,632.7738657116901,-81.15701725506517,713.9308829667552,1735.6332144939643,S1,3,82750,83005
75.22483270251539,75.22483270251539,79.73761346908294,26.44449936420518,137.23840563171086,36.82340619853214,100.41499943317872,487.5655664264079,-9.793156484706916,34.44802258665946,58.11273218516655,57.281617715379994,343.38673040691776,-60.178061921999564,403.56479232891735,781.5456529384134,S1,3,82878,83133
47.454904729839534,47.454904729839534,49.2770142080859,13.276149530106762,91.5927204311825,19.189176960017555,72.40354347116494,435.28963876179915,-4.524569024906059,9.089055437574594,12.271032761671187,11.406424513267432,16.542104776610255,-32.074425028823306,48.61652980543356,431.14009781638214,S1,3,83006,83261
-212.06887524633427,221.0746920618892,245.72742727697099,124.13202917826558,43.34306420191023,-312.49007927448946,355.8331434763997,714.8133029190805,-12.675921563639434,13.479050641904353,16.488670012267388,10.545010729530178,11.386884827894171,-40.163436980140986,51.55032180803516,297.25596482438846,S1,1,83281,83536
42.52608742851106,42.52608742851106,43.98536897950003,11.235860994396306,74.40476998680077,18.209665677643482,56.19510430915729,373.31966632708946,78.44721912524618,125.77957194551009,233.82392692230508,220.27179259470122,715.7249655680803,-64.62022491857292,780.3451904866532,1717.035593476814,S1,3,83788,84043
52.112154504486824,52.112154504486824,53.51512813321161,12.173425648294312,82.79192308956945,18.209665677643482,64.58225741192597,380.92560364642867,-32.2099036853061,41.58701797277919,45.16737280173313,31.664075391428153,133.66188884949716,-64.62022491857292,198.28211376807008,544.2093762130008,S1,3,83916,84171
42.68869279145779,43.13161421368402,48.146339288304326,22.265342903738453,82.79192308956945,-9.98293058966046,92.7748536792299,408.94708458339755,-48.99182972035951,48.99182972035951,50.94366349052512,13.966297665707986,-18.937877045577324,-74.2322974207404,55.29442037516307,474.32118047498597,S1,3,84044,84299
89.38414734704159,99.01989221543923,107.15872402462918,59.10555251098661,151.4945518604056,-49.83525301272922,201.32980487313483,742.2824601186855,-74.87434980277288,74.87434980277288,81.4134983344786,31.968569762661517,-32.05726451423182,-142.85747452156386,110.80021000733204,506.42615697138865,S1,1,84321,84576
8.605137830264638,11.534000980417854,15.045666715026451,12.341948380292441,39.47383107128905,-16.66086973905865,56.134700810347695,467.6108596341401,115.18647195305604,115.18647195305604,230.5621350426346,199.72725100603046,751.4664826329205,3.755942383759545,747.7105402491609,1776.9559840917143,S1,3,84829,85084
12.887587932041287,15.218997613439184,18.3679371850635,13.087826165117804,36.41694735963341,-16.66086973905865,53.077817098692066,484.1833208588216,14.946472359302826,17.950026427914306,23.858259927798496,18.59622356272886,75.57284965290988,-21.731362174459264,97.30421182736914,530.7744229407211,S1,3,84957,85212
19.526483433972295,19.981424683761944,21.85657286426337,9.819685436594154,36.46565986089966,-10.646680669655712,47.11234053055537,419.57774474674306,-0.06588171267116305,8.280912555549907,10.262516191060106,10.262304720271482,30.256513013481744,-21.731362174459264,51.98787518794101,495.55256061544515,S1,3,85085,85340
-202.59854631926078,212.3643731794459,241.2210605404984,130.92528051375388,39.599403462673166,-320.28869289564904,359.8880963583222,715.9156936302234,-50.07548077267337,50.25646675876296,56.63115122501805,26.448695893304123,6.689889764222938,-84.58446058538762,91.27435034961056,427.93912330199294,S1,1,85359,85614
-10.257402210869252,114.03739909892568,142.07605916178727,141.70530084237546,131.06980977817054,-282.39317681980594,413.4629865979765,811.2395015534331,-16.084219848904134,26.338214408568593,40.390879435794744,37.050249843274,28.588113875525714,-95.10521695379683,123.69333082932255,528.489228442399,S1,2,85623,85878
42.93986603904801,42.988920112080976,49.79716363740151,25.21756155695381,93.92700651818801,-2.5661682620882713,96.49317478027628,469.0358135496814,67.86539938675057,108.0176836526912,210.6019014381886,199.36762138185162,708.2870630623596,-66.34451307397946,774.631576136339,1737.7252879555986,S1,3,85892,86147
22.613227578272678,22.957309321087653,26.028129147368986,12.888190152436724,45.723239168461085,-8.665703188615302,54.38894235707639,542.0100414033707,-32.22044868530578,33.56267118423535,39.153632206430125,22.245215248991844,13.371640301369311,-67.89860993228699,81.2702502336563,508.8968872716675,S1,3,86020,86275
75.18127543874664,75.18127543874664,81.6048418071477,31.735249010728,122.91078131618092,0.6458282195605292,122.26495309662039,493.2981906449617,-0.8569195203586708,9.340501446722644,11.697764862226448,11.666335830395422,30.482265124279493,-23.41886059344379,53.90112571772328,457.22455711887613,S1,1,86402,86657
28.378905137816087,29.77236325311435,39.50125620932868,27.477026500221303,87.61484158729036,-12.955550116559028,100.57039170384938,520.25897889495,-40.788341565018825,40.788341565018825,43.566781674083764,15.309332376450591,-7.796081825308492,-68.30029541238744,60.50421358707895,336.7095135279046,S1,2,86666,86921
11.924775558458892,13.635975522172446,17.272974807331185,12.496214889920836,43.083926475934206,-15.032950615363077,58.11687709129728,421.5491031555646,42.69384437437482,148.51627822207075,233.39307720129955,229.45492833676167,713.6173542650095,-111.26262115488437,824.8799754198939,1866.0831180800874,S1,3,86931,87186
17.45921873533713,18.895559814323676,21.980292405963137,13.353236888608455,46.98289219853719,-15.032950615363077,62.01584281390027,362.9233718289901,-80.17533112487854,80.84080589432412,83.45583241805149,23.168777343786996,17.193286062536302,-111.26262115488437,128.45590721742067,466.8983110790732,S1,3,87059,87314
-127.19676318542923,153.70520324665262,164.7693373401074,104.73737614933812,71.51137534783875,-222.83028846673483,294.34166381457356,648.9221637040479,65.11214675892204,92.63788354463715,95.45653916268071,69.802286591207,133.31913574649408,-84.74125002268386,218.06038576917794,553.031287891052,S1,1,87441,87696
-43.80328795391553,82.61558208494046,117.2055257196882,108.7124980103707,69.66471628092258,-241.4894784668194,311.154194747742,744.4807771247301,-0.5675797217618523,50.97500789068387,57.897218219050764,57.89443609505,105.76431019753323,-65.03316727038425,170.79747746791747,539.2549123497055,S1,2,87705,87960
12.755863763079065,14.201298996924635,16.886832065635716,11.065850029290521,36.17756268088372,-12.035771764263625,48.21333444514734,421.2770887375584,64.84751421473185,96.78448463556553,199.91410076004445,189.10432988926337,691.8917406242201,-36.64686788370562,728.5386085079257,1689.7251660910229,S1,3,87969,88224
7.85977795846638,11.150523499441658,13.453250953955399,10.918509590310753,37.67184063918705,-16.994484448995454,54.666325088182504,466.1409669197143,-26.523023620465786,33.74068691510587,36.933288601225044,25.702082112731524,87.91267914878176,-60.94017812880539,148.85285727758716,428.24117560738694,S1,3,88097,88352
107.85965451190694,107.86323872779514,121.2851595573012,55.46516796523817,176.52764840661771,-0.3971507902124613,176.92479919683018,626.9164559968627,-58.706625733362685,58.706625733362685,60.679542723144166,15.34727989230523,-28.664159674701114,-93.01255271090588,64.34839303620477,408.41636349989784,S1,1,88479,88734
19.702304700412057,27.77767587323123,45.33311391823771,40.827814134680764,135.04339803270383,-34.45394485850253,169.49734289120636,544.9300429275762,-29.31567462339593,29.339619884036136,33.34176924534957,15.882846022842322,2.0541314301990425,-78.9599115561839,81.01404298638295,465.8372846058336,S1,2,88743,88998
-50.578119163794284,50.578119163794284,52.23280419147052,13.04299411782149,-27.388850826053346,-84.56009484847176,57.17124402241842,361.78783333921206,70.66198174788714,131.79890856263884,240.53375704570183,229.9203614601847,753.6911705388726,-68.29278988834626,821.9839604272189,1815.7216110037768,S1,3,89007,89262
-57.848188244324696,57.848188244324696,59.726824848172996,14.862056496108124,-27.388850826053346,-95.59828230047165,68.20943147441831,445.71887261996665,-43.186913039498165,43.186913039498165,43.977019027815,8.298719460954555,-23.503274691090436,-68.29278988834626,44.789515197255824,370.7820908420963,S1,3,89135,89390
2.453323710268835,25.166795786104394,29.81762708344238,29.71652886290506,58.231443383775684,-47.84757580219454,106.07901918597022,515.3999937928311,59.25065026039015,85.42146241053607,88.21217140972949,65.35095736514062,134.89585200925637,-67.79512083605496,202.69097284531134,556.2533258239389,S1,1,89518,89773
48.76194784720058,48.76194784720058,49.58265292937191,8.983980947299663,69.23923582341521,28.3190826321744,40.920153191240814,337.9717801969549,-50.092691493353804,84.96927186690402,87.43438173333244,71.66235670170062,95.82678785436987,-121.01194186750247,216.83872972187234,569.9938705605887,S1,2,89784,90039
14.942721516777844,18.401712555021714,23.24750856607078,17.80903501601248,46.970744692663,-16.425653241799214,63.396397934462215,522.4273821740173,32.3257284381038,116.1641823744651,200.6388609409548,198.01767547527103,680.370067376852,-80.6988880369667,761.0689554138187,1730.243244234363,S1,3,90048,90303
8.75625287517219,12.280491199578108,14.861389376025741,12.007869493456761,41.248012845670736,-16.425653241799214,57.673666087469954,435.9953885663775,-37.92097259952757,38.032746891044894,41.28315514767526,16.318662201691208,4.210647677644441,-66.6781664226833,70.88881410032775,391.03045435716336,S1,3,90176,90431
-107.10626388990529,107.10626388990529,121.736383100429,57.8618631390347,-3.883985399871788,-192.4611620315217,188.5771766316499,635.8137640048515,11.860989515707267,38.02491960656897,40.81016166411744,39.048511146517264,81.11734110399615,-55.38611290554513,136.5034540095413,509.45472273493846,S1,1,90558,90813
5.305476640160581,46.591667485247655,56.01973114016212,55.7679315972608,64.54452610317375,-130.73178304699448,195.27630915016823,640.8847515091273,-17.471298493573826,33.654293742128516,35.20500346325832,30.563802083452824,58.45024076603484,-53.94761931408947,112.3978600801243,557.9246562111741,S1,2,90822,91077
33.0873973674578,33.0873973674578,34.54895711736432,9.942563720963815,55.03844605420259,12.329673036102736,42.70877301809985,416.1886588340469,80.80811929405468,101.40741839302156,208.471108583586,192.17245112197307,656.2633489918978,-36.26758426177589,692.5309332536738,1618.5424071520479,S1,3,91086,91341
15.259797597078965,22.04534674844089,25.208745632376694,20.0653789810722,50.78796372102749,-28.41399135056794,79.20195507159542,476.1726489762764,-23.41714448075127,23.41714448075127,26.521765060410026,12.451560797233672,-3.1279390645959984,-58.304164569121575,55.176225504525576,474.42520337289216,S1,3,91214,91469
-17.496671368829556,26.297777023850138,30.1173443876666,24.51368850206947,46.73550217685355,-56.21001923639792,102.94552141325147,387.86592944100835,-29.915587888444062,29.915587888444062,31.66054696456392,10.365704770257382,-7.815537578193366,-58.304164569121575,50.48862699092821,527.9429866145356,S1,3,91342,91597
-9.503205565621716,84.7273946469978,95.39428866384581,94.91975238936668,176.7449816250313,-86.30292461366786,263.04790623869917,626.2969236316096,-32.76655016630026,32.85179324219615,43.79438892528902,29.056869954260492,4.03864771240284,-102.08314975219767,106.1217974646005,504.8938749438913,S1,2,91860,92115
-72.53264059884148,72.53264059884148,74.31384925985338,16.1729477701346,-24.78362688168228,-101.54981464550364,76.76618776382136,422.34660792910427,106.99748241229442,117.47235833879188,240.4715545899152,215.35576919210064,722.6138934962933,-37.70941288254862,760.3233063788418,1717.3372864973444,S1,3,92124,92379
-70.67014601916617,70.67014601916617,71.75637180996695,12.438141218041741,-46.11167913868687,-97.52564746516136,51.41396832647449,394.62853931958,-0.1926263450131631,8.063053686271243,13.034009104115478,13.032585638213625,69.45366326079046,-18.822779764565272,88.27644302535573,435.3834597442202,S1,3,92252,92507
-68.22843421413796,68.22843421413796,69.02279810990058,10.44161977890126,-46.11167913868687,-96.21137178056199,50.09969264187512,404.9208319653361,-7.5623933583633285,8.322996861615945,10.093929046851114,6.68562714307692,7.145328564013755,-25.83832472894856,32.983653292962316,394.7938919876849,S1,3,92380,92635
88.45815520533509,129.79692125346418,132.59131745499135,98.77050289493896,169.7934824893732,-118.93518291552986,288.72866540490304,861.3454925915597,-36.90238558241799,38.66410835323089,44.34216619539359,24.585394876358087,17.94186963676651,-79.75726301029526,97.69913264706177,440.75816164836476,S1,1,92654,92909
-46.64587826677492,46.64587826677492,51.159253099039056,21.010264595495993,-0.9595142930523394,-79.89299424013923,78.9334799470869,469.41438565536725,75.9361879349377,116.11059014643126,231.54309738197213,218.73705974787916,747.1713451587773,-50.65867282712004,797.8300179858974,1804.9936284515156,S1,3,93161,93416
-72.25107867891396,72.25107867891396,73.86566655532161,15.35963298374483,-23.875063909009057,-102.51530176131544,78.64023785230638,515.8473553852646,-29.75028060991052,29.75028060991052,31.241086300450736,9.53552708893393,-6.620717943485927,-50.65867282712004,44.037954883634114,380.6962585729739,S1,3,93289,93544
-82.23321815825143,82.23321815825143,82.99806909558312,11.241766094907765,-52.030343092975436,-102.51530176131544,50.484958668340006,456.5859361121501,-23.144349045029948,23.144349045029948,24.706792337134623,8.646658017529973,-7.278005546071402,-42.31296707629198,35.034961530220585,361.03213709385636,S1,3,93417,93672
172.21874475062515,209.57379912873503,220.64369529333993,137.92876505362926,282.37572069023935,-112.90747017453093,395.2831908647703,967.1982560670107,-5.624991078738953,10.179246661281944,13.117876820276392,11.850661063250936,21.690717574028525,-39.06164578391498,60.75236335794351,462.34776321772466,S1,1,93691,93946
-10.929510930065055,61.56840405985011,88.45335276006776,87.77551711796734,272.71451804645613,-68.03205358777024,340.74657163422637,699.2163437190172,-6.616422868055663,9.991927418916728,12.209888729055008,10.261789863711622,18.09787700768029,-30.794993409358238,48.89287041703852,481.52589837936773,S1,2,93956,94211
-2.80329485827507,21.14178775382365,26.05256117276918,25.901302700799604,54.66261883270443,-48.6438304990298,103.30644933173423,426.59904827376033,110.70270089233641,128.96076816826758,263.8332890237266,239.4846893064756,817.8263185986998,-31.926434890056566,849.7527534887564,1925.506985426147,S1,3,94220,94475
34.755630387392884,37.99140183292286,44.00597397946834,26.992071099798483,89.3436282065664,-18.734670728769554,108.07829893533595,439.26757590256295,-26.136729527475037,26.16911859183598,29.04231066258112,12.662036891017483,1.8243392406590766,-59.85286996521349,61.67720920587257,495.34021447191685,S1,3,94348,94603
-152.7066919347454,213.12136390980467,225.43774481933673,165.8398113468993,137.79926321574675,-301.16480103811693,438.9640642538637,923.539746773065,-124.62013657028332,124.62013657028332,133.55984408994874,48.04220555444298,-39.30185518151215,-171.57872870072586,132.27687351921372,493.255872354663,S1,1,94731,94986
-70.46255220424119,80.56168518282215,149.09529681413747,131.3942018087569,27.476261013422704,-322.9750539485194,350.4513149619421,634.4722286105913,-85.38401878654787,85.38401878654787,95.09145399912323,41.85634909456163,-19.38489324398885,-172.4569799717287,153.07208672773987,583.1448876375935,S1,2,94996,95251
32.4037844180738,32.4037844180738,34.2087320809463,10.965040171972108,60.08942559803731,3.1097584335304664,56.97966716450684,356.19473657153526,244.28011815543593,302.6487391783092,462.1238643517942,392.2826657875692,948.7232569878402,-79.4730367315383,1028.1962937193784,2229.691224246681,S1,3,95259,95514
26.044916430977622,26.044916430977622,28.160587524473186,10.708922346665263,50.944413097961565,5.3020990047694525,45.64231409319211,442.104159827649,25.864606918934705,119.75712366288913,217.15113143106964,215.60527820701117,930.4466737268334,-88.20411752280087,1018.6507912496343,1309.5342799236628,S1,3,95387,95642
98.14596802857123,98.14596802857123,103.7788003396837,33.725485314204285,142.76207332603101,32.21689922121149,110.54517410481952,440.7448565340084,11.728810103173693,48.82830045572668,52.5292796627742,51.203127203849895,71.1970105288251,-89.65184192307075,160.84885245189585,562.7079150888717,S1,1,95770,96025
38.50058208234205,44.45585917633329,69.84732212078653,58.278242824966476,148.5346628508574,-21.77652264650804,170.31118549736544,411.77970412265415,-32.2514569114877,51.48625637531911,52.89370406304909,41.92359069301994,50.96886867529159,-72.77890239169113,123.74777106698272,398.9531698520064,S1,2,96034,96289
7.475570121286569,14.13006689854513,17.652849082483844,15.991839546802556,40.39507495178157,-28.347642104638307,68.74271705641988,359.68421457766317,56.44933856535148,97.5822988826846,202.5069656980686,194.48018750446803,728.2154935815954,-60.977846668781375,789.1933402503768,1758.291126324381,S1,3,96298,96553
21.78734620500667,21.8108906660406,24.886048997129794,12.026095793345661,44.974526667718735,-1.685434741461268,46.65996140918,372.5516650267952,47.09465999254211,53.09748219851489,155.5075011227165,148.20484440671473,728.2154935815954,-21.28331657034438,749.4988101519398,1069.68667326049,S1,3,96426,96681
-216.24618167291254,223.95055594351612,259.5172285707927,143.48094241727986,30.244482297877116,-362.9303082682253,393.17479056610244,710.2586983624824,-47.74581520023056,47.74581520023056,51.58868903702521,19.537911030207844,-10.861471964061922,-79.99408052942528,69.13260856536336,434.00851638468487,S1,1,96807,97062
-0.2710240479308226,128.7527134344574,156.07219027128292,156.07195495040415,123.21379281010127,-325.5312220683491,448.7450148784504,837.2709339358237,-34.23588596921536,34.293986544476994,36.54535011484475,12.785410705936107,3.0673587667395785,-59.398628959601794,62.465987726341375,561.5946901492651,S1,2,97071,97326
96.22903986005221,96.22903986005221,99.47428031471594,25.20127639115058,162.98241092479427,31.296606073716703,131.68580485107756,757.1082007184185,47.046637648225726,129.92743921810936,223.72282214474654,218.72017518831325,713.3277839737542,-78.26933422250303,791.5971181962573,1878.8449522314327,S1,3,97335,97590
104.50702253186583,104.50702253186583,106.57671126667083,20.901617782923154,162.98241092479427,31.296606073716703,131.68580485107756,705.3222514694397,-56.574968122856276,56.574968122856276,58.35891124990531,14.31906086906966,-26.577387467785123,-82.80155660394706,56.22416913616194,459.61177103114665,S1,3,97463,97718
-113.10626031303663,170.58581906593074,179.0529792387429,138.80541506825048,113.03743530626227,-233.84222345818372,346.879658764446,623.7939188656093,67.54834643600694,90.97521120325358,97.46428328507814,70.26028330454662,150.04181272753235,-59.95175904810418,209.99357177563652,653.996387972845,S1,1,97845,98100
10.269725535929464,102.98466532193046,117.74615732052882,117.29744371113722,108.50254065445074,-217.63791846938838,326.14045912383915,703.192546239678,-42.7038183877683,81.25579577669309,83.21768686145957,71.42525674911111,99.51097950771077,-115.43367618776504,214.94465569547583,563.0613008931916,S1,2,98109,98364
66.61368967143434,66.61368967143434,68.3040787441071,15.101772129092161,96.19794812886894,33.26713060851143,62.930817520357515,398.60091543276724,38.828343414239136,124.546600939048,218.6446604678537,215.16934562992225,735.3014767796025,-104.29501997884054,839.596496758443,1938.3693853419857,S1,3,98373,98628
54.49668837645207,54.49668837645207,55.93974927481873,12.624044713540004,84.91891096587464,22.12918986921108,62.78972109666357,325.4522516583473,-46.243770026326104,46.243770026326104,46.67730000637667,6.34697326586107,-32.38402795777803,-61.0739433486824,28.689915390904368,428.0856872961884,S1,3,98501,98756
45.68678216577848,45.68678216577848,47.4824999691132,12.934671957708881,70.5340102024921,19.02264907176774,51.51136113072435,382.83482477171196,-34.60403302881171,34.60403302881171,36.247601420837356,10.79117727149353,-6.385508493527717,-50.673332987184985,44.28782449365727,373.5298986983313,S1,3,98629,98884
-1.746958471279438,76.79559742599953,101.17150677587166,101.1564230259249,78.83427921439487,-233.1946393247369,312.0289185391318,645.0057971440586,-34.45038112230317,46.537485284439214,48.03174796668952,33.469688574345,44.139686180803764,-66.52780155511448,110.66748773591824,464.63183969343913,S1,2,99146,99401
56.12066154545042,56.12066154545042,57.0303506862564,10.145553070108488,78.50935587082647,32.506919445235276,46.00243642559119,425.3998716374501,83.23925773580117,151.67806010972538,266.6925140675245,253.3695384833181,761.3234742263393,-71.13297453606279,832.456448762402,1865.8739687438992,S1,3,99410,99665
52.0908931200932,52.0908931200932,53.307075555902884,11.321800133978925,78.50935587082647,23.25749502743953,55.251860843386936,426.50650133866566,-48.051055403085286,48.609374054408946,50.2509041033403,14.70542205625974,24.048481338062974,-71.13297453606279,95.18145587412576,452.67344755138305,S1,3,99538,99793
35.579798197735,39.80243703121882,42.82025299007735,23.825449132024378,69.82260759683031,-39.95975667451556,109.78236427134587,480.5929169629411,-44.64531382662238,44.64531382662238,45.621442556351425,9.38679786960781,-21.116048782996412,-69.41947781336955,48.30342903037314,392.2742356877305,S1,3,99666,99921
-50.54788935280606,67.6453307883657,71.07124107814997,49.96030614763072,53.387845505443124,-104.17960031916164,157.56744582460476,493.58098001362646,-102.3358265172759,102.3358265172759,107.3371493279004,32.382745974762585,-41.08054118325393,-157.5079909056792,116.42744972242528,536.3527210622469,S1,1,99940,100195
24.659860838434497,26.59346378356122,33.159742213052766,22.168891877249035,67.6845850427846,-9.351415902044627,77.03600094482923,462.9474179373543,175.5561525256912,189.9375904664289,357.5095696149584,311.4372002132196,880.5589960450941,-40.15757339978197,920.7165694448761,2013.837200684328,S1,3,100448,100703
40.75580825432223,40.75580825432223,42.64388880404713,12.548519668425257,67.6845850427846,16.273409095569352,51.411175947215256,406.56474766688484,47.95987183128522,55.33810844893378,161.84128811873202,154.5718384242651,825.684496426484,-20.381906108032915,846.0664025345169,1126.2956690375336,S1,3,100576,100831
37.68548893158107,37.68548893158107,39.28971997595866,11.1124263676717,65.31251995741195,16.273409095569352,49.0391108618426,395.537409294134,-13.715142365346729,15.215898328822385,21.023189631168126,15.933278763842875,11.667047852649581,-53.037332541488325,64.7043803941379,413.8447776281381,S1,3,100704,100959
-93.15139331266887,101.25463099810499,113.88611800566281,65.51996488329509,28.4436358860748,-179.85483869442768,208.2984745805025,524.5248227389415,19.85998948745374,33.05206084536966,37.9549297030352,32.34435818377868,90.78730884387622,-49.333645160596625,140.12095400447285,446.1327548093228,S1,1,100978,101233
5.201638369858411,66.85853635733976,77.11859310847775,76.94296823817086,75.775811967367,-151.34876249408498,227.12457446145197,555.4422905658492,-50.29026626929276,55.73241512693837,61.315121049962634,35.07753109805771,27.781209070597747,-87.74921478358988,115.53042385418763,493.7170774437632,S1,2,101242,101497
50.76077950455815,50.76077950455815,53.28487872794658,16.205602893493417,84.5460621373437,22.73672713474673,61.80933500259697,334.348325185932,7.906886657388959,145.94394710863452,216.19856642069774,216.05393138231028,710.5467444243255,-116.17577753694383,826.7225219612694,1856.1250049051555,S1,3,101507,101762
47.640556704113926,47.640556704113926,51.95383247339893,20.726265114489564,84.5460621373437,12.27935891792089,72.26670321942281,346.67071264632403,-98.74753841708421,98.74753841708421,99.3285525756351,10.727768329768445,-72.95991859989081,-125.98277124448033,53.02285264458952,407.7825029902524,S1,3,101635,101890
-45.15703278205945,66.07063996666093,69.13822615983409,52.35395598088434,76.75663963358639,-103.40255603541685,180.15919566900322,477.43494816351654,65.45879531602941,90.05252996868506,92.33184849625152,65.1177115883913,130.37902634566342,-74.58336321318626,204.96238955884968,591.5896392050795,S1,1,102017,102272
0.9017504639284262,42.65293398511595,49.5858576447032,49.57765751285124,58.707511221739885,-90.78974775556124,149.49725897730113,437.8891166718197,-34.00523428671445,72.33169752938832,73.56631016280741,65.23531276905202,84.63597468212926,-99.58085312646242,184.2168278085917,550.1809964812662,S1,2,102281,102536
27.681355708048535,27.911627298640667,32.825361416222904,17.6421908580013,79.43932086754758,-4.9810496012096666,84.42037046875724,584.5598004768275,88.57045058282277,144.1994061421475,266.87680697413475,251.7508796097152,808.05419929615,-65.44443128346386,873.4986305796139,1896.9162065846895,S1,3,102545,102800
27.764117896012092,27.994389486604224,32.3171825181902,16.53946925902882,59.73365672303516,-4.9810496012096666,64.71470632424483,446.17757794620917,-38.737749800108915,43.278058758038156,45.69376723378263,24.234419828815145,86.88015151027955,-74.00466704084008,160.88481855111962,438.2613602669403,S1,3,102673,102928
-118.17965316858383,127.80421705660194,144.88478331931705,83.8162872861754,42.917312523137845,-194.31473229232625,237.2320448154641,555.7535774659829,-19.881660093130705,20.003590041132107,22.73613570116447,11.029572002710704,4.12043367570621,-43.51382015851236,47.63425383421857,420.00085762073564,S1,1,103054,103309
3.96631948828432,63.29247804306799,73.61182970802405,73.5048963177283,73.2416019787862,-139.34314137166723,212.58474335045344,519.4551728474837,4.223980340141566,7.966301854715946,9.751812993311015,8.789530518896164,23.679154343984667,-15.191902152860592,38.871056496845256,367.44380414475347,S1,2,103318,103573
32.612552805288466,32.612552805288466,34.497843281552505,11.248226109072874,53.80891041104253,8.360533046845864,45.448377364196666,349.16808674222256,90.83222168134952,102.94270630787555,231.4491177789381,212.88072159093915,797.5748666468481,-27.71849757296539,825.2933642198135,1844.417822164811,S1,3,103582,103837
29.35452186018387,29.35452186018387,31.41442302455005,11.188298365943206,51.66236210450501,6.544094805099433,45.118267299405574,375.9498659854539,-11.985758327566163,13.857076291521306,15.45563172048127,9.757978745228193,21.223815876629917,-27.71849757296539,48.942313449595304,394.77137686878484,S1,3,103710,103965
-8.63634161830038,34.35700180119473,40.02485261635805,39.081996243963744,66.80464761292642,-75.68090793124591,142.4855555441723,513.8493820309161,-66.67840445915326,67.96102796187719,80.98542733356781,45.963353001953266,10.78046208179028,-116.08425953289978,126.86472161469005,422.9371420887104,S1,1,104092,104347
-3.081432524737089,20.78305034336229,25.327790027012814,25.139644413713217,42.92664455272418,-46.964874365415376,89.89151891813955,427.45291738169,-47.894030555556164,48.20431076289546,59.09338032180715,34.61487303170702,10.509536029072239,-124.33387941140035,134.8434154404726,494.3325529925886,S1,2,104357,104612
27.35717981891347,27.464523331997164,31.23064367821631,15.064455413699692,65.9427418979581,-2.5489052185465066,68.49164711650461,534.7134573398656,11.540283676318541,91.82594144423317,151.58457859823167,151.14465363178934,536.9659154710547,-72.59700626869417,609.5629217397488,1400.646268941865,S1,3,104621,104876
31.403176010612633,31.43242776417678,33.458846441892085,11.547075026542323,65.9427418979581,-1.549282637336028,67.49202453529414,475.98587351828036,-39.620383737348476,40.0128544567667,44.73021640006808,20.760959797229326,20.883992190714913,-72.59700626869417,93.48099845940908,355.36596845370286,S1,3,104749,105004
39.61626216866385,39.61626216866385,41.81183500447769,13.3709131410446,71.87265349346316,12.676846834868353,59.195806658594805,500.42348802105437,-26.58326554852473,26.608601874793763,29.593040471460856,13.003001081371128,1.5726109133333317,-54.67556214848882,56.24817306182216,305.1272973830219,S1,3,104877,105132
-132.25874325728438,157.27468979866222,168.13890762147867,103.81867408201605,67.99294118482277,-219.30409115308814,287.2970323379109,745.4728160129191,89.47583166632664,91.33883587663156,102.58829545367043,50.184000555044996,162.0984969430134,-21.740286308580217,183.8387832515936,489.4184713974391,S1,1,105151,105406
65.13567676204116,65.13567676204116,67.68299580173361,18.393790622065413,108.15755477927631,28.670816833311395,79.48673794596492,457.2295951632236,39.871675021540575,88.61484266663666,173.23450624262253,168.5836400250685,617.5476728959835,-65.18847292894444,682.7361458249279,1565.9631351323794,S1,3,105659,105914
73.06188531365001,73.06188531365001,75.11347722514122,17.435463150339945,109.99987331535978,33.77275954856859,76.22711376679119,502.47420116600097,-34.66655621400458,34.66655621400458,36.4601695093072,11.294859047755953,-14.560584740027325,-65.18847292894444,50.62788818891711,333.4169105354998,S1,3,105787,106042
44.93276473933142,44.940300041043514,53.33155521466136,28.72806005448972,109.99987331535978,-0.9645186191474161,110.96439193450719,416.3584316199598,-30.67791091166533,30.67791091166533,31.40327306646949,6.710539574667124,-15.810030320744103,-45.71333847726915,29.903308156525043,325.9750189784898,S1,3,105915,106170
-70.8960329199313,71.01081821079308,76.18896764371121,27.901815475529336,4.52355686526163,-105.09035195823772,109.61390882349934,462.38544717708453,-71.9947528162779,71.9947528162779,76.68836929701105,26.41706933703651,-19.594673329298743,-109.64565847009096,90.05098514079222,404.0310424101556,S1,1,106190,106445
-36.469135275569045,37.090665118895224,52.099612668590744,37.20714733044481,6.872783130302437,-122.83622751393115,129.7090106442336,445.55777661356285,-12.0763387196471,24.28501019395362,32.29596637474447,29.95315487902698,35.44739793074716,-80.34359845579168,115.79099638653884,464.9100927030032,S1,2,106454,106709
-6.679855529000907,10.475353747430681,12.532159276777655,10.603515749514417,17.660924175516357,-28.151112407135823,45.81203658265218,366.60679753045554,87.80982396979003,88.52655846541552,195.4491609568696,174.61331373391553,685.634851736062,-5.859035174983922,691.4938869110459,1556.843735450639,S1,3,106718,106973
-19.297510921655842,21.525324209509453,25.95916316916771,17.36330108798574,17.660924175516357,-51.13698939545422,68.79791357097058,399.2507893612587,3.5812106957111287,5.599690220799585,7.200384969384081,6.246636988032552,18.882290500368242,-10.819855860138178,29.70214636050642,348.2482559266483,S1,3,106846,107101
185.56387300134136,198.93673317675945,218.75013514212736,115.83466951410115,277.12119241600186,-45.01993280067184,322.1411252166737,704.0023307021859,-102.2576109187727,104.55272532556462,117.6646602819215,58.20956354796772,15.619027774301939,-168.14097474074603,183.76000251504797,453.8223883741569,S1,1,107227,107482
-3.0421934575059417,94.59162840176018,114.45636448709247,114.41592734654239,238.45923155527836,-86.52896246309346,324.9881940183718,755.2673524019892,-33.78076775043884,36.897258037084626,68.57725878595664,59.6799811728102,24.07131519465291,-162.8608167351712,186.9321319298241,484.8678316766207,S1,2,107491,107746
-53.72106638085185,53.72106638085185,55.480925670639714,13.862905185247314,-24.74750151188588,-87.41821087732717,62.67070936544129,467.39232030959613,105.53507768724796,106.91877078532526,236.6121715335753,211.77267787743673,773.3774251069349,-12.939887385735847,786.3173124926707,1770.016252459098,S1,3,107755,108010
-54.24523908641852,54.24523908641852,55.97741487910066,13.81756176046454,-20.39118044092786,-87.41821087732717,67.02703043639931,491.0735352661358,2.9136177942469113,10.05851029365933,12.212248026708282,11.85958823968556,29.952925070700015,-27.680485545225295,57.633410615925314,370.51911438270207,S1,3,107883,108138
-16.86736539849898,17.849811033149347,21.677385427048353,13.616204444202788,10.957548026251992,-56.784729663004086,67.74227768925607,414.6758492624558,20.902585817628363,32.05466142702558,33.65503354493301,26.376944270465593,68.54755125632701,-28.927108774380162,97.47466003070717,347.76543769500165,S1,1,108265,108520
-26.404211122829594,26.85264096673077,29.854865412777816,13.933076609138377,6.28196448149279,-59.29374092777502,65.57570540926781,473.09158708833775,-9.794420741265316,29.361231670435657,32.74763069672489,31.248626187276614,52.75261616794321,-58.89523559763813,111.64785176558134,373.9260545697282,S1,2,108529,108784
-30.165694286727533,30.745114015192758,34.097315456883564,15.895213416809629,17.55746087696442,-66.2288847126952,83.78634558965962,449.72865307642576,55.14982889302854,102.81448035472634,195.71836757658215,187.78758153805538,654.3796674247246,-53.968416428176624,708.3480838529013,1585.072680356731,S1,3,108793,109048
-46.99829435547522,46.99829435547522,50.158522681311325,17.522491981671116,-1.7767848636901231,-81.18590518085345,79.40912031716333,390.72665818517055,-36.117311403556414,36.117311403556414,37.54639025578813,10.260177299563388,-12.773875982504487,-59.135126298202266,46.36125031569778,354.6809885009459,S1,3,108921,109176
154.82900442142594,189.40325578212202,205.99665845577093,135.87716027652922,273.3133803500542,-73.83947047208976,347.152850822144,673.0235944969411,-85.28223645543957,85.28223645543957,91.28236304578468,32.54857828509459,-23.791589535574765,-126.22931464384105,102.43772510826628,367.3757605524655,S1,1,109303,109558
42.033938303458186,62.444971575843134,109.86764281341922,101.50885167352719,264.8249184118313,-39.11330582279487,303.93822423462615,709.3278450916532,-35.53542054861723,35.53542054861723,50.70509826336109,36.16961260962048,-5.886881387741352,-120.4147572680252,114.52787588028384,359.89042292356385,S1,2,109566,109821
35.27755652950437,35.656928741113845,45.91278489088228,29.384993138404013,96.71252277563703,-7.387121504178919,104.09964427981595,540.3122582226888,94.7240012114788,103.72615272617753,225.5550230628783,204.70083542424373,722.9819425265185,-25.252990404825095,748.2349329313437,1672.05334659529,S1,3,109830,110085
62.0697780468307,62.0697780468307,65.68614231138612,21.494463123531204,96.71252277563703,9.0325038028288,87.68001897280823,444.01242184279147,-0.19984142504546565,7.754475912793376,9.594518150249055,9.592436705044989,27.70238436518559,-15.425135822451317,43.127520187636904,314.05267237319373,S1,3,109958,110213
58.61059603616518,58.61059603616518,61.496424685364616,18.617418762228578,96.51795685575718,8.011632416891267,88.5063244388659,368.6943295432769,-5.991561270639268,7.177414057019904,8.846589144228199,6.508712086653686,13.921411042067582,-27.967450198411132,41.88886124047872,315.4484636642935,S1,3,110086,110341
-72.69239431142816,73.01401932914305,129.8022583819062,107.5380959953959,8.279390797766238,-291.8181631130115,300.0975539107777,571.6306093764554,-0.5409793677516581,8.446023062862134,10.72077292779006,10.707115087310084,38.18128500898216,-17.71822156572183,55.89950657470399,324.79233883622,S1,2,110604,110859
-32.732616088767244,32.7907685334425,35.25360464345831,13.091695243269339,2.394490491362748,-58.278027737651485,60.67251822901423,607.6592664984009,77.51668561614864,99.3153033139426,209.1035598411388,194.20469147094227,687.7136384957399,-33.546226552131216,721.2598650478711,1621.186980635336,S1,3,110868,111123
-38.89500972195822,38.89500972195822,40.0858991906098,9.698326280782016,-13.37610774564583,-58.278027737651485,44.90191999200565,461.52510415341044,-25.967881668173163,25.967881668173163,28.029797711716196,10.551714620263695,-0.15202447835966149,-43.76185217023673,43.609827691877065,356.3156394228162,S1,3,110996,111251
-36.126397299492396,36.22058859554184,39.09576341386149,14.945304783505051,4.225141271244344,-68.57283826839009,72.79797953963443,453.50523653566944,-36.29684264539911,36.29684264539911,36.99478099481717,7.1521349840185415,-19.42247709746023,-56.11001661448191,36.687539517021676,326.0367496111064,S1,3,111124,111379
231.17545034559282,243.92533148528955,266.20804238210656,132.00239765407966,326.8247898274172,-79.54019322768973,406.3649830551069,853.4301350515893,-42.766302691637264,42.766302691637264,44.43234540121591,12.053077280935844,-13.635620588476009,-67.74655560815955,54.110935019683545,360.02088644279604,S1,1,111398,111653
-2.4049180634206238,21.055109632267353,24.12298684547836,24.002809490877418,39.38652778795627,-53.89775739649778,93.28428518445405,396.8986190059211,52.2423789377541,92.86664332375044,184.1933322842077,176.62932231338223,640.6960475706267,-48.18505362196032,688.881101192587,1561.5091880648042,S1,3,111906,112161
17.62133992161575,18.051257553129872,20.21557861431286,9.907471830812066,39.38652778795627,-6.581443625583724,45.96797141353999,384.124918509371,-32.982799973994574,32.982799973994574,34.395620367241335,9.756721084608829,-9.809298751178826,-54.882072674658346,45.07277392347952,348.40133192765086,S1,3,112034,112289
15.37932550486828,15.58398772391526,17.78470703568662,8.931525701721354,35.482890379376244,-4.985880936981226,40.46877131635747,408.0742787899594,-35.564128116051364,35.564128116051364,36.53022923447889,8.345683870639988,-17.481385003502883,-54.882072674658346,37.40068767115547,338.8335861162036,S1,3,112162,112417
-189.6783668177829,201.16268064984234,226.54223468208448,123.868887361158,37.69178791228747,-291.4987461518649,329.19053406415236,721.3036799710015,9.995917982014081,22.088982049356343,24.094340485991,21.923021396507206,38.47071937850361,-31.88077103634943,70.35149041485303,307.78398095316265,S1,1,112436,112691
51.427685352768464,51.427685352768464,53.883799911724324,16.082819161558287,83.22475841548857,21.319891161523117,61.90486725396545,481.28048628093245,81.23307463527844,95.85816196983036,201.51025390956798,184.41141509135988,655.3473777942473,-28.839917881970077,684.1872956762174,1510.5071312695868,S1,3,112944,113199
76.70545884416694,76.70545884416694,79.04807079937142,19.101572726041375,119.43258246812128,40.23005582368376,79.20252664443751,551.7194878830783,-1.3311351272347318,8.603789915839117,10.779010783077705,10.696501892429469,20.337517160781,-28.839917881970077,49.17743504275108,314.8588562730102,S1,3,113072,113327
86.84204137328678,86.84204137328678,88.26569404919664,15.78900237845105,119.43258246812128,55.983129456823704,63.44945301129758,583.7497574571319,8.032908166129058,8.74794145218644,10.60791760194048,6.92822504282993,27.69821096256226,-6.357207274379305,34.05541823694156,354.18074076708535,S1,3,113200,113455
-29.63842392348344,59.92357402564767,61.49802359797983,53.884791303201396,71.0411267984231,-96.11122773261872,167.1523545310418,459.31506518457394,-104.47110273400796,104.47110273400796,116.10264900468088,50.65188840946092,-5.386249700072363,-151.64562077342387,146.2593710733515,461.28455415130696,S1,1,113474,113729
8.955079741712495,22.37911956193057,26.18204690169775,24.602969877278458,44.703573994554624,-52.00601778446123,96.70959177901585,516.0045176324227,-29.93994472403996,30.055652792132314,47.95008360703491,37.45410829058769,4.087851924021069,-152.5947739830733,156.68262590709438,424.473728741192,S1,2,113738,113993
2.572737774637412,23.125822701336016,27.358540646659808,27.237304687833756,62.99010146258133,-38.492263658756094,101.48236512133742,463.0678422409225,94.07090758209705,94.93473138795994,194.23309715626667,169.9328113625979,648.8420226014587,-7.935748211424592,656.7777708128832,1460.522615230381,S1,3,114002,114257
-29.370232300876815,30.331305513884026,33.08634010974866,15.234676118989048,11.08454338890284,-51.204056639326666,62.28860002822951,349.144867987933,12.869921613529199,13.598011519776698,16.080780081927387,9.641400609088217,30.654909592273775,-6.53047333122557,37.18538292349935,305.9677003425805,S1,3,114130,114385
96.59907593071952,114.3578879672772,124.35473421862439,78.31167506774322,159.7548547844169,-67.83720537272224,227.59206015713914,557.9386109363847,-55.524077077933754,63.57126218355461,70.59070825113693,43.5904227559312,28.943607798339276,-110.9951877323252,139.9387955306645,438.8221350282543,S1,1,114512,114767
-33.181803017234905,81.74602419438452,86.96499344772646,80.38580741579028,158.7493991921526,-98.26193549092578,257.01133468307836,574.5501135515617,-6.044272427363552,25.902303602758305,37.5011783892316,37.01087882508039,75.07324516640986,-85.84371289443227,160.91695806084215,464.97976283916256,S1,2,114776,115031
-41.087498345314586,41.087498345314586,43.78025227117378,15.117141550286135,-10.865161236513906,-67.0109749712363,56.14581373472239,379.5629839774231,80.4105988079186,94.78303626129906,200.52109718205466,183.69225899434892,680.9154592343523,-29.87579127069417,710.7912505050465,1600.0037297764516,S1,3,115040,115295
-25.191489565439916,25.191489565439916,27.014124202342924,9.754576356456568,-1.49193358556919,-50.31446038930699,48.822526803737794,393.1786042159147,-2.179420927049062,9.315454793987904,11.66438726022961,11.458972666838308,22.226922495574932,-25.921123649642837,48.14804614521777,374.54804162952036,S1,3,115168,115423
16.312034761647627,36.509195983536465,37.618126852987295,33.89750713344926,50.533454070720175,-56.021603150154576,106.55505722087474,387.73422201640903,-80.65817166180501,80.65817166180501,88.235965653898,35.77492109076781,-5.513712113569674,-112.09685619537518,106.58314408180551,349.90422476013885,S1,1,115550,115805
8.586912801038476,21.911409844904426,25.980221071698903,24.520130821056178,47.6305338422482,-59.672837148768586,107.30337099101678,686.2519363395868,-19.715697003803175,24.597434164901742,41.96692117051686,37.047452870428266,24.723378078056587,-116.53832055073077,141.26169862878737,457.8215751455168,S1,2,115814,116069
12.234784668129885,16.6128131046794,19.96670886331451,15.779084477778044,40.945660755406436,-31.934863879619623,72.88052463502606,452.08744872755176,86.31563056343452,88.81289165180914,196.413439284155,176.43086762771173,669.7598371260783,-12.922029910372274,682.6818670364506,1579.9330492960291,S1,3,116078,116333
0.4253593930696511,10.950268681957319,13.401291393197274,13.394539200439512,23.76581287400745,-31.934863879619623,55.70067675362708,513.8638533679817,7.7032929653246445,9.659883635529678,12.125245146402296,9.363805174753065,27.964196583696754,-12.922029910372274,40.88622649406903,368.75965527406737,S1,3,116206,116461
-20.11232049070983,20.838570166701803,24.73820342245538,14.403932555026653,7.665116751381776,-45.56188679895523,53.227003550337,353.0437144923518,13.707969879019693,16.812286080887926,23.390538643807798,18.952806120555206,66.61548412717444,-13.65202092232487,80.2675050494993,353.43512038591,S1,1,116588,116843
-0.15640477375075434,22.789734561024723,26.444099773933093,26.443637238482836,38.65036710432867,-54.772136537000065,93.42250364132875,343.63078546637325,-59.66117965018026,59.69955271217516,65.80239752703994,27.757866687760934,2.2933253709867163,-91.45340240011188,93.7467277710986,414.8888827266224,S1,2,116852,117107
39.488300011615706,39.49120998001922,43.88227494452058,19.139702623058945,64.95135762307947,-0.3724759556497224,65.3238335787292,450.8297665683166,4.578989952695821,107.39073493889431,164.8440931533603,164.78048397357873,566.5980204149323,-95.3635243497871,661.9615447647194,1537.8685765154746,S1,3,117117,117372
11.671403078643712,21.81074224627438,26.10297409430887,23.3483105757994,60.944248110592035,-30.04501557846066,90.98926368905269,467.65526261870275,-58.36572208912179,58.36572208912179,58.9673490375076,8.401829415469557,-37.61986753554703,-79.53056889584262,41.91070136029559,411.08971331410544,S1,3,117245,117500
-8.390425991316416,16.61196784649879,19.355657129023328,17.442540370615557,36.43507656872343,-37.99364949480271,74.42872606352614,442.0966695352377,-54.25565525516649,54.25565525516649,54.77360721778475,7.514780135219307,-37.61986753554703,-69.83403883421029,32.21417129866326,397.6386754604716,S1,3,117373,117628
13.28502921348776,57.349058663551546,63.344742230300014,61.93596989649819,74.81119583960371,-121.0069002422273,195.81809608183102,498.91921462847176,8.38772607198187,52.628440372236184,68.26156222139947,67.74427598142435,154.72010982964494,-43.7596676701521,198.47977749979702,435.9720080688521,S1,2,117891,118146
62.53502363381806,62.53502363381806,65.42067973159753,19.215518615485564,87.32703063607053,10.418670265173452,76.90836037089709,353.6133082291897,41.91266014957784,79.36674520237618,156.70786364123515,150.9989518049246,556.4204751341364,-35.80100874239243,592.2214838765289,1365.2698663076576,S1,3,118155,118410
46.745590882480116,46.745590882480116,50.148928781345795,18.159427054956478,87.32703063607053,10.418670265173452,76.90836037089709,358.95372904730147,-28.708854617062713,28.708854617062713,29.03780924882877,4.358443821792638,-16.082061091848495,-36.74657826201467,20.664517170166178,290.8470009157308,S1,3,118283,118538
52.51494927535229,52.51494927535229,55.110831468497665,16.714779321197394,84.31213638153312,21.360310517454533,62.951825864078586,338.5902657127747,-24.601969572767942,24.601969572767942,25.624819508018195,7.167598479205583,-9.649576146867652,-38.65837425037224,29.00879810350459,255.81004720833536,S1,3,118411,118666
-140.2085197796397,174.61028982815452,182.907715524837,117.45979473725079,93.66184253629474,-222.35899392627098,316.02083646256574,683.6398757814593,-20.05941142125036,20.537403827675206,23.65642489626941,12.539794747357142,7.597043774352073,-40.48092119875069,48.077964973102766,305.8894471721776,S1,1,118685,118940
44.4890434464529,45.17388208308367,48.37417961443126,18.99437460378424,78.76403982474221,-17.69036039247547,96.45440021721768,563.7761310999012,39.69984187651388,95.63011805486738,176.88370357500412,172.3710159666924,620.3014355872679,-58.157082354974214,678.4585179422421,1571.476170979746,S1,3,119192,119447
52.601327770262685,52.601327770262685,54.49224483550433,14.230427401098677,78.76403982474221,9.245261671876374,69.51877815286583,547.4117465717304,-37.72736881234314,37.72736881234314,39.852006274817796,12.838537557897912,-7.89194814394978,-58.157082354974214,50.26513421102443,343.87108581104815,S1,3,119320,119575
57.54200522774336,57.54200522774336,59.50330632595949,15.15127381084925,80.41624245702184,9.245261671876374,71.17098078514546,511.60231785401265,-25.970842113401822,26.141872700614343,30.727697697874834,16.422751466570297,6.719537694937863,-58.12849868911265,64.84803638405052,345.482415932313,S1,3,119448,119703
-71.1609950928677,86.40569404904159,89.44917837603985,54.196570828249406,70.16036558226658,-124.87685553924088,195.03722112150746,595.7223526478364,-21.908196210731354,21.908196210731354,23.72040377209919,9.093321390092486,-0.6199506964260879,-47.0698403578575,46.44988966143141,413.072191039987,S1,1,119723,119978
24.395778167249652,45.92485043548162,48.97065147542763,42.4614026327693,58.74994671998402,-92.17500194242936,150.92494866241339,507.19425237625325,-6.470596268934754,8.242776902073771,10.197926709916862,7.882201031773003,9.964087733467252,-26.991192238982578,36.95527997244983,306.6111370013882,S1,2,119987,120242
25.284272508402346,25.284272508402346,27.494154733622,10.79972722975903,55.81658706671337,6.245622937417925,49.57096412929544,443.0758935379007,60.6370626036982,110.35088693379838,211.2700629529682,202.38128900406363,697.9904650506237,-57.68510231747806,755.6755673681017,1707.376985949002,S1,3,120250,120505
29.099275866604046,29.244605668546562,33.58477809325708,16.76810852817323,78.39359179698863,-4.502802536537065,82.89639433352569,605.2712505790248,-34.01451226799245,34.01451226799245,35.1428178352223,8.833493112591977,-11.831166697561704,-57.68510231747806,45.853935619916356,398.50161249998445,S1,3,120378,120633
-108.50730321936553,140.76077885449763,147.20953233691196,99.4827199010612,88.81370107138864,-189.69429306224504,278.5079941336337,696.0960614766418,16.736133242174077,34.8589744409362,36.63740589512205,32.59143069618331,70.57679517630254,-58.044527110563074,128.62132228686562,390.90539823747724,S1,1,120761,121016
9.692863104640153,71.36354973509022,88.3786204129385,87.84548338377436,92.17474117756164,-200.6030828571237,292.77782403468535,729.1065342356583,-19.75473796631339,29.08877933473677,31.828688637154105,24.95627673037786,38.68787591380607,-58.621181096175405,97.30905700998147,371.31488381506324,S1,2,121025,121280
48.3857840680929,48.3857840680929,50.96731696197688,16.015095954083556,90.21318453002029,13.097836208434224,77.11534832158605,402.80631638256204,75.71438103939327,93.1713116743975,204.00202965718813,189.4311500468543,704.430882521175,-25.417037164962537,729.8479196861375,1632.7154346162426,S1,3,121289,121544
39.85499195428491,39.85499195428491,44.012849027690415,18.673791684019452,70.98145379993136,3.5629375759214525,67.4185162240099,341.8118941936316,-13.317829432189868,14.120681333625255,16.75204993397827,10.162017329526588,12.790317731026736,-40.76329173354774,53.55360946457448,353.4151729262211,S1,3,121417,121672
-72.15976354445624,96.73529074602556,100.27000025263828,69.62069718030871,70.1311856671521,-135.22974128964614,205.36092695679824,534.5234482028284,-82.56142434742249,82.56142434742249,88.48134036050435,31.820729119808824,-20.185293828985614,-124.16718285341793,103.98188902443232,393.176676950692,S1,1,121799,122054
9.900202761750862,40.76271339915715,47.59095631604603,46.54981319352444,52.57133982511218,-107.46760049455507,160.03894031966726,430.5869332450669,-23.030590867125593,28.949268488747894,38.32774847353842,30.636713063935197,46.03639339556105,-92.09802823820937,138.13442163377042,404.91359254873396,S1,2,122063,122318
52.365347140330776,52.365347140330776,52.87307820596471,7.309775499063679,69.19513418024692,34.82917409157009,34.365960088676836,382.316309751623,77.86939589776844,83.13123481375368,199.4036408360391,183.57061083186676,711.7841184722964,-27.002989409598694,738.7871078818952,1654.0043503301872,S1,3,122327,122582
63.06999623060162,63.06999623060162,64.48495216128612,13.434456844817221,88.91656508695309,38.95760989037107,49.95895519658202,371.51053737141075,-2.905212123641604,9.533120525604728,12.328414244198045,11.981216144164627,18.60242159839512,-27.71695990133524,46.31938149973036,324.0793734419847,S1,3,122455,122710
-124.43598452834709,173.2810956886762,181.55342259750321,132.20185706459858,127.4701274676376,-234.04518460971252,361.51531207735013,672.0487997862749,-21.407540986040992,21.407540986040992,22.53019043513156,7.023294809010129,-7.622158782507414,-46.054789004610576,38.432630222103164,337.03621428725944,S1,1,122836,123091
-1.9773915369773718,67.3210687865974,90.89515144760041,90.8736401790514,62.19606535548507,-219.18273945086938,281.3788048063544,578.4370067809278,-9.109408005573515,18.37849111363914,20.31677135540346,18.160117953794675,29.92817165150108,-37.09339374426377,67.02156539576485,372.0926603049345,S1,2,123100,123355
-0.6928120478160045,10.518696453542933,12.036228833253283,12.016272965975709,19.5160239905515,-25.10983200995786,44.62585600050936,384.717434781643,86.77936237354734,96.1296706619134,220.56089836237268,202.77192150901328,739.0816491650462,-21.12170010858468,760.2033492736309,1670.6715961895734,S1,3,123364,123619
-8.579164325490886,10.905813158351283,12.481428524683931,9.06553900730774,13.834135505005671,-25.10983200995786,38.94396751496353,360.33883425841503,-9.579838426782366,9.579838426782366,10.696373615800544,4.758056771996101,-0.43089246717509305,-21.37549507255959,20.9446026053845,286.60238354695525,S1,3,123492,123747
127.77988409416477,152.5694349569925,163.3357942217493,101.73928884620456,206.20246924536926,-73.89010595753216,280.0925752029014,622.1491678554414,-52.94857260662345,54.25888617655778,61.05407618707433,30.398172280224376,13.93485957181534,-86.33166644724263,100.26652601905796,413.93037547825577,S1,1,123874,124129
-16.608875894182553,95.14053312822011,106.26338083747316,104.95737872365858,199.975780436151,-102.51281459880919,302.4885950349602,633.7311035517764,-17.283494444800574,20.060211559668446,27.964583908075806,21.984057244475146,21.362901501613216,-70.42165324051624,91.78455474212944,376.7233403203985,S1,2,124138,124393
-96.2067659718259,96.2067659718259,96.68395745836598,9.594050815658804,-68.82623428033142,-121.19863823526772,52.3724039549363,469.78738857546944,77.3058954569202,103.51053385135504,219.62050310549773,205.56498707687473,732.0727731739046,-39.61034675751769,771.6831199314223,1772.993104289265,S1,3,124402,124657
-85.10892099724973,85.10892099724973,85.8865932045714,11.531628634821454,-57.26903736005569,-106.58997761118437,49.320940251128675,287.66386702722457,-31.3576586475785,31.3576586475785,34.12221283896412,13.454465919147925,-8.912748153303422,-59.04791897915228,50.13517082584886,390.70984013820714,S1,3,124530,124785
-75.41611907274475,75.41611907274475,76.57886202461837,13.294024710038865,-44.90128554688232,-98.70223235898426,53.80094681210194,342.56017545972213,-44.0477644573383,44.0477644573383,45.309521593043904,10.618248127697749,-16.089678464594478,-64.4631206731036,48.373442208509125,378.9056837527484,S1,3,124658,124913
31.45337529433041,82.33709722424365,122.42573079008234,118.31629111022592,268.13186627983185,-53.6885286217411,321.82039490157297,630.3022333242566,-34.848049854757264,34.848049854757264,38.00449693177743,15.164274079488035,-7.956888518221664,-60.005035160548736,52.04814664232707,352.332411752291,S1,2,125176,125431
13.149897501258689,26.875610748119392,32.45945571897571,29.67653047912669,67.49859724959988,-50.314065818524625,117.81266306812451,494.12646189357196,59.87392010106568,97.76841374200194,201.12163517561575,192.0026714070528,686.0787145217398,-52.22202806499409,738.3007425867339,1651.5543214502347,S1,3,125440,125695
28.032430167965664,28.032430167965664,31.79225896741528,14.99768612584374,67.49859724959988,3.4276193712307146,64.07097787836916,459.5913459094791,-12.973853454012783,15.132665426097688,22.10347720596263,17.89532986978195,10.153232091664563,-52.22202806499409,62.375260156658655,326.6406761922601,S1,3,125568,125823
19.57336925384829,19.57336925384829,20.66373013109514,6.623666581526842,35.336667377762986,6.553757030554091,28.782910347208894,275.2153105130478,-14.564891901584145,16.723703873669052,22.01464393015717,16.507830604497208,10.153232091664563,-49.41698246962268,59.570214561287244,324.4928639594153,S1,3,125696,125951
-137.29315428410575,142.91213194368117,158.07334427035147,78.34393375069823,26.517505490518,-198.54126007645263,225.05876556697064,563.7746510512086,64.82368722738899,88.49024490177013,91.33414016709075,64.3413920762321,150.24902047003593,-70.47899489937278,220.7280153694087,540.2321030625328,S1,1,125970,126225
3.1599371797110334,11.246832960896029,12.979866035567145,12.589349439965092,27.012918727281,-22.67309604325183,49.686014770532836,370.59404318838597,21.323983770113998,108.24239594898226,178.71686298717552,177.44014436465267,620.7893322353749,-94.61820290865856,715.4075351440334,1664.4761296205097,S1,3,126478,126733
7.766225403839558,9.008341626868532,11.843471444902434,8.941675393514153,32.53932388723541,-9.895298211654817,42.43462209889023,358.6566302106837,-39.27360972353557,39.27360972353557,41.61439047777586,13.760126239254308,-8.987999915571443,-64.73795497306084,55.749955057489395,377.14195299407595,S1,3,126606,126861
1.1491184595969661,7.098261864674116,9.580207967142526,9.511041554925235,32.53932388723541,-20.782525254825938,53.32184914206135,318.250329283372,-29.66690326541269,29.66690326541269,31.28034251936294,9.91638435970041,-8.987999915571443,-52.786300453560074,43.79830053798863,309.84646963308927,S1,3,126734,126989
100.76447170420303,101.47230110738876,111.78115826888484,48.38955038132042,147.20309272737657,-13.81223749868865,161.01533022606523,537.4087750967826,-1.6031906403175928,13.870949566577533,17.647253513766696,17.574280535770136,39.733748007931304,-33.071764995778864,72.80551300371016,427.0057227615478,S1,1,127008,127263
17.238703111429086,22.300358185561755,44.713786697358614,41.257118608221894,142.394835929316,-21.664053482133856,164.05888941144985,538.8923317262676,-36.16046005584594,36.25409631772372,39.97616039739199,17.04448675283543,2.592680236817679,-64.2331185468394,66.82579878365709,456.3362411023431,S1,2,127272,127527
5.553440308468454,9.44797943096297,11.967329754770885,10.600768000465926,32.777514160290494,-18.55040189621402,51.32791605650451,441.45580790115105,63.40838689035442,95.46079128157726,202.10335421134417,191.8987812765865,685.7647107232716,-41.229919586858884,726.9946303101304,1816.5382563853873,S1,3,127536,127791
13.667227587541198,16.639663670013007,20.103819930775927,14.743488931708674,58.78025423376645,-18.55040189621402,77.33065612998047,455.5904610421329,-25.800821115735133,25.800821115735133,27.36247829314418,9.111687445068698,-3.063320955861777,-40.38939108985601,37.326070133994236,440.6412039617031,S1,3,127664,127919
-155.25514037514873,197.21466214411407,209.12513810893674,140.10412119625437,111.3799885059525,-260.56441643004,371.9444049359925,771.7760829958644,28.804394736446376,50.68114006194872,52.55117252185372,43.95375498508193,93.22886917296977,-57.24273343950056,150.47160261247032,488.09036630716975,S1,1,128046,128301
19.81068627336567,105.23668706950072,123.06509272225397,121.4600912074219,92.87236838173042,-271.1883104494904,364.06067883122086,679.5977680649289,-45.96226076956451,57.69346575163292,60.37874753931552,39.15435785920836,44.112814596881094,-95.52006925317505,139.63288385005615,470.14715442407135,S1,2,128310,128565
37.71277551726408,37.71277551726408,41.321769955590895,16.888908639909847,77.55502592112207,2.046146986669398,75.50887893445267,375.63663017144677,50.16601906588024,112.89685277921589,205.95520183710434,199.75213564526445,686.9226426340167,-65.0598630624564,751.9825056964731,1666.487775494249,S1,3,128574,128829
16.972216232276118,19.79737824915945,23.854328408283525,16.762245075618765,51.29924569506869,-12.610936859691753,63.910182554760446,390.6791088685243,-33.13520834804538,33.13520834804538,35.24901520359956,12.022938099949497,-4.3138334431359775,-61.308293261906314,56.99445981877034,355.23933339852033,S1,3,128702,128957
17.728635854420173,33.839645448288486,36.74991530300293,32.19086431767958,62.64542147135304,-51.469620754263296,114.11504222561634,388.05481894502304,-3.061062997636432,13.65110794772047,17.490267663200726,17.220318122929843,32.043008442142344,-42.122282776606355,74.1652912187487,463.10742599575406,S1,1,129084,129339
14.355130693491585,17.42137771539851,25.17969495533962,20.686886203987576,67.5246088136838,-11.854478961269214,79.379087774953,385.03518561050913,1.120851987266386,10.953622737723697,13.07682921844761,13.028704971373253,27.553394267718687,-21.888841568560224,49.44223583627891,431.86586371335704,S1,2,129348,129603
-16.77644182409282,18.427555254449434,20.429013605333534,11.657426671857374,28.471243159522636,-40.55355327654059,69.02479643606323,482.1650461879408,92.5536333312832,101.94505649168565,220.75876606895667,200.42020295735338,741.9275631055677,-31.762909733323816,773.6904728388915,1786.8275073463965,S1,3,129612,129867
-19.73809043734333,19.908286781303534,22.40144497068794,10.593985211525252,6.187392994667322,-51.47036971100068,57.657762705668,470.0520628993864,-11.60530476984063,18.738657015563174,22.565476248952432,19.352457713198874,21.92695479726279,-47.93534853239055,69.86230332965334,386.6837346659405,S1,3,129740,129995
39.70337472988561,60.13714331191005,63.85172559734363,50.00684849914808,120.85640517060936,-55.93394467353712,176.79034984414648,536.1177554655775,-115.00114954391583,115.00114954391583,122.0054709075722,40.74396317193943,-34.71939029564956,-163.70676017156384,128.98736987591428,504.3383036457918,S1,1,130122,130377
31.81668563728692,36.58774279281786,58.356641103530265,48.920303310019435,151.0352579155125,-34.065385322484524,185.10064323799702,690.4235571823215,-28.957092963252247,32.02451542475728,46.922793638491406,36.92201687283641,35.343396306808664,-107.19413278226821,142.53752908907688,475.0973992327831,S1,2,130386,130641
22.862783663253534,22.86566827551905,25.09973943362295,10.35809069293343,47.809312209066526,-0.36923036998605957,48.17854257905259,430.1870264772752,94.14926349670213,98.99604863952626,201.24673548814272,177.86558050298274,652.6727140154898,-22.490153132579245,675.162867148069,1557.573569858398,S1,3,130650,130905
20.73672103139981,20.749741934219177,22.46952061669998,8.652615651362659,40.76705101858711,-0.849566291314787,41.6166173099019,401.45636683758994,1.6835607412973879,16.561293663944713,19.428112071418266,19.355029369390024,44.74329606023565,-28.19659160135465,72.9398876615903,345.13633165365127,S1,3,130778,131033
19.156083702922352,19.169104605741715,20.891387035198466,8.336336690722806,37.600459085011614,-0.849566291314787,38.4500253763264,441.010700734392,-14.512454850891082,15.223045996177369,17.627151998514357,10.005255707855577,9.054985764841021,-36.51441487307091,45.56940063791193,366.7442036124686,S1,3,130906,131161
-2.7940073097372036,113.85111251099747,137.43684442875923,137.40844126067404,98.9715158092127,-278.3801657620608,377.3516815712735,716.6649084368041,-40.3308384928701,81.30486905610913,82.69744433491063,72.19619634016512,104.00183159221288,-96.03944696828815,200.04127856050104,504.528298119163,S1,2,131424,131679
95.70239182916819,95.70239182916819,96.86039200862098,14.93277396333609,120.61916208577266,65.4732436136269,55.14591847214575,342.1302926206427,39.02828867492733,149.19632640893758,231.22046830587396,227.9028250081473,688.1542625471502,-115.08857374726657,803.2428362944167,1778.2078498790293,S1,3,131688,131943
110.02087801261055,110.02087801261055,110.2844977150914,7.620816072066552,126.37479779052923,91.53274583306032,34.84205195746891,319.33889744974033,-67.26198309730856,67.26198309730856,69.01263504699436,15.445692795954857,-11.888153718462313,-95.57272956783501,83.68457584937269,387.3676236374718,S1,3,131816,132071
113.38374862077086,113.38374862077086,113.60891489053652,7.149202144786164,126.37479779052923,97.73666675410952,28.638131036419708,411.59093132835534,-75.53139177337343,75.53139177337343,76.39067917566523,11.425616906609102,-48.86338143477811,-95.57272956783501,46.7093481330569,354.775050680609,S1,3,131944,132199
-163.4807753149945,207.3849214461458,216.96187690584642,142.64113057921247,122.81182631697922,-273.24306496306576,396.054891280045,680.141721204415,18.37762053544708,59.22077386240103,62.76234616940947,60.011458573708246,72.90539269029537,-100.6564752243455,173.56186791464086,481.1645312689893,S1,1,132218,132473
65.7900161301693,65.7900161301693,67.02652236801593,12.81516595063069,92.99735551650035,35.57885624283194,57.41849927366841,455.82905154863363,72.57717669754325,114.46159336053853,222.39535283484534,210.21951951507486,704.079675343161,-79.47414272300831,783.5538180661692,1757.6680484402827,S1,3,132725,132980
75.76887582507672,75.76887582507672,78.0674894987594,18.804530646708923,123.77765629667026,44.115363189157,79.66229310751325,663.8304621710378,-10.64712379158817,12.212158198002612,14.091689455133624,9.231168217865024,19.255260864617775,-28.81771988356338,48.07298074818115,400.605438683305,S1,3,132853,133108
87.57986459431854,87.57986459431854,89.0000334491686,15.835822416090737,124.71763916953442,48.60951057124009,76.10812859829434,712.5102097454387,-10.357841978711148,10.61466580263838,12.966619732662267,7.800534394226822,5.098444788407052,-28.81771988356338,33.916164671970435,377.9458136280277,S1,3,132981,133236
-130.7464467257169,162.09227132260622,170.94955409470924,110.13226917565622,89.45671798499633,-221.90167125131867,311.358389236315,784.6065614504291,-2.51752550975603,6.553897067635175,8.402234534440153,8.016209233762948,21.510929917125925,-24.129979507748516,45.64090942487444,343.7905173479973,S1,1,133255,133510
-1.7060797385265758,61.2269058077014,86.03434861981727,86.01743099141036,59.55811093488741,-217.74953902177077,277.30764995665817,687.6034557752791,-26.607496011860576,26.607496011860576,29.42449191883099,12.563513865960187,-0.17810809941526634,-51.989007112677264,51.810899013261995,345.50116838928204,S1,2,133519,133774
0.6407644477587748,10.856238866994879,13.895398686212896,13.880616901683279,35.52651667244907,-28.25938946861625,63.78590614106532,487.3977085632863,95.70347856923472,117.23404338523987,247.5426378497425,228.29411237120593,790.10991997299,-31.221424709391986,821.331344682382,1835.5905017835546,S1,3,133784,134039
-20.57728787636676,22.52306898912358,28.309658452931856,19.44253032336032,15.008020287658697,-58.45068650823929,73.458706795898,514.7343666402762,-20.365209334970004,20.59173724386932,23.092908027755296,10.887637481162553,7.440907246485809,-45.11968633269041,52.56059357917621,397.52857323212754,S1,3,133912,134167
122.81629561056914,147.9784405663898,162.56988577126396,106.51349816891333,232.81759752208276,-65.38005527019219,298.19765279227494,820.7369552502994,-60.16065130060036,60.16065130060036,65.57676430896441,26.096130983750115,-8.380356000767124,-99.95349071527139,91.57313471450426,436.4592847354713,S1,1,134294,134549
-14.70037060286382,53.36943369640011,67.80604758624303,66.19334704791947,202.2650234888232,-81.36274602326826,283.62776951209145,653.6103440119372,-38.810528374173884,38.810528374173884,40.76253532251551,12.463032264933316,-12.50174694737847,-79.24232547990485,66.74057853252638,327.414943444019,S1,2,134557,134812
9.058263377013606,14.751467480685031,18.534070585308655,16.169713573649272,45.79812812471113,-23.759831097464833,69.55795922217595,544.9816274036275,85.84807020365528,154.11825583862952,269.4675778609595,255.42686695130675,772.476974079604,-70.73717206112556,843.2141461407296,1933.4550041781063,S1,3,134821,135076
9.573389453538352,13.116149087756511,15.48580051646777,12.172108774025727,31.673647273351964,-23.759831097464833,55.4334783708168,515.7790858099678,-54.246611324185864,54.246611324185864,55.35237572168413,11.00866285600561,-11.576535153581938,-80.6538218095802,69.07728665599825,420.5166748325389,S1,3,134949,135204
-100.91281241358826,112.59929202379607,124.7004037197296,73.25841234045069,57.045201446098325,-163.2844087258489,220.32961017194722,685.3600081994025,37.18306079238039,56.62077583335308,58.82727080232977,45.585828720785415,111.14492393356434,-54.056185103986635,165.20110903755096,527.3502317676513,S1,1,135331,135586
-17.80561706396776,37.44111734295798,60.33362660899137,57.64639191453817,30.30414250492518,-149.95643427766237,180.26057678258755,449.51094601625095,-25.22885533021773,51.4100329196514,52.42042188717646,45.95003253052726,82.16928312123547,-64.13199390517347,146.30127702640894,483.0637133579237,S1,2,135595,135850
32.03313283140642,32.4140863305317,34.68743475618755,13.307762057169489,65.79638172221613,-11.45017844149557,77.24656016371169,425.54713669661885,76.73257374229466,139.07575460291042,249.3141936549651,237.21230845955012,746.8677611517504,-61.058306922485485,807.9260680742359,1806.3623166844468,S1,3,135859,136114
31.189542971911205,31.189542971911205,33.920262334003425,13.334039373382527,65.79638172221613,1.4660344729074,64.33034724930873,466.3559124640243,-30.105350606415897,36.35378286254422,38.87530767952566,24.595882013917716,125.91664215487711,-52.59790298654196,178.51454514141906,479.1302992633657,S1,3,135987,136242
13.483700911836921,17.30754712517777,22.060591935797323,17.460226982427635,49.08463738197516,-17.746723923316843,66.831361305292,419.36807072918987,-43.937892835794464,43.937892835794464,47.43717712821475,17.881480560732726,-6.600060100388547,-68.14922286966515,61.549162769276606,372.1097715538792,S1,1,136369,136624
-4.221900557024922,17.219492359847713,20.883484643873047,20.45227338359905,41.408875893756466,-37.60377547593892,79.01265136969539,436.3214847190518,-31.53873146988285,31.93445404086632,38.73660405472879,22.49072944489466,7.7809358398690955,-69.89436919833453,77.67530503820363,411.62919838097775,S1,2,136633,136888
2.290126475069668,12.076521176687233,14.335419333228108,14.151309769334965,30.916355941102523,-32.304539650435906,63.22089559153843,458.9036601221158,89.43123606584568,96.84528412093809,225.9753408228739,207.52568196671223,784.3423911679175,-17.720801302814724,802.0631924707322,1765.8640531653316,S1,3,136896,137151
18.661370228648117,19.140653867100898,21.389342487218805,10.452618486526202,37.94809703217075,-12.81751703328084,50.76561406545159,393.50246010660635,-8.821787254109788,9.155243730158132,10.879429156527541,6.366949694722559,5.595013513958537,-25.49262987044081,31.087643384399346,325.6933579565745,S1,3,137024,137279
25.505031214801363,25.79877383801505,28.032961643200345,11.633585914117365,58.101088400742825,-10.23324856445423,68.33433696519705,485.34583520431545,-8.070964075047574,9.293643438480917,11.099444668879745,7.61952825684205,18.87516414299456,-25.49262987044081,44.36779401343537,351.40141965183125,S1,3,137152,137407
-35.05475204106355,35.07799431167154,37.29369358972253,12.727291184838268,1.6818509144662288,-62.40280679295665,64.08465770742288,494.07199556722156,-29.173436862472947,30.707295576757204,40.09997619855443,27.512155000216477,22.18047812715526,-89.58082978910932,111.76130791626457,410.8073734446218,S1,2,137670,137925
-26.73233626076354,27.132236729119104,30.670869573452578,15.036104496617662,6.3015374529918065,-63.38948237135638,69.69101982434819,558.4497262511619,106.96736123130785,115.27507823387488,245.0175143875954,220.43494729258884,777.4032212891676,-31.23066741716941,808.6338887063371,1801.9796960026683,S1,3,137934,138189
-25.930136789363985,26.368091723854658,29.549889496487985,14.171237607898734,6.3015374529918065,-63.38948237135638,69.69101982434819,551.7630964808616,10.15497714424049,10.490545817382543,12.69586629799189,7.619807100999311,27.757708862121536,-4.602129135812665,32.3598379979342,366.03306218304516,S1,3,138062,138317
-24.751161378083054,25.105991015475922,27.666592879383057,12.362053712454872,7.735952987161856,-48.37659661689232,56.11254960405418,411.3307115090099,0.4049664753684459,12.807740295314975,14.201083532305294,14.195308226500059,23.480355023989663,-24.602623802462784,48.08297882645245,356.5418623339514,S1,3,138190,138445
29.540112182155685,30.040882134248484,40.964715539135035,28.38115028443894,100.19166524703834,-6.303436384162232,106.49510163120058,511.3084344232299,-29.42038704264119,30.038224484404164,44.85747377622876,33.86198133373534,10.88334723936272,-102.41620271292395,113.29954995228667,432.79835612410056,S1,2,138708,138963
36.205604855961155,36.205604855961155,38.33296520276968,12.592473873340094,61.853118980319316,6.3106983704385025,55.542420609880814,386.55463348383466,83.36483591243717,123.45558558520831,240.8868994990796,226.00177539915938,763.7157874848431,-51.04253720915088,814.7583246939939,1782.9437466459253,S1,3,138972,139227
25.23820767405234,28.047349409437654,33.11281265801895,21.435746675272725,58.25269935997365,-22.860103030195795,81.11280239016943,382.00885494835876,-39.85006349175483,40.443909709552635,42.56907817189602,14.969931733581928,11.986368587311658,-63.611956809259816,75.59832539657147,377.9779894222265,S1,3,139100,139355
12.456038778950898,15.471452384499845,18.321113050436992,13.43541146910522,41.451741683307375,-22.860103030195795,64.31184471350318,418.83906476460174,-42.293447225630246,42.293447225630246,43.3831244048633,9.662287767432453,-23.057167959514523,-63.611956809259816,40.55478884974529,334.8494269233207,S1,3,139228,139483
-85.29458442647548,91.89525319444166,98.71514562335666,49.69420331341836,35.127182092298746,-127.07499026551078,162.20217235780953,489.57939307081307,37.208343886772965,48.885777653123895,51.51274650971599,35.62446067209863,83.50797959271058,-42.73972098439142,126.247700577102,511.1321818365932,S1,1,139502,139757
3.734595918327704,11.574537052949612,15.36176443125912,14.900892582939717,48.91085787824927,-33.992356620016395,82.90321449826567,415.4566154175093,58.22509598350331,122.63181539678563,219.35051773230242,211.4816489134245,694.2940947554853,-70.13776547091544,764.4318602264007,1708.1252305010582,S1,3,140009,140264
21.47679469715351,22.562076667324384,27.34034052959241,16.918673405748812,53.96382394629808,-16.45486248012539,70.41868642642346,402.0658207000539,-55.69485331778898,55.69485331778898,57.27973340815238,13.381000456579363,-18.501851242725408,-77.36013215848955,58.85828091576414,366.25116768227997,S1,3,140137,140392
39.69818430025397,39.69818430025397,41.64473669547825,12.583253065037775,58.59377369689155,4.263603714762333,54.33016998212922,355.54993582442074,-68.06888580224721,68.06888580224721,68.32805834387185,5.9456154167742135,-56.9231650350341,-83.07515462364164,26.151989588607535,363.9841663050503,S1,3,140265,140520
-5.963119813883543,24.079907161723106,29.39694637242177,28.78578916945497,66.6533324020997,-40.82197100637385,107.47530340847354,466.9657014543089,-9.889955857080162,15.991080035432518,29.37745263890211,27.66267334687561,30.397351245384854,-84.24056434435809,114.63791558974295,478.4725061312674,S1,1,140539,140794
11.822744115089028,15.260451588972705,16.917600953606648,12.100741448960902,29.462100357192696,-23.154901936087384,52.61700229328008,364.7659124976409,-60.3442621270525,60.3442621270525,63.00015371731927,18.099430840427974,-2.3917900479714467,-91.19114674212395,88.79935669415251,396.4561318510002,S1,2,140803,141058
6.610864235610037,14.693310406086777,16.852631803711716,15.501860300293243,36.73031279459541,-24.891543247959408,61.621856042554825,365.41235115569623,68.24666451365513,120.3973358852383,225.25374046426853,214.6663466310093,705.8469667370832,-65.82563165700208,771.6725983940853,1768.284078568264,S1,3,141067,141322
28.525934433220034,29.236667743991436,33.58390228967578,17.724264659334153,67.13663642862413,-12.872115068319669,80.0087514969438,447.1960142802212,-37.68636844934983,37.68636844934983,40.35053740331712,14.41885924185211,-7.01518673461696,-65.82563165700208,58.810444922385116,385.34175579553806,S1,3,141195,141450
-58.81813595207309,61.2519251610336,68.97594154325358,36.02925748474124,20.979043912351138,-116.38684178927903,137.36588570163016,481.24204797390996,71.09391318922883,71.407397073804,80.6201884131434,38.016710631157146,151.97381345457782,-6.744176191517113,158.71798964609494,496.7193382850902,S1,1,141577,141832
-32.423268130172026,32.90755151065942,38.17144678437291,20.144255592381278,9.530536694312584,-78.27374415761467,87.80428085192726,438.75037234638364,-14.82346831343761,42.44376778742219,46.23403398614426,43.79327215215203,89.6824216199406,-61.37110073459257,151.05352235453316,525.3604946368754,S1,2,141841,142096
-47.83984798505237,47.83984798505237,48.93834351119053,10.310693981801851,-25.797287428668245,-88.45553667718771,62.65824924851947,525.0114483774863,51.39735272878023,120.91170140343402,219.7744185657421,213.6799176066468,724.949479153817,-65.86465821556543,790.8141373693825,1859.570945071812,S1,3,142105,142360
-40.46487782670202,40.52998153520892,44.54676514490509,18.62814932690335,3.4356426298558915,-88.45553667718771,91.8911793070436,511.21492849276945,-54.70163214489153,54.70163214489153,56.202187739400834,12.90028477902045,-18.867623530567048,-78.49735743630586,59.62973390573882,425.152142079673,S1,3,142233,142488
187.24563727656357,221.736361312345,238.20446067544026,147.24278049049116,299.2603336207936,-93.20004060731956,392.46037422811315,691.6698614635823,-57.14632708298559,57.14632708298559,58.56199077389799,12.798596185775232,-30.68660153326883,-76.38619765911905,45.69959612585022,385.30076349663653,S1,1,142614,142869
33.354275811591975,88.68600529146653,134.67131378280666,130.47549594108247,305.1737412699902,-63.438264807459234,368.61200607744945,765.8898288944704,-54.86230544676248,54.86230544676248,56.341869768676446,12.827070207051685,-29.610932238613493,-77.00177542531857,47.39084318670508,353.10198146452456,S1,2,142879,143134
-18.187080170296454,21.115823154184486,23.322151453461856,14.599755590331727,20.833780584297905,-43.386762921722735,64.22054350602065,435.34821621239325,115.64784559336093,135.01395768260116,263.5924966531083,236.86827584426132,780.5252292538717,-49.58036717335682,830.1055964272284,1740.9630170478413,S1,3,143143,143398
-13.35269554527899,18.839909932787467,21.550151975966514,16.914921574229663,20.255780958619795,-43.386762921722735,63.64254388034253,401.6732263100883,2.8373255436865312,16.22566800107555,19.073646649885145,18.86143102428388,70.89227411786061,-30.041779002597913,100.93405312045851,369.0353421212743,S1,3,143271,143526
-161.62723935906908,184.57385652728627,206.08384271466062,127.85611336657767,58.760828082013866,-271.723982009154,330.48481009116784,695.6763366978266,32.72815989587898,42.36779232839539,46.016090389818096,32.3473047500667,91.50949938607017,-33.65336314230111,125.16286252837128,435.031634038618,S1,1,143653,143908
4.7068452722751,96.31426887798509,120.63888418378319,120.5470281039359,88.07443183120402,-266.96260675267655,355.0370385838806,603.9926729344584,-39.61124146478915,56.13084408420418,57.24444548151865,41.32645748312732,56.35040125368744,-76.95658912194199,133.30699037562943,434.12935031413167,S1,2,143916,144171
48.514821024368246,48.514821024368246,49.3987001471073,9.302887573078317,63.09156221665317,22.879367652863067,40.212194563790106,370.5930941516091,35.88266861900483,146.8613682187583,234.4627695856081,231.70072165302517,731.4328650471451,-88.3304185980583,819.7632836452034,1892.9729138244634,S1,3,144180,144435
44.86613191864208,44.86613191864208,46.627753417599415,12.695573851995022,63.09156221665317,6.045320708561356,57.04624150809182,369.3551599982709,-66.18326191775219,66.18326191775219,67.19421156086749,11.611972666727585,-44.11555603489133,-88.3304185980583,44.214862563166974,384.4837623177492,S1,3,144308,144563
37.29711315060038,37.29711315060038,38.693029189673744,10.299313496746093,61.296424323459505,6.045320708561356,55.25110361489815,412.33535119749445,-58.477518408236804,58.477518408236804,58.92657931116451,7.260963443599396,-44.11555603489133,-79.39551994251676,35.27996390762543,343.5906986905667,S1,3,144436,144691
10.696240564327022,23.47586569033174,26.32896822135901,24.058366640139514,62.09627982079474,-43.82753928704803,105.92381910784277,534.4909280206297,-12.753752156676402,26.927464776360768,29.368613789697957,26.454815853725172,45.13250389444423,-48.571665598803015,93.70416949324724,446.4593323335646,S1,2,144954,145209
-12.390895269847976,23.662368151535386,26.26982033325367,23.163962846479595,35.96890307869056,-46.00529907117184,81.9742021498624,398.1109111173423,90.00237578209794,106.1516734961565,228.55636021028994,210.0894622444301,748.4628568913761,-41.67612279689485,790.138979688271,1735.7358606516084,S1,3,145218,145473
-41.17273414991247,41.17273414991247,42.90998905726031,12.086071467388848,-10.318267289038962,-65.52618175987404,55.20791447083507,325.0925443627504,4.368418332655282,8.386442283558285,10.954505633662087,10.045800861497089,42.9099406652842,-21.97671726546622,64.88665793075043,346.8450243542733,S1,3,145346,145601
-39.6194522135147,39.6194522135147,41.90172762485106,13.640153380671045,-13.196307044943758,-65.52618175987404,52.32987471493028,313.40401520955186,7.880566762443285,8.320459817803032,9.460267393414506,5.233863454234917,20.092928062085566,-6.3058420685434555,26.39877013062902,286.72884215123975,S1,3,145474,145729
103.2349139779727,120.66672961418416,128.94024779847794,77.25373802149302,160.54112239954136,-57.48938606333085,218.0305084628722,558.173327710522,-85.51171005036494,92.97917613254664,102.67844574404839,56.8384611392304,25.388116143337868,-138.90496658950264,164.2930827328405,466.0601252837956,S1,1,145749,146004
-55.675196853134,55.675196853134,57.86553276292922,15.769982159229375,-24.24014866778203,-83.33601232464261,59.09586365686058,379.10007975933803,76.3389821290158,114.30972747897908,229.96469529068247,216.92422844772838,752.851024091411,-42.25363157828493,795.104655669696,1769.4006679975532,S1,3,146256,146511
-32.727079062581886,32.727079062581886,35.79477878480654,14.498430407625165,-9.001130279050223,-75.50114349029162,66.5000132112414,328.8106509995632,-38.47996399005253,38.767621407940176,42.01581735329611,16.870722544983035,7.906119012546464,-74.31510771682584,82.2212267293723,336.84199669454324,S1,3,146384,146639
-24.98352349888501,24.98352349888501,26.68333834604998,9.37145126810365,-9.001130279050223,-51.736484758971464,42.73535447992124,388.2458271621382,-32.14781744150804,33.98106933328548,39.736878018485015,23.35674010651806,13.744238801009782,-74.31510771682584,88.05934651783562,382.33161470701276,S1,3,146512,146767
28.283898025594013,41.76014354661297,45.228398633795756,35.29347185323848,74.93622297363973,-49.91087200614811,124.84709497978784,433.97264551188914,11.684071948289834,14.525583711473676,18.532508104374468,14.385281343995045,44.139712783561535,-14.629331319847362,58.769044103408895,318.0217048679681,S1,1,146787,147042
30.42564999877752,30.42564999877752,33.572701364422656,14.191761661492093,76.69665352216403,8.657246315724667,68.03940720643936,395.3095404847933,-18.029480994389093,21.1782930573608,24.740588095270763,16.942092974978497,17.358772674569405,-47.76797148443084,65.12674415900024,367.55606669825397,S1,2,147051,147306
26.58820100926878,29.001315800900528,32.44460904885549,18.593553275901684,62.09359932460342,-22.577172307092063,84.67077163169549,641.4033410701163,72.00640486745726,124.62141107465837,238.1964240624179,227.052007465662,762.0076163352262,-63.51729322058173,825.5249095558079,1912.1129429602258,S1,3,147315,147570
28.625134059929106,30.254657279036266,32.625885988982695,15.654077316059988,62.09359932460342,-22.577172307092063,84.67077163169549,434.03547222414704,-44.931732243264335,44.931732243264335,47.12636342221223,14.213851238212063,-12.519791474383247,-76.02795052057746,63.508159046194216,400.08225112090594,S1,3,147443,147698
-90.84046295679613,102.1535959280092,110.46586418283154,62.8547328325778,39.168761483291284,-160.66874922268897,199.83751070598026,642.4182674017432,-25.738729420630303,27.7794780266775,36.61667411067407,26.044166923495332,21.927664469745753,-82.20270696820435,104.1303714379501,445.4687326608876,S1,1,147824,148079
-26.980538330287914,29.807702346954123,54.85431599597777,47.76030291774172,15.473274887396357,-155.87056044346883,171.3438353308652,513.9878781980146,-38.041503404720935,38.04162794533916,40.752999351696815,14.616804536833849,0.015941199132983863,-59.04574772808659,59.06168892721957,425.21802980783025,S1,2,148088,148343
-21.139760066614663,22.21615771326266,29.389812715846276,20.41743460375185,13.255676519938588,-60.87235001905896,74.12802653899755,402.8264555632578,129.698411832726,143.40998909107284,287.24980954101216,256.30211674782623,831.3581287215268,-45.35980211113104,876.7179308326578,1888.359744042248,S1,3,148352,148607
-49.51984608916278,49.56125596860068,53.92121600802866,21.33734704901515,1.9923194276610179,-81.19372782460694,83.18604725226795,368.0064977848082,-3.496781157376405,8.276364919235549,10.183983388357403,9.564833463879904,16.18136880293833,-27.271066427972162,43.452435230910496,361.79074279919416,S1,3,148480,148735
189.69141297706568,207.4755768288092,225.74780530754248,122.3897031777446,299.09569787773415,-57.49401469335724,356.5897125710914,707.799004899885,-43.88652071149486,43.95761214404773,48.376879460886286,20.35425670990357,3.25062748294935,-70.85938204332284,74.1100095262722,345.5807201164425,S1,1,148862,149117
40.60613124628112,81.4791227612725,132.96954348357903,126.61769860268826,297.64607561363266,-53.00741659788382,350.6534922115165,598.0176526315296,-43.391586608504646,43.391586608504646,45.41280066574867,13.397487671338345,-1.8343177892550535,-67.5433003269424,65.70898253768735,394.9006372793549,S1,2,149126,149381
-11.653755573576973,12.973268021803399,15.454292430281287,10.150129829316132,9.36119024328841,-34.13461319310703,43.49580343639544,426.0737499799858,55.461302013136276,136.0331622405609,240.60308887605208,234.12366466400852,766.9499072084673,-70.66430836845689,837.6142155769242,1827.5100967493786,S1,3,149390,149645
-9.88833081135279,13.033439284498819,15.375416091016495,11.77388354525133,24.613990335389182,-34.13461319310703,58.74860352849621,447.2423128762415,-59.60421951384638,59.60421951384638,60.01632568704501,7.02113702463305,-46.51561173149558,-75.34427908003944,28.82866734854386,327.0630858602333,S1,3,149518,149773
-180.7173180794548,188.26224941759568,212.36372460800212,111.53296586907624,54.36305036765183,-276.94500851855753,331.3080588862094,789.3233559033224,52.187807982181894,90.1656553831141,91.43580447410406,75.07955139611252,112.9612526938718,-97.55079625327564,210.51204894714743,549.8254548005833,S1,1,149899,150154
18.420581795446203,93.43633264884349,111.71962411115481,110.19054668098802,93.49483699219448,-259.2702278627519,352.76506485494633,761.7861160738755,-50.688919766428334,82.24920204964133,84.45321835353522,67.54982977907856,109.38247124706017,-110.4550915974277,219.83756284448788,509.2085527714923,S1,2,150163,150418
81.5513949533617,81.5513949533617,82.1920840995278,10.242493338277697,98.87134663061177,52.40336621692192,46.46798041368985,422.8730452771218,77.648471022381,152.703441615664,272.86463857324645,261.5833059115104,842.8099170322067,-95.30069795667785,938.1106149888845,1998.9944421691457,S1,3,150427,150682
82.98175377605168,82.98175377605168,83.71516194958419,11.056983336147331,98.54676622774019,53.54134913972431,45.00541708801588,404.369936662514,-53.59012256181968,53.59012256181968,55.22496508151447,13.337748388076491,-7.721190876440146,-75.32519049021185,67.6039996137717,397.3337893777699,S1,3,150555,150810
58.775254153139116,58.775254153139116,63.72409424659666,24.621732002095953,98.54676622774019,7.532865434670639,91.01390079306955,356.3533949229473,-49.41364915989838,49.41364915989838,50.50806106352044,10.457318446847799,-29.493133186247896,-68.96543037560168,39.47229718935379,401.6154962459655,S1,3,150683,150938
-23.287411195470398,35.95822445496499,59.47546081647428,54.726839111582606,28.54513919627219,-146.42747727467565,174.97261647094786,508.87823312193837,-47.46194582323261,59.474906248086704,61.852885619418544,39.66286875808917,36.17996290530565,-84.94748058067002,121.12744348597568,404.4679528046463,S1,2,151202,151457
12.826191439043527,14.46401937781156,16.888930810293097,10.987483655681768,34.56993358470768,-14.222471330388268,48.79240491509594,489.92706881009013,67.4938254008404,130.21632816559517,245.01594102025408,235.5363982207453,796.2518776560092,-68.19555950736809,864.4474371633773,1931.691427447719,S1,3,151466,151721
7.883197927006012,9.40277879777349,11.934753182707478,8.960665375729326,32.697059710860856,-12.694041951084776,45.39110166194563,426.47737446503305,-28.421264206478355,28.737983711569193,34.04061626115968,18.734868463511585,8.161127292661236,-68.19555950736809,76.35668680002932,391.3376170994936,S1,3,151594,151849
-3.126101192644629,11.148811130579443,14.933022207260311,14.602145170346564,23.652938538974965,-38.94113746919565,62.59407600817062,403.4485552498482,-13.308399687929036,13.625119193019874,15.658129114524387,8.250060915741571,8.161127292661236,-36.730600684554446,44.89172797721568,371.1921570603556,S1,3,151722,151977
162.86455180660968,176.22334942407093,192.94619163481858,103.45709560591906,253.55279060537887,-42.88881995164165,296.4416105570205,724.5488147154236,-65.44168733982221,65.44168733982221,70.24415883459537,25.526993722270035,-7.776685045042458,-92.17079216578739,84.39410712074493,404.339493471183,S1,1,151996,152251
-69.16244497818347,69.16244497818347,70.56943867413251,14.0214792166124,-41.63027808299098,-95.50259215008406,53.87231406709307,371.5064023452378,115.82037531046208,143.22744122506677,285.07613804343396,260.48809021662146,860.2837584254548,-36.84382028213742,897.1275787075923,1986.1499199957332,S1,3,152504,152759
-46.926007915965734,46.926007915965734,49.7507424244108,16.525318540070273,-11.178934031342658,-77.26041605375688,66.08148202241422,353.1482928258417,-27.34843289284631,29.012913197993573,31.27411916984478,15.170159793328958,18.86256058434291,-60.5628845490249,79.42544513336782,401.4279298162862,S1,3,152632,152887
-40.12983941491632,40.12983941491632,43.83541960587616,17.639160993546735,-8.480090271608194,-80.64903685551965,72.16894658391146,319.95074949129554,-45.53064500733515,45.53064500733515,47.56626284816111,13.766253177839573,-12.30791043382074,-79.58671667040264,67.2788062365819,370.3037833254763,S1,3,152760,153015
28.298870975486643,52.8623288588509,54.16027803827082,46.17910370173462,63.92061496929531,-81.5214451233346,145.4420600926299,431.0861155142128,-43.87894127005009,43.87894127005009,44.97912630876549,9.887381681687781,-22.774479411662213,-65.62170304628681,42.8472236346246,366.936923912398,S1,1,153034,153289
-4.089764338182156,28.52122517522424,38.04910057324028,37.828664820353985,90.0308308022904,-55.632547951518,145.6633787538084,446.3708257270697,-17.99151590474938,20.448733502897795,25.700460877106284,18.352630458460734,11.859989187847157,-57.15254067641472,69.01252986426188,348.7930296324584,S1,2,153298,153553
-23.608552888447246,24.397458183397756,28.199301267572867,15.42195910034539,18.70700059484788,-55.374534919792886,74.08153551464076,526.9278349039353,103.09446561410752,158.85242278564175,291.9226895077722,273.1124087426142,839.5747532627462,-67.67183673027583,907.246589993022,1952.2742035837034,S1,3,153562,153817
-12.315897350508333,13.99937669598949,16.455314402957907,10.913113421564708,20.362584412246694,-32.00610080170315,52.368685213949846,457.96862890607656,-54.18810143136525,54.18810143136525,56.31896173421418,15.345198404841582,-12.361770669015256,-74.30576656756845,61.9439958985532,295.99263327669894,S1,3,153690,153945
81.81600416820302,86.35667835214586,93.44381040183485,45.14296361962348,120.87333777674156,-21.0297757538795,141.90311353062106,439.8905087787688,-5.415222192485847,19.139230700577777,28.058197926228466,27.53067088672959,56.10005849720103,-70.57354366571494,126.67360216291597,544.257092898105,S1,1,154071,154326
-23.215761343384933,33.02172327757042,35.37641164199211,26.69305014251216,83.31714389418302,-39.686457766614346,123.00360166079736,406.91641317447557,-22.284469900442243,25.260626254795206,27.708924963112405,16.46775406264247,27.77046540020367,-47.002151131583936,74.7726165317876,347.15345887494874,S1,2,154335,154590
-7.3608381943699115,10.560528998941262,13.630253022719408,11.471785324859276,13.533217092675075,-32.25404420973047,45.78726130240555,463.1469464491454,89.34904574154329,113.30226593471718,244.05571372202863,227.11217366192503,785.7517046159586,-46.387093892762124,832.1387985087207,1875.7184940956772,S1,3,154599,154854
-5.062045011291454,7.098851728042275,9.47463921323432,8.009025441626264,7.449499041874772,-31.330782715846954,38.780281757721724,356.37398519144995,-23.929440602679612,24.431852993679883,27.016600492863393,12.541075497492828,7.59349821091316,-51.46338322480959,59.05688143572275,404.72290833800065,S1,3,154727,154982
-8.274251587984189,13.118985288857722,14.90867396755551,12.401827289944352,19.044488844260062,-31.467179530206234,50.511668374466296,384.26370199130696,-46.83575957011402,47.16671822972566,53.65589576601999,26.179510613158424,4.291037079899508,-85.44360339984016,89.73464047973967,466.98941645305297,S1,1,155109,155364
-4.328785197889388,12.999238210606286,14.989938562548263,14.351302269114996,33.286493832343915,-30.924487569197716,64.21098140154163,535.4316974515637,-23.182606072868225,26.66424451023306,34.79324306750632,25.944875001140197,35.710105515562226,-81.8961566346279,117.60626215019013,485.43312880087217,S1,2,155373,155628
39.43311121231696,39.43311121231696,42.43493685567435,15.67653042168809,68.39142884960823,1.0803712315008094,67.31105761810743,334.031881640649,86.08670462668053,133.46612456713578,248.0404076934281,232.62227566430664,767.3569568155411,-72.95079787840102,840.3077546939421,1782.521322999708,S1,3,155637,155892
56.6089071274469,56.6089071274469,57.562538914770265,10.434439139241418,80.86567215184057,36.120882104376385,44.744790047464186,375.8709000107906,-50.97903830645701,52.36129768543249,56.52889109640325,24.426485255513278,13.680325441411329,-84.80128744455874,98.48161288597007,395.23753301338843,S1,3,155765,156020
-116.00196865065674,144.88833572767874,156.64749196385768,105.27098369322343,74.50887395264674,-208.21542096492206,282.7242949175688,729.1419110101723,-14.927235317444925,24.624775029798585,32.60131556293747,28.983157561105273,33.506514432422726,-72.65946690267403,106.16598133509675,453.3701421480454,S1,1,156146,156401
-20.918343373443072,98.2208139786855,119.08457583010403,117.23292673624815,82.89084400802064,-216.88583060214776,299.7766746101684,618.7004698280958,-1.0302265602271987,15.208448508282174,17.58650228129482,17.55630074146004,39.61805368572053,-27.33010105991329,66.94815474563381,338.51090093891946,S1,2,156410,156665
-7.327132068669918,23.445001998413716,27.719638677099223,26.733714744442157,46.36869637574361,-52.548332582227744,98.91702895797135,341.947103902898,115.5279665317806,128.93606525570368,251.44151889773383,223.3296361315068,771.7110442680017,-35.74253652369126,807.453580791693,1842.9696319416223,S1,3,156674,156929
-35.37921148939844,35.37921148939844,38.643642802737105,15.544855208523256,-1.2596456672228322,-63.87812643675194,62.61848076952911,354.23368926395506,-19.05381076372842,34.072412096715496,38.53663021214655,33.496629136194485,58.6400303692751,-69.8153414572171,128.4553718264922,451.1512851330552,S1,3,156802,157057
-47.05384007254597,47.05384007254597,47.59201524746267,7.136949610441908,-28.6992731112693,-64.30137151994052,35.60209840867122,366.1298785058766,-47.25557905695221,47.25557905695221,48.05015943518533,8.702187640982558,-27.635694941358967,-69.8153414572171,42.17964651585814,352.2133703019241,S1,3,156930,157185
44.870383310488926,131.18171269682423,151.85987108241315,145.0795269730948,245.6070796701671,-96.1091090129563,341.7161886831234,642.0192132137054,-31.25425537117237,31.25425537117237,33.26372042541693,11.386246867771742,-8.443375803032678,-49.2591665481443,40.81579074511162,380.3530288742175,S1,2,157447,157702
-96.9820676351979,96.9820676351979,97.81757508426779,12.757607634986615,-66.48627291902174,-121.14271891908197,54.65644600006023,406.15296811015435,95.23087181491087,115.66692575599393,239.29307491434454,219.52734853619975,752.9456188280096,-48.688303804780425,801.63392263279,1819.9711782193358,S1,3,157712,157967
-92.66019366698711,92.66019366698711,93.10923143332683,9.133317453218146,-75.17894107691384,-115.88175989579118,40.70281881887733,379.26322196092497,-15.910165585762586,20.431412632385683,24.12988238326933,18.141605630815246,29.018647111380172,-50.21181210815201,79.23045921953218,405.3114898110373,S1,3,157840,158095
-89.85698615350108,89.85698615350108,90.17471449296359,7.563145727606551,-75.17894107691384,-108.58289630957182,33.40395523265798,361.7339617963871,-29.73154801673702,29.73154801673702,30.741564669837835,7.81529595589846,-11.440998156018903,-50.21181210815201,38.77081395213311,398.43019857178916,S1,3,157968,158223
137.87062579373205,172.88719203029453,180.28657107307745,116.16771605111515,221.76034365993672,-110.07605756846596,331.8364012284027,678.9991278439768,-48.383653778444234,48.383653778444234,49.31630034497726,9.545654863006654,-28.794388819333765,-66.09237600777303,37.297987188439265,419.01118413449444,S1,1,158242,158497
-27.787385613229205,27.787385613229205,30.12215202449895,11.627778952522648,-3.2377982484282137,-57.81467352274726,54.57687527431905,496.8957398627274,98.15513694021469,116.82236978910277,234.09740519560728,212.52567894624883,745.8858893483656,-38.56438468869068,784.4502740370563,1792.8381075837333,S1,3,158750,159005
-23.947693903696177,23.947693903696177,25.559800566872127,8.933720485505997,-3.2377982484282137,-49.842160317244876,46.60436206881666,417.4619291729103,-21.808337414151794,26.386910362126436,30.008641607794235,20.613466238736915,38.4947191505968,-52.737047076954255,91.23176622755105,384.7270300611127,S1,3,158878,159133
-25.90228635320365,25.90228635320365,27.82085057436979,10.15240308291843,-6.347637692885211,-49.842160317244876,43.49452262435966,369.6027896710474,-33.89282717524417,33.89282717524417,35.329864589943185,9.9737454355298,-12.102094733092896,-52.737047076954255,40.63495234386136,345.329206859161,S1,3,159006,159261
-26.79785471930267,27.767353432852588,32.108401780027606,17.686843904745345,10.509383322082194,-60.83492328345072,71.34430660553292,537.4373409901294,46.56150485487966,58.089309225800626,62.06158098322611,41.03250053051302,116.05770031864292,-38.36333716816958,154.4210374868125,499.54836477207954,S1,1,159280,159535
-12.855619731721099,16.094948287889952,20.337735135416107,15.759330942388448,18.436115869439455,-58.974328358455345,77.4104442278948,441.47642948735717,-40.52363904257858,52.158406884540305,54.8734230494508,36.999016688431055,66.88129084447256,-77.91341074093873,144.7947015854113,440.8318472499238,S1,2,159544,159799
-11.110750665419523,15.99977472721758,20.949337356991688,17.760235227832062,17.268594198067316,-60.90849278923885,78.17708698730617,391.08074712673766,13.961972440261484,135.1472435726808,207.50061358709624,207.03035517671998,687.5481180677236,-94.46342594259531,782.011544010319,1771.3867612150775,S1,3,159808,160063
-2.1643863829740764,7.393092872222219,8.964516441949105,8.699309548646502,17.268594198067316,-24.212674946415216,41.48126914448253,374.5132347918525,-83.9759266833741,83.9759266833741,84.48322367035475,9.244393944643823,-55.64027312020753,-101.45307151412453,45.812798393917,341.31251242558,S1,3,159936,160191
124.00291567081169,140.57425253016132,150.29000529464417,84.91385397331662,198.81602559923857,-55.624497185286096,254.44052278452466,540.1672275527687,-1.5884888084562903,33.944432715510274,45.58629503701596,45.55861058578581,71.37189377951873,-96.61414473728261,167.98603851680133,490.6916563718254,S1,1,160318,160573
-4.397399179526513,75.87989427118639,88.69841805135829,88.58934611605066,168.325931540599,-133.28856928547438,301.61450082607337,670.5707288581156,70.52393867080445,114.55767131123213,204.93492583876082,192.4180290484626,651.3385421430576,-64.94077195953957,716.2793141025971,1534.251411061978,S1,2,160582,160837
-20.10992409724595,20.217188289521452,22.362015448351343,9.780116958161114,4.44382319601437,-43.153684312635,47.59750750864937,327.9717960233658,74.14740787292412,137.81406867607438,256.77159189022075,245.8328950884407,803.3298151351493,-82.6662619937216,885.9960771288709,1991.5405456285741,S1,3,160846,161101
-14.029752718993283,14.625690649711128,16.473053546972924,8.632932978156255,7.16932516638261,-36.54005917086837,43.70938433725098,421.47372319222495,-37.40709447383274,37.40709447383274,38.27316755834745,8.095964301742692,-17.902716017784872,-53.658041813938546,35.75532579615367,394.8699184240639,S1,3,160974,161229
-67.23539564851495,77.88789217151299,84.20211491625791,50.689226945756026,50.30512373273336,-127.19664464967751,177.50176838241086,599.7832539922458,-23.532847819540315,23.532847819540315,24.644861686907607,7.319445407212432,-6.5435676333787365,-42.22065459567605,35.67708696229732,368.3761070995715,S1,1,161355,161610
9.252453340737897,45.16906488900166,51.37787376118483,50.53788697005162,51.4238279874327,-112.46708057134008,163.89090855877276,513.3534596936121,-56.54518991492759,56.54518991492759,57.997696336574656,12.89861534562127,-25.73279360302854,-75.17980340269142,49.44700979966288,327.15621357724785,S1,2,161619,161874
48.28545282745428,48.28545282745428,49.446817253490366,10.653768429422504,71.27080481926298,21.021318091538458,50.249486727724516,389.7291000423364,46.58454572023289,119.5389329396998,211.99503035050273,206.8133772108325,703.9657707652773,-76.48984958117953,780.4556203464568,1739.6310457374639,S1,3,161883,162138
44.136162271415785,44.136162271415785,44.99268533570851,8.737328749070457,63.40609217021959,21.021318091538458,42.38477407868113,390.2793080052814,-55.1575882001105,55.1575882001105,57.443962146255096,16.045225177834663,-11.470940795742337,-80.53181042516998,69.06086962942764,386.5485106356737,S1,3,162011,162266
-60.80955072441842,72.47911338665529,79.17016002865313,50.69627974178114,40.20837442020651,-113.4889711865188,153.69734560672532,449.73293243233593,47.40356563584375,82.58880432919602,84.06166333397732,69.42092773424453,119.03804561431811,-80.81565483219705,199.85370044651518,530.3154256033181,S1,1,162393,162648
-38.04333915041387,38.04333915041387,48.2862950136973,29.736688323288398,-4.680261414706804,-119.0276394842898,114.34737806958299,443.76888010784654,-21.712278434557582,63.860326125300716,67.31866625619924,63.72110946690887,113.76681570557166,-83.09657932972438,196.86339503529604,566.4922808634057,S1,2,162657,162912
-31.013336298383507,31.013336298383507,32.00291421135691,7.89680249612704,-13.30794773513753,-48.324589648147715,35.01664191301018,311.07241882743335,85.5010179357325,126.4923169847395,246.03973438494975,230.7057147713731,760.2185707841564,-52.62242539991604,812.8409961840725,1760.056193654843,S1,3,162921,163176
-23.91896802840646,23.91896802840646,25.253402287773714,8.100450330950997,-6.200563521885092,-40.071817653077204,33.87125413119211,388.2642638035362,-33.14771384057022,33.453050293302034,35.71372016764489,13.2928129211433,17.27411863935753,-53.70314255127981,70.97726119063734,383.2657146333623,S1,3,163049,163304
-15.36582399253114,16.377173041547053,18.886956460715087,10.982193650610139,7.639648492762985,-37.99764874151774,45.63729723428073,542.324322921476,-34.715422194005306,34.715422194005306,35.8177952172506,8.817818104092614,-14.104038602026167,-53.70314255127981,39.599103949253646,461.4040124583504,S1,3,163177,163432
41.74214905086349,49.56023308706876,86.06331250055695,75.26278463612688,190.25005897978244,-29.21888046821071,219.46893944799314,595.695760194628,-31.52585235083679,31.52585235083679,32.33677389793405,7.196358779226286,-17.693120996190046,-47.57200670408382,29.878885707893772,376.48562431462767,S1,2,163694,163949
29.940251419608508,29.940251419608508,31.515805103045,9.84008720610484,57.54242373729998,7.94487832330986,49.59754541399012,470.70003860579834,75.13772322366066,135.69770037826584,250.44962987936597,238.91282857033016,781.3301807758304,-66.03171512356379,847.3618958993942,1802.9465595670483,S1,3,163958,164213
31.748214608469308,31.748214608469308,33.737202810605645,11.412700059955723,55.80186649348591,7.94487832330986,47.85698817017605,472.8061967716338,-44.84086360342708,49.4559322084024,53.28747669773449,28.789792012281808,92.18183920394515,-85.69754700882754,177.8793862127727,488.401929963318,S1,3,164086,164341
29.740619879956952,29.7431685188812,31.927968591236414,11.614245886793006,55.80186649348591,-0.3262257823035475,56.128092275789456,409.1886744150096,-57.91227918168095,57.91227918168095,58.641159456132414,9.2170224228105,-35.4906880827862,-85.69754700882754,50.20685892604134,472.0423233768867,S1,3,164214,164469
-230.9950222946896,237.87756278213078,258.9864181568393,117.11218751600997,30.189703951884333,-307.419763878103,337.60946782998735,701.2524267312508,-19.90000286926593,21.565278735786713,27.925944294789065,19.592045594038158,15.890736536290442,-61.15013419372059,77.04087073001104,392.0844315997316,S1,1,164488,164743
-5.055924704894556,17.057169581247916,20.891829079230007,20.270820103148203,38.59207726906117,-39.347914249086195,77.93999151814737,515.2282549964482,134.11924620497325,154.25548720344548,293.73717837227025,261.33036133505937,854.6414373600319,-35.36364070630039,890.0050780663323,1917.570466088494,S1,3,164996,165251
-29.285845386664725,31.825994999735553,36.15853420406398,21.207990375677596,25.963859784042118,-59.43756367172739,85.4014234557695,361.03250443499763,-4.078241713041718,26.470443597447698,34.866535981425045,34.62720427458755,139.4277983314908,-45.237103031186734,184.66490136267754,462.8031785522999,S1,3,165124,165379
-38.21655386284782,47.90354879257665,50.05603598922453,32.32803349730066,88.32205664720382,-66.05152279497281,154.37357944217663,411.4103179062194,-21.10746514705628,21.10746514705628,23.608714267792678,10.575741318890223,-0.01196095291184951,-45.237103031186734,45.225142078274885,380.446501884947,S1,3,165252,165507
258.19525707833145,258.19525707833145,270.7100696193136,81.3581650207767,362.0863615932569,64.65143949359238,297.43492209966456,784.969970625305,-64.32327763463262,64.32327763463262,67.04331343362301,18.902958247242324,-29.920003057487847,-92.25205996154888,62.332056904061034,379.08510652762345,S1,1,165526,165781
-35.95410902929808,36.07547032737903,41.24237730167744,20.204844206359663,5.530097766693035,-79.64188721739468,85.17198498408771,415.0251161248673,71.93249612664314,131.81784288236219,243.75457915595825,232.89914310810332,784.4849658031538,-74.26428138248805,858.7492471856419,1871.1404339023516,S1,3,166034,166289
-3.8535623197986943,19.316406685747516,22.466222398762035,22.133260182767124,43.71287330870563,-47.150935948842104,90.86380925754773,478.2274014746723,-36.60671191962453,61.07043736006291,72.57173140950852,62.66262715692237,303.19743885308185,-82.08643889391834,385.2838777470002,628.4445537479546,S1,3,166162,166417
12.44887945973542,15.132589838015747,18.42025880435716,13.576867629040033,43.71287330870563,-21.540534591565272,65.2534079002709,518.3041307612045,-70.49183657219149,70.49183657219149,70.94620759626392,8.016567156309547,-51.02655366150485,-87.97671434616235,36.950160684657504,351.8955584958483,S1,3,166290,166545
-219.10714931293433,233.37963881809782,266.6264426154629,151.9266830472391,37.01323775988453,-336.16743544423497,373.1806732041195,709.2751221274248,44.590440191952425,90.11361406739658,91.79153068236523,80.23327083261354,122.81997328983209,-97.69794713086057,220.51792042069266,493.4089535315651,S1,1,166564,166819
-26.476986999260966,90.1506537855307,136.27731114173525,133.680494805571,59.26011612980023,-318.3878174140172,377.64793354381743,688.5952361613481,-47.94672645121695,84.17916195882208,85.99317323593891,71.38583378933367,111.21522600384984,-116.7062790357385,227.92150503958834,541.2260662898733,S1,2,166828,167083
69.36283675082545,69.36283675082545,70.5976342062116,13.146209848941055,93.66976278952669,31.520775139268462,62.14898765025822,405.1048447322662,69.42957592242115,120.93199882745876,232.53146032235733,221.924343024556,753.3145865760594,-89.27083031719019,842.5854168932495,1824.9038212594896,S1,3,167092,167347
70.97868016726161,70.97868016726161,72.32860317632436,13.908766988909546,93.66976278952669,34.942018441149486,58.7277443483772,373.09304686503185,-9.274091206652445,16.32122893569267,17.459356410005196,14.792577819375545,27.58300052077806,-28.351083469117864,55.934083989895925,416.3842001768139,S1,3,167220,167475
-37.426932651174184,65.53314098459029,66.31734052382984,54.74682060611443,82.5551281971535,-78.84523937207334,161.40036756922683,409.9040372099364,-43.790705973589866,44.29712300822069,49.14229946379631,22.30111358035819,13.632963973381719,-73.00231100542588,86.6352749788076,389.83555176103255,S1,1,167602,167857
21.026042092047014,52.653460480409194,55.076249802973855,50.90480180005659,84.40093950934745,-74.1601962678148,158.56113577716224,458.45660965607624,-22.348252971797017,23.485941045434807,24.852303635870573,10.871641325856535,22.806178530167962,-41.33790972595507,64.14408825612304,450.0574201236207,S1,2,167866,168121
71.54672152936473,71.54672152936473,72.74775687745571,13.164450960862109,106.03064063982185,38.38446030379498,67.64618033602687,508.6200634471173,63.31574086917196,124.20381418943023,226.03844724686752,216.989623235681,745.8915118661993,-71.81164716297751,817.7031590291767,1907.8109312307643,S1,3,168130,168385
79.14688742441027,79.14688742441027,80.16732436555355,12.750298308651619,102.25368331404113,50.974595492196904,51.27908782184422,400.5755765807,-44.77206485116875,44.77206485116875,46.47357510857571,12.4601521794546,-22.809640752258307,-71.81164716297751,49.002006410719204,511.69050181106337,S1,3,168258,168513
-186.8088638594853,215.46363425742064,233.05207317481288,139.34029278929555,79.08325400787086,-289.7706602542873,368.8539142621581,853.534946121361,37.22290289671231,71.12400876099446,71.91828981812581,61.536134996486936,89.8388541279312,-87.74477959677378,177.58363372470498,502.0156999782197,S1,1,168640,168895
-31.99187041649852,114.27009225670236,145.7272868257124,142.17229812040537,80.08732767947382,-278.57185147271775,358.65917915219154,712.5850991513005,-41.214607861424234,77.14019908485551,78.70829069861986,67.0548366900366,82.7747828971084,-100.08189101657653,182.85667391368492,542.0916482395546,S1,2,168904,169159
36.48994609405527,36.48994609405527,41.73773856961337,20.261358665161907,74.12959850235434,2.614213092245897,71.51538541010845,448.70319802285763,66.11372253885101,138.2987881644523,241.0528154528743,231.80904971509054,750.025431851546,-83.17430898273247,833.1997408342785,1793.656101718157,S1,3,169168,169423
31.356272732182685,31.356272732182685,35.53145217219485,16.711321127006883,69.94594533350947,2.614213092245897,67.33173224126358,467.0039847835013,-26.82583241208927,34.04425350516772,36.8913590691286,25.32483147754152,116.72442582123823,-51.28781714931291,168.01224297055114,485.99244748740074,S1,3,169296,169551
13.012938371196043,18.3239548519284,24.76184428296679,21.066854706893217,56.443712472745474,-14.71933074257282,71.1630432153183,441.84313557509483,-29.2455461835935,29.2455461835935,32.841145958473,14.94118122134348,-4.263279564278646,-63.68352959189556,59.42025002761691,372.09915616703404,S1,1,169677,169932
5.771944151347786,9.0574420373601,10.831191954966682,9.165117559478277,21.529923751008074,-20.04680994117799,41.57673369218607,361.34935495289983,-24.219056759131867,24.42785777718519,26.053474879669473,9.603168383586604,7.375019489124909,-41.37385043233367,48.74886992145858,408.49870624614823,S1,2,169941,170196
-16.171759575889553,27.63421078748358,33.086048511026426,28.86452491023572,34.969659868600935,-75.43093183432522,110.40059170292616,517.2546089824148,74.1069066937018,105.34659223170812,219.12273674784876,206.21091178732033,745.8039698981568,-43.27229859705734,789.0762684952141,1791.4436356282906,S1,3,170205,170460
-44.3084542078431,44.3084542078431,46.819366661485915,15.126598437657101,-7.683258844050156,-75.43093183432522,67.74767299027506,473.70561875290787,-20.646356499332715,22.26531385507772,24.387284341450883,12.979506957247532,16.78256008893361,-43.27229859705734,60.05485868599095,454.3053970050032,S1,3,170333,170588
-51.07048942191179,51.07048942191179,52.12790727423249,10.44623506328368,-25.523812953464663,-80.9747410707025,55.450928117237844,497.7329773921531,-13.500562305870671,14.731347142316412,16.614722211704766,9.684204231500884,16.78256008893361,-34.42702866680401,51.20958875573763,389.51088964125694,S1,3,170461,170716
0.9742376530407668,84.81477134644021,92.86969511552566,92.86458491721203,154.50697315630538,-97.249664098431,251.75663725473638,650.2342341916624,-17.050601643854403,18.97241299051405,25.833656977585264,19.407596873856622,10.041703036281143,-58.10378052803054,68.14548356431169,340.42232548824654,S1,2,170979,171234
-57.72208156995353,57.72208156995353,58.38776306794565,8.791596857806306,-41.06975983043155,-79.92034791384295,38.850588083411395,479.71594272355173,91.5955687399668,110.08411013241266,217.36387897232913,197.12257016663352,696.9868740090216,-48.515683166001246,745.5025571750228,1649.360973729681,S1,3,171243,171498
-60.37806390966869,60.37806390966869,61.20380672862174,10.019748329895657,-41.979628848818614,-89.80135876941617,47.821729920597555,454.83836758367045,14.417508841947484,14.94173901200869,21.105097489786402,15.41300031939773,87.8125388489496,-10.142051969000002,97.95459081794961,381.7595598969086,S1,3,171371,171626
-72.25520034250621,72.25520034250621,73.19266766374949,11.677012597422737,-48.03446088624401,-97.00936980933005,48.97490892308604,384.8960718678966,14.84326572685469,15.330767560747962,18.35193878490336,10.79217863671748,37.83215985803571,-10.142051969000002,47.97421182703571,335.6311537925246,S1,3,171499,171754
162.34940053678864,186.26476090117856,195.13993646817238,108.26941835138734,249.1873851664872,-86.78525558780854,335.97264075429575,619.1615838565294,-50.905759154343315,61.74654122182987,64.42392113588635,39.484747681135,42.57705985660048,-87.7879845914473,130.36504444804777,410.932753910668,S1,1,171773,172028
-51.78214750981189,51.78214750981189,53.12785884490692,11.881859480587853,-29.10665413470601,-91.23116390575197,62.124509771045965,437.8203606604874,28.119750627818043,128.46094070077248,211.60675474578514,209.73006050319108,715.2092948695449,-88.40017625896999,803.6094711285149,1789.4999421100347,S1,3,172280,172535
-47.29441933165015,47.29441933165015,48.779022539610885,11.942819600157387,-13.084564222410526,-69.14473224086488,56.060168018454355,378.37975390412646,-18.669311437399443,92.98836761643335,143.27553710011455,142.05399093928926,682.5301493893138,-91.09633680581298,773.6264861951267,1021.9652093159478,S1,3,172408,172663
-35.4976104818912,35.4976104818912,38.46797530712471,14.822441577064296,-5.347288630151264,-63.44900743084724,58.10171880069598,388.3954282412635,-65.29787652418219,65.29787652418219,65.9487932695647,9.242870503498304,-42.5534653161365,-91.09633680581298,48.54287148967648,441.1048297397823,S1,3,172536,172791
1.1089559428856903,12.78895749314303,15.633999120805022,15.59461911128549,33.84513230529456,-39.712293584634025,73.5574258899286,432.54634356020233,88.88263170446729,99.56049265669509,105.93975276370651,57.646413565141124,141.69287934924077,-45.3811681846334,187.07404753387416,484.4405065069185,S1,1,172810,173065
1.2367433710590237,10.073990473268696,12.1540792515174,12.090992857756031,26.71840637461797,-18.056405825383376,44.77481220000135,402.27175854139944,2.498586319350075,49.454170567051,61.57567606255111,61.524961998891044,126.78277118931655,-47.852131701399635,174.63490289071618,473.1172668995849,S1,2,173074,173329
-14.333634595104076,14.42497678291343,16.115535059574196,7.365961549614599,3.8005630698021657,-34.39380853109217,38.194371600894335,355.2035742083508,65.09048244279327,118.94601160536979,230.3395662224088,220.95145363380587,757.6290752510397,-67.29635477763568,824.9254300286754,1900.179051449622,S1,3,173338,173593
-25.72113032708082,25.72113032708082,27.496975585977133,9.721477309192556,-8.642390419801929,-47.75244053918486,39.11005011938293,349.869674510221,-32.00537659628311,32.00537659628311,33.58607889347914,10.182365362188614,-4.680388310332198,-59.52131815289396,54.84092984256176,394.14515701803583,S1,3,173466,173721
111.02277557613316,133.23753012846004,145.10183234291853,93.42636165796033,196.29614340351935,-56.9215141808513,253.21765758437064,607.2030717959158,-100.74183222760769,100.74183222760769,109.85035133930943,43.79706529887893,-17.874851721846714,-148.72734057195905,130.85248885011234,457.14809578135026,S1,1,173848,174103
14.015219493283105,49.18350690143544,78.96916687949386,77.7155257345432,202.70126827640948,-39.71187744100479,242.41314571741427,528.5395010634882,-23.72914623044181,28.372249741613253,48.17534146763177,41.92601990050129,21.323852995652437,-123.99227854389574,145.31613153954817,485.90899057844916,S1,2,174112,174367
-24.154450872530568,24.154450872530568,26.221735556351987,10.204994788522017,-2.7578712834634205,-54.65412970485177,51.896258421388346,456.92921749963136,94.88275442389065,105.57220534614352,229.17127234568477,208.60665133565533,769.6284877142328,-23.887003905475616,793.5154916197084,1794.8972059174944,S1,3,174376,174631
-29.000150596110007,29.000150596110007,30.649732620524738,9.91954510613256,-2.7578712834634205,-51.56321512572719,48.80534384226377,366.5212253615659,-0.13707943694848446,7.230801238895611,9.038007003694936,9.036967402110323,22.225594624015866,-20.889854615280402,43.11544923929627,314.36324464935205,S1,3,174504,174759
-2.1404377889426787,16.866874216618413,21.269607074960867,21.161632999248702,24.32399316779886,-55.95466438378807,80.27865755158693,382.7670229423003,16.161661231440494,16.807748066613662,20.63547384745102,12.830568465543076,54.97122764903267,-11.345333435339409,66.31656108437208,389.19913840191623,S1,1,174885,175140
-41.78858891687529,41.78858891687529,45.40514806235046,17.757851978783233,-6.318134377336093,-75.9923528898099,69.6742185124738,443.7555282616097,-50.57630907930938,50.57630907930938,55.80756994137759,23.590714755511698,-0.5663342560491688,-85.48027591433079,84.91394165828162,391.133165809577,S1,2,175149,175404
-42.66105605412325,42.66105605412325,44.976011533861374,14.243451472202427,-12.81025276963432,-68.48814360601446,55.67789083638014,448.8932484589312,86.46882394169218,119.35631196117896,236.23878723961826,219.8451889002492,748.6586156117879,-62.034631650609825,810.6932472623978,1815.2755341897664,S1,3,175413,175668
-19.932369195292868,25.200850257504133,28.680889056184732,20.622658783864825,29.630324860216955,-51.593091644424156,81.22341650464111,618.798928103898,-29.508481425882128,34.28256794402953,40.40705448995821,27.60397754840453,37.79493997317363,-79.5813156890604,117.37625566223403,514.99122908,S1,3,175541,175796
143.13867129645678,143.13867129645678,155.62434515097598,61.07583469061234,211.82312413526358,0.8075854210193677,211.01553871424423,598.362860292222,-63.46927123458606,63.46927123458606,66.14116052171502,18.60926446987684,-12.230428015018312,-105.38973790351935,93.15930988850104,415.33289767939084,S1,1,175923,176178
23.925183707408163,36.376413816461735,69.34823861085839,65.09042773707453,172.82606381900283,-25.642733160764017,198.46879697976684,539.2155968698754,-72.56736543998598,72.56736543998598,86.23117503562197,46.58103714091824,-13.239624271523287,-145.87514725620096,132.63552298467766,415.63254073161784,S1,2,176187,176442
-12.952457220173589,18.195541505071134,22.416803605948825,18.296090726361555,15.475234634437555,-64.64191229986734,80.1171469343049,434.72954841395796,150.42680506242814,164.10390492658544,296.8080507202498,255.86479885100377,815.0311180878501,-49.150925547411234,864.1820436352614,1838.7560118398112,S1,3,176451,176706
12.531822509783268,16.615152414828852,19.918851928555508,15.482702823958384,46.545142401836785,-20.227215784402777,66.77235818623956,441.3888010291402,16.619690005848025,17.911517841163636,29.3245092472892,24.16014790318688,129.5467764726822,-13.503967077896165,143.05074355057837,420.31011033327684,S1,3,176579,176834
32.420769730900716,32.420769730900716,35.43845721166113,14.310064276538002,64.24482248397472,3.2915642405513577,60.953258243423356,494.67292240568247,-3.8228676461819435,9.287619643924412,11.834560004764404,11.200111314899713,15.774709953643768,-30.420573842948905,46.195283796592676,334.49441570407555,S1,3,176707,176962
-6.265961734053093,134.66230501609562,157.7536136270997,157.62912274055083,116.32205286158948,-286.29341958908157,402.61547245067106,684.7996242883573,-37.26334946296287,56.10367432238068,58.583924712154214,45.205298599616164,54.06623042822837,-88.56296125943236,142.62919168766072,394.78562030337883,S1,2,177225,177480
61.617359677432354,61.617359677432354,63.30568393644103,14.522761619006946,95.2060092067074,36.32610269864643,58.87990650806098,399.6369597891383,49.469397673293486,115.82610703866106,209.03210697145454,203.09406795563277,713.3500212012772,-74.98645975587667,788.3364809571539,1787.759585971859,S1,3,177489,177744
51.295340866936876,51.295340866936876,51.872445068644375,7.71612355683116,72.4731529332847,35.11029774890135,37.36285518438334,360.2586199291726,-50.509694938983124,50.509694938983124,53.425127851808625,17.407326134503275,-3.306407992814627,-81.14218252514196,77.83577453232733,391.9460816081921,S1,3,177617,177872
53.26680914645426,53.26680914645426,54.264605303396394,10.358302567921733,89.34741992497025,31.252442523088128,58.094977401882126,447.5623876226406,-67.8835092740992,67.8835092740992,68.38339379596188,8.253345726848456,-45.146062945882306,-85.61914845359323,40.47308550771092,381.49591429688246,S1,3,177745,178000
12.600004573364739,15.722024194368277,19.83877237856799,15.323732386067697,53.25413509176744,-21.565302867594784,74.81943795936222,584.8351005876802,-74.62028079467485,74.62028079467485,75.0057316986848,7.594305878680942,-49.05396403540112,-86.4438700987216,37.38990606332048,315.63051245724625,S1,1,178019,178274
-11.832895573875355,17.804801892240782,21.47697801993865,17.923257717465564,35.42559640771365,-48.412304837712824,83.83790124542648,573.3853980865485,136.2617267494484,138.2173299332979,251.77988356076486,211.7211647170187,789.31185636237,-15.524174505858955,804.8360308682289,1742.8833367191548,S1,3,178526,178781
13.384083437891988,22.527203029419457,26.612520308520796,23.002011818512248,54.74054700057818,-44.277354228562814,99.01790122914099,485.10620297983473,47.49116017284858,47.49116017284858,65.03551419562169,44.432058382723525,261.230178906039,4.561467881940377,256.6687110240986,505.29719665474965,S1,3,178654,178909
31.09454263439524,31.09454263439524,32.750299945557956,10.281612951370509,54.74054700057818,3.5179035107098953,51.22264348986829,470.4680614379855,16.94051744564856,17.16368272579742,19.084718929655043,8.78893425266172,37.579554997191195,-4.862860959209112,42.44241595640031,389.10893537593233,S1,3,178782,179037
-93.79040586679345,111.07633507534288,120.029490716703,74.90285981892312,46.77563148125784,-150.54631751898629,197.32194900024413,487.77968911255516,17.98426383975665,30.819074546906226,33.018085722838485,27.690435874914133,64.73065375147709,-48.28708773814295,113.01774148962005,533.5502895534842,S1,1,179056,179311
7.852649492927718,57.42968595049288,68.6399402764647,68.18927552847195,62.01981728561177,-159.5736929489212,221.59351023453297,511.0752865657771,-61.997883279983775,66.30895541745514,72.43498739816287,37.457841210800204,25.20818580461628,-100.3394965289435,125.54768233355978,423.2240520792682,S1,2,179320,179575
56.65267415153697,56.65267415153697,58.68370640712442,15.305290234338928,100.14284632581723,27.313892190248954,72.82895413556828,407.69604317418697,35.15829081323051,144.26556934489935,223.08778899702597,220.29992325616888,684.7421272778037,-100.42053434027713,785.1626616180808,1731.655462369111,S1,3,179584,179839
69.82351946897224,69.82351946897224,72.19784687222543,18.363148475993093,100.14284632581723,27.313892190248954,72.82895413556828,467.9560180998638,-81.02605780236212,81.02605780236212,82.4194191816865,15.091011074637269,-26.926750202260983,-105.72014169739694,78.79339149513595,328.6895440418864,S1,3,179712,179967
-76.97514490291297,99.33448151352732,105.00084376956747,71.41431410786403,72.5198320613118,-148.91237326505342,221.43220532636522,584.3848500213045,-27.22950096465704,30.042362663305628,49.51044751601763,41.35019577283858,13.270073516855664,-117.10251992423385,130.37259344108952,397.52261633009493,S1,1,180094,180349
-40.39869323347068,40.50056458216007,60.55333658784941,45.107118694828124,2.879700534300584,-153.3782291990068,156.25792973330738,536.603743422222,-34.275669308102586,34.83964043181428,39.64557563777675,19.92360813538231,7.719189155446988,-66.10096353883758,73.82015269428456,374.210435377882,S1,2,180358,180613
-39.20585306514234,39.20585306514234,41.36407070792214,13.186638349649645,-9.869467413649538,-68.22515679812916,58.355689384479625,443.9697095039959,261.91917811557323,279.17969720337544,404.14694947011117,307.7874281078731,849.6980958786083,-49.41974154915389,899.1178374277622,3185.645941136478,S1,3,180622,180877
-49.503905159452714,49.503905159452714,50.611649595452874,10.531023157168327,-25.524791334055987,-71.09202930197709,45.5672379679211,437.9624922038115,110.57989942122374,155.5795797848055,290.99125211470863,269.16165152428005,849.6980958786083,-60.02415142856616,909.7222473071745,1765.145013067168,S1,3,180750,181005
184.1881751373576,214.5762043788029,234.0065236146331,144.3390772929352,300.74450769562685,-81.20658526604566,381.95109296167254,878.9885010965263,-66.85449793643639,66.85449793643639,68.22537067659732,13.60798697920187,-23.290732708260528,-84.94414230074888,61.65340959248835,405.04791562196135,S1,1,181132,181387
38.4576220193708,75.55911004076678,125.01962512129687,118.95763100400414,290.15633503148035,-45.328494151199855,335.4848291826802,668.411951810697,-73.91316849600912,73.91316849600912,76.1716849281785,18.411113700106725,-32.074775274030635,-104.33070505638663,72.25592978235599,328.4273378570629,S1,2,181396,181651
-21.256306901067177,24.066907446865738,28.97630824804865,19.69253301669381,28.976055319325805,-72.44701662025503,101.42307193958084,655.2234162614218,99.37427911564514,134.3362631273153,257.9142592554357,238.0010877654259,776.7948189537778,-49.10213828740444,825.8969572411822,1830.1560008403665,S1,3,181660,181915
-12.299832276717831,15.573791386864631,18.201126953395182,13.416227053021236,28.976055319325805,-45.15251198412523,74.12856730345104,600.904810093352,-34.897607418828514,40.033463509400576,44.14553798682569,27.036743897658873,55.22456482011077,-67.04090805943638,122.26547287954715,371.4900909719034,S1,3,181788,182043
-139.235490579985,141.0089039235193,163.86068265022337,86.39329535067012,17.272381049773383,-222.4089019506136,239.68128300038697,601.2116517893629,-49.47780475504446,49.47780475504446,54.628832443253174,23.1572055899396,-16.008949109282163,-97.39760684503719,81.38865773575503,390.9233850980184,S1,1,182169,182424
4.56869944866912,31.194395446572603,52.20254973657643,52.00224210885013,50.19373039095247,-191.95914858595128,242.15287897690376,601.8132595791164,21.861033182936893,24.759937930310958,28.360635589851935,18.067121498315892,50.44092094252226,-28.06659798343158,78.50751892595385,382.2530593127502,S1,2,182433,182688
31.44044110504675,31.454995457704463,33.50663438499721,11.584179337784946,54.39570607321331,-1.0674148549554638,55.46312092816878,439.22176894927634,118.67963650291131,118.67963650291131,248.21931677706746,218.0091124260887,831.1324195021385,6.036159721388905,825.0962597807496,1804.591029138283,S1,3,182697,182952
26.39597852633544,26.39597852633544,28.11681039888153,9.685419177500316,48.35416263866425,5.705478422290885,42.64868421637336,344.7192988271772,-2.904744336532689,18.26442690797836,20.88561171963372,20.68263129397907,30.214945269117255,-42.552426583212025,72.76737185232928,282.52934228919776,S1,3,182825,183080
14.385563009357938,16.826886811200403,19.926858445483205,13.788954434985925,40.850199972032044,-10.382459037758501,51.232659009790545,298.588102636263,-25.951207387378222,26.67729887775832,28.89981849223746,12.717481827058235,8.770042146850733,-45.474141984071146,54.24418413092188,339.1352141047771,S1,3,182953,183208
16.779358363239076,17.900625150064876,20.772149437940882,12.24480809119304,41.47319490879218,-16.502888139847638,57.97608304863982,508.0906091643107,-42.842804658614085,43.35838613844802,58.30260911616929,39.54349907047508,9.866158047161653,-117.56676861706428,127.43292666422593,537.3357887029013,S1,2,183471,183726
3.2345106496870635,10.608423022649848,13.342942812336426,12.944962871725098,37.175642575078705,-23.886000148137757,61.061642723216465,537.3815518795482,105.55081067054815,116.11419795594304,241.3582568318547,217.05491127293493,746.5780173177831,-24.156417187744616,770.7344345055277,1726.5143460067686,S1,3,183735,183990
12.850177080418215,17.212984049726604,21.174677035033454,16.82973251539868,42.167984546746695,-22.08795587730574,64.25594042405243,531.3840791367559,-0.38900111328569364,7.988689565906297,11.800108916851485,11.793695289578258,40.63658292980017,-19.866099239457437,60.50268216925761,375.4729302635952,S1,3,183863,184118
38.73888748325557,38.80427207082832,43.15455093962861,19.016147437392945,85.86865673716713,-3.1695825619943534,89.03823929916149,417.65360904629705,-3.2542602522973763,6.037766192066099,7.609772812863119,6.878839471430342,13.138108753715873,-19.866099239457437,33.00420799317331,389.9308754870045,S1,3,183991,184246
-69.50219128759356,101.00021144540182,104.63859011945169,78.22199146281925,77.26289242340619,-142.94776208893148,220.21065451233767,590.0672799011123,-76.12636257986225,85.18104210019018,95.58366648583385,57.801507067155804,30.181518220454155,-133.8973259470994,164.07884416755357,527.40425157808,S1,1,184265,184520
-13.286665257205366,13.513399043293271,15.351594678148535,7.689992555596547,6.145117279357186,-30.83874735136976,36.98386463072695,357.1081581015921,152.21573573603712,152.21573573603712,290.1054322324005,246.9646363451351,845.4187457654592,5.760005633077791,839.6587401323815,1858.3821291571603,S1,3,184772,185027
-12.03874862461796,12.476603688857065,14.008160369921947,7.162198580234352,7.611808679616922,-28.75714537824974,36.36895405786666,310.56866712744755,30.832023480845386,30.832023480845386,38.172837147943774,22.506706200597957,156.93067182072792,8.775377715818745,148.1552941049092,426.18959656644336,S1,3,184900,185155
-3.797260175757833,7.937318383572767,9.293270001967114,8.48208008020824,21.500091051770397,-19.076566060931427,40.576657112701824,410.67186007242844,17.696957857049068,17.71444168584204,18.962296445628134,6.81075393019823,31.723317193918273,-1.1616433112046431,32.88496050512292,333.0687589762423,S1,3,185028,185283
48.21714296961957,48.85070068567036,55.155035469754786,26.780311079544493,83.96792443779916,-11.081445705284438,95.04937014308359,458.3618175676079,-87.51537677675117,88.74070340888773,100.72840073456982,49.87253294316791,12.181134909968065,-130.91528511703035,143.09642002699843,418.57237349666025,S1,1,185303,185558
-8.551682710601813,24.11643869185094,29.382493353123856,28.11048982966255,61.27897165297024,-51.23948870971372,112.51846036268395,389.49074642287496,-50.15682438915255,53.261271336772495,62.08459242377811,36.589473672387776,83.39141037024262,-118.99002705978634,202.38143743002897,567.6781209544549,S1,2,185566,185821
-38.047244401108614,38.047244401108614,39.59345168615433,10.956669653966337,-18.295523557339585,-60.455003230292924,42.15947967295334,378.0722808162699,60.22261926631561,79.17420898541586,200.09626658541424,190.8186364853432,776.6613979729785,-32.877657348335994,809.5390553213145,1125.005533150389,S1,3,185831,186086
-55.00402106014414,55.00402106014414,56.89058422337311,14.529151403021771,-20.95363528832002,-78.38685142174558,57.43321613342556,383.0842337353564,-18.633907009344107,19.406669806044285,21.944056468854974,11.589612757784977,9.320753397113961,-35.984729584204274,45.305482981318235,337.54551796631046,S1,3,185959,186214
196.27153371591814,227.85639030565065,243.03843141128328,143.33584407139145,290.2891761709244,-87.91961783069995,378.20879400162437,689.8920237447414,-8.174619895748304,13.56555687663338,15.931078777231313,13.673875111554366,28.975982496022162,-34.6131147299826,63.58909722600476,397.2070594447703,S1,1,186341,186596
18.435775306053532,103.45488072122892,138.44367210860193,137.21068666754346,299.2296151993005,-78.28787022710246,377.51748542640297,705.2587791784968,-26.076435127090953,26.747228096364005,29.247717908277888,13.245698694474969,10.95186208904104,-45.78236173861443,56.73422382765547,340.2726252085365,S1,2,186605,186860
-47.60592950187414,47.60592950187414,52.73861949066382,22.694436808249208,-10.128004435764014,-97.95103787039727,87.82303343463326,453.1289302537768,70.9058490088776,126.12264911651934,237.2686477970948,226.42608463644834,781.7019530146398,-66.84431696464577,848.5462699792856,1843.944347066449,S1,3,186869,187124
-10.4634160266569,19.461678726907202,23.54613737617722,21.09354191194332,27.228708172136002,-54.00264088641512,81.23134905855113,391.77485837077813,-57.77440654985377,57.77440654985377,59.84491876161697,15.605519837440447,-23.541549807287804,-84.23117282586207,60.68962301857427,317.33004569522996,S1,3,186997,187252
-134.08658578554736,153.707712467941,172.8926364146369,109.1450926005328,51.86334023401262,-236.20483737798432,288.06817761199693,598.8070702415906,20.18864483439379,58.76227147284366,60.125015473159074,56.63423086260043,97.9012237688099,-75.99933557473057,173.90055934354046,542.1701624799231,S1,1,187379,187634
-50.64264788010272,84.18835468274837,113.84004525836157,101.95527509706274,58.93540442875906,-201.03938309262753,259.9747875213866,587.506472237729,-10.069512667375072,64.1344802637623,65.3499219279011,64.5694758428806,89.35721319468195,-79.09078279471011,168.44799598939204,487.4465616753507,S1,2,187643,187898
3.232378730040905,10.448441051711534,12.500638964159355,12.075500083136856,25.101184243860438,-32.143122262068296,57.24430650592873,379.9732365518727,110.24347742559894,129.85493099932458,259.209686832347,234.59760747466046,852.2323462625661,-53.5390898161195,905.7714360786856,1912.0531490780586,S1,3,187907,188162
-11.826245916819536,17.49836550682012,20.4365184937733,16.6670691983098,22.30899429690047,-40.518056852931046,62.82705114983152,412.5399112931009,30.102827062299557,30.102827062299557,40.4670511727312,27.044445519805567,194.12888393298616,6.696228060636432,187.43265587234973,514.6011224640187,S1,3,188035,188290
182.22648661782608,205.40190000272707,228.54010950921318,137.9278406610007,285.7194493522426,-63.94986710662379,349.6693164588664,639.0370582203813,-94.41259450993897,113.94364887847158,124.95391581528166,81.8519582873516,67.48131464672878,-161.42433636339837,228.90565101012714,541.714018718181,S1,1,188416,188671
70.05347321445417,127.57958673268858,162.92892413960465,147.09977978189087,271.19948400670313,-60.80017985057419,331.9996638572773,566.2583191367055,-85.33547968926877,85.33547968926877,100.55196804734915,53.18415350832919,-17.97919761989791,-168.40092434237746,150.42172672247955,494.0424965865142,S1,2,188680,188935
-28.59218226544981,28.59218226544981,31.789827028707453,13.895330719865441,-1.6563242116736179,-51.44767813716002,49.7913539254864,330.4105710697754,75.04997153614354,123.13622706537166,238.49707711034836,226.38100088700796,786.4382327878267,-63.15783197417596,849.5960647620027,1840.8967002808977,S1,3,188944,189199
-21.369197457119512,21.369197457119512,24.254561840773835,11.473498600102726,-1.6563242116736179,-51.60704539284758,49.95072118117396,331.2282562487226,-22.81107593538248,23.911183371642174,26.29164428821566,13.073078216253341,28.900603019754378,-48.66098810740217,77.56159112715655,429.42252845971245,S1,3,189072,189327
-12.382315948695869,16.739808619647093,21.353115255186758,17.39637269225862,27.970102146940505,-51.60704539284758,79.57714753978809,408.6934659339222,-24.558613633361084,24.558613633361084,26.702227353113283,10.482530325481644,-3.5903854171600065,-48.66098810740217,45.07060269024216,463.21992758098264,S1,3,189200,189455
-21.687876832835904,95.09950971761913,126.16239186863912,124.28429152752892,90.60298822037515,-250.4290283537971,341.03201657417225,676.8538297841213,-48.39763644556987,63.66946529604029,67.24082946263341,46.67973793098454,49.64601764238412,-91.37444052377546,141.02045816615959,469.71097011324343,S1,2,189718,189973
90.99499436107183,90.99499436107183,92.64525534448174,17.408455964637703,122.96614945758792,56.21333544329562,66.7528140142923,451.13152672812544,98.09836129406241,148.26823893090665,277.4790118408474,259.5598457458178,826.1941252440721,-72.9263722222465,899.1204974663186,1928.9544584884716,S1,3,189982,190237
82.13296690948775,82.13296690948775,82.85394536506715,10.906512238223602,109.43808888561053,56.21333544329562,53.224753442314906,406.66870721532905,-30.700771767292682,32.966097294389286,35.47425633782225,17.7731672926951,53.12404699248934,-59.62440567953361,112.74845267202295,466.24875437209676,S1,3,190110,190365
76.95692233366947,76.95692233366947,78.19989786736211,13.887265079756677,109.43808888561053,48.299030564344854,61.13905832126567,454.3987329393627,-53.90572903668907,53.90572903668907,56.148306592967465,15.710019423314902,-20.33666641775615,-81.725062254001,61.388395836244854,393.71684092485714,S1,3,190238,190493
-123.20922374820132,149.42697469364484,162.06603297937488,105.28478631330115,62.85705989550082,-214.1595213928472,277.01658128834805,545.9901329243315,6.345963573992607,13.879628821975666,18.261276796670952,17.123170750833268,45.44407658785904,-77.82578120664517,123.26985779450422,458.95706767757986,S1,1,190512,190767
-8.654736098918622,70.76833382809879,91.56185364298379,91.15189842014954,59.916916214630426,-189.19192012247015,249.10883633710057,614.9786667026093,-26.94495607318104,26.94495607318104,28.75373498064576,10.03726145676977,-6.1189776025181715,-44.4717367290037,38.35275912648553,326.7661614539743,S1,2,190776,191031
23.75284120008792,23.776404226362352,26.97087757839377,12.776179877886417,51.729265493660044,-0.955768955269146,52.68503444892919,374.3043168330853,110.777840729598,149.9650765089974,287.5882151042302,265.3964044031584,862.6053859487741,-51.59704090327111,914.2024268520453,1970.411633801853,S1,3,191040,191295
7.861224307544929,11.990589899543014,16.22461039149356,14.192925517391597,42.673583788841235,-14.171302543170917,56.84488633201215,314.760740937185,-11.70060573625886,21.613519466595733,26.505524633659086,23.78315919952887,59.610206827271945,-51.59704090327111,111.20724773054306,526.3000542201275,S1,3,191168,191423
67.41886443020886,81.00763844360526,92.29104542930106,63.026453060397046,162.63980345437935,-35.649972187711505,198.28977564209086,627.8918011887804,-80.05149341900716,80.05149341900716,91.92028582800621,45.178505376882654,-4.184561995591984,-137.29661997613886,133.11205798054687,435.3742440332509,S1,1,191550,191805
21.558993571505905,28.465168714925145,48.6698170896231,43.63440032498597,119.70433110085813,-24.657331090079555,144.3616621909377,404.8685202030261,-81.57520479691965,81.57520479691965,86.83632240150642,29.76630394521603,-11.107382316161905,-150.97891390939128,139.87153159322938,559.92651515685,S1,2,191814,192069
9.652435879752439,13.043411192086435,15.133937137943592,11.656180115393552,34.30072992517889,-25.715481210534698,60.01621113571359,385.159067894897,70.58974068342653,151.81283679277544,264.36841137276247,254.76998536327775,774.8439487958722,-103.66229307161093,878.5062418674831,1937.167315658298,S1,3,192078,192333
17.098306692980493,17.098306692980493,18.4826827622434,7.018366642069064,34.30072992517889,3.560884593972797,30.739845331206094,422.130140776987,-44.91916867630472,44.91916867630472,46.09468972423408,10.343534512104439,-26.36020447109736,-70.4873219272876,44.127117456190234,389.6857270594114,S1,3,192206,192461
-141.83944970031084,168.08893808003646,188.0380715398278,123.44993664287716,83.88988281119848,-265.35583195145983,349.2457147626583,935.8897279124793,80.39326919684413,101.896769219867,110.67465024296294,76.06444947704497,160.18087541884486,-50.80078577028291,210.98166118912778,564.765668979428,S1,1,192587,192842
-5.450028470185956,115.42318601860534,134.03610441622385,133.92525705314523,96.91613317580052,-242.8058244695384,339.72195764533893,669.7887982696627,-1.5214958365592786,66.93346269573314,74.26368847106251,74.24810082248807,132.62099215856566,-62.75205539524844,195.3730475538141,571.9061739176717,S1,2,192851,193106
85.4875690484774,85.4875690484774,87.25457616275635,17.47102170807587,126.7299250250062,43.530685826810675,83.19923919819553,499.2257614608898,51.01491034161545,124.80330645094573,224.7383967855851,218.87171108343816,750.3502886459681,-69.62620468059485,819.976493326563,1815.0818730281585,S1,3,193115,193370
96.22237179729521,96.22237179729521,96.85863112668046,11.083753400244984,126.7299250250062,61.418885068416884,65.31103995658931,525.899655558416,-59.25554955260309,59.25554955260309,61.674391579911045,17.102936121356525,-7.697782770184147,-85.68489803736665,77.9871152671825,369.30803945302256,S1,3,193243,193498
95.84004906267461,95.84004906267461,96.13283849699756,7.497175011558764,112.82011092966155,78.95517152246936,33.864939407192196,443.8072174374256,-72.96651366124154,72.96651366124154,73.30840018030824,7.071733954276631,-56.95657298363977,-86.02933072801973,29.072757744379963,388.96872685714516,S1,3,193371,193626
-1.7076987998174378,35.50702267996198,67.07820956785102,67.05646846977287,38.72122983245913,-270.1933248637554,308.9145546962145,665.6318528016325,-65.3564463268678,70.81793966137663,73.5248018660429,33.68132142544461,47.40581308101805,-100.17233437878026,147.57814745979832,405.3513802596996,S1,2,193889,194144
26.459532868416154,26.695371102114333,30.42740756428212,15.0239891995481,56.142971503412085,-3.7154900470158996,59.85846155042798,529.3259061426874,63.96725130322465,97.13921250719173,210.38474553421094,200.42437954052596,743.0993576198124,-69.01284557689551,812.1122031967079,1846.6282015533216,S1,3,194153,194408
13.070511678375368,15.882186544633553,20.75594455058361,16.12361493748702,56.142971503412085,-22.960883538888385,79.10385504230047,566.026129413958,-8.511729614599865,10.85866330736448,14.989692037759987,12.338611200407799,14.43331124075682,-44.212669874480284,58.645981115237106,399.4815392795675,S1,3,194281,194536
0.11355449730900435,9.58457517113473,11.755332523629273,11.754784052343842,27.743278405422817,-22.960883538888385,50.7041619443112,445.63602563696895,-16.198249685779217,16.8884770437048,20.451623136084045,12.485415332201077,11.498003678715817,-42.4833353998389,53.98133907855472,376.2890252764555,S1,3,194409,194664
78.83352029053528,80.04929169460176,89.69198662624524,42.777664073255785,130.90026448319824,-10.40055668855953,141.30082117175778,633.62519799425,-18.17768954203357,18.46114774327095,22.970841710785262,14.043901588070014,4.970561240435997,-49.60432873559676,54.57488997603276,321.79508389412115,S1,1,194684,194939
13.351412848379663,20.73055447982977,26.367246857728354,22.737006878842,63.57482751094077,-30.886993174203827,94.4618206851446,412.7542388241287,88.49790473990143,118.58478141236095,238.73097744100517,221.7218988881907,753.5520105212912,-36.56483065503414,790.1168411763254,1750.2205178077495,S1,3,195191,195446
41.765193570876875,41.76788106049748,44.956939262034986,16.637157022685336,75.90278298209452,-0.34399867143752455,76.24678165353204,411.5754192201787,-25.970044425092564,27.480691222410883,29.248032377244737,13.453779784843919,32.83547438454676,-44.69813738445928,77.53361176900603,320.87462788375393,S1,3,195319,195574
41.77811524273672,41.77811524273672,43.98678192764796,13.763214417971826,75.90278298209452,15.446778267590316,60.4560047145042,338.21658226505565,-43.92349955671173,43.92349955671173,45.71267543443086,12.663920485582736,-24.381657857070596,-74.13738244708148,49.755724590010885,329.66598661065973,S1,3,195447,195702
-175.5000483566598,209.1259119162525,231.5982211737922,151.12071028709082,82.11526360503274,-298.4164441233042,380.5317077283369,826.600247394796,-48.9910843755846,48.9910843755846,50.29923740357282,11.39679494793729,-16.770105951942703,-69.70922706868329,52.93912111674059,310.65758813945365,S1,1,195721,195976
-31.042596567830063,80.92301282335971,130.0074574800928,126.24696510714656,52.570151437144446,-315.37345926458255,367.943610701727,696.2881890014818,-20.579129523185177,22.075369674623875,26.46273382591877,16.636577460805867,18.921581866984045,-58.63066396358928,77.55224583057333,401.54468951509466,S1,2,195985,196240
3.4425706142139374,17.448248072080325,20.023084172894,19.724923507100065,37.38314867241544,-37.029342604568484,74.41249127698393,437.547332356774,140.07243733910556,140.14863321403564,269.9261801437033,230.73763244181328,831.4971342120252,-3.2131917280847846,834.71032594011,1819.9687163735093,S1,3,196249,196504
-16.771528114733833,20.502899997286427,22.552496655904235,15.077498138327336,27.40709141838001,-39.53118612707139,66.9382775454514,392.87139648492496,15.544083440909146,15.655350018888418,19.465233613203665,11.716517810281683,51.9324983556196,-3.2131917280847846,55.14569008370439,344.91487151001456,S1,3,196377,196632
219.42871487506682,234.16614413211482,255.64323183817595,131.16592954324685,321.0937982917397,-55.91559571273661,377.0093940044763,806.3050280957648,-109.44622040028509,109.44622040028509,118.83740521547774,46.30176798395365,-0.5120631852557108,-158.33502697410793,157.82296378885223,511.416427566655,S1,1,196759,197014
-3.281280956545096,47.06438436373584,78.29196117691875,78.22317035388151,293.6917435044818,-53.13253937932541,346.8242828838072,769.0340405556498,-69.62026685943478,69.67930891889893,74.5029880790178,26.52760213670574,3.2465668305183675,-141.63331630386904,144.8798831343874,526.8277908030241,S1,2,197023,197278
-51.38193696215551,51.38193696215551,52.11176693598275,8.690961236092534,-30.841379375710154,-66.59640486328942,35.75502548757927,426.08388398384614,72.86632594625735,135.55275336815455,247.24270904915787,236.26141394874514,780.1428733248559,-88.88952825127971,869.0324015761356,1972.2598368387958,S1,3,197287,197542
-46.3189677211941,46.3189677211941,47.36171921305765,9.883606429815664,-27.65403038652729,-66.59640486328942,38.94237447676213,379.6541880773665,-46.10632950526044,46.10632950526044,47.62314916496146,11.923536217939715,-20.206873866015204,-73.93707179440631,53.73019792839111,436.0875100820065,S1,3,197415,197670
-32.59097246056008,32.59097246056008,37.25520692107691,18.049347822214287,-7.598322407019607,-75.98142248802192,68.38310008100231,403.9141567150246,59.54910812099787,62.31136317096739,70.03064023187466,36.85368764832045,134.60605519123266,-16.57177460678927,151.17782979802192,524.9978092259109,S1,1,197797,198052
0.18428870926500718,6.696535561836486,8.977897295541515,8.976005655130187,23.89892667775629,-21.85826722730857,45.75719390506486,417.021849933869,-18.701077178083917,40.66871790275562,42.19212364343209,37.821224331346144,50.560121209421744,-67.1669320925329,117.72705330195464,415.34393638651164,S1,2,198061,198316
13.869152355838162,14.436761604992288,15.87462815146452,7.7233692050696785,27.49917954083536,-7.911542490114647,35.410722030950005,279.1688420301509,88.26169504765512,107.94892464149233,221.1255289240849,202.7470658955908,722.5552928287008,-47.93562401796592,770.4909168466667,1685.1973292958737,S1,3,198325,198580
22.9813034445394,22.9813034445394,24.983270649249814,9.799158347718885,50.54778989176284,5.163285134364028,45.384504757398815,316.72195030325554,-19.145241816934167,21.224140555196726,23.14601166257301,13.007596690206885,17.192379247084016,-37.358624753047934,54.551004000131954,330.9070667164166,S1,3,198453,198708
-9.968778583945397,32.46113477733823,34.586121783660666,33.11832232433398,58.10575744584326,-50.82334725257516,108.92910469841843,424.6479866651122,-56.68298322349523,61.92482265410784,69.90678620279519,40.91452272834519,26.42235096114907,-100.89286897445513,127.3152199356042,408.9794195874068,S1,1,198836,199091
-7.189856286800021,22.14195591636913,29.618019182645437,28.73209054139144,31.254957350964048,-67.22093624463805,98.4758935956021,453.5832483896827,-6.171739849409864,82.97536991505528,161.24216789279888,161.12400917926772,781.5021320502566,-119.21951979174477,900.7216518420014,1301.2048397032192,S1,2,199100,199355
17.344994966849953,17.458751014840836,20.46927874601763,10.869338617511133,40.29423358639522,-3.1985122806040405,43.492745866999265,361.9380395025662,7.603919717102805,61.92058632687427,121.25386793947565,121.01520935493875,642.4307531470729,-53.76330885655154,696.1940620036245,973.9113275157395,S1,3,199364,199619
-6.189948935652476,15.94782425427778,20.1254323658002,19.1498710200464,25.39829263888651,-49.38853191216508,74.78682455105158,419.4828580394592,-31.456185990351862,31.456185990351862,32.63869159664069,8.705891802739973,-12.124804188871186,-49.50093325862427,37.376129069753084,403.458050866381,S1,3,199492,199747
-28.517628479685722,29.293916849892398,31.652029407350785,13.733019751621155,11.167608077451964,-49.38853191216508,60.556139989617044,368.803989197006,-26.205133013783573,26.205133013783573,27.833712753853455,9.38118166298547,-9.320085950480562,-49.50093325862427,40.18084730814371,351.9655303384986,S1,3,199620,199875
-11.871503250569488,45.05189441813721,49.16501029769984,47.71022582366016,90.33444212152949,-56.903577264733265,147.23801938626275,650.5189655667193,-50.6007344347597,50.6007344347597,51.174980195001524,7.644885389704787,-33.278895916291425,-66.59349508618764,33.31459916989622,345.9814321865123,S1,2,200137,200392
-68.3776025388882,68.3776025388882,71.35041183990747,20.380989690352067,-31.916713018418097,-117.16409560756301,85.24738258914492,499.30000545646976,79.68449877483542,125.7209894461646,234.63549997565067,220.6902773205626,752.2265479917264,-59.5044081899781,811.7309561817045,1897.2146430967482,S1,3,200402,200657
-85.47046672219939,85.47046672219939,87.4051029299526,18.28801073066769,-39.48143814067479,-117.16409560756301,77.68265746688823,494.6384572526564,19.138100657026783,52.8306185653928,56.24071263470298,52.88431583088459,84.2075247399981,-59.5044081899781,143.7119329299762,455.986099269513,S1,3,200530,200785
-78.988285887685,78.988285887685,81.35800403604739,19.492960607738546,-39.4168649011125,-107.30290173989101,67.88603683877852,455.5432459846968,60.102579460845966,60.102579460845966,61.098162413880765,10.984780039019865,82.99648645934622,36.83155440524455,46.16493205410166,385.94406830645255,S1,3,200658,200913
41.95918214130501,115.7095463839913,147.5568076218719,141.46532617426402,268.86351655535475,-70.07795804404363,338.94147459939836,680.5181949142731,-44.13762934689898,44.13762934689898,50.42346260478219,24.380222654677084,-9.591277143420454,-93.67775288950067,84.08647574608021,396.2585101683013,S1,2,201176,201431
-45.28821031977111,45.28821031977111,46.34021015586199,9.817997928377851,-22.111126053058022,-69.71481247699113,47.603686423933105,370.99829567140614,85.79830050714413,140.40086702045812,250.73980232736622,235.60369288543097,767.2638324923353,-63.19285616542921,830.4566886577645,1789.3220761826608,S1,3,201441,201696
-23.616508794810926,24.56063852881472,29.617885327686608,17.873993499736194,9.020783256250764,-57.21899520268135,66.23977845893211,335.04747328693486,-53.86183294496602,53.86183294496602,55.13177145502738,11.764997899615004,-15.562858807219584,-76.68929854963989,61.1264397424203,315.8913747412985,S1,3,201569,201824
-3.4284677485512307,7.879353791335336,10.103994965688596,9.504542238519672,12.115803221343043,-29.74240076245875,41.85820398380179,323.34196207361833,-58.37619145740135,58.37619145740135,58.92170388641873,7.999216199580758,-42.94486163995508,-76.68929854963989,33.74443690968481,346.16049152878514,S1,3,201697,201952
-47.288104678017504,51.57649826272248,56.34294543327055,30.632705660084316,23.496546361500485,-78.87140595117377,102.36795231267425,415.0084578186496,-37.730529589446306,37.730529589446306,39.878171742536566,12.910295055774645,-5.87085500355486,-60.7583147812429,54.88745977768804,447.9994783027827,S1,1,201971,202226
-18.526014940244142,19.166953328578398,23.32039326921586,14.164304171569436,9.935971388357219,-61.94092885896223,71.87690024731945,607.7795117718761,128.23909024747047,173.24513360301034,303.1840065628645,274.72764252621573,785.2596280486212,-78.01250546130532,863.2721335099264,1892.4334119784723,S1,3,202480,202735
-10.008652529821825,15.139269165563693,20.10030793269373,17.43127228650857,22.6758139467468,-61.94092885896223,84.61674280570904,647.4705100742478,-23.60850696574548,33.95129145880169,39.591871664154795,31.78293096489451,141.57280385509,-64.09660444756324,205.66940830265324,501.8657213336368,S1,3,202608,202863
-0.6346003754926567,8.14192785438961,10.133178828617792,10.113288067496763,22.6758139467468,-23.696519833387036,46.372333780133836,463.9023033805763,-34.06796198046844,34.06796198046844,36.80316657963462,13.92289613498901,-9.22220131048556,-64.09660444756324,54.87440313707768,399.8607722165855,S1,3,202736,202991
85.91013435197435,95.6305173190814,101.8909997164231,54.78343398179644,130.2047718477429,-41.67466444601747,171.87943629376036,558.1326455912516,1.8874436680377666,12.745547207144615,17.29366302531205,17.1903559367754,55.9944849497739,-38.047795822010926,94.04228077178482,475.92377242141123,S1,1,203010,203265
-14.871388792959065,46.72338204729169,51.95199163476461,49.77801954866529,99.25528883657378,-63.90259146520258,163.15788030177637,501.8918344289411,-31.384625521351158,31.415363847930166,35.64004966668065,16.888410852653287,1.2936660621817724,-61.32497231788516,62.61863838006693,355.3682477545418,S1,2,203274,203529
-11.659888164641576,18.232993594588418,22.039634487546344,18.702740342866697,34.675950003086655,-42.32510181884191,77.00105182192857,420.41451004443064,124.28351555906929,162.63834482874597,304.6461655681987,278.1418594093397,835.0607823931637,-45.237291842084346,880.298074235248,1893.0928481501878,S1,3,203538,203793
-1.546365368054385,12.071974879812824,14.927443538177828,14.847131868949269,34.675950003086655,-29.47122767669192,64.14717767977858,502.6665715157811,6.055880733164038,56.02305981895273,110.1936310210513,110.02709950802708,602.4901624246141,-49.346846038858,651.8370084634721,888.9595124288494,S1,3,203666,203921
21.4838749045548,36.59118433440097,38.89609160112167,32.42451327203368,62.08152188884831,-43.22180243129914,105.30332432014745,430.6855466127939,-73.54538635669935,73.54538635669935,74.10046317922897,9.05288843519512,-54.6033037519827,-99.70622283828646,45.102919086303764,414.58752544860954,S1,1,204048,204303
-16.602236220252475,37.36801943350973,39.26150586950159,35.57852717058204,55.08672947780959,-61.747970861938775,116.83470033974837,586.0195792511124,-37.97906152350573,37.97906152350573,40.326295716753876,13.55732318818317,-6.275461261308637,-65.02906482449545,58.753603563186815,408.9235259467928,S1,2,204312,204567
-50.38753885529264,50.38753885529264,51.93250964708164,12.573046025152458,-27.341213741873947,-81.37089562411806,54.02968188224412,551.2276797815789,111.03069583099968,128.910438464315,262.2406063386554,237.57592511900208,797.1470844996659,-35.31474482783767,832.4618293275036,1842.1503565420094,S1,3,204576,204831
-49.28536248154205,49.28536248154205,50.92831085734138,12.831441534177035,-27.04672850674567,-81.37089562411806,54.3241671173724,482.2943276345269,-25.65293382031241,27.920729369172577,33.19121928507911,21.061434520014988,16.394943937243912,-63.33066888047304,79.72561281771695,340.4981791982009,S1,3,204704,204959
109.72455375629752,119.19338751338506,133.04614764186675,75.24493142612856,198.74870971444875,-41.96024214968443,240.70895186413318,810.2232021133952,-45.489178370413356,45.74209066522027,52.83048616552723,26.866241264283346,11.152516293117854,-106.60424615021135,117.75676244332921,446.6612000276561,S1,1,205085,205340
1.8576332064077548,40.17257233653595,57.701912427055746,57.67200271024114,194.45208279946678,-45.573863166340054,240.02594596580684,535.3164004468172,-2.663477140201922,10.407064425355268,15.354336449954992,15.12155869419678,31.179714042622074,-56.05714946986912,87.2368635124912,405.851149182894,S1,2,205349,205604
-24.36822292538409,24.520917713722316,27.103679033611712,11.865880861353212,5.147220226251868,-47.927650536851125,53.07487076310299,318.18040652253296,165.81985009059838,165.81985009059838,289.52118661132727,237.33161359743556,833.616179891343,3.015533486304829,830.6006464050382,1766.1201839440278,S1,3,205613,205868
-28.966373229971737,28.966373229971737,30.194808217645477,8.5250023579098,-5.025121838345321,-49.59933306023572,44.5742112218904,290.61096905082707,27.674530425817203,27.674530425817203,32.17129130959494,16.404644166739402,83.02970866288322,0.2974184793542365,82.73229018352899,289.2718704977739,S1,3,205741,205996
-26.806090279814022,27.274521342843727,29.31526137815138,11.866679130228231,14.880523503863424,-49.59933306023572,64.47985656409915,369.2220240492853,-6.073461916795697,23.214063448991723,28.124119706435913,27.460501991172144,24.9107185581062,-56.21021024876843,81.12092880687463,373.2495506027349,S1,3,205869,206124
28.516944886246705,40.964214382626025,44.865491742059326,34.63663095065052,69.75301991117352,-42.430438954956756,112.18345886613028,494.44087758058424,-122.98476006019345,122.98476006019345,130.4977805807812,43.63965546892371,-40.85283226387045,-162.38729666200544,121.53446439813499,405.66150347812436,S1,1,206125,206380
2.4242519217508587,17.70799298508508,24.29883298191572,24.1775988655392,57.372327408756625,-36.64583598121848,94.01816338997511,396.6855115571885,-33.11547835715639,37.19212787306881,63.15431305150965,53.77575987547539,24.00939604785779,-144.62009190934313,168.62948795720092,512.1928441145576,S1,2,206389,206644
7.198001839783624,11.2009220258088,12.813438045301753,10.600611494402479,24.144119623204254,-24.45001405376065,48.5941336769649,366.3074260998285,91.0588368867671,102.99137064652984,224.66983598613456,205.3894433189441,770.3446810618726,-28.154245597235068,798.4989266591077,1714.8622502285857,S1,3,206652,206907
5.789696168490247,8.546548988439843,10.552877529525006,8.822847750569153,23.197635151113897,-14.283630397935758,37.48126554904965,382.64600835265344,1.3603070914235067,13.591026444118283,17.046516354373484,16.992153613857944,44.08330067272626,-28.154245597235068,72.23754626996133,344.096686760633,S1,3,206780,207035
-50.17371422884586,51.377899734682984,58.576971832302114,30.230117921113475,12.563521031176547,-86.91562171041211,99.47914274158866,394.77000913657844,-72.99850058514117,72.99850058514117,79.42745843833482,31.303994414364276,-17.00486278615359,-115.11546490133782,98.11060211518422,495.0203137003366,S1,1,207162,207417
2.993370386276247,34.99421224986114,41.3460670751234,41.23756777880053,49.57398957206063,-87.85994306891993,137.43393264098057,582.1990513608739,-19.84995668890003,25.62712583786928,33.52446925273461,27.016092576950154,47.990263656659025,-76.35298788669004,124.34325154334907,542.1406436308439,S1,2,207426,207681
36.45151200580637,36.45151200580637,37.88617441154456,10.327123705685306,61.931146836166924,10.296240195031155,51.63490664113577,454.45663249542247,99.3336944068876,129.25750030738325,256.7377340069676,236.74264765460305,785.523469553436,-40.9000972167461,826.4235667701821,1850.9615917552983,S1,3,207690,207945
43.06560932701015,43.06560932701015,44.0770562237736,9.388300093575804,64.49635155548984,22.047890380424104,42.44846117506573,442.8946040305687,-25.297629450182527,25.297629450182527,26.250897712307417,7.009962546496568,-3.3359466401043596,-43.24941580456537,39.91346916446101,392.2633149023594,S1,3,207818,208073
43.731749900616386,43.731749900616386,44.46184147476945,8.024300465303362,64.49635155548984,22.830932677010033,41.665418878479805,462.76428394311944,-27.587316398915757,27.587316398915757,28.35430632451325,6.550317629737184,-11.329966264921794,-43.24941580456537,31.91944953964358,366.7946372909314,S1,3,207946,208201
-65.70930284635035,81.35099112788566,89.8622483846103,61.29854161547409,35.98027053251305,-127.61295670693998,163.59322723945303,440.9149735965127,15.384383207517702,31.938115452356257,34.26890001099664,30.62153264106702,77.8909857559465,-35.25944016308968,113.15042591903618,387.09300397757715,S1,1,208246,208501
-7.943147744413782,49.22211137859324,64.15230215596955,63.6586543670319,61.502296143260224,-149.6171742957285,211.1194704389887,661.1852864635001,-42.42708632069544,57.96619388056307,60.177974257160884,42.67705392868369,42.694723931296416,-76.42484549607333,119.11956942736975,337.7712760557027,S1,2,208510,208765
24.782670228248275,25.49762626046122,28.378659330164016,13.826335802930645,57.57840010870887,-14.386547249673761,71.96494735838263,433.6553098801258,70.81235441906331,157.68564806874,253.71846291876454,243.63634557981996,723.3023636112565,-96.18031146001628,819.4826750712728,1731.3251511739988,S1,3,208774,209029
19.74141370110858,19.74141370110858,22.76781860561596,11.342404909890789,57.57840010870887,0.489437767095371,57.088962341613495,354.43181801568437,-73.97936425125457,79.73664859179229,86.59211492505003,45.002755828651964,106.8895890307865,-132.13257497487533,239.0221640056618,391.69847981486885,S1,3,208902,209157
-42.66312541149811,87.35533414811911,91.50065100620918,80.94582672802147,97.72060517737368,-155.024658309666,252.74526348703967,746.2708717508249,52.01982199141464,98.0787389553895,100.36847829585184,85.83571258751462,133.6641273441583,-93.74500863401344,227.40913597817172,505.4583031765664,S1,1,209284,209539
3.232301896340914,36.61677886307153,42.918296183830385,42.79640606141946,48.06112034847216,-96.67426963105213,144.73538997952429,450.62283233660276,-17.327312504432864,64.72591424788311,68.71930226913621,66.49892289150729,108.80382376365513,-71.9757926107928,180.77961637444793,382.9693046510806,S1,2,209548,209803
42.44885481395751,42.46421591662576,46.08130194833217,17.93268285106604,75.83292179999681,-0.9552407425271381,76.78816254252395,391.8528665686115,103.16060568794082,127.3746052488394,228.57042543097936,203.96648944323206,678.06415345333,-54.51919616534839,732.5833496186784,1565.175547640914,S1,3,209812,210067
55.995269608249444,55.995269608249444,56.84599722753153,9.797815179517219,77.4917421617037,32.633579283442636,44.85816287826106,345.4030959142273,-10.405191007081442,26.294059336735106,32.04188843665972,30.305356204695887,96.99958667081731,-51.77547275426294,148.77505942508026,373.892496638667,S1,3,209940,210195
-108.83160398511627,133.70839800708137,145.18042667351315,96.08869997627272,65.24358466410625,-188.86522233950996,254.10880700361622,568.4933035637968,-48.36632619741558,48.36632619741558,50.291630115345995,13.782109774050133,-25.829737426545577,-77.27668564620974,51.446948219664165,301.0632026346838,S1,1,210322,210577
7.228397912833671,98.6414712215427,107.7049492279889,107.46211589121728,92.61292845004297,-179.37376306784347,271.98669151788647,514.8043597583979,-50.78131750103611,50.78131750103611,52.186237877715214,12.027519141054865,-25.45422291605453,-72.00388651600399,46.549663599949454,302.90173246287765,S1,2,210586,210841
43.767872535654455,43.767872535654455,45.32854749094353,11.791969782077436,65.34375679598824,21.80224646443269,43.54151033155555,307.7654369982611,92.33285585477407,109.11897784501491,225.29316335989728,205.50341405049912,716.8482597250836,-46.07619146242307,762.9244511875066,1648.5890513466848,S1,3,210850,211105
47.83919118782486,47.83919118782486,49.26157715335269,11.75222405038549,71.00950774071264,26.627368400494543,44.38213934021809,326.03873194361455,-9.164558358618976,12.941795160226537,15.658811545374256,12.696820432888433,22.537404946847374,-38.26013428265611,60.797539229503485,279.39293795469644,S1,3,210978,211233
55.04629113207294,55.04629113207294,55.92107842085624,9.852555219567169,71.00950774071264,27.210105406218187,43.799402334494445,318.85562582793807,-13.9381566334154,14.342469893327955,16.377714256959457,8.599843832593205,5.769042610140101,-38.26013428265611,44.029176892796215,263.37913437753775,S1,3,211106,211361
-9.629887019890312,94.66200363897593,111.83137085071438,111.41598082112888,100.31510408112625,-204.3941754154948,304.70927949662104,729.1829506317148,-13.230758282451353,21.53085776563683,28.135557258141663,24.830558139065516,43.72762034871168,-64.99927296390983,108.72689331262151,396.7240953760969,S1,2,211623,211878
75.89824561413545,75.89824561413545,77.34004445719059,14.864009867346862,111.97297139549507,36.037689216285415,75.93528217920965,397.6401510985618,119.33159497280252,119.92447821205249,235.51661951416847,203.04691208838568,739.4672389346047,-6.957724747148596,746.4249636817533,1616.0311810893672,S1,3,211887,212142
81.97311026040501,81.97311026040501,82.81944210210763,11.809707208048852,108.43486496286762,59.50287418086701,48.93199078200061,301.1432743010831,10.59137352449242,15.189961886940754,22.884622151621265,20.286171099721003,78.2890599401049,-15.875365121520582,94.1644250616255,309.2523701003229,S1,3,212015,212270
85.20281690839407,85.20281690839407,86.54837420068229,15.202008671751415,110.56474391069885,44.21832023569667,66.34642367500217,354.3114343322621,-4.452099840299516,6.386777794999628,8.325973148511226,7.035668829737152,8.453843403476492,-25.386309678489063,33.84015308196555,321.43298467185286,S1,3,212143,212398
-80.50649456301642,100.41370306691985,105.22078512446012,67.7504092635817,58.12531241646463,-136.42090494481428,194.5462173612789,437.72937420549533,-102.81878217058457,102.81878217058457,111.4243263182608,42.93807783816306,-11.629213137149918,-142.52783821735923,130.8986250802093,339.9604950906665,S1,1,212418,212673
-6.482258335754597,11.24665833691607,13.842749767401825,12.231191601452545,18.194923238335925,-35.78320324577133,53.97812648410726,326.0402144238393,139.31636083130317,139.33413200920813,258.89060839644713,218.20930026147988,761.5433704082589,-1.767687228260757,763.3110576365196,1644.6273076853424,S1,3,212925,213180
2.471803938933206,8.284948196837162,10.50258812251959,10.207572804480204,38.54980705277186,-17.99467236993039,56.54447942270225,396.18902042895553,11.694594209166338,18.96109873984058,28.738031944187114,26.250922770600887,101.87784535594426,-16.900930914501195,118.77877627044546,339.47796051840754,S1,3,213053,213308
23.016263936721625,25.608486491434917,31.08878619878126,20.898904796871527,57.62303258317773,-17.99467236993039,75.61770495310813,415.6793880651537,-3.9581768614264616,7.546936416168523,9.202962396529465,8.30827014519891,17.417369075578694,-16.939234417824967,34.35660349340366,281.8137669576877,S1,3,213181,213436
-26.26797627589793,46.03039471997016,47.50352192685524,39.58002043738836,46.60124392399677,-72.88470424312027,119.48594816711704,367.3895296050838,-36.23818296181173,56.4746293452899,59.783780029257464,47.54886381621438,71.05840776396978,-84.89971739954096,155.95812516351074,420.17397078898796,S1,1,213455,213710
37.09760691162012,55.78732724484007,58.60840895314521,45.37304443664792,97.01643813001908,-63.55594156811596,160.57237969813505,511.96428389171524,-30.147274365178298,32.829040769745276,42.02593611253736,29.280047036945405,35.40195481067592,-95.59619839548796,130.99815320616386,476.3091554383831,S1,2,213719,213974
28.965574995142177,28.971715211840948,32.47724783880663,14.689012641565284,65.77232652001138,-0.7859477374428766,66.55827425745426,484.69075376094054,56.49224639133148,115.29102402904176,208.90247389817503,201.11904359965217,692.5683266911377,-64.54492081869394,757.1132475098317,1622.279831751334,S1,3,213983,214238
18.915630458972416,20.122693977828582,23.926992659007254,14.652641469843658,56.780245642271055,-12.10686819778709,68.88711384005815,394.77803174994403,-51.515997224693706,51.515997224693706,52.43135594022903,9.754440818229398,-30.073397637463167,-69.37762446297953,39.30422682551636,251.25530023324552,S1,3,214111,214366
-24.591313831902717,24.690609010996525,29.515811665220856,16.323309170559067,2.1028375427431794,-63.793007272127305,65.89584481487049,375.9707570273391,5.9166900924285635,24.45911384083067,26.845010305561075,26.184868849315208,50.51982760008201,-45.83566271724996,96.35549031733197,307.29205316605953,S1,1,214493,214748
-43.78449220340069,43.78449220340069,44.50186146740349,7.95826090011598,-24.610193529444267,-60.62442395110372,36.014230421659455,374.37772851244114,-33.579540800384855,38.446310206906,42.46248238069519,25.989937467530357,19.981638314283284,-66.00872664103335,85.99036495531664,342.10678368363745,S1,2,214757,215012
-65.30465355597953,65.30465355597953,65.75782895738514,7.706769305111726,-52.820832098398945,-82.8279335126243,30.007101414225353,285.870717446899,102.11691191043985,106.40270299797575,211.69226494921503,185.43395412168755,652.5161985976711,-34.66344553572887,687.1796441334,1468.8080223011589,S1,3,215021,215276
-63.55210135679871,63.55210135679871,64.47449217399642,10.866947788128448,-32.46566803218624,-91.89049870916962,59.42483067698338,455.96923346690943,9.577136033280208,10.507847831309919,12.17847152805954,7.522874062471249,24.276968684267533,-18.591071645491436,42.86804032975897,251.74333963682386,S1,3,215149,215404
200.28971338436375,225.6419779746754,245.15509646578633,141.36849732369097,302.7744671647386,-68.91106863193825,371.68553579667685,722.9056925642699,-28.97360518283147,28.976783287436206,32.720093111331025,15.203114678366855,0.3801723016523969,-54.6296760185524,55.009848320204796,329.09937936573823,S1,1,215530,215785
45.48554094506554,87.1423999919528,136.25387499689785,128.43747123252246,292.4790417843155,-45.693033320100454,338.17207510441597,602.5199811304495,-64.30306491484578,64.30306491484578,66.42163098349872,16.641781907752726,-32.31752552270892,-94.20816518280982,61.8906396601009,327.50628105526687,S1,2,215794,216049
-13.336722673706454,16.35846476420839,21.386705275864436,16.718941081340407,15.366353925641556,-53.74067328352195,69.1070272091635,411.8369357188039,61.754720980911,136.49420279153063,220.28702492953056,211.45384316411338,645.7358637403262,-95.45634952386546,741.1922132641917,1563.4434130962682,S1,3,216059,216314
9.580309161969076,14.590709430339551,18.6463009415985,15.996943932068664,45.82966177919475,-16.277166735999295,62.106828515194046,513.0451614693716,-53.30126844143878,53.30126844143878,54.331149084816516,10.5284634876244,-20.420713886737317,-70.77110881809831,50.350394931360995,317.89633157215064,S1,3,216187,216442
-172.0745176390289,198.26306400899165,217.92169582888147,133.71696187182488,84.27600119258913,-285.4922632319819,369.76826442457104,754.4157718579871,53.61044503194327,87.97482891430789,90.00521184427342,72.29701475586337,126.03994640946185,-78.99548295397585,205.0354293634377,469.16639529852625,S1,1,216569,216824
-18.016669543275512,85.75632623507747,119.07265810497141,117.7017311969192,66.13474996902737,-266.96144409226304,333.0961940612904,640.661478124304,-43.41739036483767,77.37658210382737,79.97835325099587,67.16745642532835,91.54636568178452,-108.12804597201446,199.67441165379898,468.98830439214487,S1,2,216832,217087
37.57803145105264,37.57803145105264,39.64668062477334,12.639257764064952,68.21180119920326,15.462587860310805,52.74921333889246,474.61922122404343,73.5279720367617,123.12559419968932,215.57649698613767,202.64960740395085,657.9925288015701,-72.59872344281293,730.591252244383,1574.734814666927,S1,3,217096,217351
22.019285577413235,23.90751875868392,27.37403784822866,16.263118113589922,59.07961943255732,-21.665565825122524,80.74518525767985,334.5750819866025,-42.769360302756105,42.769360302756105,44.87863447867039,13.596825069226028,-8.995304382910524,-65.97104460545472,56.9757402225442,282.4877316256882,S1,3,217224,217479
-8.322510244486269,21.284625088198673,25.07489894838659,23.653464450312985,39.581125827686925,-56.916145264761695,96.49727109244861,334.71106794619345,-51.75543539151613,51.75543539151613,52.17957270996373,6.639481578330664,-35.42508821036055,-65.97104460545472,30.545956395094173,238.69532985347263,S1,3,217352,217607
23.405183418344087,41.64699018588684,56.6672414956713,51.60788358266983,114.29255557161073,-38.43621685480061,152.72877242641135,544.4146226030032,91.73964894150998,146.7473965159464,249.0149796385218,231.50010128823257,673.4895557323117,-70.710592429382,744.2001481616937,2369.004504937691,S1,2,217871,218126
-15.885133985598694,18.92372487807813,22.195894372425066,15.502265810242967,18.305359499168183,-44.693365021674744,62.99872452084293,333.5004092265481,-17.243293617567197,42.68407281171174,61.66071752162655,59.20061579494076,341.8267196202863,-62.28416062920969,404.110880249496,653.2677448770643,S1,3,218135,218390
-12.32698613731115,15.368281502176899,18.484657229936527,13.774177495545189,18.305359499168183,-41.342822314594734,59.64818181376292,350.5060706209568,-33.37060862943456,33.37060862943456,36.34831757281389,14.408423580504513,-9.11772220473963,-62.28416062920969,53.16643842447006,342.94510308924873,S1,3,218263,218518
-30.74489211392704,30.74759658631335,34.64460893119153,15.96873623359665,0.3461724654479505,-67.28349815848145,67.6296706239294,376.8628802207013,-26.211379154568096,26.211379154568096,26.993728507136602,6.451742519077478,-11.336962787736686,-40.315210156531435,28.978247368794747,275.65131992421175,S1,3,218391,218646
-55.0428073820724,130.46092222869635,132.6503075677695,120.69131473856733,168.83287620967016,-142.15415523619677,310.98703144586693,588.1076690346599,-32.46785872377115,32.46785872377115,38.21874570373308,20.162109836518916,-9.141400042617109,-74.8358381514668,65.6944381088497,302.90958723094326,S1,2,218909,219164
-104.80401236574892,104.80401236574892,106.96640396023803,21.399312330651437,-69.3382889843191,-157.46443202794887,88.12614304362977,393.22621187512334,129.01915414163182,143.40039103091416,264.00993345910496,230.33736741931145,735.2950843981622,-28.43389268887615,763.7289770870384,1605.921420311031,S1,3,219173,219428
-81.89471888025042,81.89471888025042,83.35453015028223,15.531668168585826,-54.90468916440626,-118.64191885420243,63.73722968979617,310.7390210661835,-5.300357566711018,15.37959551025674,18.670228099385707,17.902056500528115,55.70090963877527,-28.932793478809156,84.63370311758443,313.06609688267076,S1,3,219301,219556
-59.80861818861264,59.80861818861264,61.307638262381815,13.474260635738627,-33.02289180359178,-81.51900784378104,48.49611604018926,284.6787387735925,-14.340376727667582,14.76602692715022,16.848030589816247,8.843626522188394,5.403802441061668,-32.00835657984727,37.412159020908945,282.0452009523884,S1,3,219429,219684
155.0623214040401,168.40214862255965,179.94248404418377,91.2960790219465,221.53671712654815,-46.73044321006059,268.26716033660875,606.9387259301442,-63.15748976826579,63.15748976826579,65.04537027358359,15.557367392942576,-23.980296370214795,-93.54061894283032,69.56032257261552,264.0941488762462,S1,1,219703,219958
2.442478817306803,25.143390756213176,28.388813046779358,28.283546514395915,56.71310745140447,-51.30529336713117,108.01840081853564,428.9561832229161,100.76240509314317,135.55018402674375,240.13670395373367,217.97379270363774,699.3138016325709,-54.696881892935096,754.010683525506,1620.5994565672895,S1,3,220210,220465
24.981183375578397,25.707857930359754,29.845223672689045,16.330274132070283,56.71310745140447,-11.134396786015207,67.84750423741967,380.7205075159577,-13.479362522146797,27.9676500336874,33.1802209482294,30.318869506791728,125.99770710384203,-42.38016471253457,168.3778718163766,389.7040714701785,S1,3,220338,220593
30.870845273309513,31.171844429677765,34.13329442664187,14.562716110918469,54.8679963423525,-8.858489784791095,63.726486127143595,345.96352695542873,-33.131236404390734,33.131236404390734,35.43987062732317,12.581955507701378,-10.00749057064435,-68.44762425089753,58.44013368025318,307.19625838410036,S1,3,220466,220721
-155.2362832660818,176.06964923066246,189.26367554944574,108.27019553052753,67.6114928836762,-236.1041361835063,303.71562906718253,703.0593872588347,44.25495908095641,70.56680450215151,72.88104981748202,57.90635560317339,125.66119885188625,-72.02233244301831,197.68353129490458,416.80776866007614,S1,1,220741,220996
-11.340329611762527,59.75588883827797,90.5263756883506,89.8132597090484,50.434724894956496,-235.16631146582694,285.60103636078344,679.8809654513793,-72.75295266927094,90.79975347122762,93.55854993562859,58.823550929541206,63.31526671952067,-118.85625656998246,182.17152328950314,416.5857207305971,S1,2,221006,221261
4.652798891295072,25.576972858834452,29.631898718378476,29.264327843526548,62.17705162210139,-38.48706691843172,100.66411854053311,420.1203038760118,114.64793548330182,187.41674314780715,295.4540955145698,272.303091142479,730.0364784942799,-99.44503349810645,829.4815119923863,1739.2463155912887,S1,3,221270,221525
-26.152574174898447,26.170985932414624,28.070511723260704,10.197867053072976,2.3567049620701503,-44.775643409275304,47.13234837134546,337.586317389897,-45.40572205072712,60.51356423435001,65.47272996061294,47.16989265991025,176.2387655477284,-83.65589364627085,259.89465919399925,435.6989673858931,S1,3,221398,221653
191.25442108885136,208.0556670083388,223.20659103615134,115.07792445099122,289.391646712797,-60.931787971387735,350.32343468418475,796.1845437239185,-13.956080769646938,25.108327120251367,32.65695436708764,29.524641879032774,51.068131568772735,-69.80340226747741,120.87153383625014,565.2987816078105,S1,1,221780,222035
17.422393667832516,86.84182463873842,121.69943184110585,120.44588788884009,274.44823152173274,-71.05026626454271,345.49849778627544,622.9111197888874,-74.02626289797259,74.02626289797259,78.64314769829544,26.549144642646404,-20.36626256648368,-106.16089368976353,85.79463112327984,326.8778184311547,S1,2,222044,222299
-53.65468514364114,53.65468514364114,55.49757389657824,14.182928842199582,-30.394068226254358,-88.54933507236692,58.15526684611255,379.3444186791389,115.805938693655,143.78462510045347,258.2213611314312,230.79700151399376,753.7488562078756,-74.0300608434538,827.7789170513295,1935.6445875575632,S1,3,222308,222563
-40.88750312534061,40.88750312534061,42.46196271400662,11.455582294276896,-10.515115346695836,-72.8669786418172,62.35186329512136,466.79986794835816,-12.886371780406856,31.173984473822877,35.41035094358702,32.982334306187724,85.50318395702723,-55.17825167025127,140.68143562727852,483.34513382016,S1,3,222436,222691
-44.11254470170321,44.11254470170321,48.883618544647746,21.063987323364618,-1.0417727331622313,-88.4975316609884,87.45575892782617,465.49048893890017,-3.1896006735924267,24.268392166356158,33.94670726285671,33.79652913441124,89.34513936429259,-57.43635003474779,146.78148939904037,439.5336319149624,S1,1,222818,223073
-23.22438949219032,24.366598512710034,30.166645131840728,19.252381962381943,14.240983803099724,-62.37472904383285,76.61571284693258,505.1484918045249,-19.481435113418815,24.323639275451526,27.450773327137842,19.339561581885846,21.994351445713466,-47.208829443273096,69.20318088898657,319.5401572822137,S1,2,223082,223337
-4.091859757491772,11.056964636464041,12.665141835196694,11.98592931026497,23.812614874824572,-25.596967521785757,49.40958239661033,382.5487211276477,112.8608559090879,125.84594906527249,237.67757400698406,209.172312673818,696.0285186169222,-36.03047104630537,732.0589896632275,1575.8178467124842,S1,3,223346,223601
-11.144171059443392,12.00121942856031,14.930010453879246,9.935424678935869,9.703293816168067,-41.54978854046094,51.25308235662901,322.28666274170223,8.516335484492501,17.340836365036623,23.750000166185863,22.170578201964027,62.51303935884819,-30.341888695403913,92.8549280542521,448.8882270736184,S1,3,223474,223729
142.07912273841916,157.52610672201286,177.03924712207066,105.6239456914521,226.1311631959009,-40.14303492894784,266.27419812484874,550.2360016093287,-112.13764259684422,112.13764259684422,118.82541234575967,39.301752275976796,-34.89728284529308,-159.75364824748453,124.85636540219146,388.5908467009173,S1,1,223856,224111
-3.8713120199250106,95.81577204914932,112.60528966060761,112.53872312583667,221.1384347759833,-103.62901973206695,324.76745450805026,724.8815993792546,-81.36462913807974,84.48509407522059,92.10879401425586,43.17206342049639,38.79139611882398,-174.00897978535397,212.80037590417794,570.4418670228126,S1,2,224120,224375
-66.74338706339014,66.74338706339014,67.76186157892165,11.704279898713287,-40.57156600380147,-93.2279948054891,52.65642880168763,409.92437175208903,158.16035907559805,174.5827103958976,305.6970746505939,261.6027566120217,778.4158383073365,-61.28542692178699,839.7012652291235,1837.504170677782,S1,3,224384,224639
-70.42475848481942,70.42475848481942,71.6593644931726,13.244542722201537,-40.57156600380147,-98.85324058653974,58.28167458273827,379.6971133635551,9.93015624899878,37.19011972755373,66.21479790513396,65.46595648494112,320.2811567097545,-41.88695928377719,362.16811599353167,577.567872285039,S1,3,224512,224767
-82.44377260217465,82.44377260217465,82.95777820847329,9.220483957318175,-56.2421082247766,-98.85324058653974,42.61113236176314,423.8187071628139,-29.146261223928036,29.146261223928036,30.987803272121116,10.52327935095469,-7.262738836362768,-53.04191380691574,45.77917497055297,297.18114661868776,S1,3,224640,224895
8.36629748503212,80.13083164769924,97.39886678571939,97.0388804425023,185.37998176611816,-80.81696350263749,266.19694526875566,732.1488445848008,-36.84542784703398,47.65469243085946,52.92841814509131,37.99778801602329,78.95376382465757,-86.73371485883759,165.68747868349516,402.03467546827824,S1,2,225157,225412
28.890025720740773,30.332329733568372,35.53035457666897,20.682662067508566,86.03663901108358,-17.863463330881885,103.90010234196546,682.8778141078237,74.56898331835126,142.04055994392775,242.217655850838,230.45359518294018,698.1665463997208,-81.25601924849961,779.4225656482204,1744.1895449877134,S1,3,225422,225677
31.99452119488847,31.99452119488847,36.22641671885991,16.991288409014924,86.03663901108358,2.9000710196087263,83.13656799147485,535.5605659682883,-38.49769786703736,44.97746018021161,47.48892237390298,27.805125555783594,99.48146525703167,-61.75401163268677,161.23547688971843,432.4895767478686,S1,3,225550,225805
24.733221092199784,24.88367642984526,27.07478636148703,11.014165012588455,51.96176743417229,-5.882986459108189,57.844753893280476,425.0762016932032,-46.976172792781085,47.53688903438534,47.98711688518626,9.798090461681936,41.99661300083789,-61.687090075568236,103.68370307640612,367.43345378712206,S1,3,225678,225933
-82.41459366388996,84.90011533869686,93.35698787099567,43.856150487259384,21.531676230223198,-125.8481240895827,147.3798003198059,401.55008229026197,-45.125245224271296,48.71782995360569,51.80431865399108,25.44404988702917,24.950091333241016,-68.53336037387615,93.48345170711717,335.091635428939,S1,1,225952,226207
-2.5476794382578722,9.254726499425034,11.265582624002938,10.973726866389331,28.125289974733928,-23.646353011214778,51.7716429859487,458.4537161421488,102.27673208175892,154.39574756102948,268.22744412866996,247.96256140489206,739.3475371567994,-89.23655676293149,828.5840939197309,1876.089480119504,S1,3,226460,226715
-0.8211000288744774,7.91324627337278,9.898281624258933,9.864166151060331,23.261455857305016,-23.646353011214778,46.907808868519794,395.9274111065584,-15.97302460453316,30.431375978981777,34.780602879188635,30.895838257325256,65.462757447266,-54.75043041030673,120.21318785757273,516.6762895944375,S1,3,226588,226843
2.580592966040698,8.169396756121163,10.087117413006665,9.75143464559977,23.261455857305016,-22.341270864469774,45.602726721774786,396.59889232701,-30.839631045691064,38.278188395090865,41.4740660603373,27.731125338559018,44.70456630318034,-64.16347225685486,108.8680385600352,344.0939237367651,S1,3,226716,226971
61.50346738023741,64.93449832728597,71.73781698447328,36.92746790542045,102.40819401579397,-31.455879340182342,133.8640733559763,459.20961316873866,21.53066061924713,38.921069842064014,41.63993617492373,35.64147777450484,95.34339096749217,-51.604534265288905,146.94792523278107,464.64587119045314,S1,1,226990,227245
-55.701798969287,55.701798969287,59.33154277769603,20.433833707033823,-16.504386477186625,-97.68941978725006,81.18503331006343,427.8561967095234,78.4956855197884,114.75075035168715,208.15303121401504,192.78514402920473,698.5273764720397,-61.39266317127152,759.9200396433112,1766.0555282435682,S1,3,227497,227752
-73.91914000162674,73.91914000162674,75.12952352901306,13.431531823155229,-44.37030267479063,-97.68941978725006,53.31911711245943,412.64554940288895,22.19381014736974,40.62889184546618,50.506358153080456,45.368788886521365,226.42169800601687,-43.36193797467827,269.7836359806951,710.2748241041045,S1,3,227625,227880
-70.8147352265764,70.8147352265764,72.04398423310033,13.25175229805806,-38.72931564234128,-94.8669963723888,56.13768073004752,473.9555375194095,7.045713948344362,21.28767001418489,26.535996637146518,25.583530492970606,57.006672901464356,-39.31900219713057,96.32567509859493,415.9868144645043,S1,3,227753,228008
138.6163629061149,166.25395044686044,176.58547267729585,109.39804886443021,223.4901771130716,-81.62417262857097,305.11434974164257,671.48081283704,-92.03715793124465,96.13698116138889,107.50553837297144,55.55719882068893,26.69583150756267,-149.57105681927385,176.26688832683652,458.12085247984623,S1,1,228027,228282
-2.490315079885825,74.62770865921792,93.08007050683844,93.04675091780962,210.07401648694983,-72.4820170671771,282.55603355412694,668.0959432912965,-48.78642722159058,49.7335765713502,62.732174776494716,39.436154365520046,12.302667011120715,-139.19109099296065,151.49375800408137,485.6447079816036,S1,2,228291,228546
5.42506333805672,17.428978858618716,19.24645806858241,18.46604548796991,31.66039912491507,-38.03026837414327,69.69066749905834,375.2718264502692,108.54263355189899,122.73089444339101,219.37847235531459,190.64472411941983,730.2774762656387,-57.15985920440588,787.4373354700446,1702.0083744862266,S1,3,228555,228810
23.59766370754523,23.59766370754523,25.07788726302469,8.488268205151085,40.56546568990913,2.52541029794127,38.04005539196786,364.33136998610996,22.145966296145215,22.3458990131923,25.95003871931556,13.526296105881206,51.45911604580336,-6.010359130586027,57.46947517638939,328.3785735244605,S1,3,228683,228938
-172.92590552790944,199.2812225201812,219.816843625425,135.7058434217079,61.735802063355464,-280.133206692458,341.8690087558134,650.511600612782,-42.38116046494392,42.38116046494392,49.84960396028575,26.24538535899238,-0.41722804038663425,-88.51136317663419,88.09413513624756,395.48208210673926,S1,1,229065,229320
-1.9674015930645155,136.16053955376307,154.02259540862718,154.01002963242775,120.56510972165167,-283.533238423154,404.09834814480564,902.1345678670723,-36.766965155460824,37.38502808512487,40.01669424147429,15.79639488214861,11.47118019335071,-59.40126184167104,70.87244203502175,385.5346870677889,S1,2,229329,229584
113.86998115139554,113.86998115139554,114.5345906954607,12.320708516864514,148.8897533652684,87.30974620654055,61.58000715872785,452.76262910107766,80.38164433518273,107.35256041250345,218.03266314542407,202.6746985991546,709.7166441331315,-49.70594428191971,759.4225884150512,1615.248994680361,S1,3,229593,229848
107.33014692287193,107.33014692287193,107.7040499387218,8.966712592550381,124.97681133679774,84.0517178173785,40.925093519419235,400.60252805451057,-11.397147062678282,11.952758577355993,13.30643042477787,6.867760150233699,11.940840186306133,-25.190991272733026,37.13183145903916,278.3256168859561,S1,3,229721,229976
-148.56254472490252,185.20018651557467,204.04380298065763,139.86795143874372,74.11027637186756,-274.8432047215236,348.95348109339113,652.8594763399076,-20.221544831216654,20.221544831216654,22.389263827850336,9.610840722443719,-0.09272544941123914,-43.72464976278515,43.63192431337391,294.89786291473445,S1,1,230102,230357
-7.591330820695045,62.82026571029711,97.77892840650198,97.4837962776102,58.59530281483669,-270.5500778853253,329.14538070016204,649.3016971337413,-35.71870158565544,35.71870158565544,36.57324158291746,7.859793694324213,-18.292224254068113,-53.37567360689508,35.08344935282696,263.0737287791455,S1,2,230366,230621
38.160156176537015,38.160156176537015,39.46736331527604,10.073492326015877,66.49970237547296,17.15786177282355,49.34184060264941,420.85270772195344,81.08240424037187,117.14940605911606,224.05690380436965,208.87110825818272,714.1194766173097,-68.25323175845,782.3727083757597,1668.91500964972,S1,3,230630,230885
38.453964201322506,38.453964201322506,39.90502128707642,10.663177815521495,67.6501652617863,17.15786177282355,50.49230348896275,427.48308802211955,-9.857641878077295,14.296764836370627,16.514250503503032,13.249428904523652,51.39734815032968,-28.18098685483783,79.5783350051675,360.3241830929768,S1,3,230758,231013
37.56915055479876,37.56915055479876,39.480691621234364,12.136059388527624,69.10495244650922,16.37934870574275,52.725603740766466,515.0390138020823,-12.628748811201334,12.659603853876842,14.262295492413047,6.627803269295671,1.9831872596775018,-28.18098685483783,30.164174114515333,336.2249266281162,S1,3,230886,231141
2.827608736873289,32.19124593742705,37.436075390838326,37.32913566504974,41.065080759677635,-69.6986058335482,110.76368659322583,395.4873290547897,-42.4564617209998,49.892769618536136,55.33056725856919,35.48127014761913,25.14537371561519,-84.5226452641203,109.66801897973549,309.24492213454073,S1,2,231404,231659
23.142092096758986,23.145898124764717,24.982533971083818,9.41119423885631,44.089222779128974,-0.4871715847333629,44.576394363862335,292.763167287104,30.632961844051877,119.64472475342238,191.99385587262125,189.53433024520314,624.6078565539867,-96.9869775431656,721.5948340971523,1606.7162968303596,S1,3,231668,231923
29.22075525271964,29.224561280725368,30.547059893170616,8.903388713159185,46.69911971932467,-0.4871715847333629,47.18629130405803,344.5278563735135,-59.1790475794523,59.1790475794523,60.0894376237421,10.420213122893086,-24.60949839276265,-82.7582827236002,58.14878433083756,373.95466993395735,S1,3,231796,232051
33.45693103228695,33.45693103228695,34.45014577307264,8.21257022415937,48.01330440671216,8.686412314907585,39.326892091804574,306.4672268351701,-54.18051956431147,54.18051956431147,55.14389992596668,10.262601950104617,-31.809010250765148,-74.34893470089136,42.539924450126215,297.5505285894655,S1,3,231924,232179
43.214540226203475,104.89688528859156,108.72144828450081,99.76400568400021,113.47801182600271,-173.13377578698896,286.6117876129917,654.4294519831167,-10.744936463724391,20.27216507418771,21.76982013730232,18.933341205424348,30.232653991772683,-33.5795129817908,63.81216697356348,302.52083577957967,S1,2,232442,232697
90.9298123561169,90.9298123561169,91.58657859751354,10.948543468420635,111.87497443026321,59.56452079268305,52.31045363758016,285.5885525163279,88.41161412146674,119.02987166267832,233.7804881755155,216.41789006461363,723.5148067678391,-37.71025791130283,761.225064679142,1692.079603659633,S1,3,232706,232961
96.10555650943249,96.10555650943249,96.46724324094377,8.345719053484348,115.48637697887939,83.13017771091633,32.35619926796306,313.99249694644527,-30.432023315107624,30.432023315107624,32.49691793229805,11.399194359570338,-0.3704285910890637,-55.479646306385895,55.10921771529683,333.24201085764906,S1,3,232834,233089
98.15659365358057,98.15659365358057,98.66611356512625,10.014244273646225,117.7428217470189,76.1987080274729,41.54411371954599,330.9535398684633,-25.878281108295635,25.878281108295635,30.049370230081408,15.273480877145595,-1.679005709262966,-55.479646306385895,53.80064059712293,318.3523473512014,S1,3,232962,233217
-199.3629092183591,222.55256580917234,241.0178579660431,135.44016496790016,65.54250775161302,-299.02385201518564,364.56635976679866,601.7464569864001,-70.25766301755327,70.25766301755327,75.69470187875632,28.169996092043107,-11.146263675792836,-102.35906597187608,91.21280229608324,354.2029039444026,S1,1,233236,233491
30.06645776323076,31.04045235540123,36.90956415738469,21.408504007986124,84.09254105704318,-12.503972697064137,96.59651375410732,615.7639541500607,169.37182844472176,176.7746954563168,324.6897387069157,277.0137363938058,845.705241220019,-23.975471839924456,869.6807130599435,1849.613762524712,S1,3,233743,233998
16.067984473492256,22.476288434195425,27.229869776581648,21.98375952855213,74.52074390726797,-28.1242875872827,102.64503149455066,687.5228282730732,38.68460519132471,61.227072879759135,133.55392798190167,127.82860791147775,608.3137819494443,-37.67237666855257,645.9861586179969,868.7285124481173,S1,3,233871,234126
-16.14585442250684,24.442300215718227,27.986760596118962,22.859793385586258,40.80395382114364,-51.42561359359612,92.22956741473976,511.94363789199326,-22.69849234030295,22.7026980947182,25.594403884883423,11.825901897941824,0.4984306127929936,-49.43327483919112,49.931705451984115,344.25708170065855,S1,3,233999,234254
140.91197878915267,148.6707002983023,163.49902050611107,82.92010576562906,209.6227681318254,-32.34245013155198,241.96521826337738,594.5619545221577,-116.06254223711053,116.06254223711053,123.07174954517295,40.94071110238212,-35.400872626800336,-167.32957200021565,131.92869937341533,368.4378892466482,S1,1,234274,234529
54.74252475608675,59.77451070824141,92.66448100629722,74.76604860159222,200.355006724448,-21.46550979571956,221.82051652016756,524.8918331895286,-25.824475530440512,29.127232115440396,41.03507101546109,31.890022214191298,37.648684458197806,-127.72511686234888,165.3738013205467,430.5585294105563,S1,2,234538,234793
-23.976380843393898,23.97667550671347,27.18189777700234,12.805808385726333,0.03771690490518559,-56.87823513522536,56.91595204013055,348.606408550438,102.84474924712727,112.2076461731498,231.13746756059282,206.99634408032333,707.9824401923398,-26.532238736027395,734.5146789283672,1564.1791494102008,S1,3,234801,235056
-15.080617481417715,15.122477300416966,16.99684076054874,7.840125778239114,2.4152034084069576,-33.41935042360173,35.83455383200869,323.58417293927096,-4.3086891795345545,7.300210406351911,8.616988325351123,7.462418197434354,17.231381871075275,-16.721899810859405,33.95328168193468,270.58857458956913,S1,3,234929,235184
-89.07182017109272,89.2764695219663,100.83124950085715,47.256234798306,5.795357899955807,-140.2416784582991,146.0370363582549,435.37664145003976,-23.050795467421608,23.050795467421608,25.29907780871438,10.426129017544325,-3.5701404831649914,-46.41537994113695,42.84523945797196,345.8739531442152,S1,1,235311,235566
-39.78455415442156,40.23194318304225,57.392036281265725,41.364659786392764,6.681250679284639,-134.7029927884707,141.38424346775534,516.3126801181834,-35.04152799915673,35.0641146468453,40.72221384095562,20.745843332890384,2.357792922307368,-76.74117726017336,79.09897018248073,334.0733446339801,S1,2,235575,235830
-13.426703176097824,18.956572643539623,23.23538671075573,18.963302386961207,29.849034162694718,-57.9162752508474,87.76530941354211,655.7045379507088,89.77368501641604,139.56590081655767,250.02811374110792,233.35540092209075,743.6942332107034,-69.28213539082579,812.9763686015292,1753.3042350874673,S1,3,235839,236094
-27.37861061130868,27.496187373001767,29.948456670963512,12.137616651011626,4.74062282866278,-57.9162752508474,62.65689807951018,569.7307330126413,-27.814509059263138,28.412079986659165,31.92522030012303,15.670761851408383,19.517943064373608,-53.015768908204166,72.53371197257778,329.7242647047391,S1,3,235967,236222
152.69167134518102,164.2297290984456,185.4264215244543,105.20556687352541,240.80882652437413,-32.571764529086785,273.38059105346093,541.3513236190556,-44.4852153155782,44.52291214559665,49.513201343964354,21.739887894250987,1.7448450811906995,-75.74514987074625,77.48999495193695,293.1330458235457,S1,1,236349,236604
38.00880917603036,55.23613967880937,99.75338149750428,92.22834458671986,250.80900726205007,-44.6031321517257,295.4121394137758,652.6358684998961,-38.6490651753283,38.6490651753283,39.682718284895415,8.998216020500841,-12.22351744187439,-56.314152228180966,44.09063478630657,323.91536109843275,S1,2,236613,236868
-22.557604984616457,22.557604984616457,24.53797445322471,9.657465900800021,-0.3542882929115232,-44.16380084661657,43.80951255370504,389.57366375937306,111.97843486904996,139.8816612152137,271.53335848014683,247.36854062670517,801.6074712299676,-59.46033434505691,861.0678055750245,1854.5969386480567,S1,3,236877,237132
-16.680834935393683,18.009487366179904,20.64264702044352,12.160124253837843,18.21160578360231,-39.505365327780346,57.716971111382655,384.35720423974175,-17.815506959572502,18.02829834964421,19.65501234416253,8.302241987716643,11.261887047380666,-34.55525770554796,45.81714475292863,337.01696469310554,S1,3,237005,237260
-0.196158470940488,13.21249576897829,15.654070691482145,15.65284162918026,22.247239996462163,-34.70496347269701,56.95220346915917,356.6143658292699,-24.5077105952656,24.5077105952656,25.67618110201654,7.65757124434749,-8.709371569306604,-40.291379549500725,31.58200798019412,304.29226045228745,S1,3,237133,237388
-10.61381942542246,77.74978623955361,97.80874859978847,97.23115827686692,68.62651568996222,-192.71870568475833,261.34522137472055,579.0056532087677,-1.2772081746606245,33.854918405288984,43.9878909473889,43.96934488115508,77.8588740730195,-97.93053998821091,175.78941406123042,369.99417739803243,S1,2,237650,237905
45.2096144630121,45.2096144630121,47.92810516483679,15.912071668939356,83.83610903199369,19.83368925339975,64.00241977859393,368.461414873174,133.72764154093946,136.66886069242435,272.91038892970045,237.90123638530838,813.9233525025986,-12.526930175682878,826.4502826782815,1755.3531885389505,S1,3,237915,238170
20.26882534196771,21.50462940658812,25.915675221180607,16.14920869350948,49.73117977977002,-14.735428499924575,64.4666082796946,366.91077114687823,-4.058742687901867,11.488658319396334,14.976513757251352,14.416052584342989,49.556947550315726,-42.66616151647465,92.22310906679039,323.1792910299882,S1,3,238043,238298
-4.562996678602531,12.162035150877685,14.830214500538647,14.11078748486593,26.241745020898055,-29.813210853577388,56.05495587447544,299.250128036756,-35.88691211939833,35.88691211939833,43.52140603640549,24.62198858582005,-0.4919334964982711,-70.04278346019338,69.5508499636951,288.0289195773809,S1,3,238171,238426
-11.634669086122836,51.33880516328096,57.52672993977661,56.33790138814551,110.6006831823335,-67.4041935854306,178.0048767677641,548.84203986572,-12.207665145612054,16.30335946588606,23.88317018440163,20.52751153329842,19.5244101818724,-58.47375881539783,77.99816899727023,415.0251575860662,S1,2,238688,238943
-58.06433087994212,58.06433087994212,59.406969732796405,12.55872335462442,-24.889038106989034,-83.47924450427966,58.59020639729063,462.3977874092675,116.7643657729726,123.1988950078937,259.8211098480301,232.1057776279979,809.9296660925006,-24.7378252237294,834.66749131623,1795.3769285175408,S1,3,238953,239208
-54.15960427783252,54.15960427783252,55.22977115532527,10.819652782699853,-24.889038106989034,-71.30727704870273,46.418238941713696,502.96081519705507,-10.291265618707596,13.114967959804993,16.261966053112435,12.591322086174594,15.952566300131922,-38.84798447920697,54.80055077933889,310.02579876985874,S1,3,239081,239336
-46.39112632417728,46.39112632417728,49.04382678962752,15.911013309818227,-17.59295431538136,-71.30727704870273,53.71432273332137,365.9571382485838,-21.624649539170427,21.624649539170427,24.14479909406418,10.739918789300908,-0.10947822167515014,-43.87579492790039,43.76631670622524,349.93852621735846,S1,3,239209,239464
135.63480090163733,154.90073890829174,165.00540464702522,93.96799639825112,207.83424190452803,-70.11725574026943,277.9514976447974,523.177478584726,-84.44969290069307,84.44969290069307,91.25016927693162,34.566497682688436,-9.877756090658314,-119.63848099340105,109.76072490274274,333.9365394677603,S1,1,239483,239738
-77.78099105943187,77.78099105943187,78.37535737255595,9.634006076832213,-56.145096989751906,-103.47366019558034,47.32856320582843,335.28264157437127,124.20309491763405,136.68244911881322,263.9565555714087,232.90911197719032,781.1798617660996,-43.067769989294476,824.2476317553941,1760.7414878593481,S1,3,239991,240246
-76.80190090491206,76.80190090491206,77.13153251514974,7.1232945697668235,-60.7210802758482,-91.99092434901704,31.269844073168834,319.0832365298249,14.211667345859315,14.878096661527323,21.21529398084743,15.751736727879159,93.98872613272174,-7.843733390765857,101.8324595234876,363.29924634620227,S1,3,240119,240374
-62.06406548826827,62.06406548826827,63.224689690941325,12.058737976412395,-41.12221180619694,-89.8719627751477,48.74975096895076,295.313658346648,-3.3426036989468693,9.38960047172668,11.550778852087504,11.05655880469229,17.365234236336473,-26.687718010596416,44.05295224693289,297.8739394906448,S1,3,240247,240502
101.92356738568427,125.20060619106516,133.30268861858482,85.91387084935273,195.23662966843023,-67.83144453477858,263.0680742032088,573.6982516971448,-56.091455610017704,56.091455610017704,60.772215347883055,23.388261282936085,-10.290496060573153,-91.85269964893901,81.56220358836586,297.2119207024921,S1,1,240521,240776
18.401040668358807,33.80454519519993,61.31562492409751,58.48937990912551,157.31269548031136,-25.44258478894406,182.75528026925542,507.9945137181543,-17.964398518428986,22.52277531564525,35.883644343650666,31.063102183340906,26.923416214822208,-92.61055905903041,119.53397527385262,347.92304717893506,S1,2,240785,241040
5.071449053623315,8.806617082023777,11.202339001009534,9.988633719885941,28.358393404668707,-15.003000677078681,43.36139408174739,449.6865412431816,102.46782158665059,109.7588256913346,239.38303558133012,216.34366933982307,766.3424505107258,-22.472205568721936,788.8146560794478,1768.0354849469907,S1,3,241049,241304
6.702560382660111,8.751452658252958,10.627816989964032,8.247798390416882,28.358393404668707,-11.413722926800622,39.77211633146933,482.69674838814785,-12.061565264519746,13.542303571583098,17.127555661253407,12.160255190540386,9.136373587400394,-38.85850746278047,47.994881050180865,301.4360477750404,S1,3,241177,241432
-99.0411181716069,114.8458763041137,122.6643258206675,72.36983999123304,52.49199558080595,-159.36070556619555,211.85270114700148,630.3781550411297,-28.323007795244393,28.83881003871518,30.61484345789111,11.62221447839022,9.98684551258197,-45.00952935845867,54.99637487104064,357.6529742431933,S1,1,241558,241813
1.2562374426747933,54.27174716424584,70.34854609268751,70.33732867292163,63.655550040094525,-167.16744017494747,230.822990215042,618.1851378417939,-71.67192436444358,71.67192436444358,76.20563267905652,25.892734693592452,-19.566240023312726,-105.87355782156453,86.3073177982518,348.16552433111735,S1,2,241822,242077
28.99061518823918,29.343889064137493,34.12201605702362,17.99600541240233,63.04991675383876,-5.665324777105365,68.71524153094413,486.45073417139145,98.90530214492452,150.89003246122388,267.4154319569618,248.45272076664733,763.9644548238912,-121.57541073866331,885.5398655625545,1902.9684618086974,S1,3,242086,242341
47.39013692634573,47.39013692634573,51.267972344860254,19.559650059639573,91.28223542387184,11.520170035674504,79.76206538819733,484.92865668467334,-30.53637700459021,32.69616847686436,38.00196626860911,22.62032536711262,20.008803603442658,-67.9535627854363,87.96236638887896,435.82559745064276,S1,3,242214,242469
-42.24885992618219,64.39545110416782,68.04323807883499,53.337754763308666,61.46637541202385,-101.17006372764502,162.63643913966888,400.74261137894564,-15.507373921031343,27.97709046165804,40.57454174044386,37.49419677123832,35.17558074085245,-86.54766154741631,121.72324228826876,384.9876887580284,S1,1,242596,242851
-13.04938711435069,33.80682596664364,49.07570191570647,47.30896336276133,44.39844572104583,-107.02257345924913,151.42101918029496,522.6518186014686,-36.96517901363317,39.966081105731135,44.84292199929663,25.386279639306267,20.02167472568753,-69.20943144783276,89.23110617352029,382.6921874737949,S1,2,242860,243115
38.30413938339484,38.36998606843204,40.65019250552335,13.609961676418013,67.90064220529254,-3.052762393621236,70.95340459891378,439.5902487901778,136.990121367027,155.8020542915832,280.66889716775114,244.96680690495376,796.1911119268266,-46.065792280148244,842.2569042069748,1768.7752684339544,S1,3,243124,243379
39.468206009325,39.468206009325,40.40757572799256,8.662152770468476,59.02819988593137,19.701866912295635,39.326332973635736,358.2128086643785,-0.618269288980632,19.27363985730257,27.630910028362134,27.623991964988452,123.64953226291212,-34.71253760375242,158.36206986666454,395.3969877487254,S1,3,243252,243507
-50.85130326679929,65.85555646746764,70.73903531667683,49.174750366443746,44.0575325400887,-98.95585635860468,143.0133888986934,374.8625189729835,-28.17709911042421,28.80620942417545,32.77343140623323,16.73764893467437,8.360335079283635,-58.45228627606226,66.8126213553459,284.85237411868775,S1,1,243634,243889
1.586348587153994,31.8232259369451,37.98334323371418,37.9502023890542,41.33488080853727,-79.33333640070212,120.6682172092394,433.3763636975009,-68.01171307574452,68.01171307574452,71.96223990184056,23.5153323640695,-21.718747165660343,-103.85899413831005,82.1402469726497,304.69613640483533,S1,2,243898,244153
11.126124172346817,17.089542098191096,20.9606981612964,17.764014982838034,45.58876609308098,-31.55513196138331,77.14389805446429,402.517741193661,81.40560876149792,142.62864271178583,242.9035907231658,228.85646429230957,701.6702544330936,-104.4794879087347,806.1497423418283,1677.3216179685041,S1,3,244162,244417
29.086312670844848,29.41198319411055,33.35255382846083,16.321129314303832,56.09284311085008,-7.305855207041984,63.39869831789207,374.81532575216715,-48.93410332406456,48.93410332406456,51.21171799706263,15.102767696036443,-10.78666428434087,-75.51034829540757,64.7236840110667,292.509502933748,S1,3,244290,244545
36.462118816887646,36.462118816887646,37.53666346401559,8.917118110349922,56.09284311085008,16.788710648643352,39.30413246220673,333.7081920345351,-67.76963603280947,67.76963603280947,68.79717524468032,11.846001588206205,-37.51796084689242,-93.11225887224721,55.59429802535479,292.3493289816798,S1,3,244418,244673
-12.150979840164739,54.10655926577729,66.64528770475481,65.52822340162636,69.4140504061093,-125.85339634809515,195.26744675420446,687.4780775426116,-61.440984564540926,67.04612875228176,78.221820973582,48.41134879512195,21.11543413240567,-120.92439842530915,142.03983255771482,473.02104693756513,S1,2,244935,245190
32.532582151117175,32.657284236592,36.81248327385279,17.227594822507974,63.86103784952297,-3.16471856875457,67.02575641827754,598.5894476809239,108.0723285599434,153.93167028896,273.6285098803841,251.38204633384441,784.1221455257904,-87.88749075927296,872.0096362850634,1818.7796077191597,S1,3,245199,245454
22.093635540943744,22.597667890702134,27.81733441884138,16.90193369865131,61.40080989433293,-6.818833975402522,68.21964386973545,513.7471564678542,-0.4832832130916458,25.471996082594536,42.28352618344357,42.28076422963404,231.358498260997,-32.24047129201875,263.59896955301576,529.3828009971677,S1,3,245327,245582
8.883903330606266,13.247551622468558,15.645646290988342,12.87876195428583,36.05327017743463,-22.216308945682087,58.26957912311671,518.2133659051068,-18.222842354383047,18.22596137366876,19.66358113345335,7.388128282535826,0.3992344685711221,-32.24047129201875,32.63970576058988,307.32027099726713,S1,3,245455,245710
-50.35675748960807,52.06373368894914,60.46947674333973,33.477673048557385,22.897374723716247,-100.2220247896764,123.11939951339264,519.7961427656995,57.74204698024508,58.722813158104756,70.25036995222197,40.01212927294949,138.4743360422368,-10.694455965999367,149.16879200823618,449.9792868594162,S1,1,245729,245984
45.76509301540516,45.76509301540516,46.94254160910146,10.447893281113476,63.879218967877534,20.774011054922962,43.10520791295457,329.17458166955583,74.93131167919864,127.05379000511314,223.70557903181745,210.7830273527627,681.2142276510548,-63.77060491122575,744.9848325622805,1608.3945923253384,S1,3,246238,246493
51.98995390402111,51.98995390402111,52.80133573783202,9.220940773967591,76.6809115560661,30.409450351191254,46.27146120487485,402.97778092311916,-47.724166691679656,50.9431397525678,55.569167053259044,28.466405473431035,54.475119092984755,-87.87242448758926,142.347543580574,402.6215063869117,S1,3,246366,246621
55.765726133617164,55.765726133617164,57.20309835916508,12.742772487913417,85.6073044684124,30.409450351191254,55.19785411722114,423.17381774055946,-67.52245631509689,67.52245631509689,68.04158853525529,8.389020418190407,-49.55024333503801,-87.87242448758926,38.322181152551245,343.72154269392934,S1,3,246494,246749
-134.89158132108741,167.8808043537204,179.25525904381746,118.05384018981576,82.76080438445958,-236.9750875656262,319.7358919500858,915.8273938365903,-90.64157139425573,90.64157139425573,93.40346797292354,22.545805919261227,-46.63095109071232,-140.9408321632825,94.30988107257016,417.385750919909,S1,1,246769,247024
25.445998071852166,25.930158773224232,29.004159646542668,13.919140021187731,57.238665011150836,-8.472205947411107,65.71087095856194,420.053929380056,103.18883823938714,124.4598256093364,241.50402146260356,218.3489318623182,750.8290993884673,-52.192585493369926,803.0216848818372,1696.872548867957,S1,3,247276,247531
27.339915698607417,27.339915698607417,29.239787995805447,10.367941533047345,50.47630691681517,8.230856999428127,42.24544991738704,399.25122285452744,-0.1098721648668004,20.00681118158591,25.58977688872996,25.589541014296554,112.05297935938633,-33.30571287290409,145.35869223229042,312.12741622132216,S1,3,247404,247659
24.544484742774756,24.544484742774756,26.680171027495817,10.459435681150516,50.47630691681517,6.15208561213568,44.32422130467949,367.8391080222522,-33.74368088356258,33.74368088356258,37.74687791509235,16.917174491184383,-2.7333953876839256,-72.17511655369772,69.44172116601379,313.09103746974677,S1,3,247532,247787
-2.8731930154491847,15.292154708179707,19.30870327138305,19.093736771996532,45.84110507240996,-44.87310491897348,90.71420999138344,567.9345886303752,36.94284908526022,60.377731013269496,63.920905688261804,52.164241444416206,138.23693438110402,-47.18405409670235,185.42098847780636,527.0491537548337,S1,1,247806,248061
-3.2636058214365313,24.531359529829857,29.546040353593042,29.365240976679114,43.48603722718181,-69.06768245496218,112.55371968214399,597.4249901093206,-14.076590035428781,36.1515500280781,38.62806627342732,35.9718934308268,60.99570938276217,-54.851784728049616,115.8474941108118,372.64180272537476,S1,2,248070,248325
-2.1310929079986964,11.492079167430191,14.064084597213068,13.901687616078975,35.97042122740265,-27.589591937409175,63.56001316481183,469.6344826766104,107.7894004941626,160.17273805636836,273.02429205898926,250.84598700282467,743.9887976280446,-61.23438328721552,805.2231809152602,1722.2893687323274,S1,3,248334,248589
-3.22412437031287,8.323320423062297,10.297677634505176,9.779937970608135,19.581262477498683,-24.730073652630026,44.31133613012871,427.3909611997533,-43.55722963947309,44.79242992757716,46.62703119877243,16.638743478565445,29.193494514744035,-63.01722299116139,92.21071750590542,333.4805983162931,S1,3,248462,248717
-11.814014070948637,16.981467001446752,19.588186177621626,15.624535489434384,39.66107072524035,-34.261783786600155,73.92285451184051,515.0604545469761,-60.882299666318964,60.882299666318964,62.062024937670195,12.043277241039288,-37.3228651392975,-82.75499180111382,45.43212666181632,323.304471738662,S1,1,248844,249099
25.864163603323014,26.227726454000155,31.236676425739947,17.514993440675873,56.21546900060679,-5.548021034873343,61.76349003548013,461.6237515976855,-32.788247731041864,33.45692069759184,37.00058834494517,17.14568017314918,16.499407919459816,-66.01269734599029,82.5121052654501,411.84562087878294,S1,2,249108,249363
36.98159576925066,36.98159576925066,40.049150830906015,15.37192429842152,67.9124090843196,0.3135800418924559,67.59882904242716,524.4453435450392,88.32270841649805,137.99917701721438,244.07972889589306,227.53903672967175,738.6514088182507,-58.59814512506717,797.2495539433179,1750.4300917755643,S1,3,249372,249627
48.349683459148835,48.349683459148835,50.74013563207708,15.390564426351839,80.67177138756465,12.511690926370688,68.16008046119396,514.3324762010228,-33.354279483740996,33.44660348700192,35.32077454224063,11.6210651140198,3.5806613064759785,-58.59814512506717,62.17880643154315,388.7745613071203,S1,3,249500,249755
-132.95461511044977,177.1393447312692,210.0139755529224,162.56980115745867,65.23614596002861,-300.94510401364244,366.181249973671,682.3600477570669,-20.70995104772654,26.232531717553016,29.494996918426317,21.001256410480497,42.21584060728819,-44.93871177621713,87.15455238350532,353.1976858950474,S1,1,249881,250136
-61.071360578540734,106.06624886469609,156.58138682763365,144.18051053436764,74.29571496118365,-302.5421632689384,376.83787823012204,808.6522703292192,-47.29796111623551,47.29796111623551,50.78213488901933,18.485889162645886,-13.604971580079882,-77.28800694397465,63.68303536389477,329.65597288005637,S1,2,250145,250400
26.555726411360183,27.12547806551789,33.92272587557421,21.107930395809518,75.76564306387219,-9.26508267141888,85.03072573529107,499.51522242793646,108.20624407786428,122.04913548923007,241.90673442038016,216.35682771868792,745.2746580044746,-37.38751556109152,782.6621735655661,1659.541539433578,S1,3,250409,250664
15.008944752247558,15.605401036617982,18.58033403857839,10.952643078688139,37.92051369139465,-9.26508267141888,47.185596362813534,412.9869800070573,-2.787435247004896,10.470366202105938,12.919820560739609,12.615544699515146,39.05868694731938,-23.68898676825054,62.74767371556992,270.8520714879127,S1,3,250537,250792
85.00911042593252,85.00911042593252,92.32665797770707,36.0230886782923,140.12473473823883,17.622273834883003,122.50246090335582,397.8358003672958,-39.146476110252905,39.15319381295331,43.51526042412478,19.00345489453954,0.5612820550300524,-66.21626201525098,66.77754407028102,352.3572157739132,S1,1,250920,251175
26.273224766390555,29.508127293813118,44.41605688447241,35.81206178844512,108.89640240200454,-21.85378372262906,130.75018612463361,516.0053407667301,-27.634463060087228,27.634463060087228,30.738162709075887,13.45998135623887,-0.28302988929020845,-65.56599363020972,65.28296374091951,350.66698945075234,S1,2,251183,251438
3.6497494872371403,9.399325033812707,11.69382549603226,11.109675216317818,29.071869940487115,-25.04046136950751,54.11233130999463,355.2312167102846,116.43520850761955,132.7889104401307,259.31780800941914,231.70793635652004,743.3769761982138,-47.69204449667228,791.0690206948861,1741.5064390060288,S1,3,251447,251702
15.006338975425292,16.66636153356709,21.078649515451517,14.80267732370993,52.708997577107525,-20.648169994931305,73.35716757203883,435.99207511147983,-2.784336358324066,15.130851004284118,23.3035839701229,23.136648350534347,114.65066889482674,-39.133509036739106,153.78417793156584,410.8860711337931,S1,3,251575,251830
30.277657841515403,30.72255084010148,33.37278745947362,14.035896068556527,61.86960883611186,-13.945676699821654,75.81528553593351,420.5032133039628,-24.392166859780076,24.834654229664572,27.66315296658644,13.048840099311768,7.64834481870197,-43.47234262045779,51.12068743915976,321.94724046594365,S1,3,251703,251958
-19.872156447671742,109.1959146564934,134.79415964324377,133.32127689175329,83.12144401425773,-257.97486183146043,341.0963058457182,652.3671677116749,-49.36042688259674,49.36042688259674,52.81550379596737,18.788978130533483,-3.1157454290980273,-87.9815045326349,84.86575910353687,408.6478347918116,S1,2,252221,252476
70.56547598386737,70.56547598386737,72.00059473687155,14.303819127542594,92.07218871150127,29.198448236411384,62.87374047508989,517.6015942614899,90.93913899066033,129.46832097604653,237.46701760503638,219.36421187118927,689.793168382328,-72.12151214312551,761.9146805254535,1657.0563258485822,S1,3,252485,252740
76.54471202552763,76.54471202552763,77.85443934231621,14.220435514970697,100.19384434914599,29.198448236411384,70.99539611273461,444.1439410087612,-24.3268255160985,28.873046738138484,32.319375520830306,21.277866301998998,71.44279716063309,-53.80092178857812,125.24371894921121,347.3923195717577,S1,3,252613,252868
84.26686353622839,84.26686353622839,84.55870259018363,7.019251634027034,100.19384434914599,70.61706129989471,29.576783049251276,370.58733484372874,-33.6263558341005,33.6263558341005,34.83229468026937,9.086085296296599,-14.848819449996352,-53.80092178857812,38.95210233858177,288.1553025893925,S1,3,252741,252996
-97.18361789304385,140.87922412627603,147.13927209073557,110.47764391319342,91.2080081144624,-182.45369213526251,273.6617002497249,579.0129761703217,24.719805360834147,39.102036362706734,40.82868811203998,32.49481490750039,73.18488244779167,-35.09348600676343,108.27836845455509,440.48158329746923,S1,1,253015,253270
2.5634327946332904,15.029617074268119,18.60503250997929,18.427589289019462,44.815079740392804,-43.53249940855638,88.3475791489492,654.3897837701894,76.12382409883125,179.07203980844878,279.7086716769584,269.1507094842194,775.2053464891424,-113.61534089854833,888.8206873876907,1978.4794016318567,S1,3,253523,253778
3.5585623853632122,14.847830879574685,19.521790672548793,19.194711376113244,55.93414445570539,-40.45822999190788,96.39237444761326,733.2003319674964,-68.61967470571423,77.31622357586063,79.48243543818462,40.10982157112084,131.9393254235963,-103.13505098340778,235.07437640700408,525.1945648935863,S1,3,253651,253906
0.7368997359837963,15.782777295790241,19.66711388556006,19.65330372651622,55.93414445570539,-40.45822999190788,96.39237444761326,574.7778536028184,-81.26217751871468,81.26217751871468,81.97877103049926,10.81560930266651,-51.574805763427605,-103.13505098340778,51.560245219980175,297.6056229314245,S1,3,253779,254034
80.06719923160784,80.36678474881717,88.05391941705722,36.64336682008931,135.54684530674245,-6.409284859218802,141.95613016596127,577.718877628276,52.50264648759673,76.50831852787944,78.67960012168513,58.599928217590204,116.77224541803385,-69.79426717363745,186.5665125916713,518.6421190642498,S1,1,254053,254308
-31.99242449785443,50.22638894348039,52.58586552582676,41.73437465506605,89.58893961587782,-73.6154012601668,163.20434087604463,460.96244507080183,-17.163886199919766,40.807212609153765,46.79244214683163,43.530835652222315,100.91505914448017,-57.83322849691212,158.7482876413923,394.69655174479266,S1,2,254317,254572
-55.48022200189483,55.48022200189483,56.81026912349554,12.220951047461707,-23.82186253537221,-82.47703196144009,58.65516942606788,426.0053760247563,78.3175904402522,128.9509981981973,233.74191005833947,220.23086873858938,718.1912173856044,-71.3048237785934,789.4960411641978,1675.2800740781474,S1,3,254581,254836
-57.96179969823116,57.96179969823116,58.60845654072248,8.682220558583234,-38.30617989129575,-82.47703196144009,44.17085207014434,387.47395053673847,-24.55712389752094,24.60919159641358,26.573117279903958,10.152744843308948,6.286671529664926,-39.82311864811117,46.1097901777761,308.25480389835303,S1,3,254709,254964
22.333804170324772,30.041665473676577,32.56614727660312,23.70137421591813,56.19224889902255,-33.08345752436048,89.27570642338304,347.7035974294262,-67.79604619393528,67.79604619393528,73.84091583191595,29.260501898735246,-6.389397787744053,-100.02392743451131,93.63452964676725,410.2554377145552,S1,1,255091,255346
41.07576511729289,41.07576511729289,43.14343307852163,13.19611070845723,73.07256874371281,15.720610276008653,57.35195846770415,345.9167365185082,-50.577793439162534,53.85070603419111,56.927543667679,26.127227921478905,44.57994867093691,-86.78864049650251,131.3685891674394,475.93307283613086,S1,2,255355,255610
50.762288680628664,50.762288680628664,53.339962317040694,16.38113634299648,76.14975057332641,8.255783501574534,67.89396707175189,458.51214351316713,78.4676679285817,154.5122620661945,252.78528195254364,240.29819779115454,708.0278905446792,-94.94757348816044,802.9754640328396,1733.7420609861267,S1,3,255619,255874
66.11893025387123,66.11893025387123,66.78903429890282,9.437275277522101,87.2657452300762,46.96502064941025,40.30072458066596,346.1269996040121,-37.95353043608367,39.4730946364825,41.5379563507231,16.879909514918854,50.117120466371844,-66.51735522226522,116.63447568863707,393.81508890795436,S1,3,255747,256002
-171.90541815734815,204.34704301650282,223.7029956999111,143.14872508430426,73.5557194692356,-289.10093895415406,362.6566584233897,880.8972023701458,37.924988287746054,51.37985897760292,54.49952993993191,39.13941781692542,75.57469073426195,-36.613877467141464,112.18856820140341,373.21206689850146,S1,1,256128,256383
-33.51102387535464,126.32396894835706,155.02580318126417,151.36053293650056,93.69122840671231,-295.86796689656023,389.55919530327253,735.6421633589333,-7.920073567861676,35.77781905747221,37.27208827482946,36.42088685145295,62.76560153835115,-42.83319499487401,105.59879653322517,334.0051742895014,S1,2,256392,256647
97.57069824323477,97.57069824323477,99.37769972646007,18.86494228059242,134.6987243319795,63.31856447061988,71.3801598613596,548.2318008488917,77.01561679395007,108.88672220145322,212.53568450939315,198.0909184180934,667.2911733690582,-63.24766459508493,730.5388379641431,1581.6900670900743,S1,3,256656,256911
81.11143782226324,81.11143782226324,82.53701452170945,15.273945808532913,122.65625801182316,54.68698256398619,67.96927544783696,490.93790127873876,-18.87060342504001,26.044993900899605,30.545258457647893,24.01901622921676,80.24004022997411,-52.909505242713564,133.1495454726877,343.91081301290745,S1,3,256784,257039
-67.82753639943948,92.0146698461556,97.92457117568723,70.63035428146279,64.4436836412398,-128.5103561377444,192.9540397789842,487.7679154880212,-58.81260006756015,58.81260006756015,59.555665027353456,9.37844923980271,-37.49281604983768,-75.10471900155999,37.61190295172231,316.12584582157444,S1,1,257166,257421
-10.871543159558957,48.09248599705218,61.03675332263347,60.060759281729496,49.90588543864615,-128.65965466288247,178.56554010152863,417.22461642092304,-30.481751269706777,30.79239750881105,35.45967012179099,18.11769976233093,8.737865396621531,-68.06395915117685,76.80182454779838,350.14663125432213,S1,2,257430,257685
1.6851146776225892,7.585268717809119,8.91998620121539,8.75936883303437,22.36760003047021,-13.946985030047985,36.3145850605182,342.56193594144116,85.99180808304355,99.69492857585814,207.58072399362985,188.9316435018987,656.4828737285283,-25.49636653306778,681.979240261596,1496.013408751752,S1,3,257694,257949
1.4718723251788806,7.102560315618182,8.102964099737193,7.968162840956645,18.08227786039113,-13.946985030047985,32.029262890439114,362.22132888250235,-4.508636550694364,7.180624204197493,8.628900276061595,7.35731720316303,25.982790002523448,-18.347688974436576,44.33047897696002,295.1739719413284,S1,3,257822,258077
15.995550379374015,17.96314385784398,23.43303722451311,17.124532157881713,49.34246794560809,-10.984268419533585,60.32673636514168,373.046653976852,-4.8757609468559515,7.113881242276967,8.229182691075572,6.6292083201700756,10.701915518557714,-16.237764184538815,26.93967970309653,277.33368355337757,S1,3,257950,258205
0.7620792692379901,34.62967521385538,38.18658320828571,38.17897814649739,48.71715484925008,-67.15613076844431,115.87328561769439,308.0833163611529,-17.98560548839443,28.83891901961255,42.511206282783725,38.51909467826609,44.41590365086919,-83.76333593734091,128.1792395882101,411.4299725680713,S1,2,258468,258723
48.700918208547364,48.700918208547364,53.32155769799361,21.71195709706617,110.04668537641986,16.457047453086137,93.58963792333373,426.92040221819195,131.76399398004133,144.99057079995202,262.37796436382916,226.8930278217787,721.3624988888888,-41.976773340142735,763.3392722290315,1570.2342611788365,S1,3,258732,258987
32.0503525693499,32.0503525693499,33.730207432685354,10.51198333485879,69.33840681999824,7.508792160740645,61.829614659257594,364.99425156579446,-25.382863593805713,45.500330857302835,51.856179608924954,45.21917291825821,149.05448620395728,-71.17440627163573,220.228892475593,390.46594318658174,S1,3,258860,259115
29.146143369062827,29.146143369062827,30.743432995425035,9.780644102216579,46.96183401700173,6.384196968270432,40.5776370487313,440.301184281038,-59.75704741864024,59.75704741864024,60.25925101618402,7.763544090031008,-42.45238775697745,-73.35989525031574,30.907507493338294,329.7869095096377,S1,3,258988,259243
-148.09880004609857,163.6036933961787,174.51229411597225,92.31081313976883,54.42358135718467,-216.41721081895733,270.84079217614203,586.6115869914796,1.8401719055103793,30.019640596022846,38.16540452194596,38.121016115548954,49.99354852600825,-87.16862259713056,137.16217112313882,408.63034324192216,S1,1,259262,259517
78.15562681668926,78.15562681668926,79.08646455769961,12.098217766542257,105.84324125927712,50.23202130799469,55.61121995128243,446.4488604011949,81.41886254985003,140.5471710403973,242.25389804448807,228.16204754261358,699.7658379312408,-96.598851889557,796.3646898207977,1664.898975384307,S1,3,259769,260024
73.49139643272619,73.49139643272619,73.94575075127068,8.184662762565575,91.40051316209501,50.23202130799469,41.16849185410032,384.8133545613513,-16.008004133851284,29.694417868157355,35.67454934456104,31.881299763154594,152.02314141537164,-44.72624955832873,196.74939097370037,451.0312763528794,S1,3,259897,260152
72.88646374940951,72.88646374940951,73.09312680487596,5.4925939427276935,84.14086669138439,57.23569105151033,26.90517563987406,305.93007884752126,-12.088468800828537,21.017998610066606,23.250607372228725,19.86100866594977,24.08147161876905,-39.718648347286205,63.800119966055256,311.4523631004886,S1,3,260025,260280
-171.9798408041855,195.06764339612647,214.38560516807095,128.00047679695192,59.46446366620401,-274.7227912572309,334.1872549234349,665.2014020091193,-55.742481300538,64.89130227390082,71.98293770224424,45.54469341980848,36.20801878651021,-100.62296520887375,136.83098399538397,394.72182091164683,S1,1,260300,260555
-26.280788186939642,90.3739067250339,121.62311734306276,118.74974881875595,59.379034565096255,-245.4299691216669,304.80900368676316,573.7287737295412,-9.469587342304656,33.463612827633256,48.11593559102772,47.174889224738955,77.92978087010188,-99.2328141817602,177.16259505186207,467.82188003163816,S1,2,260563,260818
48.19108840307354,48.19917038918922,51.53373229319683,18.25772610688493,78.2865072317389,-0.8097565723361521,79.09626380407505,391.22339652219915,95.42493321826109,97.07440984402974,203.7653712416781,180.04001954440378,692.861250142164,-11.639528710877975,704.5007788530419,1570.3575278308194,S1,3,260827,261082
23.291107992350184,23.40218717882487,28.022941507696007,15.58234703863423,60.01720454575213,-2.911323258888597,62.92852780464072,404.50368805434414,15.449673181302698,16.334138128490828,19.205786992943523,11.40920034924686,41.39421544073179,-11.097040475132873,52.49125591586466,335.2128964404505,S1,3,260955,261210
17.932094956939814,18.03509215729882,20.966866684025227,10.86505724793849,44.49757563193631,-2.911323258888597,47.4088988908249,403.1527916972184,24.104709138789175,24.859120345069194,27.608223101801375,13.460199856362191,41.39421544073179,-11.097040475132873,52.49125591586466,306.3002135224939,S1,3,261083,261338
26.247842601607537,26.247842601607537,30.164036455985038,14.863372903861048,60.72382175560325,6.197632110106015,54.52618964549723,270.8103590488969,-24.564418746049896,43.80447324690613,45.077818834825415,37.796813127220844,42.24118049896185,-72.43680103720529,114.67798153616714,406.6358595012039,S1,1,261358,261613
23.400666098239896,23.83151864252411,27.768916356456042,14.950636834949139,51.17651531788174,-9.1923564522401,60.368871770121835,356.59933226423937,-57.42195338608636,57.99121605496421,61.10160590312512,20.883618299206173,17.504893931020934,-96.29834011958307,113.803234050604,437.1232488416359,S1,2,261622,261877
25.1342703419297,25.694639249789812,30.23688405031909,16.808855149927208,71.23818558283361,-12.677583453696593,83.91576903653021,573.9166347680325,30.070101118068578,127.0970662703392,192.6111623787215,190.24943861055505,597.7449204818593,-93.33808345428858,691.0830039361479,1559.8118292902884,S1,3,261885,262140
14.11537045463023,14.493434476786788,18.45185000481929,11.883900265859753,51.25799217366647,-5.584518041122573,56.842510214789044,415.3601550755987,-84.96389861106195,84.96389861106195,86.83842092838688,17.94567586202557,-41.345299931685034,-118.41672082971792,77.07142089803288,356.4957085710714,S1,3,262013,262268
-65.24016997529793,65.67478004951673,74.01564954020581,34.957640058402184,9.287026721364255,-106.89774476002302,116.18477148138727,463.93546611559253,-62.56876307595576,97.14593723590207,107.79511367696159,87.777767229373,83.0493690588933,-158.92317819793,241.9725472568233,487.2545426428111,S1,1,262395,262650
-33.416901446975665,33.524734088532846,47.375667076374086,33.58220553529134,3.655391644746292,-107.9642005228839,111.61959216763019,472.6750235624381,6.1063299205442725,24.395441616797243,27.7927612297251,27.11365544654532,70.95061290107267,-45.61367661855085,116.56428951962351,430.6163630098873,S1,2,262659,262914
-24.26816462431929,24.26816462431929,25.623800129422634,8.224069481682232,-2.389430264837205,-40.28724967181957,37.89781940698237,381.106918303773,152.75847208936207,152.75847208936207,264.4800413180992,215.904009829709,753.1328522311401,8.545080752140311,744.5877714789998,1621.372082717145,S1,3,262923,263178
-24.49788870712645,24.49788870712645,25.835357711645308,8.20482522555581,-2.389430264837205,-41.26317416632372,38.87374390148652,372.6257695260042,42.36783981957764,42.36783981957764,47.14565196223816,20.68039283880031,154.37852337512916,19.838260794221792,134.54026258090738,417.973509093634,S1,3,263051,263306
125.4907622637408,143.33056506461594,157.96128037250097,95.93661805267652,208.24433439564584,-45.37757917001534,253.62191356566117,759.0495710521955,-41.45614827184848,53.93058080659346,59.14018189831612,42.177587477574306,47.6143823963251,-96.34266337096636,143.95704576729145,444.7030802435006,S1,1,263433,263688
50.02182432261556,85.22554832330431,112.66111971337243,100.9472386274544,206.50952585578673,-61.456501263190184,267.9660271189769,626.3400854140981,-82.51756006694083,82.51756006694083,85.93273453720666,23.985144269752514,-36.48445503612015,-128.27255926818395,91.7881042320638,420.65596340032926,S1,2,263697,263952
-53.65427561370302,53.65427561370302,54.88880693689941,11.575829789911799,-23.636396018871025,-84.4313305239478,60.79493450507678,294.97134351735247,43.24837000691238,119.0641323166061,205.06511258400207,200.45268491799914,687.8565461908903,-79.25279674365657,767.1093429345469,1743.7584129051756,S1,3,263961,264216
-40.05354896197849,40.05354896197849,41.90389403683025,12.314607220707027,-15.5134814796946,-70.69775706969658,55.18427559000198,307.3891537840651,19.785102580808477,51.112687539900875,57.88768259836982,54.40159476041575,224.07961504542035,-59.14051929301625,283.2201343384366,662.7140114137728,S1,3,264089,264344
-30.94113006054842,30.94113006054842,32.334482509146795,9.389634162764116,-6.827410524535876,-48.18267585968667,41.35526533515079,359.56388711360336,15.914321254228504,42.826774998492056,47.2534866920492,44.49299252211389,81.94193503905058,-57.22838268391082,139.17031772296139,406.15326311291636,S1,3,264217,264472
-6.598379509206326,15.724343488736242,19.34319716079528,18.182977320941827,35.75924538376362,-57.34558748505091,93.10483286881453,559.6584220593231,-37.629095965547684,37.629095965547684,39.56911580988065,12.237894540783962,-16.726307004619713,-65.7594633848407,49.03315638022099,309.6614094072395,S1,2,264734,264989
-34.02140073574873,34.138348827347485,38.000307358552426,16.928309169023635,6.6688332486341455,-57.36026451148646,64.0290977601206,357.3582613312833,90.93447256298438,112.72566364194734,222.86390093628856,203.4680319859404,700.1436257877248,-37.45841784675466,737.6020436344794,1615.7125864250083,S1,3,264998,265253
-47.56703416073837,47.56703416073837,48.02679075714801,6.6294714406223045,-30.176557340558755,-60.84935272305203,30.672795382493273,330.86085385934615,-21.33299199035301,22.003808959594267,23.765191436860707,10.47319324610082,8.817831889495285,-41.499635788719495,50.31746767821478,343.14187725246666,S1,3,265126,265381
-50.10836891147456,50.10836891147456,51.412149820272944,11.504803960683617,-27.32040384086733,-81.89345275777045,54.57304891690312,422.5044201426479,-20.526558282814605,20.526558282814605,21.939289278527863,7.745503154033482,-5.371340671830117,-41.499635788719495,36.128295116889376,341.3545372803735,S1,3,265254,265509
128.05665572254276,143.74954315999003,158.68965642072018,93.72246251611391,233.59512206158593,-50.087051856455176,283.6821739180411,705.2874908655223,-11.817284264129002,13.949941618414464,17.40592526152212,12.779594157502144,12.933982940193228,-39.624678435128324,52.55866137532155,316.5954122115036,S1,1,265529,265784
-34.565430399534264,34.565430399534264,36.61021179482143,12.063939197320035,-5.005769662490225,-54.45261159522861,49.44684193273839,377.5852386243813,112.86625643226714,112.98837476428463,219.7517922333967,188.55253471845893,711.2757188513785,-2.60447463852504,713.8801934899036,1654.739041300085,S1,3,266036,266291
-20.109420483051103,20.9837260526271,24.395414041411144,13.811134424359379,10.365844685906628,-51.852074757164694,62.217919443071324,460.1461524264242,10.115703370028067,22.83656775969427,25.886295980073037,23.827984910553145,42.887171793619615,-40.53846746286268,83.4256392564823,343.66854831407977,S1,3,266164,266419
-13.36483778638603,14.300067216682866,16.931358346777117,10.394806703857814,10.365844685906628,-39.33938810078029,49.70523278668692,397.2919725193668,-20.33899880915436,23.23558514545867,26.248870616420106,16.593020703861615,16.642515190247526,-43.222875622448704,59.86539081269623,285.02769993491984,S1,3,266292,266547
-19.216795135655484,20.9463794204242,25.142513256240594,16.212981143345655,19.609080898095492,-56.794983639623155,76.40406453771865,385.46726236616337,-78.71380407541955,78.71380407541955,82.93031657454758,26.10698096546484,-28.63156927813859,-113.95002567637383,85.31845639823524,381.10149080985855,S1,1,266566,266821
-16.077533143748628,16.665500702588027,19.61753564048393,11.241024535927394,19.83666567841871,-35.86187733593153,55.69854301435024,403.11793940953703,-33.39686605859251,35.956498665663034,44.78756586349733,29.84250983817452,33.42542649944411,-87.39072220456885,120.81614870401296,455.80013776120285,S1,2,266830,267085
33.12120719317295,35.920254089220215,43.21835300862173,27.763495292285366,83.38076471123979,-23.069473859392634,106.45023857063242,547.7225595534551,86.36167539984308,95.97570916351931,216.76203730152668,198.81509459103097,713.8917437831573,-32.54512330146867,746.436867084626,1688.342894049083,S1,3,267094,267349
64.9665169565113,64.9665169565113,67.9464455239909,19.901535967959653,96.72124835762466,13.257008022633006,83.46424033499166,469.51744804104914,-4.389665611055661,6.720761845078704,8.235457787405915,6.968041388457739,10.698619945887096,-22.36475096813613,33.063370914023224,302.35388181420967,S1,3,267222,267477
-154.4103333595189,199.54876250466654,209.83064328126116,142.0786676867084,114.1679825579005,-255.22335683116088,369.3913393890614,663.4580549655508,-22.410739683393924,22.410739683393924,23.47006031006675,6.9715477335612785,-1.033262971381692,-39.79886671490351,38.76560374352182,366.06151063906157,S1,1,267604,267859
-2.7695066612758197,147.55213102247998,160.13599096941306,160.1120402612155,147.96287177953468,-267.02598278223115,414.98885456176583,972.1913635314158,-40.8093648726304,40.8093648726304,44.104399510929326,16.727037840340508,-3.710263638941434,-60.78261742251871,57.07235378357728,299.7108850694382,S1,2,267868,268123
93.22679660376156,93.22679660376156,94.06486220022276,12.528475395983694,124.92185364306583,64.41451461258393,60.5073390304819,431.79482095271493,98.0332175282719,139.2344350258959,261.8431053424777,242.79888812852172,774.4139853735255,-69.92676904723055,844.3407544207561,1845.4396886584743,S1,3,268132,268387
94.59974128093722,94.59974128093722,94.85132189934261,6.903782704608713,108.95390959161368,74.74534158841769,34.20856800319599,346.13351262968376,-15.868352037691608,15.966780643999911,18.346432602839457,9.207985276835489,2.6870410049367033,-39.68646248096416,42.37350348590086,368.4120336663044,S1,3,268260,268515
-155.3585335208707,203.23517128891933,217.62986189689983,152.40237154161412,112.38517166682175,-274.05354655979954,386.4387182266213,711.2053971282701,-48.97769582984138,48.97769582984138,55.391772153646485,25.873417507569883,-2.9050249923295426,-81.75103825936128,78.84601326703174,326.3345677484539,S1,1,268642,268897
-18.599511958131373,123.54146345813592,146.88529444215425,145.7029439588565,89.62949311584487,-272.46136342773633,362.0908565435812,627.1319701792397,-46.852300070799245,46.852300070799245,50.049406923228936,17.60128152842121,-21.394042416266487,-81.99727074594705,60.60322832968056,313.6917562289517,S1,2,268906,269161
92.71763236539488,92.71763236539488,94.49766818150886,18.255134628318523,142.07975631934033,56.06413198656793,86.0156243327724,473.99511316474445,131.18261301196347,136.91372180769233,263.77608917270686,228.84262553685497,774.6976597149993,-35.861146216230445,810.5588059312297,1725.8857630770792,S1,3,269170,269425
78.21850778196375,78.21850778196375,81.75414467814339,23.78245597951726,142.07975631934033,41.99835637831486,100.08139994102547,460.7760353003723,1.6036457726550637,10.002821530342949,12.131287944934598,12.024827127188193,29.501421142503165,-21.39335516993629,50.894776312439454,292.9833907452751,S1,3,269298,269553
-121.39004425298612,147.67364296326153,160.80113260849438,105.45833966279136,76.34917934623131,-215.0917101660355,291.44088951226684,716.7890748203688,-91.27865399362643,91.55453769335674,105.03442090683458,51.96572813254824,7.184303919470894,-143.89441982894118,151.07872374841207,421.0412841558261,S1,1,269679,269934
-28.7856313618464,111.71007796363871,125.38144121704914,122.03234501051035,109.01823920081895,-201.54316365068917,310.5614028515081,651.798533702512,-53.68607373924959,57.515263095774,81.64521873082208,61.51217138150495,36.34799351569424,-143.2330515433692,179.58104505906346,520.1136777448551,S1,2,269943,270198
87.67671125941874,87.67671125941874,88.4960902773342,12.014670078974271,110.4162249159009,61.82195221470423,48.594272701196665,456.2936454821844,111.9157232809167,129.79633892520945,250.50985496270718,224.12063340073323,773.1798463570524,-35.73003268530141,808.9098790423539,1720.5158283757924,S1,3,270207,270462
76.76197223753863,76.76197223753863,78.75470979361931,17.60408852740025,110.4162249159009,37.96213042625114,72.45409448964975,530.6355622887978,-8.441643675835671,15.07975725773889,17.862404144737063,15.74179576414786,40.4733830559061,-35.73003268530141,76.20341574120751,333.9692285861272,S1,3,270335,270590
52.19996746957909,52.19996746957909,55.87626920644109,19.93290888469521,100.91028880843919,22.746809473100793,78.1634793353384,481.7775663898807,-5.827607316568532,9.849174074657942,11.833097729668962,10.298601596516571,30.478976637199892,-29.729384334870534,60.20836097207042,391.834258880525,S1,3,270463,270718
-18.13806143158147,25.326677104555472,38.1865283865943,33.60389378813635,18.473885722520723,-87.0416068777032,105.51549260022392,382.1179848880157,-8.18309004209132,23.820959811810617,33.40182932521856,32.38393490041098,45.42674429807307,-72.29546651130818,117.72221080938124,418.35167403048007,S1,2,270981,271236
-18.006327494657835,18.67107977451406,22.757659600036536,13.917012632970641,9.417385275593334,-48.09111394793762,57.508499223530954,411.2223897171442,100.79799731868628,111.72744027139696,231.92036012597458,208.870335800716,751.251802175895,-26.716043119857996,777.967845295753,1473.4304343062943,S1,3,271245,271500
-39.37294176850656,39.37294176850656,42.55867129294388,16.155864530090533,-6.232653087169761,-73.30336780118613,67.07071471401636,414.1330799814391,-11.81880730855303,12.730671603714793,14.488972801021923,8.381296238175006,11.989882975237258,-26.716043119857996,38.70592609509525,394.87980544324785,S1,3,271373,271628
-58.674424458142475,58.674424458142475,59.837244992274385,11.739156816875681,-32.586819515526756,-87.43845535473399,54.85163583920723,464.79249383305546,-19.115955746020855,19.115955746020855,21.10035614601013,8.933379282479823,-0.3937754021374017,-48.236171973405135,47.842396571267734,402.55742272476573,S1,3,271501,271756
58.57692434289901,90.30477594366819,92.74495911147163,71.90529448597529,129.68849926014946,-76.3906521595892,206.07915141973865,449.1282060364527,-85.62568919849494,85.62568919849494,93.16606217821166,36.717250592564085,-6.903692022439976,-131.2616226924122,124.35793066997223,397.8804776163623,S1,1,271775,272030
23.28801490987849,23.28801490987849,24.808185328194316,8.550697096454352,43.00857525581997,3.9585781347709954,39.049997121048975,361.77412309788366,92.1204414024113,100.43911061986309,216.8746369005844,196.3375471136003,721.029504199413,-26.580426528955744,747.6099307283688,1678.1680084616537,S1,3,272283,272538
21.237113003620777,21.237113003620777,22.624216378384787,7.800012692772738,42.93956663877423,3.9585781347709954,38.980988504003236,330.62898627120876,-12.784717264321044,13.59528549669449,15.876750084952242,9.413936356880816,8.410053131363698,-32.264437138477106,40.6744902698408,406.6329735581429,S1,3,272411,272666
28.67129840189912,28.67129840189912,30.927287822454552,11.59542064791971,55.73950829645117,11.115419560797898,44.624088735653274,351.322465244362,-22.783425728435695,22.783425728435695,24.605922128841513,9.293380218600046,-4.777592609810565,-42.462956353102136,37.685363743291575,356.59683228089096,S1,3,272539,272794
-142.24892248656244,160.06859550690265,175.8739929493707,103.42584516148386,50.03122643878878,-234.60589648235447,284.63712292114326,565.335264692042,-23.65017024076736,24.07833201719511,27.461859887066943,13.957908010859594,9.922523044225823,-62.37992990802082,72.30245295224664,377.07046242206746,S1,1,272813,273068
33.649670782849675,84.31175429706028,94.49526589833711,88.3009339327918,93.35593867948496,-199.62799451782777,292.98393319731275,584.4348719281145,-35.96319431594328,35.96654149309997,40.069043904802626,17.668529481502006,0.2580835476094615,-65.96339960805945,66.2214831556689,359.57508299263884,S1,2,273077,273332
68.18415057509799,68.18415057509799,69.30674390899235,12.423621115399982,98.043204695246,36.28839638814015,61.754808307105854,515.6012601458895,131.7916061089634,134.02917279043353,271.45359932154656,237.31419920401433,816.7159908535086,-21.46918555921615,838.1851764127248,1842.5767905728396,S1,3,273341,273596
66.3096242254,66.3096242254,67.59878823344923,13.13887003196852,98.043204695246,36.28839638814015,61.754808307105854,537.9632456397358,5.15479605948185,10.438905694083516,13.263941855587301,12.22130235014056,29.74182804217061,-17.62646905852125,47.36829710069186,302.96334633821675,S1,3,273469,273724
-80.35930939624818,105.56162715393565,110.26126423992446,75.49786609662888,76.6706669358021,-151.4907487330929,228.161415668895,714.2901210808526,-83.43091171990017,83.43091171990017,90.5829970983475,35.278355019834144,-11.106981620348531,-125.88488207141961,114.77790045107108,518.2528742824524,S1,1,273851,274106
-26.801447281876463,45.70852123976228,67.62605873608963,62.088374465545805,40.06594339807973,-145.76961522273095,185.83555862081067,567.6239498814637,-36.70120469064446,41.2777345347377,54.25053905382576,39.95175292632466,28.84030393923986,-125.50265473802284,154.3429586772627,479.21393502880846,S1,2,274115,274370
-20.651200816016157,20.769286959640972,23.33436185478918,10.863717044677392,2.2063855966143686,-44.560493718974506,46.766879315588874,301.10082851953644,110.88799698169672,149.95185971179353,269.3705273519334,245.48794905503186,763.4594820977669,-48.25958522014143,811.7190673179083,1743.6501607630214,S1,3,274379,274634
-23.84368408632485,23.84368408632485,24.378365057489308,5.077736904148819,-10.998301099646627,-36.435519376524745,25.43721827687812,306.7727004875256,-36.16473242864848,36.73144300063052,38.75174969252004,13.921574357664758,11.427865833910692,-63.920769665917305,75.34863549982799,289.9841980828002,S1,3,274507,274762
69.54512353246304,74.47216662478536,81.4381861250616,42.37515725274222,109.50501062805951,-25.97318469206068,135.4781953201202,433.6846815258451,-16.35141994217861,18.54146372691459,23.60965883266171,17.03076792364939,24.68160894580156,-53.33296486818194,78.0145738139835,332.86363615064914,S1,1,274889,275144
28.11368379059615,35.07885281830639,53.0279480375891,44.96202905563338,104.61457429465247,-18.72689620244119,123.34147049709367,507.29022128265717,-44.272201329131136,44.272201329131136,47.76569806565707,17.93137198243334,-12.89394964751478,-71.54937449621325,58.655424848698466,364.41387109897136,S1,2,275153,275408
-2.765263082050612,15.491841715054536,19.826297810420925,19.632508880796397,59.62368769279803,-32.19058162819669,91.81426932099473,482.6666186530365,106.34951504469431,147.04320529469513,266.03158273784214,243.8495102799259,768.9689800467361,-60.60784992919187,829.5768299759279,1783.4068133175372,S1,3,275417,275672
15.176652408599235,22.77736736114733,29.717659415565873,25.550117471513317,69.8758779802852,-23.113354239534978,92.98923221982017,641.6155650816713,-42.069198985670596,47.00141513329242,49.51650742455349,26.11641254517766,85.68615513581234,-79.37627403456821,165.06242917038054,476.9700110374226,S1,3,275545,275800
-88.86585537030669,103.3981480641537,113.92350690818633,71.28411587137288,40.721673988759775,-164.92377539865885,205.64544938741864,592.793692276568,28.15337125673909,55.56184311396827,56.73147296896776,49.25289546929131,100.54326100786533,-61.467780217586544,162.01104122545186,473.5807626289066,S1,1,275927,276182
20.072054114269296,65.18683830586477,68.22791606895335,65.20859739900857,75.77640952159994,-110.7384936435211,186.51490316512104,498.2950500070141,-24.069556803479795,54.30217788797461,55.27466612816092,49.758870072216475,75.74139749737826,-79.04944897298954,154.7908464703678,423.54264641421037,S1,2,276191,276446
4.886534777986272,14.537023680161592,17.224829491086865,16.517158619464382,32.70066763267405,-26.950911829422648,59.65157946209669,297.38666634313404,65.42509979768283,133.33145137247058,236.69240445680308,227.47054895965346,750.1012572800901,-84.91802180298596,835.0192790830761,1857.188037802084,S1,3,276455,276710
15.720059078973723,15.771799251352093,18.767497124719988,10.25176525677158,37.22803914211754,-0.9748521902032024,38.20289133232074,270.18264497337873,-33.00166431943505,33.00166431943505,35.41620500714042,12.852926875039989,-10.677301959987645,-58.15034709954234,47.47304513955469,364.6538192183656,S1,3,276583,276838
24.090603254382458,24.139743975313312,27.7340440513242,13.74118023609066,48.47724417612604,-0.9748521902032024,49.45209636632924,266.3490464958995,-29.909565528092422,29.909565528092422,31.422370080256005,9.632405274972255,-10.677301959987645,-51.023186664390785,40.34588470440314,360.80148846901665,S1,3,276711,276966
25.57504707594977,58.771868525097254,60.738474178548934,55.09155300589383,78.1189364434362,-90.70253385163613,168.82147029507234,593.3544267241028,-54.425126595660046,54.425126595660046,55.17372391212834,9.057891883774078,-32.82272352129926,-76.97352827438358,44.15080475308432,331.0875437243394,S1,2,277229,277484
43.35282095726134,43.35282095726134,44.37239838792075,9.457412634753425,62.71941415519727,23.759989272313998,38.95942488288327,464.6124169796746,59.01326593495531,135.13726767805306,229.8191517789013,222.11320754980764,720.2091199012987,-76.49119501559558,796.7003149168943,1739.0758078162721,S1,3,277493,277748
43.85409792658867,43.85409792658867,44.74330318159184,8.875881626352239,61.02762256920547,22.479203767366393,38.54841880183908,427.84850531760316,-65.21997722330815,65.21997722330815,66.0882984075173,10.677909785731451,-32.60750460415502,-85.58359268151867,52.97608807736365,330.5490798668618,S1,3,277621,277876
47.278926414563216,47.278926414563216,47.937503233938955,7.918796208403361,67.95458950944085,22.479203767366393,45.47538574207446,350.2865239295526,-68.78907754896485,68.78907754896485,69.12547169057636,6.811288160632463,-49.28190134818696,-85.58359268151867,36.3016913333317,347.8875905695784,S1,3,277749,278004
10.68666055127309,98.94991822682277,110.56141134147538,110.04372296537764,97.18401913954523,-199.6931294959194,296.87714863546466,608.7144777071294,-7.696963658645178,69.62591087269392,76.94981550677035,76.56390048164664,135.44899708902662,-72.88451364314578,208.33351073217239,545.2344090329182,S1,2,278267,278522
48.76993942720878,48.76993942720878,50.0454359390973,11.226694375490847,73.93851115893698,21.19281955282938,52.7456916061076,477.1667123054806,116.5044205504149,153.74941749424738,287.26852700352543,262.5831803428911,828.6164977650451,-71.39649682934771,900.0129945943928,1915.3158118093543,S1,3,278530,278785
40.6192129722957,40.6192129722957,42.54965934534703,12.67095292061187,62.078303909768984,12.444636998556032,49.633666911212956,451.09615474932224,-9.37317136363983,30.941323339698663,43.40197466579721,42.37776614544878,219.49387983392518,-41.92830366553743,261.4221834994626,520.197115574936,S1,3,278658,278913
24.78506761123273,24.88713901588372,30.00925941619978,16.91910382423955,62.078303909768984,-4.4791554490454075,66.55745935881438,363.6354290414181,-35.18842147758173,35.18842147758173,36.475961071601034,9.605765456902382,-15.709020402228026,-52.49469109366114,36.78567069143311,299.79326997434976,S1,3,278786,279041
-45.305877012727905,51.788391120119954,56.81113723687347,34.27656374630404,26.389390370545993,-79.87173446456683,106.26112483511282,478.2841097644051,-101.13538035232544,101.13538035232544,106.53909190720742,33.499446941746,-36.59519960143778,-138.37093193582393,101.77573233438616,383.75150060265287,S1,1,279061,279316
-16.162332817470663,16.72503990976203,21.41911433895739,14.055513400891511,7.36469095262484,-52.06456256517891,59.42925351780375,541.0733902259434,104.94186392770648,149.9238291785782,269.45459965409884,248.17934335905042,741.1645419680514,-67.04851277449659,808.2130547425479,1743.1853416341924,S1,3,279568,279823
-25.075028080884046,25.4046256020438,29.601388811210548,15.731661905067037,5.51380713019678,-54.1334480336584,59.64725516385518,489.0523023611802,-19.43269785625946,23.972741853704132,26.15167260952302,17.50086381590936,92.86421707633377,-40.43404787808258,133.29826495441637,418.0628880436011,S1,3,279696,279951
-37.48055409639927,37.48055409639927,38.83898712932385,10.18209142851663,-14.71464264170022,-57.77357485964605,43.058932217945824,378.8769748619247,-24.43035877795355,24.43035877795355,25.334732095557197,6.708667552809867,-5.728966288945005,-36.59245251819097,30.863486229245964,323.37616452360515,S1,3,279824,280079
178.04686631513874,187.3960653846285,201.38998754668492,94.1129134572563,239.0674480133216,-40.465663044326845,279.53311105764845,631.2132964079739,13.675878943611078,20.866068655431278,22.42174243757399,17.768085689139433,41.23251118370109,-29.045672533180678,70.27818371688177,375.9120951063323,S1,1,280098,280353
-12.983873613407262,99.46075216922361,116.49689964045004,115.77109592565907,240.00949585557746,-101.424085873614,341.4335817291915,626.7873988360922,-32.13243529584072,44.166177382293824,48.253964264798235,35.999328733006045,40.01721335446075,-72.21547313647358,112.23268649093433,350.36384907956403,S1,2,280362,280617
-95.13558138563538,95.13558138563538,95.95219960044251,12.491827831839041,-68.81820062307446,-119.03307567080726,50.214875047732804,443.43754457717426,96.54436920284489,139.1461281179593,253.99179156186628,234.92768026784606,757.4887254329648,-77.26923902112611,834.7579644540908,1788.008310114682,S1,3,280627,280882
-91.62296056657851,91.62296056657851,92.17515042317162,10.074296628028835,-68.81820062307446,-112.00761934330454,43.18941872023008,504.42677715927437,-33.82646190006108,33.82646190006108,35.74347199394619,11.548431300645616,-3.2290413080575204,-54.73046622927321,51.501424921215694,332.44357014537593,S1,3,280755,281010
123.13861708847223,158.5423234012917,168.36222883783057,114.81603146242531,223.38635155960716,-83.49083647282119,306.87718803242836,585.9166725268377,-60.76550526945246,60.76550526945246,66.82035025942982,27.794110493790367,-7.139687216227444,-93.534827278521,86.39514006229356,382.6656224784295,S1,1,281136,281391
9.888329350189963,77.21903146955967,100.1506384377729,99.66128296462817,218.086323051078,-66.55719553324256,284.6435185843206,598.3241548149387,-4.960948984119899,17.428103183830782,24.87234340966212,24.372575815147695,49.86124116157328,-68.65217552467675,118.51341668625003,371.1552160387477,S1,2,281401,281656
-18.084786379861445,19.806020622719522,23.806865114836427,15.482484561296799,16.961487654648966,-46.391101033225,63.35258868787396,414.54863676475327,94.45733206116331,102.37054097450493,228.88717804494092,208.48777588449548,787.540244449746,-18.842193780057585,806.3824382298035,1792.5552791456257,S1,3,281665,281920
-9.503727225948499,12.115153869050562,17.057541719050917,14.16470607926362,16.25251012949293,-45.718473816921616,61.97098394641455,329.56564680639195,-7.059730695833915,7.482786816094086,9.085467495254104,5.7189091713034985,4.323983922042892,-22.350262188638933,26.674246110681825,316.225710398136,S1,3,281793,282048
-37.27711238671944,46.37631469545856,49.37466349915751,32.37706422396764,34.692590053013106,-75.87871044708668,110.57130050009978,423.1677996305825,-67.62337721823837,67.6324637754938,75.78713330548851,34.2164935121021,0.8983808043426479,-105.63684073546064,106.53522153980329,372.76441185964393,S1,1,282174,282429
-1.3211622402138303,19.18313051971198,25.61084066825681,25.576741193316046,29.342724298111143,-65.49834649408194,94.84107079219308,411.99691712337,-18.963707835385776,27.947060271883764,39.0800108480427,34.17052872018903,33.77747199893024,-95.26670988321948,129.0441818821497,459.6332637956448,S1,2,282439,282694
-5.618332743532488,10.866911994516975,13.704112520368328,12.499481475399959,23.385130699870704,-32.47186637729244,55.85699707716314,503.08056069203053,96.41428034200986,119.56575007361685,238.22090598395036,217.83821196921915,763.8773621167988,-43.63409335524928,807.5114554720482,1878.5399007235842,S1,3,282703,282958
-7.305981231709794,14.188811567993444,17.178478068728097,15.547435383357488,25.59137021520535,-34.486925985777006,60.07829620098236,509.4795939153976,-23.499318896593522,23.508457872911144,24.734721776935192,7.71935701846953,0.6676245049549501,-43.63409335524928,44.30171786020423,445.44397482142045,S1,3,282831,283086
68.59434317439732,90.23311778405383,94.13615819134972,64.47039912626438,122.51803304973087,-59.81880390405782,182.3368369537887,530.1145027333266,-63.111664861358506,63.111664861358506,66.37028880379393,20.541007626856555,-14.34114643999172,-100.64344479970109,86.30229835970937,372.02377774414,S1,1,283213,283468
18.795370876572616,37.37922748527102,51.68962910129006,48.15134255907117,110.4983406569859,-44.577240938051936,155.07558159503785,659.9401469329534,-11.593675021640678,34.842664186979604,44.96004895513659,43.43952925091229,86.27709946225742,-84.87333099905736,171.15043046131478,466.8835907416437,S1,2,283477,283732
11.142211738397762,15.400075934564946,18.37727874873995,14.614222243609142,44.8084809160053,-19.49798366639467,64.30646458239997,429.7578994734206,94.24062386718349,122.11230971062538,235.72926266230505,216.07172440751717,733.5546724046555,-39.71115952493989,773.2658319295954,1660.7992340705975,S1,3,283741,283996
3.5567639056325238,9.13113185998289,11.12563079793975,10.541778368551258,26.902674330385725,-17.79397363756982,44.69664796795554,354.22614115791714,-22.770172412590274,24.181196113103397,26.40308635873348,13.365710514882878,29.2612222157296,-43.25304251889709,72.51426473462669,302.08072381997874,S1,3,283869,284124
17.787501041909195,20.006726985322324,27.11593407903122,20.466526028186756,75.35143050661677,-13.219458822201002,88.57088932881777,467.4381195471582,-19.70129345501239,19.70129345501239,21.912408552045623,9.592324262202986,-2.3960999840721606,-43.25304251889709,40.85694253482493,369.3883707535458,S1,3,283997,284252
-24.278460357974147,74.92013684625562,90.36326568992779,87.04065802137964,63.516607933244416,-174.17760900710408,237.6942169403485,778.0536000083055,-23.653254874482975,26.624166992146606,29.150488973145155,17.037445266711927,40.34340742265641,-46.88453722290374,87.22794464556014,414.53901104186633,S1,2,284515,284770
25.823945041444464,26.97133506931603,34.07080559002002,22.224843217656122,73.3338536823257,-15.55319945614091,88.8870531384666,618.1346630088356,102.11079123668557,150.93025048454524,270.0167200623772,249.96482837843848,786.9913537572169,-57.93765634463144,844.9290101018483,1878.2848498318235,S1,3,284779,285034
-1.7849567721533512,18.418153046868277,22.973373577037922,22.903925926174495,60.58215728728535,-37.11904420889148,97.70120149617682,461.16502502496525,-37.07826497921664,38.400547204678745,40.25667127132297,15.678069013062698,35.28126835460619,-60.42503743192782,95.70630578653402,395.5489831025867,S1,3,284907,285162
-36.031236457408156,36.140301027013265,40.816906729199886,19.17732708931422,2.2936813886116045,-70.52965615338789,72.82333754199949,337.8773146384158,-48.48499623320673,48.48499623320673,49.3660660461503,9.285128816489461,-26.0818963101571,-67.87116308075055,41.78926677059345,366.71587246717104,S1,3,285035,285290
149.9721758141397,175.8742981987891,190.24692360747105,117.05656078870464,253.4199052603135,-67.00513338042805,320.42503864074155,601.5752342009943,-26.322227918457504,26.9041276067634,33.867071380731105,21.310064319853943,11.380860770751662,-72.82332373409206,84.20418450484372,394.4720299910797,S1,1,285309,285564
-73.30255894128788,73.30255894128788,75.64502948614927,18.679007966682992,-36.5640183009218,-106.40437598182295,69.84035768090115,306.02164674813343,101.3235963309924,132.45218121106038,263.10538026945034,242.81262313414885,821.731316066536,-42.9674395551169,864.6987556216529,1889.849180713782,S1,3,285816,286071
-51.655626938791755,51.655626938791755,52.83988450942114,11.124279775757913,-27.47790667533852,-74.1986442036968,46.720737528358285,321.5501332401958,-23.609192054465062,24.98485460464329,27.326732944934605,13.76068254045409,36.68291780068773,-52.24150714973711,88.92442495042485,311.2939793029796,S1,3,285944,286199
-39.284593919921264,39.284593919921264,41.24045409442131,12.549730453717217,-9.427383599946237,-66.03984069240927,56.61245709246303,380.7155868915363,-30.919508411049808,30.919508411049808,34.05482877598771,14.272889076177277,-0.04260124958865032,-55.3429560936418,55.30035484405315,280.35596177379506,S1,3,286072,286327
62.005601436718585,70.74963450452861,75.25052938447948,42.63739629849849,105.98687358410456,-35.27345212982906,141.2603257139336,499.13803177535476,-17.686872899113155,17.69518702960325,18.966737762737385,6.849209327438084,0.6517123406257914,-34.07084705021421,34.722559390840004,323.79684354640835,S1,1,286346,286601
11.904754808795724,25.802092772106754,37.26896847898737,35.3164667602835,78.75619551063413,-28.708979658819874,107.465175169454,356.32899829068924,-17.986714924047313,19.904806937731525,21.90509791143725,12.502455788792306,89.75772710124127,-41.45341586134456,131.21114296258582,460.7878741021851,S1,2,286610,286865
-3.5515773529941477,13.143123563959989,15.747773202756727,15.342055245343174,22.574402085995327,-38.706718734161285,61.281120820156616,398.27149166157176,94.41957770728396,109.79108494308565,244.369842851487,225.39202168852074,811.52993217173,-25.418588202523097,836.9485203742531,1266.67498146949,S1,3,286874,287129
6.068751154942513,7.7877291406077145,9.471059198118747,7.271259983912942,22.574402085995327,-15.781705952992931,38.35610803898826,358.5148735488682,-17.587396058280106,17.587396058280106,19.257375122990958,7.844105845587776,-3.4956586237175906,-41.26830486315212,37.77264623943453,349.8089131340029,S1,3,287002,287257
-93.00453733855755,112.34190110421474,123.78488137900752,81.68753205022057,56.2236264774831,-175.2538623524707,231.47748882995378,581.1065806194431,-75.13593647812522,76.8930402300107,91.48136135440298,52.18649753346156,12.269159454231811,-126.72661767424593,138.99577712847776,421.51689898303107,S1,1,287384,287639
33.04547154295599,77.81536005216196,80.8131413717452,73.74795338769317,96.39418465752006,-123.53062030085005,219.9248049583701,569.661429808825,-43.23603711275382,44.58838730137926,60.960169902183736,42.97426449967099,22.641828820466298,-140.02025502192572,162.662083842392,451.88819582132567,S1,2,287648,287903
74.17857478772645,74.17857478772645,74.75158449905686,9.237880037179202,94.51964033271199,55.88067556794592,38.638964764766065,378.0792817129965,133.32109300649955,148.81890241010476,285.9917546620782,253.0153550562626,813.0240085752031,-35.23303128881885,848.257039864022,1815.5844571386162,S1,3,287912,288167
66.73382020835962,66.73382020835962,67.28938821080177,8.628963215956041,94.51964033271199,49.15777116397399,45.361869168738,342.26382088998,-18.660967710047732,24.731408688325853,29.606844167252007,22.9855064261917,33.1517210621773,-66.73114002783258,99.88286109000988,349.5978674916699,S1,3,288040,288295
-154.01082754051714,179.6328171384464,192.89595807908248,116.14437413638355,71.54393997796535,-239.80403191434365,311.34797189230903,623.3785193771033,7.056008483828779,42.545134605637344,47.71494184076202,47.19034243511524,58.83352552981852,-90.38472313607451,149.21824866589304,444.89885939744636,S1,1,288422,288677
-18.180833869793847,78.37994493320458,112.94452838877174,111.47162765816701,55.036248906212386,-257.19797814826023,312.2342270544726,576.0078549839523,-104.54150159521978,106.00806752675125,118.77007702888524,56.368480923863764,12.079670355506785,-155.43035585134535,167.51002620685213,455.29660601692126,S1,2,288686,288941
37.33673257126335,37.33673257126335,39.00905323334639,11.299320115122622,64.64055115349973,13.485461916514934,51.15508923698479,408.2187264416888,120.5132069890278,163.5883086260305,296.97220374401184,271.4204427411366,841.1258016749798,-110.1328451656537,951.2586468406336,1984.1800950544416,S1,3,288950,289205
32.75621204694221,32.95201980939913,36.480058574775235,16.056937626919698,64.64055115349973,-11.553778267346564,76.19432942084629,408.95140357093277,-6.118963955866887,14.911859400635484,19.303910400004174,18.308447144370035,68.94563795993245,-38.157180141106785,107.10281810103925,433.462097868902,S1,3,289078,289333
24.192148633254668,26.983280755130185,29.609353370163596,17.072016620942367,46.04410467258676,-15.258689273819545,61.30279394640631,376.72618381735185,32.062837200493036,44.80275837536613,47.903116039731714,35.59049026033052,105.94032075183055,-36.292925195468236,142.2332459472988,444.07722652084215,S1,1,289459,289714
14.666749686425186,16.798093856592835,22.71642541963515,17.347116114259247,50.72613887764133,-14.115698446406572,64.8418373240479,534.4304221576698,-53.39965977278396,60.934742995009515,68.3309084906142,42.63319588423568,28.610706735439738,-94.75493389133474,123.36564062677448,373.70211577667317,S1,2,289723,289978
14.413809827716983,15.013879346336484,17.42659356196739,9.79429678049489,33.7638092544456,-9.719737243497747,43.483546497943344,402.8197843557835,61.54746419906535,151.25801554935333,245.73711094282842,237.90468121748412,735.8311185503788,-103.28438210479221,839.1155006551711,1824.499584114538,S1,3,289987,290242
11.294825263311058,11.763979020433283,13.903514685021525,8.10769035347796,33.7638092544456,-9.495655983247229,43.25946523769282,347.7414521065115,-63.25344626313059,63.25344626313059,63.51035036470621,5.7066749762877755,-46.79358737333594,-75.0863786526544,28.292791279318465,345.624263049957,S1,3,290115,290370
8.496080984719187,9.424035197504482,11.104811890965284,7.150766045314098,25.412593654949276,-9.495655983247229,34.90824963819651,348.5463124774679,-56.289709942700036,56.289709942700036,57.093513841558426,9.54661601526535,-22.949183073562377,-73.00607151023868,50.0568884366763,361.11763307922365,S1,3,290243,290498
-0.49447230462987335,85.61646570290378,90.87131397973329,90.86996864499969,105.82435997134431,-132.64075137946702,238.46511135081133,607.775307475873,-57.02772240151152,71.35471001904713,82.72613386563458,59.92872518292904,29.12786048259202,-120.40992807269281,149.53778855528483,494.0178432318049,S1,2,290761,291016
77.67467137126498,77.67467137126498,80.25374591551162,20.18190181418703,113.73904328107152,42.91393197271655,70.82511130835496,462.46086199750806,131.3150431280077,223.4954393600061,352.4083188546468,327.0290241649017,859.15710065467,-107.56476045166205,966.7218611063321,2044.5841141960482,S1,3,291025,291280
65.0664572895098,65.0664572895098,66.12634471075248,11.791929468821438,92.71897108273426,42.45077787742957,50.268193205304684,509.0588479414454,-51.08113202866983,59.006969103447254,63.099714894713195,37.04445937604828,155.29199705385074,-95.26388435738397,250.5558814112347,568.0734084337985,S1,3,291153,291408
71.14813747816291,71.14813747816291,71.811403908614,9.737569754026485,92.71897108273426,42.45077787742957,50.268193205304684,401.958944455816,-46.7587786729407,46.7587786729407,49.86202361153953,17.315831358981043,-10.906313251893152,-95.26388435738397,84.35757110549082,350.8914035207516,S1,3,291281,291536
-152.53553853727783,187.74938803567096,201.90067982650896,132.2754474479263,86.52585733499383,-248.0251529385244,334.5510102735182,661.7896807839217,-77.48701847087936,77.48701847087936,80.66971499119826,22.435794731962524,-22.441609656468554,-108.79894330447031,86.35733364800176,393.7573281506457,S1,1,291555,291810
35.78645659198439,35.78645659198439,38.28404554340964,13.60138477361334,64.69127846302565,6.498689395148335,58.19258906787732,508.06170925267594,188.6741757975466,233.09680768556933,384.9616830173834,335.55558820960334,877.6736798298715,-83.72015861844302,961.3938384483146,2035.3002407973174,S1,3,292062,292317
53.449953629432436,53.449953629432436,58.16809979669362,22.94842676458738,89.6645796252023,6.498689395148335,83.16589023005396,593.3276248635341,20.074478576012535,66.28551856981092,133.49081504054334,131.97277374553346,665.4931251961425,-47.51172142084713,713.0048466169897,928.0623576465182,S1,3,292190,292445
78.45518306491249,78.45518306491249,80.24632552557307,16.859923208820067,120.52766628373246,25.39306540858889,95.13460087514358,516.8590088949306,-32.97143989775849,32.97143989775849,34.16996548196399,8.970545808762711,-10.105148885064779,-49.12653744586325,39.02138856079847,334.461007015659,S1,3,292318,292573
-85.5233686342576,129.20993189932827,131.41624011896192,99.77966518511445,134.5325715883878,-163.33013158827436,297.8627031766622,782.4730186513978,26.232543715732007,34.72591959883179,38.23498988481075,27.816687468025194,91.67311767432771,-35.73823675503309,127.41135442936081,456.0540410663997,S1,1,292593,292848
29.838718483652322,100.62118046440055,104.80959946610457,100.47239929203748,114.70421478197622,-157.44349624104504,272.14771102302126,682.1298748489402,-86.56609952852814,88.29352794514688,98.20798412108412,46.38015262527788,21.899434899709767,-129.1565779755709,151.0560128752807,386.6835991489244,S1,2,292857,293112
65.93632582190534,65.93632582190534,68.31021466561027,17.85178883947757,93.73124010603004,18.633352793504923,75.09788731252512,483.19779096580055,56.32698871190229,168.2775673895547,263.7306023302449,257.6453006521233,748.2880377001327,-128.16049319963136,876.448530899764,1906.3855521756436,S1,3,293120,293375
72.79228070311852,72.79228070311852,73.5407930276145,10.465758891204782,93.73124010603004,44.42625048463129,49.304989621398754,500.7103540942774,-53.576070923143895,53.576070923143895,56.38653907023199,17.579715946426838,-25.504409284248396,-86.47914208461346,60.97473280036506,363.563740515373,S1,3,293248,293503
-167.1832065739723,199.63244756410705,216.21873248717736,137.11424330829408,75.95933111902282,-268.37837769223313,344.33770881125594,668.0358569786117,-16.33963422423438,16.55583657961612,18.13858532550173,7.875571790589891,4.33632229156967,-31.56333407093314,35.89965636250281,330.17183759200907,S1,1,293630,293885
-33.515999925410654,120.44230874114527,148.85870647905537,145.03652037889435,82.77424099638917,-276.8033977753377,359.57763877172687,685.4269758951108,-22.06791455621553,22.06791455621553,24.035012529820577,9.523075892179099,-1.0190936920583151,-41.82501382821036,40.80592013615205,385.8084956263063,S1,2,293894,294149
47.18927349910882,47.18927349910882,50.39112628769224,17.675917944153664,82.88853741684139,19.854706862531216,63.03383055431017,468.82328218352944,106.50806553730166,151.6596325081682,277.3852227616901,256.12222430326955,810.8605399006757,-65.87158711377928,876.7321270144549,1889.9792496270202,S1,3,294158,294413
21.92887480326245,24.028591707201223,27.886767046842238,17.227774847254285,59.52939511581663,-18.681984299016552,78.21137941483317,472.6397741583688,-50.886698246492244,50.89087118842481,53.92297245374922,17.83902743476337,0.5341365673693013,-77.98632597722846,78.52046254459776,367.47903533113765,S1,3,294286,294541
73.8618888817548,81.34965480102105,89.92504214854681,51.29263666684751,146.2095620017182,-26.905597520347207,173.11515952206543,609.4964291540937,3.794577098055586,32.79019298022983,39.21857387961112,39.03457085453134,60.45407966505685,-77.31094824146928,137.76502790652614,493.4931210285144,S1,1,294668,294923
1.0511530221379175,50.08668873968141,55.94092358839696,55.93104691713645,124.36691608888665,-47.09390000206874,171.4608160909554,501.6873329990203,-29.70696270359739,50.19935291458745,52.171290739527365,42.88752667565905,47.67375272481378,-70.50609278761313,118.17984551242691,419.98384840801214,S1,2,294932,295187
-40.7505244404115,40.7505244404115,42.82480296162274,13.166567758274594,-13.787029061884553,-80.57127553956292,66.78424647767837,436.26180571139827,71.4388925315172,129.49350770653086,236.86424169073567,225.83434996828444,757.9794208435289,-74.2999991342234,832.2794199777524,1822.979639296311,S1,3,295196,295451
-52.23670232701009,52.23670232701009,53.33071007885727,10.746700308209341,-28.002932638447994,-80.57127553956292,52.568342901114924,371.6702149261017,-45.65337390465005,45.65337390465005,46.5448175109657,9.06584183908571,-26.338137764558084,-66.34652537271332,40.00838760815523,352.2597093613563,S1,3,295324,295579
-60.02215661391477,60.02215661391477,60.60853960165843,8.41045706608654,-33.099861687206705,-76.35791177283791,43.258050085631204,376.3749167945278,-56.11348137693345,56.11348137693345,56.754981763285386,8.509122323212903,-38.72493614285642,-71.93497609320794,33.210039950351515,327.1863203380122,S1,3,295452,295707
5.668659496300926,71.30184422347065,81.79464178317174,81.59797622461222,147.22028402345737,-64.53662723478381,211.7569112582412,567.9836652495765,-32.73646939126232,59.027101247383015,61.356545484024345,51.8936339595532,56.95990168624157,-88.88036881726305,145.84027050350463,446.0628406704234,S1,2,295969,296224
-74.08441658347422,74.08441658347422,75.1078745898503,12.356862259122678,-40.51161304995362,-97.21927765391337,56.70766460395975,384.09961629504375,98.49865525353661,126.79023834130541,248.21178975665603,227.83131366747492,778.3972879401201,-49.105950218837314,827.5032381589574,1802.7804759202324,S1,3,296233,296488
-74.92225304729725,74.92225304729725,75.51418781703791,9.436554455077117,-58.072887252995436,-97.21927765391337,39.14639040091793,376.0008752398205,-37.24018894754309,37.24018894754309,39.098433494128095,11.910324464348015,-8.33650813927884,-59.51746248507236,51.180954345793516,417.60583192519584,S1,3,296361,296616
-66.97437576863436,66.97437576863436,67.75273362102696,10.240405437461995,-41.07909326037828,-89.20409832970267,48.125005069324395,449.3341329968855,-52.6442897745802,52.6442897745802,53.27974293615063,8.20425264556892,-36.17925176460958,-71.62666564700947,35.44741388239989,345.0454674495386,S1,3,296489,296744
118.85146889279332,139.72275845992525,148.9846514086402,89.83737917692955,189.11798482105752,-61.623871993129015,250.74185681418652,562.6444895719821,-48.40816214206347,48.40816214206347,49.598688904695,10.801841467657622,-20.986814368868707,-74.19871375907748,53.21189939020877,454.9636279695063,S1,1,296763,297018
17.370629498466034,24.826156333098837,30.75887555823715,25.384437288112977,67.70947381713756,-30.363616006924524,98.0730898240621,488.5874994330755,113.20615660434315,145.16731832253333,264.10656684439164,238.61400788135649,787.9456208400541,-77.41028383269199,865.3559046727461,1810.2782981299488,S1,3,297271,297526
40.84971047770044,40.84971047770044,43.11195166284937,13.781927661539639,67.70947381713756,6.343125726791385,61.36634809034618,667.8594276742235,-6.780501686283225,25.097484749926195,29.69060629692186,28.906001092526207,89.13910927887683,-51.680800122007454,140.81990940088428,422.3337583431329,S1,3,297399,297654
31.304906475902477,31.42034271125275,36.981144599103885,19.687759811487684,72.80071366300047,-4.274841320940976,77.07555498394144,632.6998458647031,-30.554848084453116,30.554848084453116,31.51742548721911,7.7297715282148225,-15.76655232489407,-51.680800122007454,35.91424779711338,418.88229572621987,S1,3,297527,297782
-115.46897843192224,122.32288574167976,134.5254459580165,69.02181271229767,34.72608554286293,-190.5726424145124,225.29872795737532,654.3332475666634,38.82970656454087,53.092963722550756,55.07268289810064,39.05450408987928,88.86610581757958,-46.39643768585712,135.2625435034367,468.860220117772,S1,1,297801,298056
-35.26228153547957,71.59477003254416,92.8984385647164,85.9458631271742,65.42092621510673,-162.0672571814406,227.48818339654733,562.8212240406557,-19.766282557108685,44.9816444245429,46.86979622210452,42.49790432214446,48.344266738514364,-67.70877920733243,116.05304594584679,420.88821296278684,S1,2,298065,298320
-4.423994384643312,14.385100429425739,16.472448012756967,15.867256133863393,37.860183106676686,-30.557789665119223,68.41797277179592,447.36107693544176,88.70296218539106,116.9304752885353,223.7895647776556,205.45937263339826,702.6181813994311,-68.96313874601861,771.5813201454498,1691.6967654609828,S1,3,298329,298584
-16.675823063965684,16.781759533406444,19.122960835919116,9.35973056617585,4.2709365824715615,-37.05428420910575,41.325220791577316,339.70019729136914,-15.543209874960784,20.769365361735147,22.335545830145897,16.040113288673158,21.9655231113317,-36.47840146030162,58.44392457163332,364.1190888062413,S1,3,298457,298712
164.70195864100026,181.82020680770336,196.52724538018393,107.22044113200273,269.7336920786927,-56.42873893517628,326.16243101386897,648.8148279414731,-114.3183423162964,114.3183423162964,125.79558363986538,52.49614722385293,-6.6949430794808,-162.69417482599235,155.99923174651155,487.4177938968141,S1,1,298839,299094
17.665534341804374,112.25174083481684,126.40356164994527,125.16305083454162,208.68112715396725,-101.29185432514828,309.97298147911556,660.3447091626875,-35.67305343271791,42.387605904805454,57.68553946117366,45.332711387176886,47.81430147280902,-143.1567290137339,190.97103048654293,488.5501504162011,S1,2,299103,299358
-80.0951566838734,80.0951566838734,80.43731585077589,7.411319522409844,-57.1926177223401,-99.30349406678849,42.110876344448386,374.99779770028454,142.53892582452184,146.41442639710124,272.538526675476,232.292710060455,786.4835844717737,-20.1055919084697,806.5891763802434,1699.279977500553,S1,3,299367,299622
-72.19811732246694,72.19811732246694,72.72348560471734,8.725664077354082,-54.37900429291553,-91.19553538205408,36.81653108913854,353.0704019793319,2.3151037885048247,21.525920626791674,24.479136289550983,24.36941542037606,56.69488415434101,-46.32550194473314,103.02038609907416,349.393150283617,S1,3,299495,299750
8.75163393479492,37.97190192678675,42.13017139152717,41.21116650800849,86.4807564237497,-59.87229204903713,146.35304847278684,576.380030628134,-77.57004235233651,78.10301251514754,88.34494697192463,42.28141654354657,12.984003765632433,-119.83920226820497,132.8232060338374,403.26303720625117,S1,1,299876,300131
47.8531586683778,47.8531586683778,53.78405094774109,24.551972259031814,98.74230670756533,5.223122541300813,93.51918416626452,660.6746242029167,-29.888542114013823,37.00891928629565,45.99275983824145,34.957245426906525,69.31198115986506,-93.1685473689371,162.48052852880215,552.2607502215502,S1,2,300140,300395
45.592519587545695,45.592519587545695,47.60045888467778,13.679394858368614,72.66584412366339,10.712903038257828,61.95294108540556,505.4388719712478,123.54727649896313,140.1544367985177,273.56658101945004,244.07938200585497,821.8466014709071,-55.398917439054294,877.2455189099614,1887.6645643689524,S1,3,300404,300659
56.46510862801307,56.46510862801307,57.07069973576507,8.291940421670919,74.28546821908165,32.88583777101064,41.39963044807101,412.0754173247838,-10.554976441857145,17.375790698191047,19.8321210839756,16.790041661690726,40.67678602717299,-39.697860059260286,80.37464608643327,336.61126054371124,S1,3,300532,300787
-179.5569602112996,202.7885906011902,225.57338098245336,136.53808350615154,59.92627824511731,-295.80915635133334,355.73543459645066,779.8277635311927,57.67718120863108,87.21932200810143,90.61695971780695,69.89117366538768,138.2268984755056,-75.50310846081952,213.73000693632514,523.5520129336599,S1,1,300914,301169
-6.12125255176403,132.44624848451375,149.64526489633127,149.52001729899138,128.3484719982907,-265.9371144366722,394.28558643496285,849.1939192995956,-58.12628116353586,101.84309769866084,105.25081513864507,87.7443418429178,87.91665832161662,-147.42825259685824,235.34491091847485,528.5978798457023,S1,2,301178,301433
73.77594048562463,73.77594048562463,75.2667112403586,14.905986260596624,106.20920171878439,32.99985853748626,73.20934318129812,488.36460080165745,63.20724463143414,144.0475967761641,233.14439125045342,224.41290381269644,688.3017756894502,-111.48430385195165,799.7860795414018,1759.3537787229004,S1,3,301442,301697
69.65283636334323,69.65283636334323,70.8286614159533,12.852301915107804,100.41305662787424,38.09329273670565,62.31976389116859,420.6032285387879,-56.84614454665769,57.24621200310676,60.43587771713823,20.518556616423734,14.809188259091496,-87.30740707619738,102.11659533528888,375.1169106637791,S1,3,301570,301825
57.23115190290269,57.23115190290269,58.7865221985266,13.433184435000468,86.53396803113979,31.896619283740865,54.63734874739893,409.66556589578283,-72.16063721719482,72.16063721719482,72.52129636001382,7.223632198925476,-55.48623914038621,-87.30740707619738,31.821167935811168,351.1340719434544,S1,3,301698,301953
4.648844755781466,35.27937390521359,39.460416310226485,39.18561850747072,47.78012273410642,-81.10549083846986,128.8856135725763,503.8614581709893,-31.746799734502904,34.81714452484774,36.873977282385574,18.757156160763117,117.39063358985025,-54.382284510484126,171.77291810033438,475.8962956777358,S1,2,302216,302471
2.719881497536612,11.458668998688317,13.439653785668392,13.161555322908791,22.917387386258767,-29.461944487470745,52.37933187372951,487.2696034972471,124.34229080954714,128.4480496917908,264.449166512631,233.39313697163254,793.5083374047036,-18.09741241305422,811.6057498177579,1237.61547031187,S1,3,302480,302735
10.767130211258507,11.285836775852944,12.525095651319976,6.3989786754230495,22.917387386258767,-19.773341395762223,42.69072878202099,382.85567981500293,-16.860144088490607,18.240205085406263,23.528980774774833,16.411839556096655,10.053602242609632,-48.80549801713706,58.8591002597467,397.651824083953,S1,3,302608,302863
3.7303685747499693,9.768196882884004,11.411850844238812,10.784928835540455,22.19883343708261,-30.71756293371668,52.91639637079929,368.32910659901086,-38.315452581775865,38.315452581775865,39.77689325833709,10.683039396109503,-12.676507699963299,-57.86918539864663,45.192677698683326,379.5746543735319,S1,3,302736,302991
-12.483738250817463,13.546316792992279,16.426656271191863,10.67667155704267,13.710626777967285,-37.28302943774427,50.99365621571155,399.4312499184772,47.856754019952206,67.07052152669743,68.73995974141145,49.344839243072364,118.51211452673088,-72.75340443808449,191.26551896481539,489.5456402453124,S1,1,303010,303265
-30.620677016901567,31.414253300825305,34.9504788862327,16.84963244120162,13.346515136150064,-57.99637574628474,71.3428908824348,499.5326856349365,80.81886343775432,152.4235421068347,255.81838884869512,242.7166236288149,733.0811329328465,-96.06448566398655,829.145618596833,1839.3526431032992,S1,3,303518,303773
-35.36438058972266,35.36438058972266,37.10079805082015,11.217388355271803,-7.999885516159372,-57.99637574628474,49.99649023012537,453.60343102330285,-39.04318667187308,40.3103550044462,43.23692215032881,18.575817923818764,34.30362037737779,-79.36464460535339,113.66826498273119,421.35327734098894,S1,3,303646,303901
-20.032952460346795,20.08801594625684,23.849403438378918,12.941207829566967,1.9832902304989275,-48.233685400608685,50.216975631107616,342.4129631336192,-41.19153418266245,41.19153418266245,42.006277571036975,8.233156566806835,-21.08661160031626,-57.745961275097486,36.659349674781225,322.6421415681116,S1,3,303774,304029
68.01799618463166,68.39101564686871,75.82287139232916,33.506119160611846,105.46653224009178,-8.144629401054758,113.61116164114654,465.9853064123819,-59.21291190266925,59.21291190266925,60.01634531625842,9.787378051710464,-33.92819863305777,-84.62614931779042,50.69795068473265,427.97845691809255,S1,1,304048,304303
30.437595012215517,30.437595012215517,37.81190334134846,22.434189180084758,102.33272070391594,0.21472126451974033,102.1179994393962,419.22973993684775,-77.68126297854215,77.68126297854215,78.45260096968786,10.974150580689491,-32.44176963508163,-93.77101664022545,61.32924700514383,436.7481189836567,S1,2,304312,304567
1.573365101917509,12.036129117571438,13.608917659009002,13.517661118172594,26.99616458387703,-21.06098638547734,48.05715096935437,355.2250943656811,167.9106645575467,207.55185069527792,358.3526101342054,316.5795349005378,880.170851923314,-86.12836200529401,966.299213928608,2014.641390349731,S1,3,304576,304831
5.045022595930297,10.836821098093244,12.962194801534173,11.94011059745563,26.99616458387703,-21.06098638547734,48.05715096935437,292.95141740332394,-36.051609941521335,36.710610016836846,38.87636428244818,14.548303009148954,20.197127681698845,-53.72646628416481,73.92359396586366,311.0711974745112,S1,3,304704,304959
-62.12082771172581,62.12082771172581,66.74779961481373,24.41867150009205,-13.77048974835666,-99.30832418584909,85.53783443749242,395.5727118174749,-38.887121434577445,39.46038746714828,42.090313769673095,16.105474217233102,13.241782080270953,-69.41495910139214,82.6567411816631,396.15513016807205,S1,1,305086,305341
-31.607826000124074,31.61964899713853,36.54011295845933,18.33371731435957,0.6723458730703539,-75.12985280744664,75.802198680517,460.15013026290393,-39.66218055466622,39.66218055466622,41.268299020195236,11.401049849435102,-22.43602545599089,-64.9440291995015,42.50800374351061,355.4697828207484,S1,2,305349,305604
-35.841733084613246,36.01925780883292,40.249744338942754,18.314259167151555,6.921483982632746,-72.00788427847567,78.92936826110842,508.13056207368305,148.87287495417223,173.89674980543037,313.4542665219526,275.84496425291997,837.470070348797,-58.79036048366715,896.2604308324642,1927.188629538523,S1,3,305614,305869
-45.68641700088106,45.68641700088106,47.446426736639516,12.80291809303282,-9.771082714081922,-72.00788427847567,62.23680156439375,567.9785979171847,-0.3724587369254775,15.513779252264516,22.549741266837113,22.54666506804464,87.63509407050462,-37.1640942499576,124.79918832046222,429.7284676183893,S1,3,305742,305997
136.7825946517135,150.79941747747912,165.57603893003946,93.3056615008274,210.7736806442864,-45.187273903501165,255.96095454778757,583.3261978641635,-89.88226668309275,89.88226668309275,100.28923561669698,44.48717698945121,-3.2734005403366004,-128.0903511473342,124.8169506069976,386.4480578782693,S1,1,306123,306378
80.87664782053679,85.15137125241998,125.28222126133971,95.67968855242029,232.88748981606744,-22.462618558811947,255.3501083748794,638.2840644331534,-62.4372682240794,64.18769863441237,70.24576577483566,32.18781051900604,20.50777501955558,-108.33100049011233,128.83877550966793,490.11838515384625,S1,2,306387,306642
5.180599350851795,11.75238021494056,14.114849793535322,13.129751523163646,31.106307766762754,-24.078160697272647,55.184468464035405,490.83598676783663,109.972931888089,152.43277173638808,270.2945932774361,246.91116096068308,783.9169996895802,-75.38224164138823,859.2992413309684,1979.8637034734477,S1,3,306652,306907
6.488064236427613,11.466476842498658,14.271172679157427,12.711073601483013,34.088532744264334,-22.605642527256183,56.69417527152052,418.3504323487469,1.5457134660673546,26.772117410139792,31.99721469266229,31.959857915346582,54.09772999586243,-65.2775879879338,119.37531798379624,518.7936702993777,S1,3,306780,307035
-136.64295985445196,160.38221324603404,175.54961270923772,110.21056230950819,58.70516163983745,-221.81323990264298,280.51840154248043,583.5101634940509,-24.473883099005047,25.464736032079912,31.679343757422526,20.114916528715213,12.153453844211889,-82.17145893751568,94.32491278172756,377.07163527518014,S1,1,307162,307417
-60.55932841077735,84.18174326705223,122.76093033058604,106.78395833675867,40.53701411936348,-221.28150198731484,261.8185161066783,619.5105076829634,-63.26852397923866,63.26852397923866,63.79938359938808,8.213112756462731,-44.56928884000948,-80.59309432329835,36.02380548328887,372.3008541055227,S1,2,307426,307681
8.077678870086746,13.771085950718739,17.828669471348686,15.89378995678358,48.60989596408913,-23.3959049360351,72.00580090012423,427.17318489365283,86.63876831632388,158.4587812669718,265.8372840982777,251.32287090787966,769.2759530802018,-71.1343073088278,840.4102603890296,1849.7483972239033,S1,3,307691,307946
-10.9606996510825,12.697105405566887,14.844854366914035,10.01163145214838,11.63794641916984,-33.64503571161594,45.28298213078578,335.83555688007107,-57.01346021135449,59.92205095280636,62.49311165047943,25.5901222835606,75.13852133245022,-79.93622539062726,155.07474672307748,447.00661972333324,S1,3,307819,308074
181.53714180285982,202.43596548140852,224.5404406178831,132.1464173518203,285.0392419615146,-55.041702449315174,340.0809444108298,755.3000929513408,7.781531090474095,37.800154263288746,41.141386830425965,40.39878072688249,55.07788935124795,-69.82926775114262,124.90715710239057,435.4430310426711,S1,1,308200,308455
2.9050836336664787,114.60172789240067,137.61625284079733,137.58558621826512,266.45202977600235,-103.67868042778669,370.130710203789,741.8411647776437,-15.594777638047118,32.29140382471477,35.21117728439718,31.569445927559666,43.03212153067018,-56.47662551332064,99.50874704399082,354.23901337670674,S1,2,308464,308719
-110.48291536925885,110.48291536925885,111.47281009892835,14.822712398914362,-74.17230690618773,-151.9581496302734,77.78584272408567,526.2138052619191,158.8523794431006,194.20752813924435,323.0946006167889,281.34683665004576,817.1043621431778,-72.98787339545999,890.0922355386379,1838.4816115147146,S1,3,308728,308983
-93.4827020487549,93.4827020487549,94.26546644243494,12.122812432498572,-68.47370420093293,-122.32354928512733,53.8498450841944,404.36951061492005,-13.362860371543277,47.74997290997228,61.701805437460955,60.23741990600962,254.8128609373378,-71.06555032914942,325.8784112664872,474.8421252330437,S1,3,308856,309111
-82.41321812772645,82.41321812772645,83.06964876499482,10.42247685396247,-56.68085072689852,-105.21358864240648,48.53273791550796,446.80714054705163,-46.74611961514588,46.74611961514588,47.82172533137471,10.085520045883559,-25.010296878253975,-71.06555032914942,46.05525345089544,334.9278374604959,S1,3,308984,309239
61.56126094986625,98.67234433229616,127.84526773469082,112.0474168931049,224.80193762951671,-62.85226476548352,287.65420239500025,576.9735911105987,-62.496005150909,63.00336855202849,86.04049475399354,59.137264712612016,8.434895147743427,-149.46500266132497,157.8998978090684,522.0736322571598,S1,2,309502,309757
-8.048977309973349,10.141536488206164,14.221892587402651,11.72502422305185,11.310436842431994,-36.45191271461589,47.762349557047884,353.2626325218569,162.45446084752268,167.92601420553257,295.92940606672397,247.35149388217715,843.4873183451688,-21.88622638143105,865.3735447265998,1815.5650048766638,S1,3,309766,310021
5.300869571362,8.665920143496487,10.640972696561969,9.22665062286341,26.249629822406362,-14.17234482747655,40.42197464988291,339.9096683062412,22.263894769211397,31.763646199622954,43.593607706552746,37.479616094329145,163.53168525437397,-29.101841399848226,192.63352665422218,394.82080087053123,S1,3,309894,310149
13.802177298524365,13.825493455603187,15.185791798674025,6.333101481326027,28.364895586162216,-1.5271202449929673,29.892015831155184,379.6765351064212,-16.367590107406368,17.99935293829159,20.92071064898747,13.02989363481494,15.433080577535643,-36.32178346744456,51.7548640449802,342.2374610042049,S1,3,310022,310277
-72.18910504508067,77.95640787625979,85.97441324871505,46.6940343754011,23.59398717243806,-113.14197355100352,136.73596072344156,436.13229712830537,-102.66767481459847,102.66767481459847,108.28153324225897,34.41277363797199,-29.449741523368644,-142.43313790252594,112.9833963791573,486.5791567245829,S1,1,310296,310551
-20.78572346900129,23.900306165137415,27.723258530610625,18.344829337589484,28.03660935220755,-54.10115687929377,82.13776623150132,725.8160091044678,260.1763586070276,326.02336704277957,482.335411048268,406.14740079568276,967.2950957668116,-130.58264918603547,1097.877744952847,2290.8190324710818,S1,3,310803,311058
-10.700879476584461,23.307520407218597,26.952852499181603,24.737571349472717,36.23193145808691,-54.10115687929377,90.33308833738067,656.9899485228325,107.80310417718536,176.1021230166965,327.04651412707165,308.7683810438365,967.2950957668116,-78.90182281175994,1046.1969185785715,1320.4499276358908,S1,3,310931,311186
15.686090058326908,19.973653701647564,22.56410678735044,16.21991041260746,39.919785649181904,-39.99386257163555,79.91364822081746,561.7805376577171,-61.65526349924402,61.65526349924402,62.786575006470414,11.86517947112153,-36.37408178382277,-83.5109763299627,47.136894546139935,497.5720898275057,S1,3,311059,311314
63.48756514274192,67.06762249775842,74.48278883574291,38.948875529288,105.4293204534152,-16.26764534137748,121.69696579479267,543.8384875891361,-58.1845670937778,58.1845670937778,60.69910483088366,17.289808540879626,-27.490412169785102,-106.8224447288334,79.3320325590483,372.4694319349202,S1,1,311333,311588
12.221754561032812,34.99654073760233,43.728413075715785,41.98574550451981,85.30368622262579,-44.52612721941513,129.82981344204092,583.8907555597289,-78.55458848404254,78.55458848404254,80.60833818584003,18.079845496726023,-49.70580520426551,-122.05560011646146,72.34979491219596,441.53520360026414,S1,2,311597,311852
-32.103160468052785,32.103160468052785,37.72256928447279,19.80856686851179,-3.2769649432408112,-98.08540275915539,94.80843781591457,497.529512498664,103.58385284711433,129.78557956203417,249.35981887016953,226.82747782469198,769.7515535152561,-74.1185253350055,843.8700788502616,1866.5907498673923,S1,3,311861,312116
-12.551851091910239,14.514200028670142,16.881582239900506,11.288881835196786,17.503715253405883,-35.195231029994126,52.698946283400005,442.5117833647421,-11.704726365522347,13.2818826849989,15.872753466481651,10.721179194284149,26.66391804913059,-31.295840847749645,57.95975889688023,417.66413078136856,S1,3,311989,312244
-2.990296008070139,8.757423571322594,11.338283753259143,10.936855501173087,17.503715253405883,-28.56322898108909,46.06694423449497,439.36109173724,-18.61687575991609,18.61687575991609,19.80771533731218,6.7644307834318855,-4.663150168892603,-37.495912022093734,32.832761853201134,404.37805929023386,S1,3,312117,312372
