EOGh_mean,EOGh_mav,EOGh_rms,EOGh_std,EOGh_max,EOGh_min,EOGh_ptp,EOGh_wl,EOGv_mean,EOGv_mav,EOGv_rms,EOGv_std,EOGv_max,EOGv_min,EOGv_ptp,EOGv_wl,subject_id,label,start_idx,end_idx
-69.17587685453583,78.1814449147478,87.73742727710257,53.968085074523025,23.092593518206208,-113.88344569861658,136.97603921682278,311.3883527917152,-5.521190937896179,25.690770401472275,26.613274149467525,26.034262263064218,41.423797104941265,-30.573842162456177,71.99763926739745,225.612123366868,S1,1,0,255
-41.74350422938602,43.1411900334148,64.59402282082549,49.293687616454065,8.565918226608938,-131.20643235599712,139.77235058260607,367.04659474006985,-13.843579615269416,13.843579615269416,14.806584169446962,5.252641069273106,-1.7481832320756863,-28.569925938516562,26.821742706440876,249.1408456833805,S1,2,267,522
-30.304971951368948,33.8419080255383,37.52956155655374,22.137675254052702,32.20335548497015,-65.2752973485437,97.47865283351385,283.9950324226225,115.33790731181489,116.2148779105628,245.34503737838443,216.54411675945397,848.8110034313015,-5.535418001779207,854.3464214330808,1777.322179632816,S1,3,531,786
-57.194782805528604,57.194782805528604,58.759014158873484,13.467685946409034,-21.355583081415364,-80.50081149787205,59.14522841645669,249.14464062370905,22.558362284259086,22.558362284259086,26.976085519566087,14.79288616230992,99.2222876260149,8.402878252825385,90.81940937318952,224.06584153177897,S1,3,659,914
264.7994899861769,307.4020119757763,332.43489484354654,200.98305752650003,397.4544720529036,-104.35409450515311,501.8085665580567,705.8512159789683,-168.07337879680483,175.71122056249487,197.28308651785943,103.30515749873756,27.92230906212509,-245.44360478449667,273.36591384662177,496.9391477253598,S1,1,1041,1296
13.696159908567395,194.50669406660933,224.26702807945978,223.8484198902287,393.39131804557815,-148.63395197161475,542.025270017193,726.9339651074602,-76.54113844736717,76.54113844736717,118.13057617639593,89.97937070766973,-2.0750820611773886,-229.81728638006675,227.74220431888935,461.13376375564786,S1,2,1306,1561
-120.86617505803318,120.86617505803318,122.04267805577551,16.905117386949662,-69.58663645892732,-144.58609019963438,74.99945374070707,312.3913499630265,113.0108915006353,129.01144877092884,260.3191817115397,234.50930635946466,851.9565451589071,-32.40831049662256,884.3648556555297,1842.2108395270184,S1,3,1570,1825
-119.56738506002048,119.56738506002048,119.73607763492055,6.353638115639532,-105.00796207833223,-134.31878100547706,29.310818927144837,240.42211371416929,-12.67914447150524,29.667777650634918,34.0780030459158,31.631465142609894,104.42432733275214,-37.97358986915707,142.3979172019092,277.3239190188655,S1,3,1698,1953
193.40912525083195,235.40375201184412,246.24387497743442,152.410485969996,294.4145052142716,-111.91649780646105,406.3310030207327,656.1199992339697,124.65631896459112,134.47695501092105,145.80040114889752,75.62115522377026,177.52351935407987,-29.260272987833396,206.78379234191326,383.1360932326868,S1,1,2080,2335
-17.838778066883172,152.790275540714,167.95423681356667,167.00420252409253,285.82915177886485,-135.39911611705136,421.22826789591625,597.4157819204996,-32.36722399191122,109.49589817256191,113.37202673255798,108.6534824867813,167.30959106916953,-111.03259230035441,278.3421833695239,444.59079048069503,S1,2,2344,2599
-128.26601702381504,128.26601702381504,129.57837574480718,18.395225943402476,-67.83283804611987,-150.30575911352167,82.4729210674018,309.45585377605886,44.31336456851673,116.64659457551701,211.53643714892402,206.84291131744985,752.4348098019448,-94.95372388811138,847.3885336900562,1734.3029076632654,S1,3,2608,2863
-142.71141751672158,142.71141751672158,142.8812803583112,6.96502600126512,-123.33399402752192,-156.31836168362437,32.98436765610245,199.79225059894935,-38.560867223054615,38.560867223054615,39.46140189113874,8.382228714364732,-6.0400772742392155,-51.802487991996486,45.76241071775727,210.42754325377155,S1,3,2736,2991
-156.8557583866563,156.8557583866563,157.21351475937277,10.600013393501934,-138.81578431050764,-176.61940370316117,37.80361939265353,199.03292918182007,-40.7535097791671,40.7535097791671,40.95778404018302,4.085524955449619,-29.881328556913992,-50.82111908053452,20.93979052362053,248.05557718865265,S1,3,2864,3119
16.977448027157635,214.65778496801994,248.93108823690972,248.35147060023078,430.00200923101596,-153.5534729134931,583.555482144509,744.5684066249843,-78.58119569988918,78.58119569988918,81.27234709555226,20.74102419832831,-40.49102555298611,-107.19643392811325,66.70540837512715,270.91454387285995,S1,2,3381,3636
-102.66698864137419,102.66698864137419,105.15600276614968,22.743666394546544,-39.29437749561594,-141.36978589820603,102.07540840259009,333.38822737580404,50.82066057445171,121.15436194966564,217.64602779152534,211.62952032314817,767.221120417664,-91.98341518990803,859.204535607572,1771.1140185268468,S1,3,3645,3900
-97.67503135123108,97.67503135123108,97.80631391554067,5.065895012859022,-86.76120179856109,-107.46283131787648,20.70162951931539,241.64002906177484,-34.66361065145412,36.68817877277071,38.37804407328103,16.471440844537497,40.83033537602148,-55.95291211983838,96.78324749585985,257.0113196621886,S1,3,3773,4028
-89.395646496711,89.395646496711,89.88913586901371,9.406122193183046,-64.0648552587862,-107.46283131787648,43.39797605909028,242.81983565088555,-44.17472363919167,44.17472363919167,44.442302340165945,4.869499840410761,-31.337350961860356,-55.95291211983838,24.615561157978025,217.13559505196008,S1,3,3901,4156
106.22814482912165,132.20788417501882,138.66277672841832,89.12321188219344,191.00607170592582,-78.64485135821896,269.65092306414476,438.9507273428105,102.32079380783152,117.81788315263589,124.59161132849361,71.0881478726633,178.69239692905046,-46.05338164319081,224.74577857224128,493.4676468310182,S1,1,4176,4431
90.77337068592995,90.77337068592995,95.51805253328722,29.73034702230314,135.43051882848945,38.04108205947738,97.38943676901206,284.3181925708689,98.81652529106826,117.14666408756044,220.49788033609153,197.11572631859943,804.4518341579505,-39.616363277825535,844.068197435776,1722.4456828133923,S1,3,4682,4937
123.49078161529623,123.49078161529623,124.65208699123397,16.975560294534414,153.9289947356327,90.66640268951514,63.26259204611756,231.08512799601436,32.44819880008136,32.44819880008136,34.88035316994179,12.796617986416065,95.41107377102217,17.94722613266941,77.46384763835276,253.16850492948413,S1,3,4810,5065
149.57593173646617,149.57593173646617,150.0902188345426,12.41428350606292,172.0210470186576,126.44554228322957,45.57550473542804,245.8907855770426,31.006428261872404,31.006428261872404,31.53513754077583,5.750330960649933,43.62881814284611,17.94722613266941,25.681592010176697,222.08076354681867,S1,3,4938,5193
-342.47210091795625,402.9716829345013,423.64467969658153,249.37456712355467,191.3139286154451,-507.6466163780123,698.9605449934575,879.1374218660721,-136.20540657940012,152.89961228634292,162.9126673802415,89.37910500494789,53.420132130178196,-194.35784523593873,247.77797736611691,415.91593076682454,S1,1,5214,5469
-139.35454511704853,215.35991988221764,302.8830655601602,268.92092175645394,81.30133477395847,-530.7550634510172,612.0563982249757,839.0384235586382,-99.65302974262693,99.65302974262693,118.59148282479562,64.2900728083186,-31.13997236112868,-205.01271276880829,173.8727404076796,401.78317852170414,S1,2,5478,5733
59.60222467957986,59.60222467957986,64.45874664758847,24.545973857699757,137.78486020020276,27.069826851560638,110.71503334864212,360.91513058527914,54.71086324000412,124.5389432362662,223.84315398313979,217.05409240245436,779.83401542857,-83.58798802789967,863.4220034564696,1817.0537163359224,S1,3,5741,5996
39.391258018125164,39.391258018125164,42.082795724765624,14.808460006423413,71.1398019963499,2.700019715770508,68.4397822805794,245.91873774257832,-34.33294317615821,45.43722031107156,49.0249778710705,34.99567784915222,141.67661611814574,-64.44542287287925,206.122038991025,399.7290708520268,S1,3,5869,6124
290.6523865947106,306.765586415884,332.1729165320913,160.81056135787418,402.0877888186579,-56.68195159543037,458.76974041408823,694.566611941072,144.68841873638172,164.98411721244375,173.6958921359208,96.10163593019055,209.29852413378364,-64.44000225194523,273.73852638572885,522.0447743814865,S1,1,6251,6506
-27.280713565484632,159.33039544349865,183.06012287815858,181.01594199275516,360.17074809904204,-144.44645565333548,504.6172037523775,666.5966080699048,-34.09882335935228,104.01628676240588,111.81541221850571,106.48923257823793,190.1262553440474,-110.11978462966245,300.24603997370986,488.441090222295,S1,2,6515,6770
-134.15064481586515,134.15064481586515,136.24434747679314,23.793417469223353,-65.10602977031023,-162.95204122857362,97.84601145826339,327.62337432200957,87.52940723605647,122.20096132130095,236.40419053055982,219.60315154686148,781.7374193521053,-77.44881348504177,859.1862328371471,1755.8877337029223,S1,3,6779,7034
-154.4812990122764,154.4812990122764,154.90564449591088,11.45805184894804,-124.67952186063692,-169.10108649851716,44.42156463788024,200.7035943381735,-12.253748784793702,14.683480609775078,15.420433147666468,9.361378059923531,27.74374157239499,-25.220270618833524,52.96401219122851,219.32126692656422,S1,3,6907,7162
266.8431334581692,326.79710829042784,338.52788430969343,208.3167554024949,385.98316385100986,-179.87346250958052,565.8566263605903,740.4028963110133,-124.31047122545576,125.23925898564033,137.59236924619393,58.97937621309764,6.883942571512451,-172.80330788442072,179.68725045593317,368.9557578252229,S1,1,7289,7544
-17.992899361294974,185.94667577768723,210.14802637181532,209.3763323791481,378.5168207873154,-147.2638197020629,525.7806404893784,739.9509461712216,-56.89897904287779,56.89897904287779,74.86048221245754,48.6476924525699,-9.236776248848802,-150.24744505287657,141.01066880402777,319.382625468069,S1,2,7553,7808
-90.07765384008017,90.07765384008017,92.38493426802191,20.518098312792468,-24.064012856593283,-125.93094190178594,101.86692904519266,352.81738082557416,118.15724738763316,124.05243356698256,234.86027649804035,202.9734326617984,809.7707730885572,-24.254359304282406,834.0251323928396,1752.8400530421836,S1,3,7817,8072
-87.10679618593622,87.10679618593622,87.47768019486848,8.046775161358196,-69.13629545264118,-103.24950245565887,34.11320700301769,227.12897367352605,29.752151854081994,29.752151854081994,30.38266092134477,6.157559964227363,56.835695737694365,17.514377707816628,39.32131802987774,267.97004805550193,S1,3,7945,8200
97.68141552480317,126.80404774938528,131.3900528586287,87.87313042827132,165.04056489971063,-80.91248376311692,245.95304866282754,417.2265906924415,-97.14747210353086,112.13477410135732,119.45563236499147,69.51270939629454,44.1809619174023,-143.8126826929361,187.9936446103384,418.19935528366545,S1,1,8326,8581
-14.703472905622414,74.95005292447561,83.46537888943672,82.16007155346725,158.6072128850413,-73.16644080433564,231.77365368937694,496.87720401617696,-18.353866474598476,34.09258009530053,58.25021601371065,55.28311904258443,37.203275933512636,-133.4266934115744,170.62996934508703,375.480203887668,S1,2,8590,8845
-52.73903197250227,53.44425511351696,56.62505401401733,20.615315876642878,9.0610959646375,-78.75438131451857,87.81547727915607,334.30890704904743,152.38743919932003,152.38743919932003,267.1673032844707,219.44574800749706,846.1864829964018,1.7655620297810308,844.4209209666208,1766.0530718378682,S1,3,8854,9109
-62.290215770916326,62.290215770916326,62.762298684210414,7.683433824711907,-48.256070888912674,-78.75438131451857,30.498310425605894,213.40642414138847,37.67042720605329,37.67042720605329,40.34229341803513,14.437435795191654,88.52163070032071,24.625555891410965,63.896074808909745,255.8512798595787,S1,3,8982,9237
-61.347275217455575,61.347275217455575,61.65084334652947,6.110508058425131,-48.256070888912674,-73.85096080149172,25.59488991257905,182.7702256748406,30.942014645164694,30.942014645164694,31.132732893743032,3.4407538609384827,40.077922134840136,24.0220250765555,16.055897058284636,240.48421693558797,S1,3,9110,9365
-11.504005885220558,109.01052068048061,125.9814773834952,125.4551333836959,245.33091367893402,-95.94028276326553,341.27119644219954,529.119463185638,-49.49029122891664,50.476545092765896,85.29100651103964,69.46414086234151,21.484146858669213,-191.26723662303525,212.75138348170447,436.16293578610737,S1,2,9628,9883
-82.32998843667926,82.32998843667926,84.21146349211894,17.701513706481173,-18.506705948274504,-102.57659650920151,84.069890560927,313.60585443363163,66.01729449708243,91.0278952386414,195.38739906380022,183.8965810998187,760.9670160921983,-39.291386329045224,800.2584024212435,1699.3655224984775,S1,3,9892,10147
-95.2138891895001,95.2138891895001,95.32223699040834,4.543585617678038,-84.90663903788706,-104.21036032788544,19.30372128999838,202.40532588543158,-23.464558157848902,23.930296099901007,26.225312432945653,11.712451607692579,13.476571687521602,-39.50436053696364,52.980932224485244,233.8967415141198,S1,3,10020,10275
-95.79301779649549,95.79301779649549,95.87771724058193,4.02919405157878,-86.03826965348281,-104.62127301031747,18.583003356834652,178.20436491051368,-32.22789387760778,32.22789387760778,32.40471803047489,3.3806222575490135,-24.173538086398416,-40.77006676273485,16.596528676336433,223.65716929327763,S1,3,10148,10403
181.58769475667822,202.53123226427215,209.80307503683042,105.08681843059742,236.84272238861638,-84.43345295003051,321.2761753386469,508.81483336676115,118.5268569538895,127.64377200533659,133.65802963066773,61.77259153851865,183.96768585025683,-42.38597459054949,226.35366044080632,446.6403535675179,S1,1,10423,10678
-17.450456553320304,21.833492814012974,28.802110341811435,22.91381954678359,30.886728886427083,-63.103657567439484,93.99038645386656,264.30999933545525,33.32971476614904,131.10780183101895,214.34277439841924,211.73557814032762,727.2317371387044,-108.71579889540514,835.9475360341095,1712.031949805374,S1,3,10930,11185
-3.6608382439300464,6.547842714253067,7.985994666958896,7.097490695483518,8.574673515436242,-16.581544527783652,25.156218043219894,171.7482282822267,-43.988646437008754,48.51395224692163,49.95636806759238,23.67778906791342,80.24418709769174,-61.27001997578826,141.51420707348,332.6343401751089,S1,3,11058,11313
3.7289000982849587,4.641308912388694,5.437522106528892,3.95751825213742,13.872989538336537,-6.6175626856970835,20.49055222403362,177.2069054867049,-46.379202907642174,46.379202907642174,46.996983690024734,7.595130914750993,-33.68824160735166,-61.27001997578826,27.581778368436602,267.29053527841654,S1,3,11186,11441
-86.53805964716493,95.6670069988828,105.27883703346335,59.956632323891064,23.523254820142427,-141.2443620778198,164.76761689796223,367.0941757693153,-8.009522493653273,10.584022864858458,17.470069553491403,15.525813332237687,20.850255954094948,-39.07371751759045,59.9239734716854,254.80979321154,S1,1,11460,11715
-3.1746899607964854,14.113962399232484,18.280617371868857,18.00284186314737,58.4635826590613,-26.582332978510873,85.04591563757218,290.0704978213528,81.54085151894046,122.08793645162375,227.7748107067344,212.6792277728476,770.7124003764912,-79.81552243417876,850.52792281067,1736.127488697598,S1,3,11988,12243
-13.695278340602032,13.695278340602032,14.95137639633663,5.998583776056565,-1.0154813064616801,-28.192734797430997,27.177253490969317,193.619141343348,-6.862907522214625,19.590855142291048,24.221671632144904,23.229073959092368,93.06013689629359,-29.923508836068926,122.9836457323625,333.29018674062627,S1,3,12116,12371
-12.862954858830994,12.864407549515597,14.190882619039186,5.993791938916852,0.1859444076293154,-28.192734797430997,28.378679205060312,230.72505118749632,-16.66885235072469,16.66885235072469,17.381489772403647,4.9260073099735155,-5.370703285513616,-29.923508836068926,24.55280555055531,245.89512919058436,S1,3,12244,12499
149.05160616506146,151.10225232265145,166.80129396135422,74.87516522050232,199.46838799248843,-9.40089207778673,208.86928007027515,370.39227369147693,34.3794488658011,46.83247306721519,48.359708620960234,34.01051181014399,91.45668351310235,-38.87749721385326,130.3341807269556,342.7082745295463,S1,1,12518,12773
51.98309326754662,51.98309326754662,57.22270240113186,23.92061212481928,111.69057989004041,8.159810862552806,103.53076902748761,373.89608263188137,73.84719058912212,119.28941408997463,233.71051589989486,221.736775669461,801.1353011199968,-63.22168872681619,864.356989846813,1822.4864880113444,S1,3,13026,13281
54.34981792912368,54.34981792912368,55.847210151549795,12.845550699852188,73.67150783440553,23.518658657687006,50.152849176718526,420.7773975965297,-6.561774088142282,15.624710507141028,18.263584378496944,17.044108517803508,59.24656432977585,-33.842601591743495,93.08916592151934,301.7975980862905,S1,3,13154,13409
45.120689430646934,45.120689430646934,46.513173768681845,11.295960310602153,73.67150783440553,23.518658657687006,50.152849176718526,385.9941519053628,8.522057135264612,13.985096351430277,15.416307282241148,12.846675538977658,27.178789236493156,-20.892820440868437,48.07160967736159,226.1886946270633,S1,3,13282,13537
-318.6184011301508,330.9689083735008,351.4041865766143,148.21341641308408,57.003727284583384,-392.7375069099061,449.74123419448944,641.7858449600285,-110.3022159711287,115.18144837979784,121.95745753275196,52.02924754127696,25.129598386990146,-142.17465007920245,167.3042484661926,347.806449271857,S1,1,13556,13811
-52.77826640414641,85.42625020811032,159.97781021170852,151.02103944651682,33.59647461123554,-380.94587100580327,414.5423456170388,575.6465664507112,-62.346027488825186,62.346027488825186,71.74650721867495,35.504001949668016,-31.715392359079814,-142.29309383564083,110.57770147656102,303.29615764989853,S1,2,13820,14075
33.06055992590419,33.443355861293654,41.60155592943981,25.252501522344417,103.96641556710125,-5.844232786631089,109.81064835373235,314.7638459092451,105.49601555457141,115.3752846974426,225.94663224673698,199.80608430613876,767.5980129852193,-34.931775806611135,802.5297887918304,1655.690686956325,S1,3,14084,14339
6.070859341775131,12.38129627843301,17.655274630704447,16.5787028786325,41.75900072279373,-15.313352446531797,57.072353169325524,225.46913917586477,8.181677845893091,10.027942857733322,14.052396830224431,11.424972835859341,40.040757329879064,-8.471469324189801,48.51222665406887,228.46245150305867,S1,3,14212,14467
197.02650461315642,199.784242641608,216.6360061234766,90.06506331010284,251.15489300963665,-12.51597678275992,263.67086979239656,446.45754457584366,11.504576429282878,11.803227308874003,13.852553821089987,7.716085053249711,28.182750720549375,-5.659825279153924,33.8425759997033,264.4211265231007,S1,1,14594,14849
74.92154068626205,75.48518693410128,130.12534893882486,106.39252406841238,255.44897128814438,-7.130098714640624,262.579070002785,436.88432947908274,-15.65879021206044,26.07577088290299,27.229007675212525,22.276021818795712,27.684681895146838,-42.44747052965243,70.13215242479927,220.5471221972199,S1,2,14858,15113
46.761235494762815,46.761235494762815,49.76813523314605,17.036846527102586,86.20373749359001,7.898849179931204,78.30488831365881,269.66841479810233,87.56121719539912,95.2515617362053,186.98946722776515,165.2213487942269,662.8606853621824,-30.31900515004895,693.1796905122313,1488.4949904886328,S1,3,15121,15376
57.991973025269786,57.991973025269786,58.7781885833606,9.581571780114382,77.89543704266505,41.28102791584171,36.61440912682334,188.24864817348447,17.599807881664354,17.599807881664354,19.914625297068802,9.318747944394575,41.31227785161786,2.899740243126073,38.41253760849178,275.0816356842422,S1,3,15249,15504
-389.17016740163723,416.9683497873955,445.77198339336826,217.39190873406275,92.23647936084078,-507.9005551761468,600.1370345369876,787.6998525350853,-124.94523854989197,134.43902386488355,144.17553903391308,71.93937322099757,35.30396270230992,-178.00272097844888,213.3066836807588,371.3914380765668,S1,1,15630,15885
-26.32517994685034,192.68326982556883,245.763893361086,244.3499052194725,131.22103507678682,-487.64967354758375,618.8707086243705,766.5233951950744,-65.06872298629449,65.06872298629449,85.60868701529249,55.63190255074133,-21.62491329826356,-175.03121542503482,153.40630212677127,345.0126101056221,S1,2,15895,16150
126.28584510079713,126.28584510079713,127.28912991099331,15.950169926217264,183.14004536216916,103.73339364248937,79.40665171967979,336.2140932613071,67.32539913067971,88.05004787644711,183.89922980828143,171.13216341755802,672.6147690888592,-50.71353067821893,723.3282997670782,1533.7091561122643,S1,3,16159,16414
121.75576727072692,121.75576727072692,121.89611810450155,5.847798326137566,133.79528351284563,106.3201118633935,27.475171649452122,240.171743777845,-11.004526283357015,12.588384037689838,14.438304957614466,9.346927373633495,15.534026426406752,-24.67359195455445,40.2076183809612,273.8295163823982,S1,3,16287,16542
115.21557275469178,115.21557275469178,115.41007419178383,6.697538335939286,130.03002616528997,103.88976875027925,26.140257415010723,204.85265685924034,-18.245654764126257,18.245654764126257,18.582488093012838,3.5220655807751022,-9.368251206070568,-25.941634499516113,16.573383293445545,248.90595546960353,S1,3,16415,16670
24.033943406213755,107.79191353627722,113.04703687744168,110.46267293125119,111.19095019717582,-168.43369543651949,279.6246456336953,435.8118341029794,-58.743641842502726,110.86212656345194,111.9463020972476,95.2951158052079,108.2601141976417,-131.3434990087444,239.60361320638611,435.49149046279865,S1,2,16933,17188
117.32186234843638,117.32186234843638,118.56825032965884,17.146737337790636,171.24079683605595,90.64526174633534,80.59553508972061,287.0585552113715,36.61231284817708,131.57615880142373,218.64534246075195,215.55816924367932,751.2995157054451,-117.85399075548398,869.1535064609291,1782.346032552516,S1,3,17197,17452
117.2144010804794,117.2144010804794,117.38985533923717,6.415786460874254,130.93434341120906,99.01573970254998,31.918603708659077,204.75421903380692,-47.40827380441256,47.40827380441256,48.57671422652385,10.590219069085139,-1.5971876202880375,-60.32567299590662,58.72848537561858,248.06097905085878,S1,3,17325,17580
132.08529826849067,132.08529826849067,132.88411317883754,14.548591569288083,158.68681722875746,106.48715610452999,52.199661124227475,223.0957690222485,-43.97583006312108,43.97583006312108,44.52937063443207,6.999372783193996,-31.099763418716012,-60.32567299590662,29.22590957719061,200.25478895705214,S1,3,17453,17708
-79.77119458396665,253.6212339555172,282.6976712518367,271.2093837717613,180.04554024431445,-430.73624967429737,610.7817899186118,854.4963687656435,-42.761634117357595,103.15570700792776,107.16803668780595,98.26713965071009,81.37202373666305,-139.55686626434343,220.9288900010065,483.8926261877738,S1,2,17971,18226
194.81075034362715,194.81075034362715,196.90344084442742,28.63104201610372,278.69825862770125,159.9636691537209,118.73458947398035,450.1129855201375,37.82366480834435,147.74292976878104,233.48315740398078,230.39912146490073,744.5981000860185,-125.3676703430811,869.9657704290996,1786.2719092133548,S1,3,18235,18490
184.22191465205748,184.22191465205748,184.76009877352774,14.091850862600792,223.47112503325687,165.72441004568913,57.74671498756774,313.153561721692,-69.2627895476895,69.86963368476972,73.31014060987559,24.021713101113487,26.816684924859526,-97.93842709622643,124.75511202108596,286.24625531656636,S1,3,18363,18618
174.18435994614507,174.18435994614507,174.2925474936655,6.140102766519003,190.47285267073903,159.55131821295961,30.921534457779416,246.49058037438502,-83.12580440434382,83.12580440434382,83.3369842076683,5.929045366661321,-69.54115426839466,-97.93842709622643,28.39727282783177,257.3809438090616,S1,3,18491,18746
-250.97080445356366,305.8550815114721,317.20329049101014,193.98861515629025,164.8709376923171,-374.3256549456861,539.1965926380033,744.8309052206334,69.77346688897404,98.2951384519533,99.5043479960327,70.94207910971329,129.78096154443796,-88.07032624991832,217.85128779435627,446.86821415484974,S1,1,18765,19020
18.632115229051216,32.912856017394446,41.81817200861083,37.437999308631866,108.37569365826623,-45.10148004582706,153.47717370409327,384.4314474761171,50.27175608166128,132.35307211254133,223.02317306255893,217.28342381175347,740.2935553503777,-105.32923275439235,845.62278810477,1749.984475619272,S1,3,19272,19527
-23.100731517266546,26.3402179613785,30.233206543834747,19.50392220270939,25.342923097643464,-55.33454953659868,80.67747263424215,247.02092829122716,-36.556695496217884,44.04263877817088,46.747697085721086,29.136835744725943,98.0481309216163,-59.71198137686429,157.76011229848058,327.1399598246894,S1,3,19400,19655
-47.93127363096221,47.93127363096221,50.16481248950558,14.802074862028041,-21.650867152829054,-77.6437699598644,55.99290280703535,216.1659864606284,-47.16405948640712,47.16405948640712,47.63994406461917,6.716826873062474,-29.843186220999677,-59.71198137686429,29.86879515586461,215.58305656819545,S1,3,19528,19783
230.0454191668543,257.2733220997269,275.1714107378469,150.9914249479193,327.668335702493,-84.41908296201528,412.0874186645083,658.5377623813213,85.50178729170932,98.55799703511016,104.76362943661024,60.5381071941854,134.22845205830552,-41.491668638025374,175.7201206963309,455.75275193733427,S1,1,19802,20057
3.8427668669549035,145.11329158414617,169.97396282949572,169.93051869152,307.6432244655844,-115.64297108530275,423.28619555088716,569.3520266285258,-38.253826881866914,95.72300240086423,97.28350988113822,89.44677760369947,127.47818616266778,-108.14524279076645,235.62342895343423,426.1116754230717,S1,2,20066,20321
-99.75311725627404,99.75311725627404,101.18757283171004,16.977646869594928,-43.900817690617195,-120.81599215210603,76.91517446148885,282.47912894132645,69.83145396535406,124.91888862269789,232.4976516769823,221.7627698068276,802.5527097193839,-86.36175551133942,888.9144652307233,1830.3410659816118,S1,3,20330,20585
-102.88447083133647,102.88447083133647,103.12297755184478,7.009576371947188,-85.1339970912489,-116.03233009975173,30.89833300850283,206.89949548862734,-20.918454132919578,22.56396235007945,23.903616689225668,11.567245459242551,29.421954949653774,-35.80493801166856,65.22689296132233,249.3365876069721,S1,3,20458,20713
120.29960018908038,146.65742784418399,151.20549792208104,91.60299556352874,175.7032710241973,-85.33718438115348,261.04045540535077,426.5458612259748,-145.24447366723575,146.55048972902566,160.6580515987365,68.66623924921136,10.104973595845976,-187.86144457276654,197.9664181686125,403.13678413709613,S1,1,20840,21095
21.436786169352093,53.68307757811453,83.96908967950822,81.18665050570054,187.5183749080622,-31.351464068526134,218.86983897658834,383.58954317817455,-30.90529569780724,38.64666181754734,75.67080278423599,69.07194142227242,25.845557696394387,-177.6263019496224,203.47185964601678,397.9275527411613,S1,2,21104,21359
12.583901176030388,17.195827970108464,19.81952861865117,15.312058837969305,54.1872305055043,-20.479783361218256,74.66701386672256,295.1486697968536,106.19015365796571,107.87226947534597,206.26609833391558,176.8314298646996,735.9836917931685,-11.379752492160847,747.3634442853294,1588.559432234777,S1,3,21368,21623
20.503303892027738,20.503303892027738,21.15037269687197,5.191608106140864,33.393790361206854,9.501044609445216,23.892745751761638,248.13336504527774,34.742114297706124,34.742114297706124,35.40250178597316,6.806072790600784,54.43875881527215,16.255844564960654,38.1829142503115,357.47110339819017,S1,3,21496,21751
-174.2021421023881,192.1462429592532,205.0091205532003,108.08493510631344,76.66760803103173,-238.1917592060527,314.8593672370844,567.802234641106,-12.85109078155518,28.254077301604667,29.2925227723144,26.323019509372116,48.68589926283274,-37.19860199214981,85.88450125498255,267.5762993781082,S1,1,21877,22132
-48.16250422302048,48.94520336641074,51.82746227701097,19.14311973118619,16.46974827502604,-73.03044113072252,89.50018940574856,306.7205804258362,67.31658253688792,91.9745675472075,193.50301292928256,181.41635463282918,708.0271852380376,-47.848690947312555,755.8758761853502,1615.628280578612,S1,3,22317,22572
-66.2732517577019,66.2732517577019,66.80268122351356,8.393707173271771,-46.28338104530004,-82.28783047514156,36.00444942984152,214.07489434747674,-11.617148639236559,11.748639057353666,13.201071892281519,6.269781224179148,3.6056008886673974,-23.927662082572468,27.533262971239864,249.84964199372132,S1,3,22445,22700
332.1334292093916,363.38351047002664,386.181767733452,197.03741505446092,449.4880794738321,-102.9462468969387,552.4343263707708,725.7657431355235,-50.09062063211923,50.09062063211923,51.67603517755063,12.702060319513558,-17.072770901353522,-64.12854566662106,47.05577476526754,252.0652852805319,S1,1,22827,23082
101.9991930335301,186.26730320426404,256.64219439552323,235.50240033736003,453.10406021373933,-78.18324948247688,531.2873096962162,729.3989974018274,-70.78490834085181,70.78490834085181,71.71513807472517,11.513373973519048,-51.7184714840697,-95.60135995067479,43.88288846660509,224.23019220832833,S1,2,23091,23346
-24.344421640046505,25.364296395715094,29.45451891606222,16.580645933988897,19.326232130801586,-59.390440667354305,78.71667279815588,307.39181009387164,36.24576499079972,86.85200849378599,164.14848131732856,160.09674712191088,631.7131673393309,-73.8856050578495,705.5987723971804,1496.9828767062106,S1,3,23355,23610
-1.3797338467435347,16.352689141867042,18.1594603453237,18.106969225840484,28.37590591703085,-31.125356893321428,59.50126281035227,228.13188839362311,-33.81487713846355,33.81487713846355,35.18433443383381,9.720672490238448,-13.783764438346807,-53.35222573300161,39.5684612946548,222.84720396830267,S1,3,23483,23738
-352.3350919167433,375.5765830918997,415.5847944335835,220.38762299281655,67.69999474625162,-510.127249138795,577.8272438850466,773.0851969292478,100.72617108390148,117.56814754950177,125.60293307809742,75.03555994725188,169.28617319605408,-48.58674034824806,217.87291354430215,444.6254108565727,S1,1,23863,24118
-55.3281590310555,208.48747774197093,256.6007049464352,250.5647952072312,136.05523372955773,-455.7510467739415,591.8062805034992,753.7151570084047,-18.243646179857148,95.87882414243865,101.04738455770608,99.386836653639,139.68563517241952,-126.68288184666461,266.36851701908415,461.94899819365685,S1,2,24128,24383
136.23086700243903,136.23086700243903,137.3396896652674,17.416694092614723,193.61335163203327,116.63429668652367,76.9790549455096,351.2532477088507,70.89136423675032,84.27096864991883,185.40622471862972,171.31807447279877,696.8690233126279,-33.37929395743121,730.248317270059,1585.3836584806224,S1,3,24392,24647
121.76437561506302,121.76437561506302,122.03726020518464,8.156574615718766,138.07040010455808,103.89342471814454,34.17697538641353,240.18668523534524,-0.7424023094185876,6.324453462905055,7.5655261948824215,7.529012247062827,28.55543833523235,-14.583223871699222,43.13866220693157,266.606861018202,S1,3,24520,24775
108.56804709322506,108.56804709322506,109.16636889125269,11.4138182596504,127.89173959511479,82.94896922917783,44.94277036593695,183.4576976276056,3.3653434969109197,5.536432096486919,6.483764107806666,5.541990630944927,15.876590671527532,-11.30251791161437,27.179108583141904,250.8188817771611,S1,3,24648,24903
-17.963977417153252,26.552848578985493,34.88443302018973,29.90349783045642,33.52785749366441,-75.0090778000912,108.53693529375562,314.6278717785452,-69.17398679396156,69.19110173924238,96.64220674375693,67.48833732825169,1.0578152813228425,-164.18943396360388,165.2472492449267,396.1198366733905,S1,2,25166,25421
42.956175625650054,49.543040430861126,91.50636779539315,80.79716778900156,275.0962759368023,-15.22113734731423,290.3174132841165,657.0720588986937,113.99159069223236,115.7659189913615,210.64506584557202,177.13627809271574,713.8837334296192,-9.578635529117369,723.4623689587365,1525.9645282520426,S1,3,25430,25685
87.68566133048319,90.51287238400602,114.97074186362701,74.36058284944089,275.0962759368023,-12.993252581664239,288.0895285184665,610.844999497373,42.34546108766354,42.34546108766354,43.70963908208195,10.834873047666003,92.5126409400273,21.914936159681872,70.59770478034542,247.89169872375305,S1,3,25558,25813
67.2284288835974,67.2284288835974,76.53606868176891,36.58016073096909,152.4123759166214,24.519294109406403,127.89308180721498,242.54552436071253,42.17914995018573,42.17914995018573,42.338719691380255,3.6723963001039364,50.74666644179276,31.33821423607687,19.408452205715893,206.51297444294312,S1,3,25686,25941
-125.38663712379514,131.4915664993,137.86546270646954,57.31559157903426,31.193214206960374,-165.34872368399843,196.5419378909588,424.1098169117556,-46.640570866158626,53.805257397277586,55.15641491696962,29.442949169058185,35.828747005871364,-72.95944494221213,108.7881919480835,317.2095396785373,S1,1,25960,26215
1.6050466734999125,13.191706220197727,20.042181228565376,19.9778090283831,68.44878961151305,-18.959114340901564,87.40790395241461,301.8926219819207,72.38553783365913,109.13636945717239,210.72605232655513,197.90351952824372,736.0674108736209,-53.118923318515684,789.1863341921367,1667.573208562943,S1,3,26467,26722
-18.28956440501607,20.327404999049868,23.542442932008356,14.823577607367241,11.809089654063994,-45.127313765357044,56.93640341942104,206.94663726463813,-1.6715142107907965,40.71948888021046,62.9688720171573,62.946682862214914,323.76357943328526,-37.98176948727328,361.7453489205585,492.979035948339,S1,3,26595,26850
-35.06649505758524,35.06649505758524,35.68666005343307,6.624094666114384,-19.19108763814818,-51.12972153691928,31.938633898771098,230.49483192926783,-32.062729671132914,32.062729671132914,32.33752670577481,4.206780179965645,-23.944751992194888,-42.29395294407722,18.34920095188233,199.53675226208497,S1,3,26723,26978
208.02213812424912,220.25178513907508,231.80832285102892,102.28337398239596,276.01738476466124,-53.135710952614325,329.15309571727556,515.1338080249795,10.805217425193694,20.80409704902771,22.33845443894558,19.55131256757812,30.288424519184005,-39.7044992853631,69.9929238045471,285.86841548864834,S1,1,26997,27252
-44.06023273015724,127.48839603476617,135.8824371910019,128.54078196716776,234.39732230734379,-117.14363562297075,351.54095793031456,563.3311643914751,-51.55564500610233,59.48702356648597,62.91163100400811,36.053970427530295,27.068716873740783,-84.40771850418461,111.4764353779254,333.57099977915937,S1,2,27261,27516
-111.1615635948505,111.1615635948505,112.99343155224555,20.263818818278292,-42.46331295096393,-134.99745957742647,92.53414662646253,307.2376411016156,72.96832980482242,115.55256016495935,218.058049854144,205.4870700352872,726.6550259176254,-67.54996668031804,794.2049925979434,1636.2973394124044,S1,3,27525,27780
-128.26354969212744,128.26354969212744,128.6050718035655,9.366232645807557,-108.24771488301415,-147.7183679322382,39.470653049224055,215.6309481640546,-7.356058663973588,16.480030586644354,21.711775465951867,20.42766738558489,90.89156021280535,-29.491450551644935,120.38301076445028,292.3841515284873,S1,3,27653,27908
165.85489648325463,221.35623328333008,228.98416651261851,157.8793901242575,269.7405069367615,-134.45285344955747,404.193360386319,546.9361005240814,-25.453918680495068,25.472492868570605,28.50641904063521,12.83409328028411,0.9959033800450555,-42.585190309954925,43.58109368999998,225.22963102212987,S1,1,28035,28290
66.38433483904382,123.95714560460809,167.38599644658754,153.65933715331047,296.6057839321218,-68.07833786212834,364.68412179425013,524.2458899018186,-44.472967582160436,44.472967582160436,45.55631197314019,9.875865280074601,-26.27775991098646,-63.28267368268572,37.00491377169926,245.15296696101586,S1,2,28299,28554
28.374631233535407,33.94053788268516,38.36993609329075,25.828904315980818,86.84302227327048,-21.27699856675202,108.1200208400225,314.97551043337137,73.67101466501154,102.95995793694674,205.91294350816563,192.2829215048093,721.4894580226187,-51.69248310530876,773.1819411279274,1600.6618379652366,S1,3,28563,28818
43.80834641173665,43.80834641173665,45.12765628754492,10.832088749455162,73.3596682648715,18.18279743721033,55.176870827661176,197.02607377827252,-12.201539634334916,16.476419244078023,18.208801688882623,13.516023435049558,52.303741514848475,-28.35066799068825,80.65440950553673,245.817809243069,S1,3,28691,28946
-230.90262248251855,255.3267238637392,268.06489373286314,136.1718259505495,87.04817090543685,-305.77078414711923,392.8189550525561,599.3987367582466,17.239959137822375,22.401730139260845,25.104695731918014,18.249097422020558,60.91954940328516,-20.934927650066076,81.85447705335123,279.59453589002567,S1,1,29072,29327
-35.357584484469555,124.62604728638382,160.59591943577124,156.65532406798155,75.36964259031434,-298.6227537383628,373.99239632867716,537.7710320391144,-64.30157092124821,69.71007323687971,78.95149237135497,45.81098257758511,14.11998271381327,-106.44644129759985,120.56642401141312,294.2151137186392,S1,2,29337,29592
69.98683516412636,69.98683516412636,73.80929049923442,23.44470660319259,147.25844458237125,43.43418114898885,103.82426343338241,304.53077744330204,28.40985293535084,124.17828939853294,204.26368973824424,202.27836068564883,722.9148438394054,-108.91625799554838,831.8311018349538,1732.6431562377045,S1,3,29601,29856
47.1883241955767,47.1883241955767,48.427864532057036,10.88669475774988,72.20515052391654,28.738925250517553,43.46622527339899,196.3217147313212,-63.07110695608773,63.07110695608773,63.52978657323331,7.62031819377098,-36.40362662575317,-74.39912842792508,37.99550180217191,256.7370366212097,S1,3,29729,29984
21.523714372058365,21.523714372058365,21.962532771884078,4.368359576102939,29.850669525773156,6.236758238162169,23.61391128761099,193.8633792100016,115.66435617070957,126.51167827198739,139.90248356237046,78.70490212518263,224.64068905617006,-26.975252925819532,251.61594198198958,451.18150818723274,S1,1,30110,30365
11.245794076532164,11.545768293411388,13.41100939154963,7.306660556537882,29.320004456456413,-4.780127552726267,34.10013200918268,222.08916789753107,-38.892248288380024,104.19381342621463,106.65659590793744,99.31275081148472,141.65089850868438,-123.68476491532816,265.3356634240125,478.1062895165534,S1,2,30374,30629
23.517196856100085,23.534598532063946,29.69258891235843,18.127087144650325,82.81468818095013,-1.0407812101525253,83.85546939110266,356.0254970079395,29.946123534074918,127.08084527641512,211.11324286466345,208.97854195614508,760.057451102067,-99.53130686716823,859.5887579692353,1805.0886136045742,S1,3,30638,30893
24.011074179537783,24.011074179537783,25.007375930246052,6.988359439910312,36.39686832545611,8.485819942196507,27.911048383259605,263.843955021274,-51.16456723115136,51.16456723115136,51.76893289009551,7.887298183041249,-21.055102725411764,-66.38325283859686,45.328150113185096,270.13120995681567,S1,3,30766,31021
21.617833179813942,21.617833179813942,22.88217974732142,7.500895853060614,36.39686832545611,1.656673791577493,34.74019453387862,301.3746631626408,-47.150337812627555,47.150337812627555,47.412947512984466,4.983295699045353,-37.612758847338235,-60.926974129940426,23.31421528260219,268.13504900533474,S1,3,30894,31149
-43.778588355971195,43.778588355971195,47.87588133575884,19.378731001644184,-13.679760321559314,-83.36885080033245,69.68909047877314,376.2183098009552,-60.0011898660008,91.23710954386544,94.83751202857337,73.4439303307899,64.4260153898548,-120.59198760952017,185.01800299937497,433.4271718934117,S1,2,31412,31667
-17.635177278429705,24.05256028983476,26.38774637685266,19.62940858017524,48.56758011315032,-44.39000641548516,92.95758652863549,303.4065881940009,35.006102262965214,115.20000013456158,193.4053254298137,190.2109163769708,684.4271788404974,-114.87654309222833,799.3037219327257,1637.3618232447805,S1,3,31676,31931
-22.266160929303155,22.266160929303155,22.80811739893412,4.9424990393458765,-7.729237048583116,-32.587491316260355,24.85825426767724,237.72085921261203,-38.461820948959684,38.905480184915646,40.59515708548797,12.986728151678914,15.516117150171514,-55.03420062315201,70.55031777332353,226.34699434026834,S1,3,31804,32059
-22.315828276445913,22.315828276445913,23.697489001725607,7.973380294648124,-11.098806207218143,-50.30959200367868,39.21078579646054,246.99390493794513,-40.3038216714359,40.3038216714359,40.725583328777645,5.845946984561677,-29.612371192712146,-54.76534362503111,25.15297243231896,198.04336591624707,S1,3,31932,32187
12.559956624366691,69.39397198838273,85.37653172531986,84.44761488069736,156.1833232969999,-58.35350571243863,214.53682900943852,366.7933869175918,-38.68518598543206,104.29259496806321,105.74468872935746,98.4144073789058,141.6957666925605,-112.35517242154502,254.05093911410552,420.15899754652617,S1,2,32450,32705
-39.4883512269165,40.670632154616726,43.16224720860232,17.42554737952816,20.458706188977363,-64.58274877900597,85.04145496798333,330.9568780354556,39.638656850520185,116.32287140175038,191.54833635939767,187.40208655492515,646.7126223476821,-101.34514927869913,748.0577716263813,1562.5907165874887,S1,3,32714,32969
-59.98757625089019,59.98757625089019,61.01174941089123,11.132127457095585,-38.35517773491478,-81.75886991289792,43.40369217798314,209.0014226306285,-49.65295647780263,49.7884464741209,52.430431183771795,16.838468669379235,9.730335854586908,-68.27923009644756,78.00956595103447,263.85940817074464,S1,3,32842,33097
-76.31266245229139,76.31266245229139,76.96318978871967,9.985496076666488,-56.02670879664716,-93.47093561371354,37.44422681706637,188.45694330171153,-60.120246677784834,60.120246677784834,60.284229475027715,4.4434516763548535,-51.276473404794615,-69.48934938279615,18.212875978001534,256.1310685538085,S1,3,32970,33225
120.62343561817119,149.3189815893723,152.3600576294612,93.07832153902244,174.56776998801143,-101.64531885194789,276.2130888399593,496.70453389937256,54.95508356179088,73.3976247989356,74.37116650209819,50.10997103969821,92.4324155243138,-65.35945995803198,157.79187548234577,350.766668836161,S1,1,33244,33499
-76.90373155026217,76.90373155026217,78.32224043802199,14.838780976769565,-17.347274381233397,-96.92256000264275,79.57528562140936,312.60476551331254,35.022553038939186,90.87939727996489,155.56765181073843,151.57412400717294,550.0012333665088,-87.39196319430127,637.3931965608101,1311.8772691551305,S1,3,33752,34007
-76.32651804058914,76.32651804058914,76.61375519538463,6.627980758718785,-65.93633030169156,-89.88459594464211,23.94826564295056,200.63842691553953,-24.76583731627902,26.232715010106737,27.96619551262095,12.99081958437349,19.795989503409686,-39.06009645498365,58.85608595839334,232.5139993594937,S1,3,33880,34135
-68.01148849385817,68.01148849385817,68.18756570473766,4.897096036194759,-54.202299321205274,-76.76971010859097,22.567410787385697,190.13089551010177,-28.001615343583495,28.001615343583495,28.552877223318657,5.583577337146757,-13.69046551515185,-39.06009645498365,25.3696309398318,239.6495026075721,S1,3,34008,34263
188.25524553133164,208.1311229483361,219.17194523761424,112.23325758961924,248.13352707099827,-68.70329856072435,316.8368256317226,502.55737888271625,47.40938803712264,55.86283663434945,57.96400488266365,33.34929966255645,83.2329313848311,-35.32094541847487,118.55387680330597,362.9148990692628,S1,1,34283,34538
18.92280434441625,109.8992190115818,136.19162738450285,134.8706300325694,254.17251381498951,-73.15716237807868,327.32967619306817,501.8228296991243,-37.37939383118089,71.1850989315798,72.1101106095382,61.665622261786254,69.70929887501282,-93.77790217348495,163.48720104849775,387.99446073799027,S1,2,34547,34802
-10.521394477411304,15.093156115632596,19.872926742827985,16.85922523654354,28.33196104330475,-53.41284911336577,81.74481015667052,294.1562658584861,58.112485645705526,100.27039923597957,194.31786494572185,185.42484097105617,708.793644696733,-68.41547076242306,777.2091154591561,1635.314191664215,S1,3,34812,35067
4.947414411790827,10.60827776159526,12.458379745095149,11.433910814371497,29.90629644799897,-16.65732834276082,46.56362479075979,220.8548187797248,-28.435385666076797,28.435385666076797,29.431960938965076,7.594021775991973,-4.036467845751648,-43.1725144372962,39.136046591544556,230.74061979051538,S1,3,34940,35195
-172.05900831800616,186.965606540116,196.17287657510144,94.2310732209618,59.133992724369065,-226.58235428945062,285.7163470138197,575.730379186049,-2.5623127930059617,8.437338500142,12.97750954388337,12.722040210295752,15.182998687324986,-35.59688058170272,50.7798792690277,251.92629389193087,S1,1,35321,35576
-9.596271547495595,60.5046890002706,90.04182183030609,89.52899670446057,46.91077409396523,-222.5869857326894,269.49775982665466,459.58788774845107,-65.5440451308273,65.5440451308273,70.69547777469354,26.49205023550012,-0.9708307303134395,-95.367527695613,94.39669696529957,287.1410088306351,S1,2,35585,35840
36.06962859926968,36.06962859926968,43.112039267838476,23.614186891409013,104.54171861283216,12.821706113598529,91.72001249923363,351.99940830773824,40.684724593335844,126.416989169046,215.93732497004703,212.06999198374135,761.9236983573514,-87.880670924555,849.8043692819065,1805.1529661454542,S1,3,35849,36104
15.97107800292137,16.53510348738307,19.317461990867635,10.866876515044092,35.43480032803392,-4.994363499747724,40.42916382778165,224.4603601580942,-59.41560783709828,59.41560783709828,59.84695932500952,7.172453262133484,-35.423355979080995,-71.18160659253532,35.75825061345432,243.99631045020266,S1,3,35977,36232
139.74464204471843,149.66826699537296,160.91347251973298,79.77832198130248,198.33973613323317,-38.35781614759283,236.69755228082602,457.89359164349537,105.95750570928104,125.60569763867008,130.63306868754012,76.40684274717316,168.44772742220863,-61.3845945787474,229.83232200095603,474.7999197921223,S1,1,36359,36614
-10.102222040917852,84.05540877283765,93.17620687926124,92.62694337093762,162.34247052940964,-82.36804881058897,244.7105193399986,441.15618212959555,-26.51003485473634,96.09866297150555,100.6514602201205,97.09755144411811,151.9427982548955,-97.50666195326734,249.44946020816286,454.2492900057707,S1,2,36623,36878
-78.87691690694955,78.87691690694955,80.20419098572944,14.530802831555508,-24.908550030064056,-94.1711240642367,69.26257403417264,304.93540855203213,64.45189199350949,87.94665000058238,174.60064780831308,162.26934348033694,618.3724025188534,-76.8847290118712,695.2571315307246,1445.8132321866528,S1,3,36887,37142
-86.98611709709336,86.98611709709336,87.0680797999999,3.777029577580018,-80.09224202470195,-96.97807810377468,16.88583607907273,187.36299110852087,6.295464146428142,6.615549136952878,7.624933653626175,4.301946583029456,17.611795673638962,-5.237144937290228,22.84894061092919,242.08897425984964,S1,3,37015,37270
72.07902822631272,102.30613647859963,104.47239758391254,75.62470196226569,130.3226936247543,-83.14699757246584,213.46969119722013,383.7102847874406,-148.1908180624458,157.4233580929021,171.3681456267999,86.06115719388853,30.90130972928231,-204.57897297694174,235.48028270622405,434.33803170231596,S1,1,37396,37651
21.84530019448116,37.641978921067825,63.219946344228724,59.32574883792164,144.78899665905087,-32.50643220041523,177.29542885946609,451.62120936237676,-34.77379150174623,46.61484839020836,83.23535363165138,75.62345878614084,25.1453902814584,-187.89008586465354,213.03547614611193,394.99800164161877,S1,2,37660,37915
39.01110547939581,39.01110547939581,43.893642486701346,20.119281796968007,77.0827619913263,1.4280924328063205,75.65466955851997,285.52422967523796,152.64232869483675,152.64232869483675,255.60030122360328,205.01666633767644,798.6396096270306,13.600757291993226,785.0388523350374,1634.5832287879646,S1,3,37924,38179
61.73699886253329,61.73699886253329,63.29364449359666,13.950928454026402,84.36323709544712,33.97428802943246,50.38894906601466,230.08818124697277,57.365346373947304,57.365346373947304,62.886107274368904,25.765859650329627,168.49788628595738,33.875152675937386,134.62273361002,294.53009854024765,S1,3,38052,38307
77.50309315072941,77.50309315072941,77.96532989665981,8.47721758387477,100.15459193126881,58.203860272684416,41.950731658584395,211.95226542473654,42.98170254999083,42.98170254999083,43.23420596894881,4.66581307701035,55.177387698890186,33.875152675937386,21.3022350229528,207.73922948954186,S1,3,38180,38435
5.301772102401657,163.79421326358943,183.73548101497508,183.65897254525427,128.6071026687236,-314.10695137402706,442.71405404275066,617.8072478304798,-51.01644374526029,51.96601321642103,85.79373744607666,68.97744452031425,17.708148825125914,-176.53946554860005,194.24761437372595,391.79479963451746,S1,2,38698,38953
139.06457737880987,139.06457737880987,140.25849165667535,18.261648344513375,192.75919489816613,110.36837334001056,82.39082155815557,330.1679585684192,94.08835677552561,101.96073085414854,207.3332202636076,184.75509558374574,692.0619716969305,-25.0516779385961,717.1136496355266,1546.4507833535413,S1,3,38962,39217
143.3142879670328,143.3142879670328,143.59184447835815,8.923713643959404,154.77133466892982,117.6415788649844,37.12975580394543,244.6224384982384,17.9315758036709,18.46120652483939,23.490721425621736,15.174734999115087,83.48429846363416,-6.024326517007772,89.50862498064194,299.8928484906011,S1,3,39090,39345
144.2882712343717,144.2882712343717,144.39626439892035,5.583543369518407,154.77133466892982,128.65440727868295,26.11692739024687,202.3269015567239,22.29241126674028,22.29241126674028,23.1114903870064,6.098310243272323,33.26066138614342,1.2884280172940512,31.972233368849366,202.75168948675594,S1,3,39218,39473
-260.3705174775805,292.92277098777424,301.31041564038884,151.64155169952866,143.682810486856,-338.6146721124561,482.2974825993121,625.3085240719403,10.45443131786419,10.454886847411837,11.897567298892367,5.679522290803471,30.615160505651243,-0.058307782098906635,30.67346828775015,330.1559801466859,S1,1,39492,39747
108.83500033848617,108.83500033848617,110.05801921732515,16.361854887598362,167.64759979574254,85.35920234046644,82.2883974552761,388.56368709291525,50.283874143315316,127.89284014182331,214.8901937464486,208.92421441643722,704.5195963437234,-81.76923115649784,786.2888275002213,1593.5032645741398,S1,3,39999,40254
92.13673240533409,92.13673240533409,94.3853230722873,20.479544749039455,144.5614476469766,61.4826718742923,83.07877577268431,290.6038986369188,25.70060999998323,86.89747007953282,164.79778110737658,162.78140957598185,704.5195963437234,-52.28930492381085,756.8089012675342,841.7485856231932,S1,3,40127,40382
61.90423578344155,61.90423578344155,64.11174979003236,16.678790519932516,91.2734069954296,20.840075926405532,70.43333106902406,181.58704641587894,-32.01259202036723,32.01259202036723,34.229384760088095,12.117950866036368,-4.928338166317383,-51.058244001025045,46.129905834707664,208.06065019797148,S1,3,40255,40510
2.2518864124947537,15.897566741107198,17.875905280509137,17.733499293229073,27.71503444590821,-51.69656219154668,79.41159663745489,217.3142708427658,-20.867265609279844,20.867265609279844,21.66279400897997,5.816688943657309,-12.040905525978575,-53.785996790731,41.745091264752425,212.61407894477475,S1,1,40530,40785
-65.20458838325337,65.20458838325337,67.13422736802302,15.980179538162629,-39.798719300287566,-97.39822880995663,57.59950950966907,219.3201554425513,-41.96345102524061,41.96345102524061,42.96517786960243,9.223626587129786,-28.43616593116615,-60.06089797388046,31.624732042714307,203.67931134226993,S1,2,40794,41049
-92.89828454923655,92.89828454923655,94.88545877780861,19.31732422682538,-31.566995242995795,-112.12597142164172,80.55897617864593,317.7575870189062,79.39191456322644,123.15753663063508,233.445149125576,219.53032034834678,763.6467294255041,-49.422818084668734,813.0695475101728,1730.0754964883959,S1,3,41058,41313
-105.63452449760209,105.63452449760209,105.73749779042235,4.6653695614686255,-90.98101624326581,-117.99417045724175,27.013154213975938,208.99368006200143,-32.67720396223993,32.67720396223993,33.67778174853963,8.148209908467033,-9.866503719054796,-44.62497309446277,34.75846937540797,227.98505080177665,S1,3,41186,41441
299.74543245651273,348.518853098617,374.0743033419986,223.79512984481983,443.45316020464634,-127.53223262587355,570.9853928305199,752.9466740786381,13.415303030855185,26.738358892883607,27.83500856378545,24.3888775128405,35.835482439292015,-41.50363935035418,77.33912178964619,242.57017835522504,S1,1,41567,41822
22.963551531450328,175.92333646121165,223.0658863132333,221.88074485581384,438.3849223984364,-112.88163991339785,551.2665623118343,748.3836183421064,-49.72653579521554,62.43015599207751,67.20240534324508,45.20436839205876,34.673361379673544,-103.81426062431782,138.48762200399136,345.84508672183244,S1,2,41831,42086
-48.55100836907224,48.55100836907224,52.35972689317266,19.604606261639272,-9.911440747678391,-98.34585796022405,88.43441721254567,323.5030128552047,105.54703510695389,116.88789612088314,235.43003778425359,210.44506663551533,786.3194714951514,-42.283264848146906,828.6027363432984,1718.4049367572072,S1,3,42095,42350
-28.772485790196107,28.772485790196107,31.856254131270905,13.673514132404948,-1.8226750291695772,-52.444359663002906,50.621684633833326,210.08427619596284,13.338985354525393,13.425840561548677,16.387191207677947,9.519007584236633,46.83820867111395,-2.0975964095021595,48.935805080616106,215.48771142248887,S1,3,42223,42478
-152.72403137464795,154.41042897562014,169.7732266157397,74.15064879146277,13.869519016690777,-200.4523595877066,214.3218786043974,377.06036436818005,-134.56916656282752,139.14063235482203,152.4477798939856,71.63424464033291,16.697836337404684,-183.58649524150414,200.28433157890882,435.7555110682093,S1,1,42605,42860
-9.242803391537599,46.179792290525086,71.77645112184102,71.17885585699881,33.78452996826296,-178.83447994368632,212.61900991194926,426.768832573342,-23.973934677909284,31.293508591538547,65.54709148519407,61.00550514689424,36.120680408323715,-171.52396188006153,207.64464228838526,447.21246654604215,S1,2,42869,43124
34.54426770634054,34.54426770634054,39.19186512901597,18.512046373204033,86.36591452849444,5.774404667744137,80.5915098607503,288.94587885337023,103.08492686141327,103.418496489777,205.1932177736286,177.41971275558095,676.9555178627742,-5.887890953592019,682.8434088163661,1452.8967881968888,S1,3,43133,43388
17.160158653439122,17.160158653439122,19.191663870472844,8.593539265402306,38.62959446717034,2.3601643057212147,36.26943016144913,195.17456431931396,2.5779945643022995,7.204322822539443,10.28179301497224,9.953351778630141,38.28373541626213,-14.730460307141204,53.01419572340333,229.84188325268198,S1,3,43261,43516
76.65798966650567,76.66346771003924,85.82417566496098,38.59199073460695,113.21536848208768,-0.43308869900793034,113.64845718109561,299.8924535721811,18.00486451874739,24.799429824108657,26.17454240227814,18.998197904806855,42.09054174098275,-20.30464540369386,62.39518714467661,288.87463061543065,S1,1,43642,43897
22.839967152545878,24.468803914281388,41.70046793355738,34.88932395946176,100.94591653203027,-8.713947119546509,109.65986365157677,315.0880742514345,-52.590348954135855,60.23241616373605,64.01945159157054,36.506785382551364,26.084464016296433,-82.97678766622116,109.0612516825176,276.59491420420517,S1,2,43906,44161
40.73818857751779,40.73818857751779,44.14040482399696,16.993390757848566,81.84079116166934,4.22932007311469,77.61147108855465,302.6666583319941,30.54593463889597,127.8695990363629,198.97548695279326,196.61686165010747,657.3224856320684,-84.49042788210953,741.8129135141779,1628.420852672931,S1,3,44170,44425
54.97780147154066,54.97780147154066,56.199294152321016,11.653411885579482,73.46341830311465,26.583655379201414,46.87976292391323,202.92771572071825,-75.96806812573001,75.96806812573001,76.57306506682154,9.606608088817199,-41.420154122417074,-89.84172662372195,48.42157250130488,271.33618098613636,S1,3,44298,44553
68.7450101684218,68.7450101684218,69.04348525299638,6.412989382831645,86.15569634120516,53.671424165476694,32.484272175728464,189.34869530609825,-79.71870611193727,79.71870611193727,79.93879636704042,5.927820885429248,-65.28737699415994,-89.84172662372195,24.55434962956201,235.6080299557988,S1,3,44426,44681
-70.92114735504896,80.6889070473287,142.22729211520584,123.28338687863635,25.481766300208843,-290.6226229974545,316.1043892976634,616.8164202317682,-35.31826482191824,112.04539512124389,116.19459793417177,110.69690492083636,159.67176071958738,-138.3439896608474,298.0157503804348,498.620187327406,S1,2,44944,45199
5.764983906380403,24.355141940900218,35.755559550088044,35.28774573841558,102.94117700820114,-57.785848486961314,160.72702549516245,410.13069225004904,77.10652758501479,112.27584130373486,223.3754057299703,209.64530829191048,760.9485411685482,-77.9249353839341,838.8734765524823,1717.5222712470425,S1,3,45208,45463
-25.819765160247307,29.519570555621243,33.99465771337956,22.112812578220705,20.412376706517737,-57.785848486961314,78.19822519347905,305.4577934167901,-5.123787217736364,8.076911818751748,10.121942314850862,8.729290966197075,32.7305335619928,-20.32145100235647,53.05198456434927,211.18994387408628,S1,3,45336,45591
-39.95708592625088,39.95708592625088,40.700111681949814,7.741471126691075,-25.359998234859507,-56.201298471285064,30.841300236425557,243.3461932260861,-4.835000142597824,5.5280228478412585,6.9821570918339875,5.037190811963218,4.954878986483791,-20.32145100235647,25.27632998884026,198.04436605113733,S1,3,45464,45719
200.1339314161406,211.88559701436859,225.79026460259615,104.53541545921135,258.3698788752563,-49.66135590661514,308.03123478187143,441.778663091354,-117.91088101259709,118.07090498874337,128.09495224059322,50.053380788444535,3.1103292872834265,-149.93352234975,153.04385163703344,349.8182212874498,S1,1,45738,45993
-1.4653721507404358,14.152282138984958,17.18999551741576,17.12742334236555,43.492327807676034,-29.929033256578904,73.42136106425494,276.6927546224769,102.21974492472323,112.4140721938463,237.43961762109586,214.30981256950585,818.6956268516777,-25.805912139831964,844.5015389915097,1757.9913853202397,S1,3,46245,46500
10.463154292476197,14.546700299815367,16.370896505752217,12.590816282270463,34.387906451001435,-14.109014075310178,48.49692052631161,227.14572258820357,1.4010828892396274,11.028744160880137,16.235473084375023,16.174905038699478,67.66809423338952,-14.215619845960633,81.88371407935016,249.81321873761095,S1,3,46373,46628
25.74978057482237,25.74978057482237,27.407433723261196,9.387024216622411,44.55223137097415,4.654372896626473,39.89785847434767,209.0418593546731,-4.081660651455765,5.434905300719832,6.036899376108395,4.447943390333967,7.046580372221902,-13.186731956600958,20.233312328822862,209.00987662308808,S1,3,46501,46756
-209.3876856056143,219.27803515639346,231.77677737048327,99.38446380079233,44.21860865170287,-265.024997520002,309.24360617170487,451.1982197540741,33.689012649510076,34.557779607087326,38.78597977327478,19.219850511230074,78.79938497095453,-6.643279878999304,85.44266484995384,293.161383889187,S1,1,46776,47031
-32.30516074603927,88.51585573049968,124.07410257013129,119.79465563102563,51.160194612428,-247.09848630971737,298.25868092214534,439.68575945320646,-66.33061468742089,74.94627097982334,82.14566647873269,48.457817495468085,24.79943777102262,-104.40358716960678,129.2030249406294,286.78802550375684,S1,2,47040,47295
74.85146220994498,74.85146220994498,78.6143350956289,24.030653082282402,135.05720376214302,40.36927141147068,94.68793235067234,326.87171153278825,54.76418501068937,144.4875770942261,239.610799871199,233.26855650736718,762.4060828235157,-101.91966909065275,864.3257519141684,1808.4189044352413,S1,3,47304,47559
61.37248618992756,61.37248618992756,62.63455681482282,12.510221670954495,95.08458895180785,43.587000869550586,51.49758808225726,252.90699414460073,-53.92224269939678,53.92230653555134,55.56936937657502,13.429317003391647,0.008171027782969909,-70.40084150112783,70.4090125289108,233.878992023811,S1,3,47432,47687
21.67104364315236,21.67104364315236,22.0505073509369,4.073173437297769,32.95440953050163,8.784218726219597,24.17019080428203,193.31954046064345,49.99820651161707,67.1161843723296,68.4938896161674,46.81444499696025,99.88360295602381,-50.89632148028064,150.77992443630444,374.8206061945484,S1,1,47813,48068
-0.7734173839193241,7.511845238328139,9.367772325718004,9.335790480550614,16.212607744732324,-22.994578207277453,39.20718595200978,197.80600042361607,-67.43530781553793,79.07573392457851,81.81085801162757,46.31949641805638,75.21526215457145,-119.81986448360946,195.0351266381809,401.70482430297534,S1,2,48077,48332
-15.700040955821725,21.90923152438622,22.78001813016033,16.505694168860444,32.76939829363594,-38.81135292386225,71.58075121749819,266.51692185654605,86.39734113994145,127.27476598618134,246.58680459739406,230.95573525137235,794.9702952140672,-74.33649821055425,869.3067934246214,1801.152332067513,S1,3,48341,48596
-25.00009873465937,25.00009873465937,25.363098041227317,4.275722805116318,-16.175057216659663,-38.81135292386225,22.63629570720259,214.2607329430466,-27.44776132735025,27.44776132735025,27.987691213369658,5.4709466796656905,-8.026642270822473,-38.19708419783835,30.17044192701588,290.8067384678148,S1,3,48469,48724
97.2660218851234,125.21438919236743,129.59452720315952,85.63914097918747,160.27453181621505,-73.4045641080126,233.67909592422762,413.5080249028922,-4.983847123375549,11.408258822987971,13.464973800647185,12.508668486411187,26.21003559623141,-26.54257263882951,52.75260823506092,246.1739556474981,S1,1,48851,49106
-41.59622041385639,97.87155703295042,100.23086692593641,91.19200146946359,142.91160809708828,-99.76342952877852,242.6750376258668,423.5264833322219,-70.99722876089277,70.99722876089277,77.53272685442869,31.156335499492034,-4.967804502913322,-97.99329364726722,93.0254891443539,270.34671430717515,S1,2,49115,49370
-82.7872325257294,82.7872325257294,85.58375486349854,21.699152685444325,-12.229985802676474,-102.76513997018826,90.53515416751179,310.8408559309613,65.54974104256488,128.68281731133155,222.97398898284615,213.12116556591718,727.0202704486488,-97.48082596352378,824.5010964121726,1710.1966081358482,S1,3,49379,49634
-96.12561381076326,96.12561381076326,96.29460142350081,5.7023357332662625,-76.54397306884138,-106.00089128526028,29.4569182164189,208.91526953432725,-38.47457458075356,38.653980032290825,39.939509636053536,10.717814180066965,7.8324992255326915,-50.482750978106914,58.31525020363961,247.32821766663565,S1,3,49507,49762
259.90669255133275,289.20771049567315,305.6323044545323,160.80925562048628,363.00571778547464,-106.53104146295556,469.5367592484302,835.368835867003,79.56098061689826,94.73417833313809,98.94190321776134,58.81794433359933,130.98820263400754,-52.66892514603007,183.6571277800376,371.38567184127385,S1,1,49873,50128
-41.307358501354116,180.12791139859604,195.75350371162364,191.3455940151674,339.2202573847347,-162.49285480237177,501.71311218710645,660.0964025941187,-52.73387245043281,104.18754029644495,105.64798374854306,91.5458091149666,132.71402481941047,-123.27871131734244,255.9927361367529,467.8564510193825,S1,2,50137,50392
-135.21548558815041,135.21548558815041,136.37541887151093,17.749009255187783,-79.22570658990495,-161.42475432545382,82.19904773554887,312.51773350175984,24.209545605970014,129.254157230996,206.86087849423308,205.4393364303884,709.6074161633089,-103.97646864418421,813.5838848074932,1697.3320356706008,S1,3,50401,50656
-145.62132843289845,145.62132843289845,145.901044533576,9.030144042397518,-125.43902644033346,-167.6233218757222,42.18429543538875,229.97001766340256,-69.60716367224214,69.60716367224214,70.44870323819889,10.856452157565558,-25.00841815668379,-82.41675149197165,57.408333335287864,247.0200989812576,S1,3,50529,50784
-145.28352383977753,145.28352383977753,145.61188978733426,9.773440956775575,-124.00381693165171,-167.6233218757222,43.6195049440705,227.64744476105463,-74.9350630142641,74.9350630142641,74.99617424250104,3.0269592101391005,-66.97340674147178,-80.63547538819981,13.66206864672803,215.7744697875857,S1,3,50657,50912
75.87561740229833,230.25193912224887,266.62076071124005,255.5964020209603,416.22721551569106,-140.43754409863712,556.6647596143282,729.1769578829596,0.034195809562202584,82.13949584678869,85.97805831586453,85.97805151556302,118.37927768315188,-98.6013394082331,216.980617091385,442.6585110985069,S1,2,51175,51430
-97.01086999244077,97.01086999244077,99.00152892113653,19.75332458176053,-37.65271897173295,-135.28503575769327,97.63231678596031,352.686176776024,85.92138826723509,113.16539130552987,237.00576031025787,220.88287724147935,821.9131475276271,-48.85280296206061,870.7659504896877,1822.0492734139812,S1,3,51439,51694
-90.44414611260612,90.44414611260612,90.77571541368235,7.751576796200898,-75.29795317481003,-107.81235942614812,32.51440625133809,249.4988832474588,-3.152034590650925,7.721192340928886,10.436186571865395,9.948802345112885,50.15294975892528,-17.498946635480333,67.65189639440561,239.79486283666807,S1,3,51567,51822
-76.47143942830903,76.47143942830903,77.05496651372779,9.465031230491427,-56.52613076075672,-94.66582128942976,38.139690528673036,209.6847389374937,4.750245488429324,7.632953051186164,8.968184454808963,7.606806177045264,20.70291971780217,-8.904638482475432,29.6075582002776,218.93643417124284,S1,3,51695,51950
-0.6028966015845736,24.57410372109348,29.620757866729857,29.614621596218925,32.804204040963455,-65.12188866447998,97.92609270544344,227.01585404163845,-156.4958112221782,160.0949736829163,172.08508163781076,71.57049945476389,18.845251816232484,-209.56019864477608,228.40545046100857,419.1073705617281,S1,1,51969,52224
67.89632491569026,67.89632491569026,70.79747996697472,20.05921814571061,111.77151464671104,31.58548829798001,80.18602634873103,285.37665673789957,147.8838550743354,147.8838550743354,275.99913358034723,233.0362356919098,847.0171285744037,8.482363519512413,838.5347650548913,1773.130737517811,S1,3,52476,52731
88.12467779767793,88.12467779767793,89.20876934301306,13.865269227474657,112.86492393026793,67.54628618576507,45.318637744502865,209.97586766894028,33.13288997624853,33.13288997624853,39.658696457351766,21.79504086984411,144.24818607050872,13.490544156114684,130.75764191439404,292.13077273270943,S1,3,52604,52859
99.65116595483542,99.65116595483542,99.79278122778656,5.314537516917179,112.86492393026793,87.7588451628967,25.10607876737123,212.3150601181755,25.66280961213738,25.66280961213738,26.038010006363834,4.404335126065298,38.9596876700957,13.938360810710407,25.02132685938529,205.0364488015503,S1,3,52732,52987
-267.6876860917017,295.02125686379827,308.1893999852121,152.7219989985581,105.47376906427088,-352.83894070641844,458.3127097706893,608.0551965149002,-129.0293973952285,138.577216764594,146.0662514931812,68.45994765622787,39.26053943200582,-173.10608253989605,212.36662197190188,442.4600557047854,S1,1,53007,53262
133.70759210548027,133.70759210548027,134.92789639892197,18.10571843348753,173.19740501573418,98.96406929129994,74.23333572443424,295.61029893833467,108.56159768525725,108.62485819171663,235.54117467074894,209.03115670468986,832.9151155652853,-2.53126896494049,835.4463845302258,1803.4075350055243,S1,3,53515,53770
145.2796170126186,145.2796170126186,145.5522566547969,8.904622281193578,162.4283365718359,124.47398019140708,37.95435638042882,198.67174936721642,13.352285699910324,13.352285699910324,15.907513231157354,8.646701324055119,53.6495712952435,0.5871664704761195,53.06240482476738,242.73142353750865,S1,3,53643,53898
152.53975153679352,152.53975153679352,152.64500013481154,5.66747450368421,162.4283365718359,139.96670815069345,22.46162842114245,180.52129411316182,8.877411791801137,8.877411791801137,9.457789571811686,3.262107212134516,16.512146376008353,1.900946346511548,14.611200029496805,204.282872842364,S1,3,53771,54026
-206.1712812181493,249.15573769665477,256.10079722987246,151.9243928493481,156.31236557749406,-299.3184065246657,455.63077210215977,639.370775129431,-28.29456869992589,29.41916284850757,32.10717911187498,15.175253955278487,7.269712358870771,-55.17669862078017,62.44641097965094,273.81035452613054,S1,1,54045,54300
-39.549282459549524,169.81061516753834,191.1300978037571,186.99349866615287,122.56507367765208,-291.8007920154357,414.3658656930878,580.4076913778118,-64.1025549374187,64.1025549374187,67.41901768527507,20.885075919006155,-26.298009301780564,-90.3597467728426,64.06173747106203,271.4166314646864,S1,2,54309,54564
129.72036471885085,129.72036471885085,131.0935903984321,18.92502102403601,190.09447495248156,107.40808494577327,82.6863900067083,303.5859764725159,57.22542277387107,144.58512215289423,248.3293569057833,241.64585758831382,812.408044536769,-87.58965171545287,899.9976962522219,1885.6578080214056,S1,3,54573,54828
114.58757125737273,114.58757125737273,114.9545448073061,9.17801096052284,133.829306683388,94.86631944302488,38.962987240363134,238.8540750402966,-66.00788344928765,66.00788344928765,67.31876008097295,13.220241351233145,-20.057698081781556,-80.97807030937841,60.92037222759686,260.6313800748665,S1,3,54701,54956
-161.65086435831256,188.6724571717629,197.32213549698295,113.15928247077268,85.29657399660397,-232.4724118414727,317.7689858380767,481.4094984504916,109.07907057284518,133.45991595672427,137.76203775062183,84.14354050174035,180.79267234647475,-77.5173237912635,258.30999613773827,502.4980115355065,S1,1,55075,55330
-65.7415690483191,78.11575843580019,129.48745196905878,111.55736782707093,21.277556730541356,-245.70398774209463,266.98154447263596,427.0186943218272,-32.370382162488596,122.15955206958111,124.2939798800696,120.00479904187827,159.71518674913574,-129.2192940332976,288.9344807824333,473.3413715622376,S1,2,55339,55594
-11.862080407783857,21.744237425199646,25.428493355484047,22.492205821776725,55.4511894211847,-40.390486181898744,95.84167560308344,341.33034932139503,31.601490766509606,145.41446278781703,224.7097498499991,222.47655485237848,720.6092117656345,-107.44719773034471,828.0564094959792,1733.690068638801,S1,3,55603,55858
-37.876329220605946,37.876329220605946,40.400374292125605,14.05609930656849,-10.506835706583704,-62.805514980139854,52.29867927355615,247.55545138521143,-69.22411152165321,69.22411152165321,70.2685921839038,12.070519108369114,-0.323520920033554,-82.22816873853071,81.90464781849715,286.9926624710569,S1,3,55731,55986
-54.38300193691175,54.38300193691175,54.990210033450744,8.149374200076956,-31.405411722746862,-66.54874039476795,35.143328672021084,218.0319937066671,-68.6353910754452,68.6353910754452,68.77417394699094,4.366931876233376,-59.01435017267014,-77.02342466897841,18.009074496308266,253.02727985112682,S1,3,55859,56114
56.84764695144062,115.57258232596786,174.14790848248356,164.60813790608236,355.61067219533663,-53.1013816457893,408.7120538411259,605.3396624803074,-52.20486963217175,84.45193629086043,86.1409401228931,68.51943630783755,71.13243114513172,-110.50106083935285,181.63349198448458,368.96883841945396,S1,2,56377,56632
-17.78137122716703,23.610355933641742,25.426703972724443,18.175260993951028,40.54081302321638,-37.92080595368704,78.46161897690342,294.11160305004955,46.38211506619574,117.26508708280066,199.57704856118235,194.11259030361404,680.1719925298269,-89.47891297297497,769.6509055028018,1593.193278626583,S1,3,56641,56896
-13.923426034975869,14.08546127269664,16.867887876878452,9.521756606608845,2.487685856040608,-34.9343221502263,37.42200800626691,220.659618588304,-19.638082481211313,36.17886470430896,42.75062166381695,37.97316643504933,185.7778286171018,-42.022614640452694,227.8004432575545,381.0288932447927,S1,3,56769,57024
-4.959881995461076,5.7726497982289,7.330941336930561,5.398358220479471,6.119993453414297,-18.040483022141924,24.160476475556223,196.78449060505562,-30.857386164992164,30.857386164992164,31.611947865258664,6.86563667116036,-15.049463986180887,-42.022614640452694,26.973150654271805,235.1643396785268,S1,3,56897,57152
-215.04841451163998,216.18778083247224,232.84335113275168,89.27600787871151,11.064549537442973,-279.528518479664,290.593068017107,472.7522475669291,51.309276775205745,55.965303567132096,58.44509208208108,27.98547668502842,78.76447663187326,-21.04950177970433,99.8139784115776,303.5249387700194,S1,1,57171,57426
23.681198783311373,25.183329562006364,33.16146372679114,23.213864406612196,83.89186313222936,-11.179119717350973,95.07098284958033,300.63720913330644,86.11919810217252,103.53917273638193,217.48069836321042,199.7031243591058,753.3075934575478,-42.33067004806493,795.6382635056127,1668.7626519070932,S1,3,57678,57933
2.4470590794455287,17.668409632551317,19.80401510628065,19.652249647088635,36.96624448996386,-30.57888066836069,67.54512515832455,213.90978527335926,3.429724817570522,5.443530593537397,10.038521933739682,9.434453364658365,52.83101214473521,-7.6470251721774405,60.478037316912655,245.84529698139534,S1,3,57806,58061
-26.752468078665625,27.085796492374566,30.26339706232858,14.148450567187034,5.498575934795509,-50.108774646207905,55.607350581003416,218.1431964018132,4.227372873474278,5.861044454851801,7.3788323298168494,6.047849629427322,16.950957373116648,-7.6470251721774405,24.597982545294087,215.8711022257645,S1,3,57934,58189
234.87362293216472,251.9749829857706,276.06315853086073,145.06980646831533,332.5978188703983,-51.308086643359054,383.9059055137574,538.1392014685359,-121.62647676398225,126.4230685832877,140.0970017884249,69.52819615153558,17.219848129447595,-175.9811179682949,193.2009660977425,436.4209523698655,S1,1,58208,58463
113.57073928834441,127.05239697100723,191.92415247052116,154.71447081325897,339.25646572497277,-35.25944019513667,374.51590592010945,616.369007320345,-70.35085569534954,70.35085569534954,96.69594881162107,66.33900526471395,-3.574288554645608,-168.48393716233483,164.9096486076892,388.6755524635055,S1,2,58472,58727
-31.670302270641113,32.96962098553426,35.78731922661455,16.665058401152997,14.596496412415256,-59.06184682981954,73.65834324223479,265.37243342259103,87.37943653403222,124.94326623930543,246.56093309162705,230.55829587765612,822.3606700451883,-40.26618721629761,862.6268572614858,1821.6655787089062,S1,3,58736,58991
-29.106671976724083,29.106671976724083,29.643802452447712,5.617532401253215,-16.978292614932815,-42.103469248023195,25.12517663309038,191.7763404823993,-14.91983623396245,48.866723722021774,67.3442084152619,65.67070042134448,318.41773353669174,-49.90790812206521,368.3256416587569,502.71027032503804,S1,3,58864,59119
-224.38174640382886,224.47509209922788,246.38066557874114,101.76573220780813,1.890406827112511,-290.49171638163665,292.38212320874914,477.1730880528722,138.21874025543895,151.82685516814257,160.74268564762122,82.0596784749335,220.31182723417362,-47.089545046481575,267.4013722806552,507.7999614258223,S1,1,59246,59501
-63.46745082285442,90.4901055585092,142.65202899796134,127.7555637273139,42.676659821592935,-283.96541608363884,326.64207590523176,626.6006607281397,-40.770775644481226,134.85937642584986,137.15184127371612,130.95179043494593,172.09104801140734,-140.75308748317315,312.8441354945805,533.0152213937865,S1,2,59510,59765
-4.42422912842167,25.26167507232112,30.538098110266198,30.215916878550434,71.47375030039915,-53.323189166374824,124.79693946677398,266.4013597642147,0.4911126662959404,151.65710679537307,220.6316769260486,220.63113033193952,740.6121189768419,-132.52278263719623,873.1349016140381,1831.4366541578759,S1,3,59774,60029
-35.91314304062668,35.91314304062668,37.69792308359293,11.46209238140996,-7.45108132205637,-54.92117247683983,47.47009115478346,229.40749705925856,-98.2376396625937,98.2376396625937,98.93069967570563,11.689717355310908,-68.60095088712637,-121.10675764216897,52.5058067550426,235.6962692550161,S1,3,59902,60157
309.73973814607376,341.73390609419823,365.02940330534693,193.1521677089318,425.3636998605641,-104.17715022101872,529.5408500815828,822.057080338191,80.47428106172637,112.76754010251223,114.41566966940746,81.33163931396709,133.60810188909497,-94.04966906941374,227.6577709585087,462.1703288704518,S1,1,60284,60539
39.696025653717214,186.13820609736,227.62688932398981,224.13885493286372,406.8999146335753,-125.45284657238757,532.3527612059629,695.7903700366211,-41.16911631246926,114.37929970477549,116.06342248213494,108.5164591217246,139.46554215026927,-136.2337881627425,275.6993303130118,451.2284402987409,S1,2,60547,60802
-64.73815248325988,64.73815248325988,66.54675334675893,15.409152930922716,-17.424108547638053,-93.32143769792542,75.89732915028736,362.6246615597187,34.92258000872092,120.09438469109841,197.63430983547843,194.52437849709318,707.760584653317,-104.33234608840446,812.0929307417215,1677.2719257331328,S1,3,60811,61066
-54.41131069287727,54.41131069287727,55.33859770651255,10.088095202089201,-26.923547137094225,-72.82459927145351,45.90105213435928,259.7225378773811,-52.68642395338406,52.79650726851749,54.47360326390755,13.838864966386417,6.910376800586611,-69.50010107532623,76.41047787591283,244.69648997807178,S1,3,60939,61194
-122.09469228112124,122.09531559315937,135.3324849016877,58.37608745405816,0.07978394088100416,-171.77865635156954,171.85844029245055,371.8522059513938,48.0854804736781,77.65956768148968,78.34009912230513,61.846242392793066,113.58763157321722,-82.65178639231905,196.2394179655363,459.1544450104358,S1,1,61321,61576
-5.474427543041173,65.07393380227109,75.90246030589394,75.7047826994028,67.77948834178503,-130.953249185615,198.73273752740002,464.8690711851542,-46.69560083686523,91.22637617348043,92.44233667975192,79.7816173895764,88.55397309495474,-117.65450287900283,206.20847597395758,470.0174490308435,S1,2,61585,61840
83.59382990942112,83.59382990942112,85.46348092479998,17.77858748209263,135.8923535315385,45.67355217904333,90.21880135249518,307.8275418763795,93.6117812648487,126.58122857917452,233.1373478900108,213.51781515744779,772.2929424663803,-83.23980545412216,855.5327479205024,1745.4807575494142,S1,3,61849,62104
86.12661819055117,86.12661819055117,86.28219629962007,5.179096189992316,96.09771551326642,71.67771857358383,24.41999693968259,217.32541573796,-6.53537975063803,13.918318955785338,16.232754577135765,14.859042118402941,54.84160743692429,-23.018753442351795,77.86036087927609,263.0953657029453,S1,3,61977,62232
85.10057585567822,85.10057585567822,85.26385667370452,5.274205523676804,96.09771551326642,72.65281038917753,23.44490512408889,203.7478561186216,-8.56385954009503,8.868106851317208,9.990163038754986,5.144284918084302,3.3608451805726762,-19.082028019426982,22.44287319999966,201.59306986771077,S1,3,62105,62360
-20.381324445747083,167.37094355910227,174.5926774524219,173.3989752964031,138.20869486573815,-243.4765404196722,381.6852352854104,608.6874869031192,-35.7644093547393,35.7644093547393,39.47937824292617,16.719100751974295,-11.975934711492696,-61.244241622238555,49.268306910745856,216.8708203390367,S1,2,62622,62877
143.77029667773974,143.77029667773974,145.4845469122636,22.26780598670027,220.03006344351044,116.48048764711858,103.54957579639186,338.2517834594217,90.59816079348921,98.97127639025767,222.03687266938263,202.71247146053128,812.7672932999332,-24.24653834797385,837.013831647907,1814.1834216975344,S1,3,62886,63141
135.65425077156385,135.65425077156385,136.1917014421868,12.087340043343357,152.7086717206675,106.85416105629446,45.85451066437304,203.20742919424254,5.8569841267647735,6.911099205458263,11.157454628719874,9.496553623855764,55.16426614258401,-5.344593157260738,60.50885929984475,255.95877204980866,S1,3,63014,63269
121.32732659950449,121.32732659950449,122.34904123431689,15.778710694278795,152.7086717206675,103.64709167827041,49.06158004239708,185.68915986937492,7.01305663521092,7.8217070176756245,8.750231534319216,5.232933071950998,16.129505552160488,-5.344593157260738,21.474098709421227,242.3126416672346,S1,3,63142,63397
-169.0143165451853,190.95629862560978,195.8108536469795,98.87391571452365,100.21075391497234,-229.70966363339429,329.92041754836663,504.9096299207597,-91.05265336054742,93.77776658697786,98.9687189501822,38.78429639227899,16.11060627220364,-124.16502097335531,140.27562724555895,327.30780746691244,S1,1,63417,63672
9.054399971811574,15.624889921464092,25.112109648298787,23.42297786658732,87.59728697653516,-19.283454946081047,106.88074192261621,385.81480885438754,120.71456062575922,130.03590353153712,268.6996809319899,240.05731271070056,871.0840606016372,-26.127846863523388,897.2119074651606,1881.1514865355302,S1,3,63924,64179
-9.350654136100628,9.998093409165241,11.449124204633998,6.6066415280504165,8.813408311851104,-26.761455033262386,35.57486334511349,259.53139100499743,3.5506302305582116,7.728057898060925,12.538249448525814,12.025004124710481,56.803036319883155,-8.454813219283249,65.2578495391664,224.2628041355714,S1,3,64052,64307
-11.271884902368134,11.371645149193562,12.256733239558784,4.813742873634868,3.7511164917322617,-26.761455033262386,30.512571524994648,229.68147571641367,5.978286980468197,8.231288592985779,9.958024395997086,7.963814076837654,21.925963715333562,-7.3026169518729525,29.228580667206515,209.6921698353067,S1,3,64180,64435
-25.901500713411078,31.68973937410166,33.222492907381856,20.804958442020578,42.63780873227931,-46.51519968478223,89.15300841706154,318.05478524513217,77.42112084801845,107.2184308650476,213.50489431590722,198.9731387486342,743.3648297612592,-56.71920140300131,800.0840311642605,1678.42011931245,S1,3,64895,65150
-25.486918218149672,25.486918218149672,26.79828147351966,8.280391879333822,-4.216864962683459,-44.10348358738798,39.88661862470452,202.28673516745158,-11.082035790775626,14.90959879036173,16.285695986316785,11.93366567701235,37.335850449935705,-24.080337658667062,61.41618810860277,245.60242552338792,S1,3,65023,65278
-5.114381495906208,6.300411772410854,7.864620036003082,5.974558579931515,8.092544103153852,-23.577637916177427,31.67018201933128,237.34689654454814,-12.290065639941044,12.290065639941044,13.544282820213109,5.692265250307695,-1.2716845664284142,-31.83060325341632,30.558918686987905,233.13898049268954,S1,1,65405,65660
18.785150291965927,20.14202218090749,22.090046256601543,11.622748045408548,36.76100849927879,-10.09397125861314,46.854979757891925,218.32564587211996,-35.2537047088786,35.2537047088786,37.456921038995546,12.65690475672222,-3.5162631469059193,-55.541979583797804,52.025716436891884,255.06537817382298,S1,2,65668,65923
38.005864899214956,38.005864899214956,41.38238008397558,16.372404059185673,96.89842827674812,21.90267146637707,74.99575681037105,299.7603464069127,68.29612078736913,97.71410407036217,195.0459470345316,182.6980058456972,696.5900351810241,-53.00707791018583,749.5971130912098,1592.2805020019143,S1,3,65932,66187
38.60309987364619,38.60309987364619,39.543420947834,8.572212106737368,56.25340963757428,21.90267146637707,34.35073817119721,219.68005450614487,-12.835391079260837,12.89573229114636,13.724229744252069,4.858725955993455,4.456091018629729,-22.191157540708105,26.647248559337832,242.671083598692,S1,3,66060,66315
40.70985534541387,40.70985534541387,41.61681095993236,8.640985605254965,56.25340963757428,16.556577067867533,39.69683256970674,220.55838037662025,-6.962470543302133,7.557002876869916,9.304654386898406,6.17256811977623,7.716191218265598,-21.17724520740156,28.893436425667154,212.37895712159033,S1,3,66188,66443
-49.23321549363379,50.11178450547476,76.49473198033854,58.54514935416294,9.371487429628141,-145.60985674391003,154.98134417353816,345.3992283503331,-53.725090439698036,53.725090439698036,53.90285642481936,4.374081389384187,-42.72794756230751,-65.80105005909076,23.073102496783243,254.62509856395303,S1,2,66706,66961
-28.136946563791263,32.99071014047736,34.66838875388691,20.25362725185263,41.14268509655159,-50.116381917091125,91.25906701364272,364.17972455641154,67.43586367302767,114.96777889807427,218.18795706668672,207.50515391095027,751.1493462598357,-61.84703946712431,812.99638572696,1734.61452359017,S1,3,66970,67225
-46.323415337754724,46.323415337754724,47.45600187754756,10.305983972802792,-31.55583544425783,-74.3359647145206,42.78012927026277,229.53762474755715,-23.10193338604558,24.44053306424062,25.289989354976566,10.290006579275868,27.860611647035064,-36.92273169325162,64.78334334028668,268.99232583530187,S1,3,67098,67353
-63.96117966229823,63.96117966229823,65.54096477332564,14.303340855391811,-31.55583544425783,-84.491318022499,52.93548257824117,217.47308940806988,-27.384629250958803,27.384629250958803,27.821965250245984,4.913637265145512,-15.741778568915544,-35.72847718099713,19.98669861208159,224.01321851596032,S1,3,67226,67481
236.35385114029577,260.82984466462057,275.41963400123944,141.39601070938164,314.17700543467856,-82.71532237726714,396.89232781194573,580.902970925542,42.15263890712849,50.73614023987498,52.38735415735929,31.10610725844407,70.99997248852898,-31.99110904740465,102.99108153593363,296.7169545279311,S1,1,67500,67755
-62.56502121095616,62.86637515806605,66.04990355329505,21.170920628829148,7.543511427166381,-89.30189954120772,96.8454109683741,354.10892235114954,72.93153784014163,109.33913336007808,214.15832090356992,201.35733709132234,752.3893513200021,-53.06591175615383,805.4552630761559,1678.7018431210888,S1,3,68006,68261
-64.62019929911008,64.62019929911008,64.84571636832813,5.403403914659033,-45.295442088216475,-75.41491269232803,30.119470604111555,245.09059510435864,-12.851617010784647,16.379480182635703,17.75842782408794,12.255517083805621,48.475035090665415,-27.5331270007608,76.00816209142621,246.81180432901738,S1,3,68134,68389
-59.91736636540076,59.91736636540076,60.16357599034459,5.437378392231888,-49.16729259666448,-70.48775066762387,21.32045807095939,203.12786747262032,-5.795885529057106,10.264493994431087,12.03823724327599,10.551154764264597,12.246204444540204,-26.33788843041075,38.584092874950954,217.94044260377757,S1,3,68262,68517
25.814637036168612,46.0166822421924,48.26822813567049,40.78512427402918,66.50189903245739,-62.10316177717111,128.6050608096285,275.6070852193616,-99.81482854075034,101.12579438761747,110.85927407216458,48.236694032529975,8.749654335958661,-134.04044339916445,142.7900977351231,339.31499136149034,S1,1,68538,68793
8.046590578002117,14.987764444886976,23.60567242396895,22.19189380512028,72.64192368819842,-11.551829301260339,84.19375298945876,304.49024144835437,86.85334869584639,122.44500425780795,239.06754896222708,222.73254990486808,790.6486089325583,-49.87794518842454,840.5265541209828,1730.410816609338,S1,3,69047,69302
-2.922047312154961,7.112602654540729,9.357956626195769,8.890050153024406,20.332484599842406,-26.73179581643923,47.06428041628163,217.95981174765416,-27.761404779157388,34.553197780023226,36.93343125633307,24.35944886597515,88.57835962882453,-49.87794518842454,138.45630481724908,269.310582083619,S1,3,69175,69430
-15.575605784526228,16.479312782659527,20.836950528075835,13.841207019422583,5.576807791364076,-45.90366125319356,51.48046904455764,210.64078972386255,-37.26045814824691,37.26045814824691,37.53411751944433,4.524183522603557,-27.88903724419243,-48.92517005776407,21.03613281357164,204.01679544978194,S1,3,69303,69558
25.859879357537853,33.55167286388305,34.29830349216332,22.530873530649682,46.64991724165357,-35.249285238139734,81.8992024797933,291.5941461193287,81.85243045565457,91.2600115304101,95.54581325662511,49.28673309697155,125.90298505829702,-36.90148332516465,162.80446838346165,357.40343926504244,S1,1,69577,69832
-33.40559889713047,46.525807387173856,48.02586650871086,34.50434488925346,46.00315740459614,-66.60573619028054,112.60889359487668,263.3711821826151,-40.29490904855069,80.15108676702799,82.39197786478319,71.8662530068178,115.79477388834526,-102.3540724258028,218.14884631414805,414.98342307222333,S1,2,69841,70096
-73.0996364634236,73.52877407445925,78.82812164645854,29.501117118241115,11.002082339504994,-108.85028807280013,119.85237041230512,333.85429555932785,53.994378331459004,113.6419630204939,205.41372107773842,198.19032245698122,729.0507666496558,-77.42060361566494,806.4713702653207,1738.0126186859845,S1,3,70105,70360
-101.20085229578152,101.20085229578152,101.55403157516199,8.462199700811341,-74.62151313152867,-113.88116160232126,39.259648470792584,234.1982776872853,-30.23669995039735,30.23669995039735,31.60660113743025,9.204303969896236,-16.027164698097344,-50.19212861076466,34.16496391266732,321.94687308644484,S1,3,70233,70488
-111.6415470726119,111.6415470726119,111.8982169087356,7.574689075349876,-96.41798012124777,-127.52029538062924,31.10231525938147,207.8830231059793,-18.9691919380359,18.9691919380359,19.976936676292073,6.264802964701853,-4.554507685676111,-33.755676271587774,29.201168585911663,305.1767683011903,S1,3,70361,70616
258.8077655393903,307.54411074327277,330.2147915474071,205.08619908030263,396.773643064252,-119.21324292947347,515.9868859937254,689.7223205391938,-67.49789213301611,67.49789213301611,75.40912483431035,33.62395969954051,-0.010692865822717446,-106.01961680150293,106.00892393568022,370.17417373381215,S1,1,70617,70872
36.80090791808842,115.40884422157197,176.46276539059798,172.58273594337763,402.23369520358193,-70.75661872348896,472.9903139270709,646.2402937733195,-35.52467527856308,35.52467527856308,43.901115481833436,25.7935144348715,-10.976318077482999,-94.78531281019679,83.80899473271378,271.6697981412999,S1,2,70881,71136
-11.630528211299989,16.237827649127354,20.02477080512821,16.300989519782846,28.20478266068353,-45.620027078910304,73.82480973959383,288.4017725781931,70.08373202581382,118.1309376261575,225.16760080706592,213.98298754467402,773.8608717012754,-58.212866788584336,832.0737384898598,1738.5030958140342,S1,3,71145,71400
4.308237491672921,12.612460028861323,14.74296286303763,14.099434162272276,26.14095037860274,-23.05754241219159,49.19849279079433,231.56762374462642,-43.21494164433436,43.21494164433436,44.615196400782644,11.089840781417266,-0.360000302969969,-59.40929923717408,59.04929893420411,263.1503256114207,S1,3,71273,71528
-147.85636791676842,158.3104573502899,168.80636033504686,81.44987265813806,41.01277657052609,-215.26831426358677,256.2810908341129,441.80602370547234,75.37964659431013,91.99425594901241,94.51006761914498,57.0093129294878,130.6678506496056,-56.15772236247965,186.82557301208527,433.8386141684979,S1,1,71655,71910
-60.79698946756651,69.9492407974536,112.0380417520607,94.1076451268286,17.24312106380018,-209.4239544067495,226.66707547054966,438.3898737689793,-36.14821733047761,92.03627907042238,93.09074296003146,85.78573779294089,97.16758780333558,-110.40476089230084,207.57234869563644,422.5956868098105,S1,2,71919,72174
15.342636656798406,20.701155975110204,28.87869213713235,24.4659428587728,87.15003705929978,-20.474628620930865,107.62466568023063,394.1641219180233,50.072929833577355,133.58342018633329,231.933651580192,226.46394952222204,795.2900704716624,-81.1300057428089,876.4200762144712,1873.3584720653098,S1,3,72182,72437
-7.952137448718266,14.032709682007706,16.372258753869737,14.311336999049278,38.52005109568705,-33.29496216170576,71.81501325739282,338.8305175279542,-54.208246016307115,54.208246016307115,54.62114215665029,6.703374846487623,-36.98730758487255,-67.7223469991618,30.735039414289247,251.37239446784295,S1,3,72310,72565
167.5798760247326,183.5656896046273,196.68132850216716,102.95887593069689,238.41780726466172,-54.59588702602757,293.0136942906893,517.3195362425536,-5.394240431474062,12.459624051817448,16.037982816836763,15.10361092588795,12.999805435177752,-35.36159551845436,48.36140095363211,284.1552098365904,S1,1,72691,72946
-1.3526090999676228,117.23408863974116,129.49778155804995,129.49071733942594,208.9322767812885,-109.89162209046972,318.8238988717582,465.53313209622047,-49.85605078657131,54.24751271271447,63.36158315175009,39.10325331047229,15.550267937568599,-99.67756415582285,115.22783209339144,311.4999674748622,S1,2,72956,73211
-86.014120667806,86.014120667806,88.19863118855203,19.508192875772348,-19.839245262967975,-111.15336200754436,91.31411674457638,306.32475216357864,75.26834420258992,105.77249157793409,214.20935771280827,200.55005682555742,740.2750281707358,-53.19495479230703,793.4699829630429,1761.7745892392268,S1,3,73220,73475
-85.23186840200668,85.23186840200668,85.68751846315273,8.824932242014956,-66.3379956972576,-100.3875456338628,34.0495499366052,224.9799899191911,2.8556385451196604,11.963916372919824,14.574671024062066,14.292178418955636,31.983784803410277,-34.343160667634635,66.32694547104491,364.81773348429135,S1,3,73348,73603
-75.35081021491999,75.35081021491999,75.70613069413146,7.326228540799471,-63.11702526240414,-93.56240815719137,30.44538289478723,245.31188374524882,18.437859973215094,18.565908327013837,20.740020001790242,9.497038974478935,36.23790592104331,-4.679569501048561,40.91747542209187,269.89649500861833,S1,3,73476,73731
15.509002485668248,102.01184721650502,123.80273131216755,122.82746892390271,228.05889804760344,-69.99455630820503,298.05345435580847,510.28189165937124,-27.571527206033608,27.571527206033608,35.07446616434798,21.680153695048844,-6.471279129389338,-69.40503845056384,62.9337593211745,280.31401237759667,S1,2,73994,74249
-27.670322486567166,29.685248631406367,32.9874656555459,17.959012886715,23.383343799005914,-60.697443070051065,84.08078686905698,266.0522042381389,105.62154541584665,109.69839378885278,225.55485625857563,199.29646842278703,772.814234250673,-19.939711425668968,792.753945676342,1725.4612763063105,S1,3,74258,74513
-16.40753995920484,16.877019176538443,20.237136874841287,11.846279642915636,3.599994657843053,-35.967191386821504,39.56718604466456,177.00903968068133,16.097154644870947,16.097154644870947,17.325844447288123,6.4083147668270986,32.26334957188226,1.4609428512013878,30.80240672068087,261.74938038073503,S1,3,74386,74641
1.818035308559609,8.323533658390401,9.78142480792401,9.610984283095142,15.988201247354812,-23.602651907744605,39.59085315509942,194.79224416485985,20.903352822843182,20.903352822843182,21.61578638483268,5.503822471560268,32.169518482119074,9.730278455689273,22.4392400264298,229.49223986957435,S1,3,74514,74769
-20.25751680279828,44.36811683365478,64.43373416376777,61.166486831200615,33.99725686924819,-128.69506035515315,162.69231722440134,345.94995716739214,-68.53145675371854,68.53145675371854,79.97077700949727,41.21607223785328,-8.771792094510582,-143.89959484114198,135.1278027466314,351.24193092884127,S1,2,75031,75286
29.739700442289127,29.739700442289127,34.217807847418456,16.923610474297735,92.88817646577391,11.512629342297963,81.37554712347594,343.6965235319893,70.90589920610141,123.60535043360538,227.8489694401635,216.53523115816225,778.6287682204259,-54.42267057508786,833.0514387955137,1756.9287900982356,S1,3,75295,75550
20.42637411569721,20.42637411569721,20.957397277005906,4.68782904037994,33.50224840914002,9.679143816883956,23.823104592256065,223.7011106473026,-41.56919822582314,42.926781422894315,45.12796893260874,17.565174034000396,34.28100298507555,-61.76635317106435,96.0473561561399,215.87937588356272,S1,3,75423,75678
11.256370926046701,11.711724129977467,14.124555500292972,8.532126443982591,27.895577588232168,-3.75386333224466,31.649440920476827,191.94667278818866,-56.215794820620246,56.215794820620246,56.54451268563787,6.088212179465137,-42.75079159069984,-66.39875677171477,23.647965181014932,171.8001671122506,S1,3,75551,75806
57.16307199077603,57.615744118780384,63.160386947308716,26.862942502844373,83.67119722697889,-6.923420000490539,90.59461722746943,327.83392853811813,108.40572069728708,119.12335871099175,126.88476983193047,65.93894551328336,186.13922110025086,-44.08378645100109,230.22300755125195,472.0626101221676,S1,1,75825,76080
37.00507134689833,37.00507134689833,41.55588238799358,18.908094976906558,97.24911773317962,5.308203257813888,91.94091447536573,344.82379511198485,80.6355819626147,127.38256760066943,247.64335498044912,234.1476760241775,825.2151706203717,-55.68850069189346,880.9036713122651,1844.464093415429,S1,3,76333,76588
57.746617647876846,57.746617647876846,61.85312572328767,22.16161799081351,92.96865021156174,22.888448372822946,70.08020183873879,237.123322369368,-22.626412764930404,22.83752282171844,24.12532107253528,8.371174484139553,10.904661883881055,-36.102821835029275,47.00748371891033,267.59208504407036,S1,3,76461,76716
86.47178106788296,86.47178106788296,87.670796112019,14.449898610831992,111.12908091627959,41.17472153368614,69.95435938259345,237.64997326730878,-7.880774740117317,12.05876996125593,14.662974139259184,12.365120302856434,13.385604963250502,-29.536916649810607,42.92252161306111,240.13125614119855,S1,3,76589,76844
-272.32186196724814,304.2834271476017,317.0338351150478,162.3306998150577,121.19148829411027,-360.67071459178953,481.8622028858998,669.3297761227402,-133.7807238866738,135.94887240034384,146.5707260383722,59.88067841777601,11.35416695369876,-192.76086782729107,204.11503478098982,449.9910219163754,S1,1,76863,77118
-25.137872820830523,208.01305748053835,228.96703668988476,227.58293266541492,153.3034329640819,-364.64202514674184,517.9454581108238,698.6586898118506,-39.74741459207688,49.72858986459786,75.30781650436293,63.964132604924394,19.839373572332324,-139.0829392329005,158.92231280523282,320.4424765533837,S1,2,77127,77382
172.70827917267,172.70827917267,173.5318376572435,16.886355021584652,229.47673382448477,140.92072122260635,88.55601260187842,334.8603411624383,120.54463107537164,120.54463107537164,222.81252203380762,187.3883985041992,805.5672143961075,7.297752566971019,798.2694618291365,1692.8951301261734,S1,3,77391,77646
171.80810672357876,171.80810672357876,171.9176580444879,6.136416834019296,183.19333773702297,157.7036379082921,25.489699828730863,178.95486451674844,43.299118014546025,43.299118014546025,43.44649250053761,3.575484549216543,51.392540582750215,34.26944697864867,17.12309360410154,200.01924436907385,S1,3,77519,77774
-264.4559741252267,315.1761991948004,326.466814390085,191.42522991363413,163.58935436656589,-375.95633563482176,539.5456900013876,693.018067693905,-54.63178739611184,65.88619257442951,68.09854603606989,40.654394327461894,39.236595638649575,-88.78657548616358,128.02317112481316,312.4147830876283,S1,1,77900,78155
-20.635603099236278,182.15493548735424,214.52396620759413,213.52916419582542,142.22578242809882,-376.97414586737534,519.1999282954741,668.2379551722607,-54.83259489715988,54.83259489715988,58.62721380643963,20.74937916059038,-31.874975041076013,-93.91216502192054,62.03718998084453,227.37926333615655,S1,2,78164,78419
96.37393814969214,96.37393814969214,100.50589120828408,28.52189006869551,173.9736093145989,44.59142844013557,129.3821808744633,319.63664271257124,77.12067846147049,115.00137225461384,223.384994002329,209.6503195777747,763.5147965043134,-53.19306814316711,816.7078646474805,1737.2109972007606,S1,3,78428,78683
58.07972640026968,58.07972640026968,61.810409688193126,21.14880911758618,106.10773671939099,23.884093282219215,82.22364343717177,191.63767062071315,-15.24915993926427,26.9741732724912,30.351684948687748,26.242863798967065,107.99884002035218,-34.88545156951513,142.8842915898673,356.8088240945284,S1,3,78556,78811
19.501320315517084,19.724872942271368,22.46044303594639,11.14315966513059,45.105378243530325,-5.785691637028264,50.89106988055859,247.45402220764208,-19.19818178677668,19.19818178677668,19.92392447127286,5.328469050192714,-8.590396813097222,-32.27719581525902,23.6867990021618,211.45829474520133,S1,1,78936,79191
-28.252581813083232,29.510196345898905,32.44180645522793,15.945608391450843,7.635549472383576,-51.7333023828554,59.36885185523897,245.32490126502861,-26.12247360130895,26.12247360130895,27.731491345043846,9.308704806210075,-7.731805350002314,-42.57941677166215,34.84761142165984,250.11231392883988,S1,2,79202,79457
-38.602668673997705,39.15619998004066,41.16216624773831,14.288383444322992,11.207984625249708,-58.00549092457284,69.21347554982255,268.8844396407902,89.56933510690165,113.97028566387478,225.06856548794227,206.47806997186825,752.4802209912208,-41.811988724424054,794.2922097156448,1671.0188642631101,S1,3,79466,79721
-47.365672518564736,47.365672518564736,47.74898741236354,6.038117734040367,-32.28117963894216,-62.79935742213199,30.518177783189827,221.1663324107986,-19.424217959653095,21.53141431501549,22.629513708678136,11.610109704354306,29.418197713121643,-32.40065866785332,61.818856380974964,234.01791470222395,S1,3,79594,79849
-41.748699553555525,41.748699553555525,43.946049241845834,13.722293159442847,-12.628012729073648,-62.79935742213199,50.171344693058344,246.26945541097678,-24.663495173143104,24.663495173143104,25.022030461106528,4.220665141999535,-15.101685367755461,-34.137215876646984,19.035530508891522,205.57891463122087,S1,3,79722,79977
-55.154069759966774,151.7465161599465,153.44090421918935,143.18568251230693,188.4209895842453,-162.67218007503382,351.0931696592791,517.4216527714964,-52.57360461424511,52.57360461424511,57.73470238655126,23.860258957703557,-5.481929330043717,-77.87105004932786,72.38912071928415,280.7385058609146,S1,2,80240,80495
-135.5314489872501,135.5314489872501,136.9375769832464,19.57361298940387,-79.9604797348891,-157.5811286976716,77.6206489627825,313.5933239514394,82.9571929067046,135.82042662425093,248.87413191815213,234.64108268385905,782.2762198812511,-85.13955504899565,867.4157749302467,1790.7284137435445,S1,3,80503,80758
-139.6348695054262,139.6348695054262,139.69610874673944,4.1359421155818135,-130.6860746940287,-148.67906772118184,17.992993027153148,200.16388090414253,-12.542785770210013,27.51925357484749,35.106339710306806,32.78923013701422,163.2415063475286,-32.69084789078671,195.93235423831533,355.5936284346276,S1,3,80631,80886
-134.98806255658258,134.98806255658258,135.13669107252684,6.336263982166944,-119.44758533167426,-145.92051345680287,26.472928125128604,202.65239994293137,-24.88900916673588,24.88900916673588,25.195851105563186,3.9202213753622406,-14.183184102005097,-32.69084789078671,18.507663788781617,209.83023858463912,S1,3,80759,81014
72.40748949246236,140.27073401180104,208.68682175347104,195.72262270612447,420.81171247636877,-57.67272872698268,478.4844412033515,656.9213646382876,-60.52247348367858,60.52247348367858,65.92213599102362,26.129642497294835,-11.897187387287303,-92.6398176235995,80.7426302363122,248.149460732031,S1,2,81278,81533
-3.980116777628054,15.659881669634027,21.256679012138132,20.88073449525944,44.07544419259751,-41.150910396242026,85.22635458883954,269.66461554137146,112.55969826122558,156.89224050384027,274.4909527508379,250.35094860895688,826.8181485046534,-72.81354075325356,899.631689257907,1844.5173273130524,S1,3,81542,81797
16.32426662280483,17.355406356717314,23.109176557304227,16.35702785912647,50.0288259137477,-6.9891513579573425,57.01797727170504,188.2869208382281,-3.9396125624668414,47.26234004550039,62.91800305742497,62.79454245069224,250.53063848634372,-48.33308712153,298.86372560787373,405.5826538948451,S1,3,81670,81925
41.181689486144116,41.181689486144116,43.4337315613987,13.804256170270392,62.0416933029504,6.059060307561185,55.98263299538922,206.6295501229177,-41.970616262384674,41.970616262384674,42.13191143344578,3.683114387494689,-32.77114490734096,-50.112045969660684,17.340901062319723,158.55878244320166,S1,3,81798,82053
-259.16660915193825,281.66717915411255,301.2819907870698,153.6343277829096,74.14057963505455,-358.88468013640914,433.0252597714637,629.9552100765964,43.18887773322159,57.89545444253278,59.152947847479325,40.42019395291722,102.07055640547902,-47.3851405137334,149.45569691921241,358.6923036456494,S1,1,82072,82327
74.22223340920783,74.22223340920783,79.03064879263296,27.145966852067936,140.85280119810793,33.41175845248049,107.44104274562744,323.5534252052497,55.00914544925526,153.2214799602731,253.74149874867433,247.70696821883345,810.0430840871996,-100.15045984462024,910.1935439318199,1916.9351912804952,S1,3,82580,82835
47.36251283790534,47.36251283790534,49.253503313297486,13.516655145125865,97.00931179722653,27.92646930684907,69.08284249037746,243.73056848598623,-52.21197454160924,52.48876303790496,54.110272730040606,14.206735352843213,15.33716682987444,-71.7751840573228,87.11235088719724,280.8184959971098,S1,3,82708,82963
34.4496983774942,34.4496983774942,35.391904982853625,8.112041667485027,46.767005726982894,11.713089188114377,35.05391653886852,230.14540243260575,-39.92798574156321,39.92798574156321,41.394757332416425,10.921624843912587,-20.561238127112453,-60.69738968127672,40.136151554164265,218.62384021138521,S1,3,82836,83091
70.93036375927385,70.93036375927385,77.21695582126169,30.517892510456406,116.28453754971734,14.121203862780817,102.16333368693653,319.8771662230939,-32.374611062270944,32.374611062270944,34.01000278383239,10.419445662940568,-7.571867306998178,-53.58102147629047,46.009154169292295,296.4074449957505,S1,1,83110,83365
-2.7686255094539653,37.346129622110794,40.89550239114811,40.80167678677927,74.03418450947596,-37.97432222692508,112.00850673640105,318.37865690684816,-34.78463989491049,34.78463989491049,35.14258820766271,5.003032411923348,-21.409767850822043,-46.1876667333304,24.77789888250836,222.7401714626671,S1,2,83374,83629
-19.334591028775236,28.060326272403664,30.067955454685226,23.027278062657324,54.02142704258255,-44.26553643639581,98.28696347897836,325.408004002085,125.3255288145407,165.13938577051817,320.50680245460535,294.98834256124616,945.2047030152463,-39.14963448931685,984.3543375045632,2065.482317545653,S1,3,83638,83893
-27.72284122748701,27.72284122748701,28.39211543048714,6.128318928846035,-14.878039654524615,-40.52396144929454,25.645921794769926,230.54319807158925,-29.753267820095346,29.765190514468586,30.401947056582312,6.246714244858077,1.5261048797747834,-39.14963448931685,40.67573936909164,245.1932787515658,S1,3,83766,84021
-18.553581092539734,18.553581092539734,21.161264415394236,10.17662715740252,-3.6962520887008674,-45.66305786011397,41.96680577141311,284.6425523216232,-26.260350304144964,26.260350304144964,27.047875181760933,6.479317383159467,-12.255096807544994,-46.46169331299161,34.20659650544662,254.10398295745097,S1,1,84148,84403
22.799486967555456,26.764597416011295,28.741953327142934,17.500950690631974,52.157947570796765,-23.239714949526267,75.39766252032302,348.9573881625755,-38.847647672775054,38.847647672775054,39.05758523023129,4.0441605196525,-30.10484659109147,-48.86984410408461,18.764997512993144,181.8809937849108,S1,2,84411,84666
79.00591331849367,79.00591331849367,80.99783925827882,17.852608359022515,139.9743212722512,38.28996457902803,101.68435669322315,395.7814603157159,82.08102885008175,118.49839337219156,241.68949857766327,227.32469823060214,824.8734439561379,-47.05056345565814,871.924007411796,1819.5510990241592,S1,3,84675,84930
83.03221168059136,83.03221168059136,83.37974200767138,7.60481431037658,96.62975362887231,66.26140507789144,30.36834855098087,233.44945951551085,-23.279813503069292,23.279813503069292,23.629746162447685,4.051565989098983,-9.877784956491524,-32.472731252098164,22.59494629560664,205.79620360061088,S1,3,84803,85058
-315.2852687025279,355.68436458575934,379.3364929054591,210.92978497355034,117.28364300896301,-445.28499304423343,562.5686360531964,729.0929235517078,-97.07307899173058,97.07307899173058,109.48218455797821,50.62772037779733,-12.49004920242646,-149.30844158348245,136.818392381056,396.23143621951147,S1,1,85185,85440
-11.746673655165196,190.63348047485778,228.07490416788707,227.77220543611094,132.41410746781833,-430.2890333584238,562.7031408262421,683.4586679926038,3.865842563727778,28.885755300110432,32.48309100455731,32.25223189924726,30.302264642717727,-59.80170430411111,90.10396894682884,288.92558551563064,S1,2,85449,85704
132.65658671263049,132.65658671263049,134.42521585787398,21.7340438066726,206.79369100528746,109.29964026358928,97.49405074169817,318.16011885663664,150.26054833323298,150.26054833323298,265.51676835088494,218.90847834219136,855.4561694965089,12.888011347547964,842.568158148961,1752.7532956082964,S1,3,85708,85963
118.25104663015486,118.25104663015486,118.37242214075219,5.359131864526028,132.03200954285052,106.60789699226021,25.42411255059031,210.76440870869976,37.62664539093397,37.62664539093397,44.381853333949316,23.53687451598226,142.11050373966629,16.42776930814976,125.68273443151652,249.50196301487125,S1,3,85836,86091
107.6727104370258,107.6727104370258,108.09299250809923,9.522733667408133,123.99228686561557,88.90423314166198,35.08805372395359,221.3942316948489,18.937350606412057,18.937350606412057,19.64595733974079,5.228804051094276,28.92010720596031,3.7787949772274034,25.141312228732907,238.07897788680498,S1,3,85964,86219
-83.19239531188283,108.3621221576938,109.93205409996236,71.86154660810234,96.93173272620172,-129.84724672520275,226.77897945140447,393.8555776580921,-118.66337227881723,122.36216634658007,131.93654203103353,57.673695932595656,19.56334644705408,-161.0903298303625,180.65367627741657,410.23521389726466,S1,1,86243,86498
23.681547727507418,64.38442728030918,70.19456744910093,66.07920699127804,66.74702814013116,-133.1110474074965,199.85807554762766,367.96523696410463,-54.811757617360854,54.811757617360854,67.47203391007194,39.34649395889782,-21.45317597600613,-151.04957919646642,129.5964032204603,370.9062950227434,S1,2,86507,86762
73.71409635656211,73.71409635656211,75.0596654671046,14.148688220790305,118.12546795171411,47.58421879203881,70.5412491596753,257.06735966006516,111.9158308873316,119.36319489569362,230.82875801743648,201.883041201262,765.9830764807864,-28.28839881984613,794.2714753006326,1669.1177275479663,S1,3,86771,87026
73.61619344516912,73.61619344516912,73.77677881368537,4.865095555782491,84.12426065665993,62.12127434388151,22.002986312778418,189.74089703538215,11.980513427854863,12.514447876494852,17.131440114336588,12.245551779976687,47.68938361334845,-6.531922856323072,54.22130646967152,223.78290424029336,S1,3,86899,87154
-218.93092806354576,244.269679869735,256.9886843017978,134.58243791967666,94.39206166187786,-304.8820742330534,399.27413589493125,738.043658550875,-52.51356324960288,53.31225950115673,57.8426666856425,24.250768320535627,7.7129788407425215,-72.82198596447003,80.53496480521255,295.09007021912566,S1,1,87281,87536
-92.72998966848805,139.50803821983288,189.67187499593444,165.4586630568357,51.1834886786405,-325.47997331732563,376.66346199596614,604.1056743829438,-53.76968168782914,53.76968168782914,54.23699665754341,7.104444919900945,-35.33641223109327,-67.51405816046368,32.17764592937041,231.6840310368383,S1,2,87545,87800
36.84084104202092,36.84084104202092,45.04158077865038,25.913248162980924,112.5579903964429,0.23327523590462276,112.32471516053828,369.7186217085672,121.34326369505267,160.38988405899585,292.8210386643343,266.4957279963274,864.2744336579927,-56.14823872035358,920.4226723783463,1882.2816066203354,S1,3,87809,88064
8.501441960225094,16.623149941507872,19.378829055246417,17.414491096480162,47.02902053557391,-33.31691441310702,80.34593494868093,281.91064985967256,-1.108476250259674,38.624614635902574,62.2053738612559,62.19549676320006,297.69592719630543,-36.91549974184467,334.6114269381501,480.0205690667298,S1,3,87937,88192
195.49410439870758,217.87162858825417,236.58586030045302,133.24760575504797,281.7238211202905,-57.32565216010949,339.0494732804,536.1341162405391,-11.207969840977281,11.499527250305835,14.42420393209726,9.079596418259666,4.386950444766796,-29.165220127746156,33.55217057251295,253.99036355253116,S1,1,88319,88574
59.06141044710257,109.69160633112801,153.02837291159076,141.1716427331203,274.14648053181264,-55.318765577232135,329.46524610904476,499.90322315907497,-52.74969859664992,52.99809664244424,62.23296271825048,33.021371059569034,3.262954328168219,-90.8303984778326,94.09335280600082,305.7505731047065,S1,2,88583,88838
-15.903263642579475,24.502813159276666,27.42681604378634,22.34538976644412,51.4962291458397,-44.00773333468408,95.50396248052378,351.2747549233375,128.21340978782234,161.81983852083,293.87359087437767,264.4295916949936,881.2225568525914,-71.36644268501884,952.5889995376102,1937.8491941710395,S1,3,88847,89102
-11.194693183573433,12.661696612693746,15.77617498356686,11.116048832106456,11.238774575393665,-29.220853517308615,40.45962809270228,186.91109375872747,12.32525655708519,25.744388799240625,47.90256468200406,46.289780231878524,233.64867899472296,-20.666544946192605,254.31522394091556,405.7096629890657,S1,3,88975,89230
0.9041541783757094,4.761051782168395,5.730326133133414,5.658545998204618,11.750218128776833,-12.619933529068735,24.370151657845568,160.134439602726,-5.023144804481199,8.418665144812131,9.898891451690227,8.5297167740529,14.148788456301606,-20.666544946192605,34.81533340249421,196.65948256417792,S1,3,89103,89358
-70.713197691088,84.51746761605924,124.07862421035713,101.95660183742949,23.733750865535548,-212.06629705660913,235.80004792214467,444.0828693882722,-69.57093413145232,69.57093413145232,89.40626300154936,56.154830495508904,-2.2917604241278866,-150.33408203214904,148.04232160802115,362.59246982280166,S1,2,89620,89875
40.992189900916514,40.992189900916514,47.50975583320405,24.01702034928282,105.65682397120847,9.025401799283117,96.63142217192535,294.5337757345591,143.993654511913,149.86979790122078,280.3430978608944,240.53706570619596,851.2288604567243,-13.713804397235807,864.9426648539601,1767.0528928182316,S1,3,89884,90139
32.86103413689381,32.86103413689381,35.903207848228554,14.463497822000056,60.358259055739516,12.81638488684434,47.54187416889518,199.3650412830507,54.123328746046184,54.123328746046184,87.20424299161496,68.37576530605004,395.96924172412514,11.902453818258513,384.06678790586665,571.5294429272371,S1,3,90012,90267
22.872980136179283,22.872980136179283,23.30464787517612,4.464682774385975,34.46477601462059,12.81638488684434,21.64839112777625,178.08663226896226,27.658448616700504,27.658448616700504,28.08318403908809,4.865742069883069,39.818940450965854,11.902453818258513,27.91648663270734,274.4552431207785,S1,3,90140,90395
56.93246641514012,56.93246641514012,59.70782548693407,17.992184199454943,79.67205544980793,16.17315986160232,63.49889558820561,213.67924919508823,-25.26117076884387,33.6666689030053,35.04025299512475,24.28358666568135,30.342553819809336,-51.35730623381717,81.69986005362651,351.7053463898338,S1,1,90414,90669
56.81095856531009,56.81095856531009,58.22568646597004,12.757176463624996,99.14162392404947,38.6047833167902,60.53684060725927,250.0319969773348,34.18907603049203,125.77565938517931,209.1048907868585,206.290965461809,738.0203486957988,-77.19571363693974,815.2160623327386,1753.6854125021684,S1,3,90922,91177
59.250057660651386,59.250057660651386,60.214730938277334,10.735198609183678,80.11640513704474,38.6047833167902,41.51162182025454,214.72708450226187,-58.58273097149052,58.58273097149052,59.30282536612019,9.213507927305105,-37.42683466277741,-77.19571363693974,39.768878974162334,280.4353220355438,S1,3,91050,91305
69.15024058090101,69.15024058090101,69.54805186966689,7.428037861332332,81.62263123214947,47.912036770085436,33.71059446206404,219.48585347121923,-43.666814621565166,43.666814621565166,44.63080709933724,9.225954863541993,-23.48970540979946,-61.22686672712849,37.737161317329026,230.49506806055754,S1,3,91178,91433
-232.10913325234756,251.5341865584187,265.1692838271518,128.21895080778256,74.1365060062802,-300.89797080309893,375.03447680937916,533.5843102114778,48.710930854876054,56.09531569178093,58.256494800049786,31.954098354353725,80.58837477828763,-31.15621528619846,111.74459006448609,358.0667854303781,S1,1,91452,91707
-55.58363822866065,97.66250453657985,153.36455664703456,142.9375611825207,47.35835157765022,-315.912320255866,363.27067183351625,577.9074226346734,-39.291922940966074,60.03119306690805,61.74298408690799,47.62710232165461,51.88650226639946,-86.10949186930476,137.99599413570422,415.8774388520226,S1,2,91716,91971
41.163758233091315,41.163758233091315,46.017212121689944,20.570095273970267,105.51192465647175,16.04119334998601,89.47073130648573,346.04665825705564,81.41932701057735,99.89812643639135,214.6022586734526,198.55735346970187,762.3836261298533,-58.13630641639892,820.5199325462522,1702.3154939819012,S1,3,91980,92235
15.786684422044228,16.782809387578347,20.166196410286133,12.548150167137123,43.983230868548375,-6.838988629255362,50.82221949780374,238.08231455335817,1.298463919890021,7.398448420087578,9.468220757211874,9.37876301843914,25.168765164871076,-12.283501093299954,37.45226625817103,244.95909996788066,S1,3,92108,92363
75.32175446756511,79.56017102516532,87.627311959144,44.77922626746665,126.41848432814349,-17.596536083634728,144.0150204117782,276.81300640013023,-129.34140579877834,139.39881634116466,150.19951938878586,76.35899665801014,32.39368686638569,-179.34904945846634,211.74273632485205,452.26726469909795,S1,1,92490,92745
50.68109184585046,50.68109184585046,64.5416442084115,39.9631175765561,136.36753066547416,16.38359979442551,119.98393087104866,406.5813049445905,-33.907206944752154,48.97814507111163,82.12429068088136,74.79773015970235,24.619108489499084,-185.406858823962,210.02596731346108,456.8269200871723,S1,2,92754,93009
43.5148412668849,43.5148412668849,47.63407528955143,19.376886184536065,105.2387677880848,23.7938170941576,81.4449506939272,272.77547171703793,149.2821181277153,149.2821181277153,257.1318673958089,209.3600879770514,826.97011215612,0.9617481845317225,826.0083639715882,1701.4306407690947,S1,3,93018,93273
33.75926509331593,33.75926509331593,34.25237949877241,5.791158924355724,51.226247826428306,23.7938170941576,27.432430732270706,206.91707953922963,56.52527984264351,56.52527984264351,59.073140949834325,17.161839073649187,132.9074743015283,36.85657746750025,96.05089683402807,272.0691986562897,S1,3,93146,93401
-178.86772228591974,193.98237940853375,207.6858739464173,105.54506222999836,49.98567154546695,-250.77585110119432,300.76152264666126,508.38613596001073,-111.7314517852085,123.63551732497774,132.04762753043022,70.37512783920795,40.33725713002285,-159.04379385238354,199.3810509824064,362.4442350775019,S1,1,93528,93783
-44.29595611384513,88.51474214159492,125.94217046530457,117.89528647690774,56.81064533112537,-238.44939017244934,295.2600355035747,446.11201954778375,-48.45906047098538,49.39001472495988,75.387234864656,57.749066129316645,9.20746760205649,-151.89634667453038,161.10381427658686,413.22263223380844,S1,2,93792,94047
36.80424531175635,36.80424531175635,40.70947873604267,17.398539766094487,90.52909737566944,15.95687586634354,74.5722215093259,307.85718326762014,106.60648040288507,107.49299629725851,217.4408853389605,189.51410753054842,753.9798895257439,-5.8454454341830075,759.825334959927,1606.617042735222,S1,3,94056,94311
24.085450697268637,24.085450697268637,25.341549659832943,7.8794164676846865,38.479487783497625,8.451994622608462,30.027493160889165,223.9231528965363,17.396651159401827,17.533090976341427,21.973093284485596,13.422866941409687,63.80477180398208,-4.855032966454384,68.65980477043647,283.63362729809427,S1,3,94184,94439
94.10203398777841,96.84096196598537,109.28694435400712,55.5737654437671,140.49616135580942,-15.35162375140761,155.84778510721702,314.51727686424414,-45.25867754919501,45.4139242596309,50.81993870851051,23.115325583576727,5.089250748485038,-67.71985790290775,72.80910865139279,352.25294322152047,S1,1,94566,94821
-7.2384976888783115,67.73678003908682,73.21972549382681,72.86104825350412,121.52839173274374,-63.21710182969579,184.74549356243955,370.96240639347724,-51.49627605167083,51.49627605167083,53.39324171189381,14.10573689371914,-19.66676458334756,-77.28523460019154,57.618470016843986,304.96609438771634,S1,2,94830,95085
-44.70766741225598,44.76742936724994,46.90845566259989,14.1995664442688,2.8958794699389836,-68.0108559639595,70.90673543389849,308.8853233649458,96.93626904236098,111.97026000179646,225.19598026014455,203.26482546046773,754.0795763033044,-38.58546558932966,792.665041892634,1664.4983052766538,S1,3,95094,95349
-48.04870583305578,48.04870583305578,48.59184589132924,7.244953753831827,-31.164192473612758,-61.69663129569638,30.53243882208362,229.66710314989263,12.172828826028612,12.354001587946904,25.03264535764891,21.873627316337554,129.02792403720562,-3.01200808181912,132.03993211902474,339.9600570148027,S1,3,95222,95477
-50.02011987667008,50.02011987667008,50.29726049341481,5.272762147677498,-36.625555471584654,-61.69663129569638,25.071075824111723,212.93305815205696,5.702340200797937,5.916699306163467,6.952025340887739,3.9766785857935574,15.292461952285931,-3.01200808181912,18.30447003410505,273.268431179563,S1,3,95350,95605
2.4917358269887515,80.30288921177058,91.75549585919408,91.72165650998178,164.45329953039695,-74.86184292771637,239.3151424581133,400.5446557974145,-31.35359534974075,31.35359534974075,40.55864130521367,25.72849477077312,-6.873350452803846,-84.65823103964789,77.78488058684404,305.74219416907977,S1,2,95867,96122
-79.12795379211636,79.12795379211636,80.33507850690083,13.874140239402912,-36.75230577203267,-106.37697032472876,69.62466455269609,352.0492525534386,91.05242657351722,104.0677956890601,221.38069861053572,201.7891705031841,764.4397200324191,-38.172574960203164,802.6122949926223,1742.0422737376919,S1,3,96141,96396
-85.50971188446566,85.50971188446566,85.86978561965891,7.855523903715948,-70.77780917420955,-106.37697032472876,35.59916115051921,297.701746542871,0.013375541046912076,4.678798572084228,7.367435878848358,7.36742373722618,31.80187390299729,-12.134516739463837,43.93639064246113,287.54080971894797,S1,3,96269,96524
-87.71809243346294,87.71809243346294,88.0453156272297,7.5837895364356385,-70.95256993228945,-111.23836707710217,40.28579714481272,248.39246243112925,-1.916507448369822,2.883915031996055,3.7623048903772363,3.237582012629095,5.013773717023745,-9.357931112276423,14.371704829300167,219.8189548696452,S1,3,96397,96652
154.1755205485748,177.8679044684852,186.40416865048473,104.76842536687442,234.74061721940225,-83.17437565182547,317.9149928712277,754.1545220690098,-51.9351082785067,52.023802298488036,56.800158097757965,23.000054087546918,3.3711066388462623,-74.15470475342964,77.5258113922759,326.7571937874521,S1,1,96671,96926
-38.67565337142844,39.51713088065944,41.345147091908814,14.615574718248057,16.099956850502448,-59.02813570482359,75.12809255532603,305.9497437904263,77.28725436244223,108.25105545468759,215.54415386007685,201.21123869300052,749.4538566719066,-46.89936080043672,796.3532174723433,1674.9741749888046,S1,3,97179,97434
-32.13307058215477,32.138980237941915,34.043668637970754,11.244427477386877,0.4505097439450984,-46.58598764333851,47.03649738728361,226.01165192619575,-14.054908092977428,21.66969114075473,24.2200695733048,19.724891093075335,82.68167820288532,-30.496358005522787,113.17803620840812,270.88621120388245,S1,3,97307,97562
-16.082871801798653,16.188444854215845,19.798376206631964,11.546295294432774,3.863027004843909,-44.6904052478656,48.553432252709506,237.0919156830596,-26.096877763000386,26.096877763000386,26.442850972039643,4.263489011656305,-18.005567007243076,-39.72676339365641,21.721196386413336,208.20715883997258,S1,3,97435,97690
-43.12194285797533,43.37095911434594,47.91894558863383,20.897927899195185,3.3585904542028437,-75.64497487356208,79.00356532776492,259.2039385752005,47.40056402512504,63.112902228641,64.46292492081514,43.688158801289305,108.30490312076512,-53.44818713227089,161.75309025303602,393.1812516471229,S1,1,97709,97964
20.595736863206092,29.36262916971003,30.99535822471128,23.163070922046384,46.61951546366228,-38.43187448672273,85.05138995038502,260.00348928555945,-72.86963461253687,92.23839951008759,94.15518304079231,59.62562238568644,68.15789864439182,-119.38656279044567,187.5444614348375,415.29741891266957,S1,2,97973,98228
69.38137374789818,69.38137374789818,72.68845073743059,21.675697162083114,135.8568570788467,41.877699199622334,93.97915787922437,332.1917369430467,65.10036773298539,142.3721392466706,245.5131573834572,236.724845695217,774.3428160115618,-105.98715298397151,880.3299689955334,1817.0726480040357,S1,3,98237,98492
72.32181907522558,72.32181907522558,73.54691835876851,13.368009789108477,96.95034937509391,49.87298595210909,47.07736342298482,194.62816507703081,-49.22897101330618,49.22897101330618,49.79079726540057,7.458679862769348,-19.250548408754124,-63.06829904281679,43.81775063406266,246.98691382263314,S1,3,98365,98620
-246.85075570456831,276.4266244554462,288.67778938498964,149.66486057952275,106.06815692099998,-330.6767525893239,436.74490951032385,643.9689032348451,48.05121906743018,60.09689838718004,61.369785262153165,38.17500346112133,75.2355051564022,-45.02284798110366,120.25835313750585,390.82486860674516,S1,1,98747,99002
35.780807428818456,156.9040572498388,173.69983061866236,169.97460097524512,145.8263998918149,-317.21193612963305,463.03833602144795,619.5094097855524,-43.77586681698169,70.51873850135786,71.79498836982387,56.905130168070315,74.72821139126151,-96.53298648230067,171.2611978735622,345.4732871862943,S1,2,99011,99266
151.43994421166184,151.43994421166184,152.38628068936626,16.956468957512147,206.0263698290416,125.18185439941362,80.84451542962799,293.9035668603753,68.21056941135157,113.25829559793215,209.50660050466897,198.09173096220385,707.9331312309745,-81.58314734636997,789.5162785773445,1722.6571236892821,S1,3,99274,99529
138.21806141382768,138.21806141382768,138.48425714764497,8.582364286046735,158.0428320641438,117.14238134105429,40.900450723089506,217.2621192889649,-26.448074556023222,26.46990489963908,27.453032951120576,7.3599164733269395,1.540085132302861,-40.79588746570512,42.335972598007984,349.20275309800314,S1,3,99402,99657
-196.86814581361895,220.70270013669492,232.22141329104429,123.16540892148925,85.63593007954049,-280.06954768699984,365.7054777665403,499.2901983785795,-23.79766253706181,23.79766253706181,25.36334364610413,8.773280953126688,-8.057592730140692,-44.343598938099746,36.286006207959055,238.16811291411153,S1,1,99784,100039
-76.13680649802814,76.13680649802814,127.66583162909056,102.47805258604947,-4.423891395420866,-299.5459381151207,295.1220467196998,479.654011224774,-65.74959778402751,65.74959778402751,68.96958821473038,20.827733668070554,-16.108052860467847,-90.16780944533497,74.05975658486712,266.661225292954,S1,2,100048,100303
-36.43831653220689,39.77304498308659,42.29127385132749,21.466274298691754,34.28948042778719,-57.64517875757241,91.9346591853596,317.1249840930897,69.24203932594145,142.84553970881237,246.7790451900053,236.86586316916893,793.7399038683465,-76.80480253720042,870.5447064055469,1843.9180131811647,S1,3,100312,100567
-57.315032298072154,57.315032298072154,57.9453984277389,8.52386482884096,-38.50429654272527,-74.49891665030212,35.99462010757685,224.0958119098805,-52.531214930321184,52.788888973490515,54.51933621868557,14.588676419417942,13.34897489145977,-67.11950272834684,80.46847761980662,254.20902641266588,S1,3,100440,100695
279.17532855737556,307.81408685238273,333.7025614381398,182.80737248605948,394.26922472309593,-77.45898057277515,471.7282052958711,705.2646497994958,52.264723210466265,65.92427887138032,69.8946850358017,46.407603945768095,99.66633550326685,-47.27741897524805,146.9437544785149,381.08612981420845,S1,1,100822,101077
65.72101020355404,132.0556611957732,197.70014059098688,186.45668238902115,395.75925670201394,-59.98118888770007,455.740445589714,615.7623933198857,-10.166709822692779,56.22542530919991,60.41401693722684,59.55242609560666,97.79163690848841,-67.39662024193616,165.1882571504246,397.7796790997171,S1,2,101086,101341
3.495402423550337,18.94270765197214,24.226056475334797,23.97256711834487,58.608739630385415,-40.54131578252946,99.15005541291487,401.65140059598673,130.52677999226495,146.1091872338451,279.7116412255063,247.3890901836967,855.3200464824807,-38.53180247328515,893.8518489557658,1885.437696653856,S1,3,101350,101605
13.611287739572306,13.849138422994166,15.411081404615624,7.22732842274779,26.02339869094756,-5.825442475490153,31.848841166437712,255.77062376756135,2.562665383481307,17.074669071613542,25.635952180330733,25.507543792464823,112.82806500831869,-20.95493789471302,133.7830029030317,379.7818721012617,S1,3,101478,101733
24.981649406833846,24.981649406833846,26.108906374737398,7.588951508531409,38.59748212682186,7.336038120523589,31.26144400629827,198.15588789947088,-10.261437233722543,10.261437233722543,10.853325094551304,3.535190448390252,-2.1260009099255326,-20.95493789471302,18.828936984787486,261.479311509165,S1,3,101606,101861
-80.70895329628055,104.09644935743984,178.0182429485781,158.6712314199325,30.48361224635802,-355.21841235238696,385.70202459874497,582.2743007265649,-77.71658302628413,77.71658302628413,91.72888689332962,48.72700907513147,-29.244842834159307,-167.89670937925527,138.65186654509597,414.52861236149903,S1,2,102124,102379
36.175963478785164,36.175963478785164,41.2923339653062,19.908704394911833,99.9763085383812,16.034495504581788,83.94181303379942,298.89834865424876,73.20319276809505,115.57444648000065,218.50864373953561,205.88181065224873,746.3104405522466,-56.656329329950125,802.9667698821968,1712.3266499171943,S1,3,102388,102643
19.140634169996126,19.391658077816242,22.35319624768157,11.54562714007958,42.6423971210047,-3.990340112105522,46.63273723311022,194.1512917226866,-25.656542230232894,28.34544290912262,30.070907641800176,15.684429450571416,42.72818050030715,-39.33800198490662,82.06618248521377,244.02594577404844,S1,3,102516,102771
3.0553493103343237,8.234406812396825,10.380316337950925,9.920474175550808,20.39521229756321,-17.187098773010366,37.582311070573574,198.2629184772035,-28.304457591629472,28.304457591629472,28.931536883476113,5.990952084901657,-12.623426373741456,-38.82235472351928,26.198928349777827,165.89621469898748,S1,3,102644,102899
268.51358394841793,272.39840354446136,290.2304335642492,110.15516239408849,337.9833811485003,-22.615334521271013,360.5987156697713,534.8043699197716,85.60951431867991,89.66051753874146,94.33810916092581,39.631930285799804,111.18026313050242,-20.44776568634806,131.62802881685047,368.7461343334785,S1,1,102918,103173
-53.752495469371034,53.89697338455888,57.05388428798155,19.12628932024283,3.721588557874897,-75.88032612620916,79.60191468408405,300.8987677620829,96.66701856559624,139.01043262570167,261.8088691861706,243.3092096616568,821.9140038907174,-51.52133109982636,873.4353349905438,1835.5116463631289,S1,3,103425,103680
-58.817503635562346,58.817503635562346,59.4699842074638,8.785231227270286,-41.72439420749681,-75.88032612620916,34.15593191871235,229.1564899937178,-19.704734941077604,29.269958456041905,32.21333602259212,25.48376813986319,112.11854298088919,-35.46019948135919,147.57874246224839,356.974402370221,S1,3,103553,103808
-45.701650770021345,45.701650770021345,46.987899310749405,10.918873501059167,-23.953994024475374,-65.75476566489691,41.80077164042153,229.60211725420152,-26.309669525156664,26.309669525156664,26.788729031731517,5.043539690790352,-14.949105904687565,-35.45271438682058,20.503608482133018,257.5090770973429,S1,3,103681,103936
-86.99178205683603,93.29227592428992,104.7198240972098,58.29812530027448,25.134994666720374,-133.9014544546006,159.03644912132097,347.9077721953738,-86.82986942866391,86.82986942866391,96.75867644872605,42.69444042390563,-6.777545359953805,-130.43208245214598,123.65453709219217,339.79359141565806,S1,1,104058,104313
-8.496170349290146,64.89079450854675,73.50005712440903,73.00735227829615,58.65843148188714,-121.72854815972906,180.3869796416162,353.7121959027598,-61.32638314397194,61.32638314397194,68.21932210837574,29.88227968889048,-26.18645805322823,-110.22812916093689,84.04167110770865,294.82784476839635,S1,2,104322,104577
70.53039836385005,70.53039836385005,73.27583761263111,19.869858692736187,125.36124142818426,44.13774429731362,81.22349713087064,282.7128989173809,84.07530763511168,101.4705441493234,197.41442873137999,178.61634672503644,654.7347930619243,-34.821074654220794,689.555867716145,1473.6713855013327,S1,3,104586,104841
56.6306006632696,56.6306006632696,57.94706296536651,12.281578678225415,87.01100468440282,38.22940457679226,48.78160010761056,255.44236824068446,0.44468081992355923,16.368014775148097,24.912408620280157,24.90843957842806,112.05288959094626,-20.396018207402534,132.44890779834878,379.9880835562357,S1,3,104714,104969
49.78920090859335,49.78920090859335,50.10740521692426,5.638043140733854,61.90406211694966,34.86248569192656,27.041576425023102,252.72208754135028,-8.966371432283816,9.089173167727457,10.145718162253651,4.74760785724856,5.14322191549609,-20.396018207402534,25.539240122898626,361.87101493172304,S1,3,104842,105097
-21.72593622533499,41.026349982256754,60.41827153284038,56.37686786394493,26.12627253321784,-117.86476243129385,143.9910349645117,317.8336316204201,-28.49005210438448,61.020337055183575,61.53970062411555,54.54770099642353,69.20250428990725,-73.17209759236027,142.37460188226754,434.35606485838696,S1,2,105361,105616
-5.07658132315885,18.054624087508667,22.740351614514726,22.166459203515505,68.11614414610031,-31.461709040106633,99.57785318620694,300.2440972039185,49.26990216651397,102.56462766401033,190.3055229008887,183.81694368877646,676.6850277306294,-66.0095971630325,742.6946248936619,1704.0346731599443,S1,3,105625,105880
-25.100900540679998,25.100900540679998,25.896459788975434,6.369569973625558,-13.030462693636998,-39.25898452159276,26.22852182795576,215.5086814634251,-33.71131844944885,33.828800215260834,35.058937008900976,9.62684125733545,3.379861037285952,-47.01183440600844,50.391695443294395,336.4029622357956,S1,3,105753,106008
-27.44032615539575,27.44032615539575,27.990915699391806,5.5244784528462665,-17.653682877219666,-39.25898452159276,21.605301644373093,221.27306869357392,-33.92384346688033,33.92384346688033,34.279554928155896,4.925518298317264,-21.852986555515557,-43.71591785459185,21.862931299076294,278.63875013687914,S1,3,105881,106136
131.3930044299388,138.59159314692704,150.85902638727714,74.12370895598296,187.2963883563274,-26.7733383490048,214.06972670533222,407.1341255712001,-57.21897172250365,57.21897172250365,59.10830539037027,14.82501403508954,-23.033829357458423,-73.26243993588194,50.22861057842352,321.3080479338462,S1,1,106155,106410
-33.07266778927277,37.088252843772764,38.51526763390455,19.73890792854799,36.55016674752664,-55.54611839002511,92.09628513755175,342.4410135652279,125.56756959626871,135.78206906182868,254.78650015568624,221.69561594057225,792.702637327941,-29.44346514315444,822.1461024710954,1722.6928364024282,S1,3,106662,106917
-43.10115681098421,43.10115681098421,43.633689830775324,6.7962614578351435,-29.861785662715906,-59.049264012448646,29.18747834973274,254.43859189751606,25.986684488003803,25.986684488003803,31.388082229592573,17.60408859818104,99.58641420024749,2.304667955372156,97.28174624487534,301.853740158303,S1,3,106790,107045
-46.52036740462394,46.52036740462394,47.11774680179928,7.47913632829811,-30.330849494126713,-61.38287715103379,31.052027656907075,212.39936334951074,25.11754663181877,25.11754663181877,26.657841559450993,8.93025015367442,39.634195866780026,2.304667955372156,37.32952791140787,244.5766755765413,S1,3,106918,107173
12.230570046136588,41.052040864535705,42.94616844709847,41.16778522866033,48.513163805462355,-66.88168808209066,115.39485188755302,284.7310649008647,-103.01860915772328,113.87732376671535,125.75735536830264,72.12543654244189,31.279412663155984,-164.21832667563967,195.49773933879567,497.2125071947379,S1,1,107192,107447
-24.15070536823904,46.83544988977528,47.73330357707503,41.17294865075507,67.4876925597465,-56.34467996998856,123.83237252973507,353.96385528276414,-42.164148404513355,42.164148404513355,69.82291438950644,55.654505326761445,-3.861546882417393,-165.19671252143405,161.33516563901665,412.8730058357989,S1,2,107456,107711
-43.88922997320283,46.294765831861405,49.9187239379245,23.782651070686583,21.199278133444707,-84.83373168378883,106.03300981723353,304.9921145137848,132.48214201619018,134.2698723780144,257.1512985249961,220.39798633357265,779.2208560875694,-13.20843596619511,792.4292920537645,1730.5127543519895,S1,3,107720,107975
-73.39317085310128,73.39317085310128,74.90645577109136,14.980640450726685,-44.345482181342945,-96.97658981470651,52.63110763336357,243.69788407493553,16.70851790557144,16.70851790557144,18.801925444961448,8.621938867626428,51.8257006341556,5.547565063880548,46.278135570275055,346.63358554317256,S1,3,107848,108103
184.2908273861811,212.50910151209297,222.6941724360584,125.01834016774386,260.61967057594273,-88.86522722917758,349.48489780512034,509.8341281359501,-53.7770855223046,56.56528643165793,61.28534212433114,29.39248597895476,14.17318222388998,-85.17814550538782,99.3513277292778,348.10797365480266,S1,1,108230,108485
30.232419115267174,74.82814289971448,120.83186380316488,116.9886325443007,280.70868890506847,-44.035950467632034,324.7446393727005,567.2723543134105,-59.54108556100894,59.54108556100894,59.87637830872766,6.32770176181567,-46.33577614057136,-77.53417962574551,31.198403485174147,253.7527042277281,S1,2,108494,108749
-6.804429522084832,13.680633090571561,16.470126691323056,14.998827024378024,42.740215989600465,-31.678312525761893,74.41852851536235,271.4065909493147,49.81442720581201,102.96183036933387,191.40591557164726,184.8100304582449,696.2686067374987,-72.5723382793862,768.8409450168849,1665.5354491898456,S1,3,108758,109013
-7.7410438906330405,8.11572888788216,9.126798533792908,4.834737941164676,4.5425311627440275,-18.40450029061399,22.947031453358015,194.74276489711443,-31.08514552933054,31.08514552933054,31.661428580736047,6.013300856716812,-19.625780334379165,-41.90465055593329,22.278870221554122,276.92319735598966,S1,3,108886,109141
-107.7136283057384,107.7136283057384,119.0444416263553,50.688789286625756,-4.426708286064886,-149.3433810995735,144.9166728135086,352.800768701873,39.251109009868664,46.70187778685041,49.219584896868916,29.697103880942567,67.16552502016084,-25.616662654864683,92.78218767502553,327.83001759105747,S1,1,109268,109523
-18.10377042089519,39.028843495193016,59.76685057746807,56.95901969395994,23.62083904063736,-132.3675280934834,155.98836713412075,332.2272127292864,-25.72309034288519,50.67977221208966,51.177165765953305,44.24279510889462,65.93543564952417,-59.8585411413681,125.79397679089226,345.47982840071984,S1,2,109532,109787
40.36977981377859,40.36977981377859,43.135094184248764,15.19596091305337,94.20052120872032,15.23820541097673,78.96231579774359,336.46020628086626,60.95171648968928,119.3807507642023,221.25302975288596,212.691775656211,743.7406082000567,-67.1070308529136,810.8476390529703,1744.6417243159638,S1,3,109796,110051
50.52705046149496,50.52705046149496,52.17547734912329,13.011441437074495,86.06409073903141,32.11488259492404,53.949208144107374,227.02831228459584,-44.56651750107071,44.56651750107071,45.29133905913068,8.070372457073695,-12.389601266274017,-56.93856726996486,44.548966003690836,325.7512492446406,S1,3,109924,110179
-130.92402961262476,169.79823973275404,173.61968425383645,114.02935249484854,115.09120709384777,-200.74247255192876,315.83367964577656,513.28859757905,24.868983252219515,40.49675030830753,41.03330449546615,32.638409118988434,56.629724982703884,-47.88929261909526,104.51901760179913,405.8766918828636,S1,1,110306,110561
49.314358361340766,134.60868516383528,138.30607289241502,129.21557126883462,142.96225636538495,-193.11817322701148,336.0804295923964,528.1315108021543,-54.17579546479918,75.1153402004189,77.8152179584619,55.858672842085824,54.58369124193586,-104.10572815235086,158.68941939428672,433.96252804541007,S1,2,110570,110825
135.69773791739584,135.69773791739584,136.59802476738528,15.65708448124856,187.46301694008685,115.1696295769885,72.29338736309835,264.3074911840322,52.65144961199532,108.57619360340368,202.7723332836903,195.81737409910156,709.5672163030398,-70.79651719893036,780.3637335019702,1740.5515141300075,S1,3,110834,111089
126.02379216146115,126.02379216146115,126.10730712785322,4.5887602120338045,136.93334744679257,115.1696295769885,21.76371786980407,228.8239668667926,-27.055989988781945,27.055989988781945,27.819083172492213,6.4710736578229895,-11.833720738149603,-41.84448554201605,30.01076480386645,337.92827316630206,S1,3,110962,111217
120.82442728583669,120.82442728583669,121.0715468152568,7.731572885802503,136.93334744679257,103.21875014377501,33.714597303017555,289.4782490748554,-23.02150889075873,23.02150889075873,23.598990377878824,5.188687237436261,-10.020837659740309,-39.493718857242136,29.472881197501827,302.44240425325125,S1,3,111090,111345
-77.04207234321878,134.13369703383574,201.04442147746397,185.69700723563216,65.81092299647602,-390.8211642133083,456.63208720978434,724.4047956544595,-43.60137651162898,53.422501439208375,58.2799221816095,38.67129808767257,26.37969483676126,-81.44334612293835,107.82304095969961,348.46465747468415,S1,2,111607,111862
24.48149864647564,28.76950827338088,41.41038334139976,33.398743576731896,122.39432821418099,-21.282385074110184,143.67671328829118,476.4936030945127,101.42652597649058,140.54546101186472,263.8705818657943,243.59873522359086,810.2167740502925,-64.53032327302948,874.747097323322,1854.2122127543817,S1,3,111871,112126
-8.777966532212234,13.054973774518416,15.087366278530652,12.270938219301154,25.91939029835613,-32.35544266242947,58.2748329607856,304.46959020030715,-24.791461693472936,27.65321431909898,29.33985153763336,15.691090317483694,37.73104974960538,-41.7334030340602,79.46445278366559,325.2876154143125,S1,3,111999,112254
-24.222527564734392,24.222527564734392,25.70249759884984,8.595786246444487,-5.235374392036714,-40.55367228588568,35.318297893848964,228.10960412403495,-33.09336707663214,33.09336707663214,33.43986020888436,4.801385875037283,-19.56391846162819,-45.75805734513034,26.19413888350215,309.8816529480923,S1,3,112127,112382
220.00039534983847,228.52115275067032,241.39784153169026,99.3616824639851,271.04775562978483,-43.12519250776355,314.17294813754836,506.3630377020485,-23.13955011793264,23.13955011793264,24.458629284585506,7.923747018959347,-8.309331110953535,-41.779622200547905,33.47029108959437,338.1510887824004,S1,1,112402,112657
7.826454722548277,18.877395387581572,23.224787470387543,21.86635222254896,61.69780211538294,-31.544253065754564,93.2420551811375,365.9440440615199,92.20970309487942,143.3569527449949,261.68199124841175,244.89760145597185,807.1085686121519,-64.76255420003561,871.8711228121875,1864.443718515698,S1,3,112909,113164
15.5265018790242,15.639150491607067,17.821816985158886,8.748994230947673,32.56071954232856,-3.8912798169108846,36.45199935923945,254.38178831654153,-26.994557322595973,32.2063493680331,33.56326304800066,19.944585766226542,74.96454210593957,-44.302591515541515,119.2671336214811,364.71063410248973,S1,3,113037,113292
29.68801145284093,29.68801145284093,32.1718613426973,12.395589466811442,53.555933143786234,3.3160926108651907,50.23984053292104,192.15219475232362,-32.32081890492567,32.32081890492567,32.53051234730953,3.6876684901787065,-22.435149104020148,-40.777379782495316,18.34223067847517,302.78274825011124,S1,3,113165,113420
-228.9647183256889,239.5349654701205,252.59770691487358,106.6806416398511,47.62894059104542,-289.8421683449182,337.4711089359636,506.6181767414529,30.545003146237754,38.58730346480328,39.699420841291094,25.358367414529344,51.93081109926097,-36.99391529188169,88.92472639114266,336.61120144464564,S1,1,113439,113694
-22.0319797285486,91.37779685598197,128.42323209348973,126.51924126621671,60.667298442480096,-277.53000789110473,338.19730633358483,487.4897966773651,-43.22889574421271,61.43217945514197,62.6694594232827,45.373160757682136,53.39910533599187,-84.75192929542534,138.15103463141722,304.33972529382345,S1,2,113703,113958
73.670514106696,73.670514106696,75.35098451760794,15.824860790158558,126.34221182466723,54.64251459826813,71.69969722639911,336.1541234529364,76.34033003106599,129.55332886066958,237.82371227246276,225.238256363796,760.861744845715,-77.71893356869354,838.5806784144085,1778.0683745770887,S1,3,113967,114222
72.1244373336436,72.1244373336436,72.40880577596884,6.410982234205494,86.49218586550752,57.89377074563622,28.598415119871305,254.75821170723262,-30.457873300342577,30.457873300342577,31.1569845174229,6.563203351962287,-5.265154557523016,-42.29471715912896,37.02956260160594,318.18235653363604,S1,3,114095,114350
-27.744158134118834,55.62448073712464,57.61370771696142,50.49357391118663,80.2829596470259,-79.88161451892816,160.16457416595406,371.4633900155631,-57.653998292938155,57.653998292938155,59.471642600745376,14.590844885361372,-27.946248949071478,-87.11822312285474,59.17197417378327,299.10948927277946,S1,1,114477,114732
9.114196224609515,26.696290530522116,34.99648122956335,33.78883137414631,60.51691552568287,-86.10275113833409,146.61966666401696,535.9594866833766,-37.025390023592294,37.025390023592294,38.05282008148421,8.782801930743979,-13.098305340534498,-60.552792126547736,47.454486786013234,260.97391288463837,S1,2,114741,114996
-2.013602457103108,26.23403018413299,33.9846183002568,33.92491247090989,96.92347967994024,-48.53920703812347,145.4626867180637,365.65225892181377,137.78345505401398,146.1333021864347,284.7610203982789,249.2078615366047,850.0333089039934,-27.451791937834486,877.485100841828,1839.6964499505152,S1,3,115005,115260
-34.28663684329698,34.28663684329698,36.19543714204645,11.598974259808744,-5.690119578728991,-52.41133317043016,46.72121359170117,217.79458191706414,1.284195036552185,6.961452129068263,10.503429887296804,10.424628650722024,39.90569526615004,-11.149241911983456,51.0549371781335,307.7421285615484,S1,3,115133,115388
17.666029329233954,33.34374108396134,34.183391581494,29.264580430144576,50.094757267254025,-39.7296369358258,89.82439420307983,234.91079930368917,-85.70742258739415,92.314718007908,103.30849657906977,57.67913989349625,19.113052861768193,-129.30199312477583,148.41504598654402,427.051088925542,S1,1,115514,115769
21.520641052620867,22.035142466333674,27.80826717029672,17.611409134389323,52.12773132740646,-8.751369526568256,60.87910085397471,242.22594765804274,-44.3580017910832,44.3580017910832,63.66734883761541,45.671643118163225,-0.22711979569496565,-127.37435615881772,127.14723636312276,396.0446421276266,S1,2,115778,116033
46.4584589428553,46.4584589428553,48.41968265535231,13.641013932257888,83.25386608316886,15.725613493980642,67.52825258918821,277.92699040359776,83.57540472840743,106.02784063802589,220.19761798966059,203.72074683940122,777.398742239534,-42.432788383961494,819.8315306234955,1755.8714345411825,S1,3,116042,116297
56.63383359293922,56.63383359293922,57.24865492371838,8.36763904230178,73.17303812853855,39.86430462793843,33.30873350060012,218.97200189076636,-12.141031754654975,19.82517424732746,22.927635859684017,19.449211656175887,87.43677333719896,-28.667803517726654,116.10457685492561,351.0986012234643,S1,3,116170,116425
-177.15973439785137,205.1776397624439,215.5854211617556,122.84747586163213,86.96330968322545,-253.94758413960474,340.9108938228302,493.4784678292578,22.786445275993962,27.559810072479294,28.80721243720469,17.624795036719526,39.82262733140064,-19.432965917804495,59.255593249205134,332.25212144656683,S1,1,116552,116807
-25.67625082374679,116.23208509491522,141.26578101677424,138.91274610313934,81.4790497749828,-247.9959247181276,329.4749744931104,493.61302208768814,-42.98484140916073,61.516793311288694,65.44357432014165,49.34738928074317,42.4790563577802,-98.6093139199288,141.088370277709,370.0763279999302,S1,2,116816,117071
45.491912587216476,45.491912587216476,51.708351480750764,24.581283571325454,116.33490521230661,4.858783955041845,111.47612125726477,309.00959870223585,74.12115355837516,125.9381692640104,232.4418212493997,220.3071829535153,768.7705868983415,-72.11124516651452,840.8818320648561,1811.9298469463538,S1,3,117080,117335
12.307971619321945,15.850078111561936,21.193912952566944,17.253862780807967,47.22833971717198,-10.176408393421676,57.40474811059365,213.14173717510891,-26.44922444150623,28.08344238384405,29.03295696577428,11.972932665781201,38.287110168107844,-39.913861640147665,78.2009718082555,309.5500996247986,S1,3,117208,117463
-7.51662670226419,8.836393390495461,11.18871769739849,8.28780590571999,9.361450749778468,-25.620117670736388,34.981568420514854,203.515357885899,-25.739598160212214,25.739598160212214,26.73907442730451,7.242319226582733,-8.143815177047415,-36.07146459951856,27.92764942247115,298.64332545841194,S1,3,117336,117591
-5.490092066562726,54.49897031049714,62.20106972741824,61.95830827528954,123.83329217150488,-48.81050526886796,172.64379744037285,373.1999048455134,-35.42490391206543,36.10964734151552,40.37616740085693,19.3729470345364,7.326156693030544,-56.28434864668727,63.61050533971782,348.3508842898914,S1,2,117854,118109
-36.677409138343926,38.46946006672867,40.17763665306027,16.401528767888006,22.6878841503006,-57.208762443716424,79.89664659401703,260.8836298433171,32.75356259755446,110.7787129262462,194.23968424769433,191.4582436820417,727.6859470173979,-71.49255383222444,799.1785008496223,1770.1243864524656,S1,3,118118,118373
-36.75734196918559,36.75734196918559,37.45200880898089,7.179886850663496,-18.124159454458415,-46.019725377555325,27.89556592309691,191.9373661134619,-57.50916325149707,57.50916325149707,57.96105426837622,7.223569340313168,-34.64685434300438,-71.49255383222444,36.84569948922007,360.9394344937999,S1,3,118246,118501
-19.935611843460403,21.320558272760408,25.190642308723213,15.399345452093653,10.17741507985509,-44.81783796794906,54.99525304780415,211.05526046170507,-61.12834705547272,61.12834705547272,61.36091823020362,5.337365672259526,-47.14329112195187,-71.6539200857265,24.51062896377463,316.3943528846524,S1,3,118374,118629
6.968030125857402,7.941649059102577,10.222517114309055,7.479733438932514,22.08075206593508,-7.174429686570969,29.255181752506047,191.36705901537192,84.75018024696864,103.98445371686742,106.30104194261499,64.16633436773458,144.38014739674986,-68.29085905105913,212.671006447809,539.1865269957507,S1,1,118648,118903
72.7726659437315,72.7726659437315,75.28368315925478,19.28139106665088,128.5157978191518,31.761060076081943,96.75473774306985,289.8302319886931,34.09193108273823,144.27438670468024,231.42454985770186,228.8996778326474,764.7139889949297,-93.88992087135419,858.6039098662839,1833.7393869379378,S1,3,119156,119411
64.66268696811832,64.66268696811832,64.87448064527582,5.237857678231422,75.4675753079087,50.69350541622405,24.774069891684654,212.56899302077088,-81.62853466193454,81.62853466193454,81.9335122994418,7.062773298650701,-56.09274355039832,-96.27433448336974,40.181590932971424,287.2976234987798,S1,3,119284,119539
65.28787741057477,65.28787741057477,65.54119942906826,5.7568989762420415,77.07093823957241,50.69350541622405,26.377432823348364,284.2060152306471,-80.82391195042274,80.82391195042274,81.0618815373487,6.206762070956509,-67.63081849391955,-96.27433448336974,28.643515989450194,328.2440326452895,S1,3,119412,119667
-253.80725892319714,270.91153360217606,285.31322799246465,130.32848263282,72.08596354374075,-321.98447850045005,394.0704420441908,573.1848169760814,134.8978455415008,152.61449407352168,158.09185597503117,82.43546684462575,187.10208688848965,-75.39014834835223,262.4922352368419,517.3619000404435,S1,1,119686,119941
-13.862058395995774,62.4681652870561,109.59264601061776,108.71242521733464,42.301731875617016,-316.80177851060034,359.10351038621735,523.6173716390254,-65.14767584101531,104.66957803005661,108.44638195435112,86.6971631110442,179.2822576812024,-130.34229639619306,309.6245540773955,614.6043530135773,S1,2,119950,120205
14.965504589555247,17.4355838764677,27.57790537215574,23.164078593710077,84.68489961566468,-9.332009391239955,94.01690900690463,290.086851308011,44.06571029358098,122.46518174527787,216.76813712616075,212.24193376773644,768.12781644518,-66.02266128937809,834.1504777345581,1806.2935061720343,S1,3,120214,120469
-4.258444101449811,5.4047237789849785,6.274698078161255,4.608415107920275,6.578393417985736,-13.172483566686845,19.75087698467258,203.79100371429956,-56.96776578310181,56.96776578310181,57.08334644408857,3.630716587327381,-45.72850664228319,-66.02266128937809,20.2941546470949,297.25404120050626,S1,3,120342,120597
211.57862564333806,219.62324055760652,244.50543915749296,122.54548114261377,296.4404823372951,-33.36101068566984,329.80149302296496,505.5671213302984,11.589376798271672,35.52463235031346,37.9395513759114,36.1261111113984,48.531335727664974,-59.84401230657433,108.3753480342393,433.07863689877547,S1,1,120723,120978
12.06403735269475,65.88938765148077,105.95617380239862,105.26713527781065,281.51118042507835,-42.483841037168624,323.995021462247,505.9824202668082,-57.17454922961612,67.81223319564677,70.35533082300563,40.99931091621868,46.504975629564974,-97.44850325125736,143.95347888082233,350.8372169970223,S1,2,120987,121242
5.082187449673347,14.67044395360122,18.84353584821467,18.145253208190127,55.47232705285268,-37.8543324050508,93.32665945790347,301.66030798325596,56.59055707825163,111.78604534492152,208.31503335038767,200.48107633726,724.701429831195,-76.6326458248896,801.3340756560846,1752.512101592771,S1,3,121251,121506
16.947929635045455,16.947929635045455,18.716018133665717,7.94084478284597,30.610129112180744,0.047234179744696056,30.56289493243605,176.93976913018918,-37.29919312813227,37.29919312813227,38.03034670115571,7.421419150027544,-12.431025941392448,-52.896242288009965,40.46521634661752,331.11291749940443,S1,3,121379,121634
-282.77075091937326,304.0964245392654,324.198525682823,158.57296894303846,88.91037765633945,-390.0481193422451,478.95849699858456,844.49053523557,58.4012385970663,66.22157676371882,69.88530386264911,38.38295228748476,96.27474744982806,-29.081558755943483,125.35630620577155,418.0318863420724,S1,1,121761,122016
-9.263687301761351,131.54885360170772,170.18549204886034,169.93318040185056,94.60417877384192,-361.55358317207276,456.1577619459147,651.2198022204141,-35.7777388885568,67.17830730767761,68.20517014221528,58.068051750948094,87.24325387914065,-81.27768415155415,168.52093803069482,452.7421575230638,S1,2,122025,122280
118.43752943079457,118.43752943079457,119.66787618014772,17.11584680338183,152.0488971924466,83.73365538709301,68.31524180535358,491.3468806658648,61.56574140243684,117.13175825351051,218.8539356434885,210.0159628033367,761.9265386714685,-63.52596625605013,825.4525049275186,1825.673600362003,S1,3,122289,122544
109.41634371910257,109.41634371910257,110.38716362839038,14.607861618465348,144.65376299310543,86.4230405673052,58.23072242580024,435.82527888661076,-37.02160578062563,37.02160578062563,37.54437124037369,6.243437935860865,-12.161808927654917,-48.0263557648439,35.86454683718898,349.06731736370523,S1,3,122417,122672
-94.91495698970647,126.77462196970926,129.61207343605204,88.2634721730044,95.64387690035194,-155.00412133921728,250.64799823956923,428.98346974699905,-54.0995557845309,54.0995557845309,58.957724658572076,23.43611232334466,-2.3374921823450565,-85.05575378415887,82.71826160181381,384.2113061488774,S1,1,122799,123054
25.54570365868642,83.28172057434097,89.10057942651501,85.36000397565176,84.2461406012519,-150.98108544697274,235.22722604822462,447.8516435937935,-29.866851199032055,29.866851199032055,34.204535302520924,16.670975817758176,-11.174888233962976,-67.2670151597151,56.092126925752126,304.49266193370113,S1,2,123063,123318
83.24774432893369,83.24774432893369,85.42902642235745,19.181543723494567,141.87914370374926,59.35353871473439,82.52560498901488,296.5795209154356,118.13448361113481,131.90050891945106,267.25105253748995,239.72352588831734,819.9935384576218,-35.0159932069553,855.009531664577,1829.9976628402703,S1,3,123327,123582
70.53292025496606,70.53292025496606,71.25988367081167,10.152742540033781,86.54475805246663,41.02304742724368,45.52171062522295,227.6508351488011,3.8539256132468043,7.252120963649228,11.230009131539974,10.54800277123738,54.01090846372928,-12.424045704124797,66.43495416785407,308.0656538590391,S1,3,123455,123710
-187.98342870318805,203.67298536383382,220.97767056160035,116.16092897280299,47.14988475899863,-261.1235896926263,308.2734744516249,436.5754944744523,-111.64688492486724,120.01590723162687,130.94327466958524,68.41866900026554,28.26967995833744,-163.29803610375666,191.5677160620941,440.7061923519869,S1,1,123837,124092
-33.56444863177411,92.30428208697222,128.55109889402826,124.09195306266732,49.77176935708929,-257.1874340751745,306.9592034322638,475.01503762460743,-12.82026714325568,57.77969396950543,75.39589263609585,74.29792309862538,57.88805898515699,-148.09122873906895,205.97928772422594,532.2338194259065,S1,2,124102,124357
40.21985239205491,40.21985239205491,43.29937077199914,16.037424444478873,88.41067631980025,11.558938621739504,76.85173769806075,323.34904657035577,101.6562952372249,101.6562952372249,209.9725169226892,183.7238566476634,779.705568654684,5.057481973602348,774.6480866810817,1688.5344491002734,S1,3,124366,124621
23.965719370536323,23.965719370536323,26.504507586941635,11.319594404348004,53.34264531273105,1.4545416210023245,51.88810369172872,282.9594428374843,22.50890816806097,22.50890816806097,23.484946543100214,6.700131880349298,37.6040521664023,5.057481973602348,32.54657019279995,289.70494195040374,S1,3,124494,124749
15.928911448139004,15.928911448139004,16.92013232528637,5.706194702474398,35.09715159431292,1.4545416210023245,33.64260997331059,216.23343364891753,37.089731325201626,37.089731325201626,38.962289503606335,11.933642930270285,58.99195757676651,14.430156302621677,44.561801274144834,355.60446599612305,S1,3,124622,124877
45.21679694483696,45.21679694483696,46.04093669036779,8.67231949226035,69.82162045287063,32.927510304442606,36.89411014842803,217.66161588712262,-2.8896071594479196,61.65606201758886,81.11334126510735,81.06185478789537,57.03791103674869,-180.38701531679533,237.424926353544,513.6214892410915,S1,2,125140,125395
53.62949914663273,53.62949914663273,55.12182670275009,12.739411302306422,100.83373977141348,29.794023566785153,71.03971620462832,305.7171145636702,68.82460609691661,78.78078309507326,173.91339393084246,159.71550389410748,629.8622406478685,-21.74386165572537,651.6061023035938,1532.3052578887746,S1,3,125405,125660
55.5448265952806,55.5448265952806,55.74045203002959,4.665858014582004,66.32733969094393,45.95264964302742,20.37469004791651,224.77871032138415,-10.224302830115615,10.691534077903967,11.86928029524135,6.028552592877865,12.378047906059141,-21.74386165572537,34.12190956178451,384.75197588132664,S1,3,125533,125788
61.36446171774112,61.36446171774112,61.64331812127271,5.856748850028686,76.28083587323466,46.340712120097095,29.94012375313757,204.64112411603372,-14.593642492157802,14.593642492157802,15.32450025784543,4.676099545966797,-2.2123689971294196,-26.938635342822725,24.726266345693304,290.9383794592004,S1,3,125661,125916
-289.6762282268692,307.2144680506743,322.6244381880782,142.03594938052794,77.10385140762787,-363.00946545337064,440.1133168609985,585.3256076012592,3.2989491827272577,11.386099240763889,13.972258961307304,13.577221909198338,20.861851722553855,-35.67928018220063,56.54113190475448,316.62239940392516,S1,1,125935,126190
87.27833544082787,87.27833544082787,88.55193521497375,14.964537847699818,133.17293593733885,69.29916967233056,63.873766265008285,260.7512256638296,51.82327897465185,120.63458752674025,209.4996699737498,202.9888161338587,708.168163276714,-80.9021348136629,789.0702980903769,1739.6489208735159,S1,3,126442,126697
74.88231517694807,74.88231517694807,75.18928756041446,6.787329193645301,93.73134147940937,55.09041275168347,38.64092872772589,213.77861419680332,-37.22804819073439,38.23996273829569,39.32427789697832,12.667725132285405,27.139574101704554,-50.63563772970829,77.77521183141285,320.3290482614801,S1,3,126570,126825
63.860326065486504,63.860326065486504,64.5117643540682,9.144752314008828,80.91620725413277,45.15513538466648,35.76107186946629,242.90207029813487,-42.91218736943361,42.91218736943361,43.17561141567125,4.762099987155184,-31.752284657074032,-53.68912105969659,21.936836402622557,274.6197934965587,S1,3,126698,126953
-37.98776539664529,58.44128777803603,59.87799530638172,46.28502999977974,63.65208138498911,-84.21615074672202,147.86823213171112,498.79931749831303,59.72563910041556,74.14808018567965,76.66652492728969,48.06874325872938,103.8008666592908,-47.06301079420918,150.86387745349998,444.93869462998043,S1,1,126972,127227
11.373664098248515,31.551457791056386,35.98751301012269,34.142947406953056,37.84203886907072,-83.14348050698258,120.9855193760533,436.74670611180966,-45.038258043401,65.79715729991054,67.84627792986608,50.7412331477336,85.41966194573922,-93.35679968481723,178.77646163055647,482.692069599369,S1,2,127236,127491
65.35317322236803,65.35317322236803,67.68292424044503,17.60514082604798,91.15535579575766,25.055128463285687,66.10022733247197,303.27928496801417,70.07418344274706,121.20184325672165,228.03714166451817,217.00356401072256,767.641875103669,-53.135856153229085,820.777731256898,1816.6892804787167,S1,3,127500,127755
82.26952972891586,82.26952972891586,83.05820725857936,11.41885594935654,103.33501794523701,59.72792550816077,43.60709243707624,228.94487007965466,-28.22827410609005,28.291580575403433,30.402327922011295,11.290087868079414,3.2313380313456945,-46.221034881230466,49.45237291257616,445.78066090112463,S1,3,127628,127883
-248.56525013793475,282.91484704047616,297.4065209630169,163.29713755969914,109.67682962124438,-342.39496469396016,452.07179431520456,593.5305766645367,-75.81744422581349,80.3107854578001,86.4790932580053,41.59746052095532,18.72167735326965,-110.55080210878606,129.2724794620557,315.1915794343278,S1,1,128010,128265
1.2422399123003203,185.9340023548033,203.99895369334197,203.995171383978,156.80855116714233,-330.15048853243223,486.95903969957453,678.9311254165593,-48.58891815891683,48.58891815891683,55.55019201645605,26.924725907819735,-12.313629564271265,-93.26230937458635,80.94867981031508,395.5833297640539,S1,2,128274,128529
164.52834060576234,164.52834060576234,165.58833844302956,18.706227995979255,225.84043371443258,143.50660585142305,82.33382786300953,277.26454794639164,106.95639746711255,113.98250193547997,257.2366379309338,233.94661129169486,872.6515611745496,-21.471730813339587,894.1232919878892,1936.3050095386484,S1,3,128538,128793
149.90589131491964,149.90589131491964,150.18058402082065,9.079183108313059,165.65540480752924,132.11637333661878,33.53903147091046,225.114778718215,6.610037554867794,7.551945186552532,9.333320511806617,6.58925453290033,21.502897333860005,-7.267424051211136,28.770321385071142,281.02405949945353,S1,3,128666,128921
-224.27456956966762,278.21656547494865,289.984492862375,183.82579673427,152.09637809817846,-360.83053471278924,512.9269128109677,646.5033042077807,-48.518487236968085,59.642874739524096,62.13962332676691,38.82382237014587,35.61135084287816,-83.17704264393109,118.78839348680924,387.44085988499626,S1,1,129048,129303
-64.86524528630673,109.66504409469891,178.0569400180162,165.8215120016902,50.59777956554477,-371.735675900971,422.3334554665158,603.7554291278426,-24.402629556248993,24.40389765194393,33.669148836542796,23.197483788500726,0.16231624895169294,-73.50847002546803,73.67078627441973,445.96159768213397,S1,2,129312,129567
-7.549869017343001,22.52999249762229,25.795934049406217,24.66636761467483,68.94623742961357,-33.37112838825396,102.31736581786754,330.7500435856239,73.18605996868109,77.54784330281213,186.56684381274965,171.61290113657404,709.866435954008,-21.81521700938321,731.6816529633912,1639.7310602730158,S1,3,129576,129831
-33.62548484290575,33.62548484290575,35.3856502365819,11.02138883014408,-13.476346096142299,-60.208358348704024,46.732012252561724,226.1329062058843,4.358643895758005,4.956414211584594,6.4653805226759795,4.775287289050723,18.44053788545501,-5.367023770708407,23.80756165616342,312.68621952110186,S1,3,129704,129959
196.20339914416684,222.03642937911223,242.60958851815562,142.70122145666286,341.3709518997939,-63.114948695173986,404.4859005949679,811.5339306073747,-81.5851148913209,86.36696043004201,96.61444814237336,51.75152768784048,17.790940771489584,-131.0588578102864,148.84979858177599,385.24481421969233,S1,1,130086,130341
34.40790319114264,101.62181129596463,142.38189803055303,138.16186552291396,303.438892171457,-73.47747964195537,376.91637181341235,694.1941239026122,-25.0637395964922,27.008594141955786,47.96497010912561,40.89556595779721,13.644909252341721,-108.2846701787124,121.92957943105412,474.83393425377477,S1,2,130350,130605
-0.10019790770840245,13.172498010690475,16.667889950701696,16.667588781464264,41.18312563533446,-35.787230437415104,76.97035607274957,393.0593820498325,114.97542110750464,119.03001756796317,230.68130422296704,199.98629117807312,751.3091667012882,-20.817023126516663,772.1261898278049,1679.1225829152586,S1,3,130613,130868
7.232652547563204,11.08007166429651,12.594147562302487,10.310251691752105,27.79365514647137,-18.262640331342617,46.05629547781399,308.63223485357,20.680807813197703,20.680807813197703,23.39962154084936,10.94744154807699,69.6791539055922,2.5385038329883307,67.14065007260388,317.17221593293925,S1,3,130741,130996
21.229796666943187,21.229796666943187,22.90884621691151,8.608772762150748,35.152318827487356,0.09081941395324188,35.061499413534115,224.06584151214633,20.97999532609496,20.97999532609496,21.970035954194707,6.520910668429799,30.91325602908029,2.5385038329883307,28.37475219609196,260.3527262460053,S1,3,130869,131124
-48.25798360159583,110.15209732216167,129.36081856130434,120.02244955656758,76.33405225758528,-206.2572447378417,282.591296995427,499.751767485921,-57.836800450748115,57.88588701481255,72.05213977533455,42.96993553433249,2.806624314957005,-120.40917697254133,123.21580128749834,381.8198529990875,S1,2,131388,131643
52.151200033392044,52.151200033392044,56.13621401503447,20.773224569596366,114.71111857861597,21.823115498689848,92.88800307992612,336.70016665616265,70.2088483301909,132.45038327614137,235.19492889675095,224.47131708727508,759.2993335461382,-71.72136855335108,831.0207020994893,1774.2234257923756,S1,3,131652,131907
27.33873899432039,27.559045664602223,32.55519250973971,17.675800110508106,61.03514001852653,-3.2788249206351745,64.3139649391617,241.56502073192166,-37.70186034267046,60.96058345778423,68.01338801827917,56.60733765534971,240.71443489188277,-71.72136855335108,312.4358034452339,498.22375087449234,S1,3,131780,132035
6.6867742585484296,8.321751652986455,11.873476773084565,9.811549352482142,31.47640402615894,-9.14911029567499,40.62551432183393,197.06480804573275,-58.52784008461488,58.52784008461488,58.658615680798235,3.914732253594974,-48.54926288381205,-67.23698986984242,18.68772698603037,244.53210276084977,S1,3,131908,132163
90.95498927288445,91.25875669327618,99.31368383416275,39.87979091070455,128.03689384294827,-3.856154080788804,131.89304792373707,326.78984070656634,104.76658655895389,121.94231945974083,126.48685329280916,70.87232461759562,156.04967690721003,-60.3526917114874,216.40236861869744,483.02436861787544,S1,1,132182,132437
-86.04277381230627,86.04277381230627,88.67141038487858,21.430354507750362,-33.26809514477644,-119.29513011168801,86.02703496691157,264.91165522770046,67.59988328853211,135.28814403093102,239.5798894845742,229.845120080496,783.2022957410154,-82.35069681532075,865.5529925563361,1847.1434975903376,S1,3,132689,132944
-112.718482010499,112.718482010499,113.4685606031392,13.025285355687393,-79.26640020196363,-140.3296527638262,61.06325256186257,216.59849467437846,-34.92518953280329,34.92518953280329,36.10112185894007,9.13904456558823,-3.45862407870107,-49.40970984070182,45.95108576200075,273.2135304301438,S1,3,132817,133072
-128.41338036616312,128.41338036616312,128.67130544298783,8.143008494272054,-112.42754054096152,-146.00038474773405,33.57284420677253,186.16210416198078,-20.786530581610958,20.786530581610958,23.330598002427422,10.594194142577475,-4.139262105773451,-42.26295665703587,38.12369455126242,265.32905976056355,S1,3,132945,133200
244.046763126977,309.2802041611761,331.36037307094495,224.14476181468308,413.00572806534046,-134.49417970137696,547.4999077667175,691.5179431735394,-71.21012979322455,71.21012979322455,80.28297118071002,37.073884021435234,-4.891973408705908,-109.60409479981398,104.71212139110807,375.95598619140463,S1,1,133219,133474
-70.91921444011665,70.91921444011665,73.40365554808544,18.93572472916535,-25.68767499324516,-101.59810487745409,75.91042988420892,281.5208970925453,94.55719118992567,116.35521200739376,239.67410781655232,220.2330936801556,801.2369662382557,-34.11778115523756,835.3547473934933,1754.1948351125448,S1,3,133727,133982
-55.9167497294702,55.9167497294702,57.048156337832246,11.305274929763714,-31.209589210627083,-77.92612185140476,46.71653264077767,239.3636078660456,43.71038741976231,55.22826453003093,138.83804622371753,131.77786274952788,698.1001283248091,-18.49298142887415,716.5931097536833,911.587366224726,S1,3,133855,134110
-37.731912117751364,37.731912117751364,39.74161141985547,12.477919946252014,-17.63932764125827,-61.807427063722905,44.168099422464635,253.78687234356786,-12.812699165855355,12.812699165855355,13.505722147629234,4.270745931831148,-1.3911355791730702,-25.9242117446385,24.53307616546543,321.0881970325745,S1,3,133983,134238
-65.09272843580155,65.09272843580155,69.27137701344725,23.695155161385657,-15.937726084914448,-90.97682779279862,75.03910170788417,259.1827851136774,-0.4654283352515485,6.058962708045894,7.569869427735442,7.5555476054160815,14.276570239682338,-17.51120592608631,31.787776165768648,295.27404149698515,S1,1,134257,134512
-9.723572789289651,27.972856268565813,38.613642360578986,37.36931239081188,23.627932196838998,-78.45592609673284,102.08385829357184,270.081618296211,-20.234585338541816,24.282507026382287,26.636138079690042,17.32181884149533,18.231503394294872,-43.19769693209415,61.42920032638902,344.8563938527448,S1,2,134521,134776
-2.6596811545010666,13.249483270444852,17.4966660486362,17.29333452443139,61.25113208077517,-27.45052754762946,88.70165962840463,341.46517159637557,61.23196680826189,109.90312905904125,205.06008063885787,195.70458071390874,722.5041146078088,-55.58971471302606,778.0938293208349,1683.700795047376,S1,3,134785,135040
-15.004476747178005,15.004476747178005,16.929706200397494,7.840958460237615,-0.8328998525063755,-38.27962266109549,37.446722808589115,365.6090264359875,-36.65124876589709,36.65124876589709,37.51144221590088,7.987130962817473,-4.161475403199815,-50.19390682054995,46.03243141735013,288.6672180047924,S1,3,134913,135168
128.9864772752763,142.0672255910164,155.97830577492567,87.70245465510556,193.99335946527765,-36.419562830686765,230.41292229596442,438.5362034882527,34.392432520115925,58.07552805949321,58.88052711740265,47.79201877900181,90.6295415472273,-58.762859677556534,149.39240122478384,483.4206860260695,S1,1,135295,135550
-24.504810423187653,86.11090019498576,93.20321278023802,89.92415214324768,169.3805028588678,-82.18487757123734,251.56538043010514,389.69355397358527,-82.61200871524517,99.96466590950843,104.27162994780159,63.62254968172472,52.704070056575866,-136.9373482905229,189.64141834709875,457.87119159723545,S1,2,135559,135814
-73.96183009313118,73.96183009313118,75.38684916770013,14.588513176755356,-23.91028332151633,-93.98503036007948,70.07474703856315,330.53183553575786,37.31913031249983,135.09506618982414,218.79988534637826,215.59376693287524,735.682202578186,-110.36411982618309,846.0463224043691,1778.2011590468205,S1,3,135824,136079
-73.45808285027363,73.45808285027363,73.80171607015373,7.1136037886519565,-61.619682878578324,-93.98503036007948,32.36534748150115,244.47764733989902,-59.37586891419853,59.37586891419853,59.626043279479816,5.456301664159809,-44.214252458543605,-69.52763323541512,25.31338077687152,254.99360228368187,S1,3,135952,136207
163.98334807736578,190.7000187158232,206.34951362265787,125.25806690846287,257.08871809143886,-66.63865442053523,323.72737251197407,516.5253436071689,89.25978890367526,110.14232028400511,116.78544026019057,75.30955544708699,157.28647725188742,-52.58136437079673,209.86784162268415,499.6691422289934,S1,1,136333,136588
18.958275689430437,87.28372822971936,121.03433472808116,119.54034451160304,258.2651043549199,-70.44791361588136,328.7130179708013,617.0478430602595,-38.956824814504635,92.14441248187694,96.32685651286504,88.09783814613208,138.0493008411823,-118.8836112866347,256.93291212781696,561.0089441856976,S1,2,136597,136852
-25.872730778423943,29.931385263773848,33.05849642567288,20.578289238744333,31.439888361404478,-47.54888096151198,78.98876932291645,323.2334588010412,105.46053063974723,132.17941019190837,257.78376810722284,235.22446211383158,842.2571884427327,-56.03051175047801,898.2877001932108,1875.676946193843,S1,3,136861,137116
-36.09420106782711,36.09420106782711,37.158886228508045,8.831278221099877,-11.61131471435677,-51.50357518232348,39.89226046796671,205.13196908619938,3.3887811799426375,13.647577719573881,24.29029983845905,24.052750951953712,121.78762622361279,-22.929362231739695,144.7169884553525,347.94608746661066,S1,3,136989,137244
-76.87324519794772,76.87324519794772,83.4569167437824,32.48940019629226,-13.89765566023231,-123.50526962535679,109.60761396512447,348.1686146382619,-113.32389844272889,115.24291002914559,131.93509362939994,67.56154951405864,19.936623249398494,-169.25271394331884,189.18933719271735,437.2461131384616,S1,1,137371,137626
-39.36822136807353,39.36822136807353,53.666058531302866,36.47175598459147,-0.3642819716352791,-104.52450076463806,104.16021879300278,288.40994746250556,-69.99012226705318,69.99012226705318,85.85750200080166,49.72819557213601,-14.795961091298341,-157.4362534217665,142.64029233046816,453.65565016807284,S1,2,137635,137890
10.919827520066743,14.2349747170982,19.56219452381381,16.23073693704399,63.37223154505016,-15.327068723469788,78.69930026851995,282.1658795250385,83.70786984911709,119.02515476111215,233.3996499883879,217.87241482120967,801.0114202715357,-49.455448857819654,850.4668691293554,1819.8773984278184,S1,3,137899,138154
0.6027227776977839,7.396934572527584,9.417026395178025,9.397718413568471,23.892857518437335,-20.577615928405898,44.47047344684323,192.5778747451086,-26.74454589676214,27.27031681810365,28.601505931753934,10.137820591238478,15.59850891078989,-40.7693899811765,56.36789889196639,297.7587893410432,S1,3,138027,138282
-9.966727828158795,10.462703843431985,11.873991971046472,6.454147637595621,6.8853636862692715,-20.85850345381184,27.74386714008111,174.37323027381166,-19.824914168758333,20.183381618609396,24.545833396794126,14.473103169138914,6.633703211867085,-40.7693899811765,47.40309319304359,319.18108260544994,S1,3,138155,138410
52.61257231887423,52.61257231887423,83.41203641200177,64.72623156331859,180.3273802439385,6.5359460385609385,173.79143420537756,332.6074970085212,-43.75108924732258,87.05861675762701,87.90058292675204,76.23880028263578,106.14093856475262,-99.0299831997954,205.170921764548,512.320034854528,S1,2,138673,138928
48.278026818302685,48.278026818302685,51.336383580176395,17.454409346129466,103.26578105113059,22.396719757560163,80.86906129357043,280.5849575958111,13.886470529994767,138.78288905877645,212.1174344348232,211.66240083546037,731.6462539704295,-99.48792992111964,831.1341838915491,1776.8618805495014,S1,3,138936,139191
54.65108152469978,54.65108152469978,55.256928226755804,8.160110614290824,76.91774209310876,40.221395276108126,36.69634681700063,206.43395838450775,-84.51845534165359,84.51845534165359,85.1276422579117,10.165932473310137,-32.869002525308375,-99.48792992111964,66.61892739581127,279.3871688437549,S1,3,139064,139319
69.41967197436142,69.41967197436142,70.10533332673415,9.780945957552305,84.62385295138738,51.747325373341646,32.87652757804573,199.4616832438076,-83.97966024749488,83.97966024749488,84.12365985749081,4.920041924022811,-74.1851488482565,-93.21697711942508,19.03182827116858,272.6134119590306,S1,3,139192,139447
-289.3919802843414,307.08229108637516,322.2877898527029,141.8509824965881,79.44678819233812,-368.9523518907912,448.3991400831293,623.991655526391,64.6099025855342,84.8411635293286,85.7890037098127,56.43858295005322,102.2060029731043,-85.8315723516527,188.037575324757,482.2181170808335,S1,1,139467,139722
6.83828865972165,14.79324589215848,20.212990304111717,19.021114195557434,59.009497690131774,-21.122944353820316,80.1324420439521,260.00384010716994,58.33986382292969,112.77703193906355,207.7123027560954,199.35109983484378,723.07772613077,-79.36007098454532,802.4377971153153,1706.5371374722597,S1,3,139974,140229
-20.264965347984905,20.865889045676354,25.68376965496995,15.779328348650527,6.660533353890575,-52.460522732939225,59.121056086829796,223.99293499419608,-15.807734699346005,20.086688729319555,21.352639014076072,14.354466780084026,63.88507939921023,-32.17370907753988,96.05878847675011,335.033975345301,S1,3,140102,140357
-43.29388483206861,43.29388483206861,45.23447591354733,13.107148710565241,-16.085887177421483,-64.12092233541064,48.03503515798916,223.98207162532492,-15.52999510939706,15.52999510939706,16.27249919521937,4.859370531305315,-4.054552834060161,-27.647483482241753,23.592930648181593,307.8020129283974,S1,3,140230,140485
310.11595164811723,333.66561668071654,361.78594300588094,186.32542792125057,420.54037700760136,-75.74554373890876,496.2859207465101,679.7657127165587,-56.02894441609455,56.02894441609455,60.94897002980141,23.990296690783516,-3.4866583136516685,-81.80590163660628,78.3192433229546,378.9861345825433,S1,1,140504,140759
72.97885973700005,170.84307675339784,228.65438018372478,216.69543513579288,414.9460115163622,-81.37943325890832,496.3254447752705,691.6106517306341,-27.120236866340722,27.120236866340722,34.65057891837984,21.567460946816226,-1.3769185868558451,-67.63154431161398,66.25462572475813,371.7204404679044,S1,2,140768,141023
-45.21758746364728,45.26928944072574,48.46488815937696,17.441765055989194,2.4840858939244073,-78.33092221051241,80.81500810443681,245.29644943885543,110.33804908130392,116.1701674098697,245.92977677268536,219.78846654998668,849.6199723404324,-19.37165530754573,868.9916276479781,1847.9337278782755,S1,3,141032,141287
-28.845714610277366,28.845714610277366,32.73941049114937,15.48527519711588,-2.995008298402838,-52.935422747007856,49.94041444860502,185.09696161606033,20.254393672726437,20.254393672726437,22.228037258264457,9.15670122396773,70.62134384121977,7.065685019348826,63.55565882187094,273.77715667861713,S1,3,141160,141415
-245.72456494627045,254.8714838598238,279.53415824750516,133.2620869156241,30.496556553249498,-363.08469216254974,393.58124871579923,612.4415851828822,-107.82130148659188,115.25008666491337,124.66228739303871,62.571981299955944,31.09759878373617,-152.30338803760282,183.400986821339,361.03315466809835,S1,1,141542,141797
-2.297578861198744,155.4653031449366,173.87384479301394,173.8586639615112,131.30761356784026,-290.3742225554671,421.68183612330733,562.2743137082339,-39.97935908788743,40.97406578286029,69.41349873562145,56.744027471108105,17.08768700472814,-142.70462517899165,159.7923121837198,453.69836708795333,S1,2,141806,142061
135.21442616855276,135.21442616855276,136.75953853050768,20.49952035991125,191.14481230916624,108.7644297341829,82.38038257498334,302.1971361821769,130.15407817930873,135.00291050727697,272.6858234588913,239.61943629169158,854.9876781750493,-15.27296611394277,870.260644288992,1852.6186566369092,S1,3,142070,142325
123.65100443781952,123.65100443781952,124.14127855368612,11.022075233921706,152.40689210257645,106.44611948780924,45.96077261476721,244.72674146375184,8.593824097775734,19.216728970403704,34.821102478906205,33.743967834606785,174.3772409793308,-16.48638799713556,190.86362897646634,387.42845894941524,S1,3,142198,142453
-132.7449066827669,165.91313162546345,171.41019637639008,108.4446640991438,94.7267531612709,-210.38681904105735,305.11357220232827,436.3706596419695,-29.82646307549245,29.82646307549245,31.457875683583545,9.999002096713589,-6.233125426454976,-50.42324520743625,44.19011978098128,300.7336215471287,S1,1,142580,142835
-51.90659935832408,90.87951752438093,124.01109640663493,112.62529456134679,47.06807986732819,-221.1455377231687,268.2136175904969,458.76110231195184,-62.304388398299025,62.304388398299025,64.1454518230953,15.257856202722,-34.04777715486949,-86.9096858373245,52.86190868245501,331.7776397347495,S1,2,142843,143098
-0.47886117628594427,12.905240465846699,17.22275377005117,17.216095358636284,57.53000665523706,-23.880840347634894,81.41084700287195,308.5058550577505,89.84555681128397,120.88799300101194,194.1905430599979,172.15615857472903,703.2372213592382,-84.77567658746216,788.0128979467004,1617.3310140892045,S1,3,143107,143362
-20.064486670138074,20.064486670138074,21.755851689442256,8.410318507456125,-3.4841640855007077,-36.348422168371584,32.864258082870876,251.14877030003638,48.021182153324816,48.021182153324816,48.19968666712776,4.144376841756904,58.889923042802565,39.12716544216526,19.762757600637308,215.24544839336176,S1,3,143235,143490
174.71861125211728,199.97763419611664,215.68794175905026,126.47013521929586,259.19279778230674,-72.5213953568044,331.71419313911116,521.3002087991605,-69.22812710608969,81.61228226796837,87.28073640132511,53.15442939342581,36.93022575751536,-113.66111371478439,150.59133947229975,360.37914299458987,S1,1,143617,143872
45.7940438023136,144.41382051257972,163.8642321191918,157.33528568075297,251.7973304486551,-92.32780461729911,344.12513506595417,492.1195333898129,-82.35380233424546,82.35380233424546,86.60237046914798,26.792196848477722,-48.501533307855354,-130.23902757279106,81.7374942649357,358.74668877363035,S1,2,143881,144136
-63.421008849630226,63.42450050068608,66.17588281859406,18.895054996358596,0.44693133514924055,-82.78535032179401,83.23228165694326,296.59018789465233,71.91004320238106,136.38313860915432,251.06592879085483,240.54738885767657,825.9186000154316,-66.66440035202909,892.5830003674607,1888.1107982765539,S1,3,144145,144400
-59.461883679414015,59.461883679414015,60.332888279393195,10.214783278639707,-41.80286959846481,-77.60806434684085,35.80519474837604,200.20025209632752,-39.00212289475247,40.30523401359194,42.16933491404841,16.03393952825717,32.86429606645328,-56.83812637842262,89.7024224448759,380.73131239777,S1,3,144273,144528
-44.316672754276745,44.316672754276745,45.14456282602468,8.606048381413776,-26.07354654133135,-62.70874684513525,36.6352003038039,239.44101078134466,-40.35938194964731,40.35938194964731,40.75125070673545,5.637794143607001,-30.81959598350934,-55.51601737243636,24.696421388927018,336.2271718192308,S1,3,144401,144656
-22.763077105237997,22.763077105237997,23.45188900390634,5.642111178675309,-10.987006899475059,-38.432594070484676,27.445587171009617,190.63268207609366,-24.821645512080167,69.0478415765757,74.04755322590032,69.7633575225216,132.1860484615948,-73.8935257172425,206.07957417883728,419.24973850522497,S1,2,144919,145174
-25.413635314147015,27.30384793225505,28.615876389984006,13.153536470713252,19.694063626411264,-47.17241529345444,66.8664789198657,304.7130516450622,73.18846142680168,108.1485704280618,217.37171337501871,204.68002073863693,758.0653781329845,-58.59377702525081,816.6591551582353,1761.3772442928293,S1,3,145183,145438
-31.647092475843248,31.647092475843248,32.141779426597786,5.617430242868219,-19.131949497888517,-45.65298155127235,26.52103205338383,215.62505650519375,-11.812454408454084,13.41336648108701,15.647065021261872,10.261411434485531,23.13316876019099,-27.738760736305103,50.871929496496094,303.4070583348477,S1,3,145311,145566
-35.65174105465813,35.65174105465813,36.469201860320965,7.678283929397401,-18.86455225643523,-52.84706944412411,33.982517187688885,214.3303984893249,-3.592834591329316,9.656661068108356,12.207902433609028,11.667237094868035,17.30499090405893,-26.68274619133885,43.987737095397776,306.5747339574198,S1,3,145439,145694
40.12588650419691,104.56971233593896,135.18311625823037,129.09061992855462,242.9649547604843,-64.0861566341746,307.0511113946589,444.9833168829823,-53.2950920723353,60.327046242720186,98.23218744939436,82.51785147526718,31.008273801461065,-184.6460542121007,215.65432801356175,489.9092923044062,S1,2,145959,146214
-45.431872247055324,46.46168122130026,48.49400846923484,16.959181629473303,13.909297585198205,-60.31314634317149,74.2224439283697,283.2955034580844,112.55485615100703,125.54397895306388,261.3980890415663,235.92449069863167,832.9595450065676,-24.42128460251155,857.3808296090792,1802.5077713438436,S1,3,146223,146478
-42.89913535719548,42.89913535719548,43.7204783561826,8.434714772797713,-27.83647660117283,-58.619554503825555,30.783077902652725,234.56304835323857,15.393438132694488,31.008583503307346,70.70749246109011,69.0115320261043,374.2730918523309,-24.42128460251155,398.6943764548424,599.3626572425524,S1,3,146351,146606
-31.248837186425444,31.248837186425444,32.09173976175055,7.306841686542544,-14.382641656517247,-44.57371342080348,30.19107176428623,224.54663235951466,-1.0307036701853,6.23371372790118,8.048161826447238,7.98188942099232,12.838574427060163,-22.042650224816406,34.881224651876565,351.7289609893924,S1,3,146479,146734
-87.18208821066082,87.18208821066082,96.09550635094806,40.41818694688878,-4.286514568350403,-121.28609434068595,116.99957977233555,300.5308778282301,-13.614635834432448,16.317784436144855,17.913790942616878,11.642405122291976,10.05838956830503,-28.039250433882764,38.097640002187795,283.0700785208355,S1,1,146753,147008
54.871699539401234,54.871699539401234,59.37249491881669,22.675752303784524,121.71810877653664,24.861498773224735,96.8566100033119,393.21999826537206,117.89765306785195,125.74192971939648,259.7092953137592,231.40670144458176,849.5030842500719,-27.616251665746336,877.1193359158182,1949.2187851576275,S1,3,147260,147515
62.616514200675056,62.616514200675056,63.61822442379721,11.245026820478802,101.44286883603371,39.85195943064192,61.59090940539179,393.9763055573071,19.196681963808565,19.270107077117597,30.795265025748606,24.079778852524417,151.462213971264,-3.3491239738687124,154.8113379451327,470.45688961700347,S1,3,147388,147643
79.48329171402443,79.48329171402443,80.54882721190685,13.058326980012406,103.2510826693231,55.52994416935826,47.72113849996484,304.9219827598931,9.903685945104076,10.000794276173988,10.842164920614177,4.412430720877623,20.873157116632648,-3.3491239738687124,24.22228109050136,270.348424675058,S1,3,147516,147771
-112.55849862028607,143.1761681755321,145.99797449349322,92.98383162975033,99.53073214395953,-167.57258657072774,267.10331871468725,482.6085988958878,-93.57416028179124,94.93844703250373,103.9098553281776,45.17891722784467,9.778259373398798,-131.5856642612515,141.36392363465032,364.2715078920694,S1,1,147790,148045
24.2745188644612,117.09157138951419,120.4353938701801,117.96368861036997,114.37122936605111,-169.4316791929278,283.8029085589789,460.7225577568982,-96.23301821543035,96.23301821543035,98.5838277328108,21.400404099015688,-72.74547155482608,-134.47512251928853,61.72965096446245,275.676351484968,S1,2,148054,148309
118.66521601502535,118.66521601502535,120.17192392054433,18.969918473005418,181.4518294779601,96.75212746104597,84.69970201691413,312.57531605461213,40.64604462450248,112.07569841815925,199.1258715661163,194.9333521574705,718.6640826763166,-82.37491855884592,801.0390012351626,1749.7271001072859,S1,3,148318,148573
117.08565773028485,117.08565773028485,117.21565091200316,5.518837974716602,129.71428039737935,102.2066939140039,27.507586483375448,211.81284828972946,-45.76666978171323,46.64490097095519,49.18271225146351,18.009750734029453,36.15050575565626,-71.7710266772304,107.92153243288666,353.8884355958209,S1,3,148446,148701
-276.02153284250676,319.1472098772364,335.36142098948466,190.47150993090628,130.87622125097957,-400.5422726546456,531.4184939056252,741.7487902492751,139.05167497801347,155.06996948661208,164.4891245613359,87.87094960658827,202.4184378284097,-58.04164761589914,260.46008544430885,520.6413530994654,S1,1,148828,149083
-73.7348486216647,189.71107652434551,241.24325845937085,229.6986762061005,115.49882426637923,-434.3977490160512,549.8965732824304,784.9652872768779,-1.0615681546494642,121.590877817473,130.91419118737437,130.90988704944118,200.08000989612975,-121.80341513112995,321.8834250272597,659.0974888705612,S1,2,149092,149347
59.67174548104215,59.67174548104215,67.11194458949976,30.71312256723192,162.25246511581022,24.795207306591973,137.45725780921825,390.0478750559895,50.478884133542024,119.33779811623552,211.33938920020384,205.2223664324814,725.4236783871856,-87.58141839179072,813.0050967789764,1751.2657683123364,S1,3,149356,149611
26.503585253946042,26.920485013973746,31.80290821448258,17.57796744750705,66.0503104423069,-5.333559160631545,71.38386960293843,234.6783200352834,-25.120297960622793,30.9538942963555,32.891348966338555,21.232321286072107,90.11745663518205,-44.71615044537332,134.83360708055537,327.18808161894395,S1,3,149484,149739
119.3904590128991,125.64596166064419,138.00966067704144,69.2284965666695,173.1886565826613,-23.813752339162203,197.0024089218235,352.3919751362043,-109.63126315543605,109.92098124607352,122.59135750387935,54.86006811504598,4.141956271927272,-154.829614218356,158.97157049028328,402.9548686871532,S1,1,149865,150120
43.440700744336596,88.69999757490233,104.65110549902086,95.20903003921524,162.6795590499775,-54.81864926806719,217.4982083180447,356.8953380174685,-55.57270643642136,57.91701531247639,83.04874288868437,61.71521688143155,10.60671320872866,-145.11778274529416,155.7244959540228,487.54589322215077,S1,2,150129,150384
-19.5020110924414,24.273632127109842,28.355799361131528,20.584531103696285,33.00484666587199,-57.70045723014823,90.70530389602021,333.0726026076287,140.58286658187518,140.63904584946977,275.60461230760296,237.05349596419543,881.9477506075169,-2.71784249400784,884.6655931015248,1894.9234718351263,S1,3,150393,150648
-19.567738961101952,19.567738961101952,20.575177099674896,6.359363539943213,-5.692694810755319,-31.36644877543019,25.67375396467487,237.06296295053187,28.209452120294955,28.209452120294955,32.109639260650425,15.338048915096397,100.71283588717476,14.789233715727713,85.92360217144704,309.26520285987397,S1,3,150521,150776
-85.29342834607584,85.29342834607584,94.6941084715669,41.13399154224773,-10.135172275790735,-141.81109090799933,131.6759186322086,323.04752816963753,-76.3666849004664,84.28573447668185,92.91542377938428,52.92830446382585,24.584852547677308,-117.3380565944692,141.9229091421465,370.81622265979234,S1,1,150903,151158
-9.484013620108946,28.935385804641513,41.96237474431366,40.87657495235873,42.34729461391663,-90.68420108335401,133.03149569727066,430.3079225290513,-47.10467192860726,47.10467192860726,57.14362577915182,32.350329978008325,-4.533957041973986,-120.89616735157716,116.36221030960317,356.051311036935,S1,2,151167,151422
40.5503406834114,40.680465293342195,47.93765173992713,25.567329246477993,110.69358867651611,-3.8835549196747428,114.57714359619085,335.0328870766018,65.73635523067738,115.11746809238517,219.28278819928275,209.1976883271842,759.7638958027891,-62.410668451182204,822.1745642539713,1774.6438400135437,S1,3,151431,151686
31.309162726285983,31.309162726285983,33.07150572637493,10.65179892734527,59.556979328946355,7.808294947445112,51.74868438150124,232.2637788106358,-24.99172293860535,38.429595260520884,43.647565855160835,35.7844070740398,170.8263409973763,-52.2212326569488,223.0475736543251,448.8797067014424,S1,3,151559,151814
28.22534340019122,28.22534340019122,29.10331835325375,7.094584491858438,42.54570020037512,7.808294947445112,34.73740525293001,224.98364459074952,-43.78994092015715,43.78994092015715,44.076607487100695,5.018804815998259,-28.12352365383619,-53.93333219354598,25.80980853970979,292.11068833465526,S1,3,151687,151942
-10.488845195701037,17.128052431314245,22.524821090933372,19.9336823401793,14.716749765604384,-42.820955865621734,57.53770563122612,268.8145293578207,-23.83683260675655,100.95255904334465,102.42395191178979,99.61160241912634,132.19698728651755,-109.37797486579025,241.57496215230782,614.6568115150051,S1,2,152205,152460
-19.491442086416956,25.15968747074163,26.278762154192577,17.625465263319377,41.76135675900083,-37.67834784595548,79.43970460495632,300.02760368735403,38.01488834513638,145.13825908230362,236.56353707559663,233.48913323284233,778.078026271702,-102.60188042330941,880.6799066950114,1934.5180138683083,S1,3,152469,152724
-28.064084354463432,28.064084354463432,28.58243339389107,5.418733067957882,-15.096446034058076,-40.743021304736,25.64657527067792,201.89558861712817,-40.550383441100415,60.97132104663207,68.40224160251556,55.08659600146518,274.30238694075217,-73.15896614734334,347.4613530880955,617.6649883541268,S1,3,152597,152852
-29.370268928129306,29.370268928129306,29.797609031091184,5.028400049631012,-19.600962263456132,-43.35486105705536,23.753898793599227,192.93727144841873,-46.84473367034133,46.84473367034133,47.94329005507086,10.204410255347748,-30.970101657087117,-66.48184776593924,35.51174610885212,269.799976551914,S1,3,152725,152980
65.1627586397939,76.17500912806108,79.01947427682437,44.697787433358165,96.87060486280171,-41.179324974415366,138.04992983721706,339.7125261519782,-54.03111358195576,54.03111358195576,55.08055648969583,10.700769519449006,-30.737540058934183,-73.5776902832346,42.840150224300416,302.1796944678143,S1,1,152999,153254
39.56361426932365,39.56361426932365,44.63248279385431,20.6586288579826,83.66683768899316,1.3329199153811473,82.333917773612,297.4138886282242,91.22605630198646,125.73438959003025,254.8782789053501,237.99315895491668,843.4490959934625,-47.91966076470711,891.3687567581696,1951.8478329218278,S1,3,153506,153761
48.08953331107635,48.08953331107635,48.68108567456825,7.566035182150043,65.82218558751443,36.05612423383438,29.766061353680044,226.6035975813441,-21.064124502473035,24.056415583658655,25.62042283619141,14.584537196961497,47.87597831558213,-40.38053665712984,88.25651497271197,420.69876048366643,S1,3,153634,153889
67.41674530327006,67.41674530327006,70.30630868397708,19.948922113254252,102.78378509743737,37.44979226289265,65.33399283454472,239.3135715379188,-29.016501794758728,29.016501794758728,29.431044040485478,4.92229386645692,-13.752882107851347,-40.38053665712984,26.62765454927849,320.96210569519735,S1,3,153762,154017
-278.978671187772,308.2995463139258,322.61719028653937,162.02701160820732,114.07255911999313,-372.9304543400627,487.0030134600558,746.2109777946478,40.513106587495464,48.34296779025009,49.88865822522303,29.1129939055286,62.906836345091875,-34.68410761883211,97.59094396392399,445.8982815343346,S1,1,154036,154291
-45.76568528346614,212.4088097810706,235.56682862009032,231.07841265826139,157.63093796323835,-358.77624299286146,516.4071809560999,704.324851125459,-30.32754340521393,69.57406319924483,72.06373137515446,65.37141187641036,62.29425737034984,-105.74836838554431,168.04262575589416,481.4527160819365,S1,2,154300,154555
169.3678868068637,169.3678868068637,170.61808900083977,20.616770185358217,233.47320957864636,139.0228590354226,94.45035054322375,322.1146573198239,61.043914760115406,111.87472391513109,220.32817501184886,211.70296449226132,791.7957122210119,-68.35744895314907,860.1531611741609,1939.0443352396223,S1,3,154564,154819
163.36656850681425,163.36656850681425,163.46722302479898,5.735616596996293,179.05724358001706,150.21811356241238,28.839130017604674,212.3477370098893,-23.515102891878982,23.627477718136376,24.401520986760804,6.517220454432443,8.194909337161395,-37.2963547866176,45.49126412377899,429.361976022168,S1,3,154692,154947
-78.14687048135158,120.35528034623589,122.58388774720797,94.44509605686758,137.9495995557183,-159.077426929536,297.0270264852543,427.7773312421911,-43.59578551486672,43.59578551486672,44.71178760654873,9.927307606539738,-16.200911901063588,-65.38597115170262,49.18505925063903,381.2718214057682,S1,1,155074,155329
-59.6893234233405,62.00747104939403,93.61715932719042,72.12043531313725,17.630125170477474,-181.93617714736564,199.5663023178431,403.6212597220547,-43.82758347372763,43.82758347372763,44.05860975902986,4.5059983080244095,-34.3218740494163,-54.043669725290165,19.721795675873864,306.2884565928649,S1,2,155338,155593
-38.254457234236966,40.744224543015285,43.613754870039365,20.94650604701933,25.59638912882451,-65.55533467956035,91.15172380838486,311.4250207921582,62.5176000021183,99.06585138400786,202.38753521609084,192.48964673669994,750.244194767697,-49.94244371483404,800.186638482531,1718.5372472837294,S1,3,155602,155857
-52.63977960775138,52.63977960775138,52.995707043918216,6.131767113334125,-34.91279368782028,-65.55533467956035,30.642540991740063,253.29211526954822,-14.99974623185926,15.132361988066965,16.85379495834085,7.68492143600826,4.3703850117295815,-29.139898669373263,33.51028368110285,330.940548443023,S1,3,155730,155985
152.17619069960404,181.34369666889413,192.86084832056147,118.48085836574766,236.14221412969601,-78.10384610238484,314.2460602320808,527.6437716605051,27.40753638113763,27.420667872672283,30.195357048960304,12.672274335367511,43.670345790891226,-0.8754588225098818,44.54580461340111,301.9430157843848,S1,1,156112,156367
-2.4463449395632537,135.09661409619295,143.70636990212455,143.68554606112238,212.38055056441664,-118.32124065363448,330.7017912180511,443.059418820722,-21.13328344101486,40.617353808935604,41.92011578640478,36.20332082209186,38.50128801376084,-56.93185774401356,95.43314575777441,369.24114338508207,S1,2,156376,156631
-97.08719436455749,97.08719436455749,97.97188994218511,13.13651054360582,-54.61176674517557,-111.8879786657596,57.27621192058403,286.99024351152156,41.58369588421465,94.53206226335155,173.61894528889312,168.565519605395,645.1633456555306,-62.74369484158819,707.9070404971188,1516.2707116256754,S1,3,156640,156895
-92.13920081295444,92.13920081295444,92.6608357058794,9.818255815674785,-68.59048747998327,-109.47510965005681,40.88462217007354,239.8120820086797,-10.782669711130616,36.54897357212509,52.242138007492066,51.11726731246999,274.33951298791146,-39.97432847883153,314.313841466743,593.5093544391111,S1,3,156768,157023
101.74010477656584,135.35376136435184,141.34533740672,98.11959787256023,181.8253709806615,-79.30871023390667,261.13408121456814,436.88890348133464,-14.526705567863274,14.793301850204596,17.345508061262255,9.478474310136836,7.845265027871559,-32.152333232562306,39.99759826043386,336.3631050441022,S1,1,157149,157404
56.74013479309666,61.8018786644201,100.79285687998612,83.30520452943254,192.33195945286792,-14.25569338839327,206.5876528412612,404.3785330010156,-51.45464288830399,51.45464288830399,56.396985464711705,23.08765243033623,-11.394160478368379,-74.23812520102462,62.84396472265624,286.7190294772591,S1,2,157413,157668
35.426733066172545,35.426733066172545,38.281594517284525,14.506104337276271,77.67474222499649,3.7014870450085953,73.9732551799879,287.7459475483995,41.41017105340314,112.66274580429135,200.99113226785337,196.67901002303634,724.1321591069747,-71.92929662951335,796.061455736488,1762.6653933799191,S1,3,157679,157934
49.32767083632034,49.32767083632034,51.04210057417314,13.117809302152478,78.25682164756749,25.93449188002109,52.32232976754641,198.0567027114344,-44.45268061163547,44.45268061163547,44.70096771964671,4.704859351014142,-28.59532791671126,-54.28978379605691,25.69445587934565,327.06886896947697,S1,3,157807,158062
69.99317618101189,69.99317618101189,71.10875527343316,12.546328731180177,95.18427664016664,44.802390108443085,50.38188653172356,179.73685923290248,-45.52745592019032,45.52745592019032,45.71381935168647,4.123595173359223,-34.403366625367816,-55.42431744309525,21.02095081772743,284.8796606987745,S1,3,157935,158190
-82.82811710996327,182.68516401778362,209.05446845211762,191.9460179212261,144.5889287728272,-301.33806634602485,445.926995118852,665.9203682903346,12.668476022573486,83.81029280634078,87.76888750696905,86.84979752121744,114.12797174576306,-95.04102609647774,209.1689978422408,531.93252244481,S1,2,158452,158707
154.91102526142816,154.91102526142816,156.22887447076542,20.24933260271421,209.42426000408693,127.4598105519528,81.96444945213413,286.2999254554047,22.97722771950511,136.74959336396603,217.52750227128263,216.310566664481,758.143927877313,-97.88512398697719,856.0290518642902,1875.741827153806,S1,3,158716,158971
156.9574287244739,156.9574287244739,158.07742280402158,18.783960406769648,209.42426000408693,131.56910988285668,77.85515012123025,275.0592819119787,28.523715170636315,131.20310591283481,215.49691411460097,213.60083723099055,758.143927877313,-80.8244609952923,838.9683888726053,1870.2851346496846,S1,3,158844,159099
143.90080238153868,143.90080238153868,144.0450407176356,6.444596907072929,157.045947676203,131.56910988285668,25.476837793346334,230.26832965697724,-71.68759815352979,71.68759815352979,71.87100796772907,5.13128222527346,-57.98547667253558,-82.61961401359709,24.634137341061503,341.4562429381314,S1,3,158972,159227
-221.10037781637118,257.8889465738313,266.31175498421015,148.44720870473748,134.49378797846973,-314.1449569638202,448.6387449422899,618.9112411704214,37.4594854595905,56.68382017123339,57.73659109019807,43.93518976651252,75.6606323558893,-72.88005815555756,148.54069051144688,442.4946142200248,S1,1,159246,159501
117.5638030882041,117.5638030882041,118.74795837285248,16.72811469229815,169.186206122038,91.58489537162438,77.6013107504136,295.2303904740527,17.586054506795165,125.33732757340589,196.87683005529684,196.08981844936835,701.8948893296523,-108.92137586505365,810.8162651947059,1773.9103633632,S1,3,159754,160009
111.54023390236964,111.54023390236964,111.67834442794259,5.552372031019622,120.90732371134713,97.68793022658058,23.219393484766556,212.60208514352007,-68.71965129293636,68.71965129293636,69.27217889263434,8.731797908241123,-37.45637820720518,-85.79884100532294,48.342462798117765,295.8382390225173,S1,3,159882,160137
111.95517799651785,111.95517799651785,112.18473955846405,7.173138055859277,130.79271179004658,97.68793022658058,33.104781563466005,193.37160412855104,-68.35709162037338,68.35709162037338,68.67242359249244,6.57341519079622,-56.44700727116881,-85.79884100532294,29.351833734154134,283.28498863958447,S1,3,160010,160265
-250.60195751616195,288.50794995990987,299.5614380455151,164.1210347669206,134.40038899461805,-340.39755497018564,474.7979439648037,694.07063771774,132.06205073085806,150.86637827463738,156.94254107012864,84.797263837398,188.26302099456402,-69.1097957982905,257.3728167928545,524.570960818337,S1,1,160284,160539
8.744438425773843,155.82162640049722,180.71196110712884,180.5002705920473,121.81981918780063,-338.30540202320583,460.1252212110065,617.075728488499,-19.588643258900824,98.7202922214046,107.7157365723235,105.91961556101734,183.30582469312336,-105.49660470414322,288.80242939726656,542.8054564886927,S1,2,160548,160803
149.74162553661517,149.74162553661517,150.72410985155503,17.18146886025019,197.2885570268432,113.37848230677324,83.91007472006996,290.21731211618635,62.0923397549421,104.86519283738264,202.25072701003583,192.48350038339615,709.4686760245102,-72.17560513496338,781.6442811594735,1711.5763969014906,S1,3,160812,161067
153.6747429171177,153.6747429171177,153.86093157546097,7.567010943990654,169.07313960710587,141.00939676407347,28.0637428430324,175.21777399404962,-20.125347213186373,20.125347213186373,20.991769479761277,5.968650219281453,-7.186044337312484,-31.978191451334663,24.79214711402218,297.14910124692085,S1,3,160940,161195
-309.8567470315849,358.9225123132953,374.09525422919916,209.6092926275301,162.7309349138469,-426.430645446615,589.1615803604619,768.7124806245549,-125.38033782258117,127.299118904041,138.63497106128847,59.15594719603191,14.81815039743554,-163.7595085297852,178.57765892722074,425.0708403991065,S1,1,161322,161577
-2.478374105743427,185.12025060191348,223.40163830400206,223.38789058206387,158.98906752651337,-427.2615096709653,586.2505771974787,788.7782794858236,-51.0937839899594,51.11437899740115,75.48868533980935,55.5694777006237,1.3094548565520867,-163.1298279129952,164.4392827695473,407.3229613869781,S1,2,161586,161841
103.36803416370358,103.36803416370358,106.388237081929,25.16955507219268,177.38021657957947,69.94192904754927,107.4382875320302,337.44542607171536,110.07632839217311,111.4868407695804,231.60721136827956,203.77708969727038,826.7124774066689,-10.085151972869955,836.7976293795389,1835.1479544198185,S1,3,161850,162105
77.66225455616643,77.66225455616643,79.17427561891753,15.399355084987363,118.47444400886577,48.88789949194347,69.5865445169223,235.0295342466643,23.198846963759653,23.198846963759653,23.836424370932193,5.476187208563069,39.651712983444355,9.998509470389344,29.65320351305501,437.4921030746817,S1,3,161978,162233
-37.97177106013312,53.670492792838964,55.126193648873226,39.96300575244445,45.97624570497213,-71.46231733546513,117.43856304043726,261.2109464098397,-39.80414373732262,50.603305459836065,52.604322105151915,34.39251147388243,33.757616772469056,-68.15227502444982,101.90989179691888,406.74740831012735,S1,1,162359,162614
-3.067597316755892,18.34091942889721,28.369308696368684,28.202970102669894,19.909267536042748,-75.51986933788857,95.42913687393131,301.71413230384553,-4.380575125159573,13.779928423703407,22.57465413840615,22.145554204884803,21.19803700680977,-59.506007030692416,80.70404403750219,345.0124887367329,S1,2,162623,162878
-6.252067203746906,17.414571510428516,21.71031709451818,20.790611439406025,58.35453197675687,-33.70845722248016,92.06298919923702,300.2076297192159,98.4768608556338,99.55853813507272,226.28988498101464,203.73860684892537,830.4967693015683,-10.260140303552614,840.7569096051209,1840.3672525171091,S1,3,162887,163142
-24.247988547951344,24.247988547951344,24.90823679576567,5.696956349872739,-10.09615293329528,-37.78661268868594,27.690459755390663,232.3900022112488,12.19442407925315,12.19442407925315,13.776862757404052,6.410769751884541,27.269248916576984,1.3609272915738635,25.908321625003122,297.52854974693815,S1,3,163015,163270
78.03479828785785,95.70988195679848,99.9196077412605,62.40591532331452,121.28610226927488,-55.329685127649554,176.61578739692442,358.01475237250395,-133.1127613110701,144.8896612194968,156.88239521062465,83.02456686526409,36.701937243382346,-187.6906026037672,224.39253984714952,527.5906167649362,S1,1,163397,163652
-27.988705754788054,80.56017897210441,81.9103665220057,76.98013051392681,111.35589960335176,-89.45602526086918,200.81192486422094,369.33962213051956,-57.350872044786605,57.759004443447544,95.49550341572882,76.35619587385159,12.4278704331682,-196.3568552414963,208.78472567466451,524.7483882667619,S1,2,163661,163916
-47.38350566313898,47.38350566313898,49.84506568517371,15.47042223827641,-5.670859584314445,-68.74858823244014,63.0777286481257,297.77335567645247,89.53816875239198,114.07988191382829,241.76930708223304,224.57808037181917,843.7851174171824,-33.14073152469452,876.9258489418769,1907.1167385124152,S1,3,163925,164180
-50.36071964379186,50.36071964379186,50.97249532163721,7.873575825107943,-31.968985220474366,-63.92821064351575,31.95922542304138,286.28764746370115,-15.753966607584214,23.5510141136464,27.103811985931337,22.05513909037612,115.31236923303359,-33.14073152469452,148.45310075772812,389.2921524422977,S1,3,164053,164308
-55.905239818996186,55.905239818996186,56.271303710913266,6.408102847673687,-38.95307142471692,-68.7775701833721,29.82449875865519,277.41663468723834,-23.7145487479507,23.7145487479507,24.420389359918317,5.82885873658658,-12.313983820830952,-37.89196723628964,25.577983415458686,319.32877398059037,S1,3,164181,164436
4.303294698094199,90.7801459330494,104.82089783586721,104.73252731534109,185.31666028796693,-72.53919409883713,257.855854386804,448.93089317981435,-36.004702533290995,82.37341260418475,84.04281837398574,75.9398229898647,95.94442507258442,-115.85377240139742,211.79819747398184,553.623437038842,S1,2,164699,164954
-58.02612357972933,58.42310742855247,61.099510659220186,19.134241168808884,10.695633557786502,-80.69026665474706,91.38590021253357,330.0787629818411,67.6538409800472,110.63586411199265,219.56707518931572,208.8843180036192,770.8279309441443,-74.22281759557285,845.0507485397172,1903.0182916830738,S1,3,164963,165218
-61.451771404480255,61.451771404480255,61.82705462636166,6.801799395940083,-46.93434356917286,-80.69026665474706,33.7559230855742,241.51986948843614,-6.953081308503121,11.807979517479474,13.34042668059726,11.38515016755316,14.194861378787632,-26.8499529657338,41.04481434452143,368.7836541562633,S1,3,165091,165346
-45.213010919641654,45.213010919641654,47.850732481444425,15.66768146826853,-13.955720194144117,-72.0665697950466,58.11084960090248,214.41508568683795,9.034490323546319,13.679713739886433,15.481418390269903,12.571885298885569,29.354590976173366,-20.83346056102782,50.18805153720119,246.6388169120516,S1,3,165219,165474
29.741647212762636,31.958101445002562,36.12382695309305,20.502811875656974,56.043037190027775,-16.71782062761817,72.76085781764594,224.0717123883668,-133.78980571939988,139.58417247255272,148.6801816081112,64.85433130166537,27.1837546711128,-173.69267940193166,200.87643407304446,477.7867884507734,S1,1,165493,165748
76.95795216126703,76.95795216126703,79.2903760946858,19.090242019965487,126.18307371039784,40.57486842000344,85.6082052903944,318.61360958626335,134.22671963681802,138.37556898005892,261.9707198014322,224.97076647604584,847.1542534561006,-21.077013270804883,868.2312667269055,1800.469832412514,S1,3,166001,166256
89.52533705212085,89.52533705212085,90.37796286658374,12.385079637117759,116.43490743686557,68.4526576178584,47.982249819007166,245.7475522606161,57.92293558334627,57.92293558334627,77.91205151650777,52.10778545398451,336.7921894000347,25.246803924392392,311.5453854756423,499.92854644798433,S1,3,166129,166384
101.37092522503843,101.37092522503843,101.54480463941933,5.939938406878048,116.43490743686557,85.32827812531512,31.10662931155045,204.84691180331205,36.36433120391747,36.36433120391747,36.69565603853424,4.920019124983962,48.23384449179748,25.246803924392392,22.987040567405085,326.43535074807824,S1,3,166257,166512
-292.3595075680334,319.2202383982633,332.4890359539887,158.350488992582,113.16171933890668,-370.5685070803296,483.73022641923626,643.6854364602675,-85.38463059673984,93.97042298084797,97.63924519790689,47.35912858863919,39.956742833738176,-118.2273656186374,158.1841084523756,484.7257453739651,S1,1,166531,166786
59.48368973964344,59.48368973964344,63.26862547429654,21.554805133998393,126.74562862090893,31.52604468543428,95.21958393547465,328.860714935582,93.82705240938165,101.79698232364811,225.17189394289744,204.69212505125498,813.4181075325248,-28.276417972972737,841.6945255054975,1834.1211471973847,S1,3,167039,167294
38.610777998687325,38.610777998687325,41.04309540181833,13.91917750798675,64.39067094329837,12.078716301007713,52.31195464229066,234.9367047235223,6.48905948875268,8.970763903660945,15.740091133439888,14.340243228077473,74.9699732484446,-9.654737026870485,84.6247102753151,319.9584746818136,S1,3,167167,167422
19.72219738596037,19.72219738596037,22.94873485637186,11.733684918953418,43.22434007853698,1.8749950954966068,41.349344983040375,217.7037419696331,0.5977475633547512,3.657823558993198,4.593628647979824,4.554571550216815,13.604662281698177,-9.654737026870485,23.25939930856866,311.21447740678093,S1,3,167295,167550
119.99441075214277,120.82574410954759,132.49747563446263,56.18649693432628,157.5586827096643,-6.410749266325585,163.9694319759899,350.7649700107452,-54.48401577457679,54.80665309226778,59.63159697780561,24.236736232403555,8.107917707916185,-77.64132173724965,85.74923944516584,454.0320671665446,S1,1,167569,167824
7.235587866728852,31.04918600978184,53.140269700731196,52.64536572281833,147.47414128213296,-27.427384815568782,174.90152609770175,332.075030482219,-29.24076474677203,29.24076474677203,32.346446871599206,13.83005069553703,-13.861757509602274,-71.04729852928888,57.18554101968661,340.3496415942582,S1,2,167833,168088
33.79286817119686,34.032290649279005,40.05649119376965,21.507313814622602,91.70850427595042,-6.389114850986607,98.09761912693702,291.990242010969,77.99147898520268,110.68586206859369,232.6890132947826,219.22934592294027,829.1110395639698,-40.276778104171115,869.387817668141,1998.0304267818349,S1,3,168097,168352
42.428477270769584,42.428477270769584,43.24589626320063,8.368504053371757,57.74809562273211,24.174726626482947,33.57336899624916,162.7457411091913,-22.57968428465629,22.60408097369728,23.370925669298,6.029761541313023,1.5636596767636106,-33.72759185009165,35.29125152685526,384.91196503022724,S1,3,168225,168480
-270.2100788056067,292.02026146573735,307.5738631073374,146.9292162186913,80.19845896771008,-351.46420839682247,431.6626673645326,584.0474415237841,10.252239601781767,15.181959295475568,16.076074605831653,12.38272013250413,24.555191709791824,-20.24090140513577,44.796093114927594,302.61729376653193,S1,1,168607,168862
-13.586477166922222,156.57908569223287,184.76690008843957,184.26669532632346,112.82119706257383,-329.7741833668473,442.59538042942114,611.010351439299,-54.54684784056104,63.70758132296893,69.97753228313897,43.83487669763016,24.929166482998298,-100.449747544359,125.3789140273573,409.75938148062767,S1,2,168871,169126
142.65250387845919,142.65250387845919,145.11316634764037,26.610039170285575,221.53209195731634,103.2937855063081,118.23830645100824,331.3939480694417,46.58944573581684,116.65326991426483,212.98959508495247,207.83164138427378,764.9051403351834,-83.57430023720624,848.4794405723896,1772.51943337431,S1,3,169135,169390
130.0510924467501,130.0510924467501,130.36585213948405,9.053659893141244,149.72298673614463,109.38903639662578,40.33395033951885,229.2751989110996,-46.00941780828872,46.00941780828872,46.48851738981527,6.657005486364135,-21.341267816538508,-56.879085263074614,35.53781744653611,244.46370582224165,S1,3,169263,169518
-228.29657793689202,265.81801750606036,277.0814741533681,157.01852063151077,121.68504624852464,-311.2124960552589,432.89754230378355,598.5976904188285,50.1074414969638,66.7304858094783,68.1537706237253,46.19719425311143,86.70881060468946,-53.58658043939324,140.2953910440827,402.67937131352335,S1,1,169645,169900
16.416881762310666,135.8393872557492,158.19131282064518,157.3371457892939,112.33856660992795,-309.86639422913254,422.2049608390605,633.1568269106681,-51.270214950321396,79.74682252240086,81.93129501630175,63.90698054200428,79.94948806863489,-121.94980604428427,201.89929411291916,427.9733708409509,S1,2,169909,170164
125.96397200830988,125.96397200830988,127.5721945269919,20.192636586696317,183.4082111923692,98.12787427714895,85.28033691522026,306.1823800567016,103.20774542229941,137.17514188669867,273.50136233719246,253.28078585859225,878.874261195063,-64.61750847226543,943.4917696673284,1961.7757159972962,S1,3,170173,170428
129.91433166660363,129.91433166660363,130.18997122405662,8.467292066558443,149.87379127707993,117.50692543629687,32.36686584078306,217.76703066835074,6.546346141087887,14.517771932220047,32.5832283208075,31.91883644506697,190.12780955339647,-17.710909697375957,207.83871925077244,524.9730539251221,S1,3,170301,170556
-242.5267140433104,289.48354204510724,302.4189378022652,180.6599206155164,136.7935378652496,-356.99195285451333,493.78549071976295,672.9736756187648,-70.41611056400151,75.17641425333656,81.3324991104176,40.70069759333853,21.821829670917577,-108.12873286229029,129.95056253320786,396.7742822732008,S1,1,170684,170939
-9.72654941838752,154.70017903857354,188.77548290284085,188.52473891140232,107.30338418501229,-366.62178698814245,473.92517117315475,661.5511903143749,-64.01222520319891,64.01222520319891,65.9461615869427,15.853430309750149,-42.82191099879088,-95.43946790990515,52.61755691111427,354.7089067550478,S1,2,170948,171203
121.24140110301141,121.24140110301141,124.23276283400128,27.098007674881085,202.70256937900365,85.68495654534958,117.01761283365407,328.7847003559088,83.07905494719719,141.60373822434227,271.1317287029976,258.0896839057239,875.9950762865489,-74.28601674095422,950.2810930275031,2040.9626882735804,S1,3,171212,171467
96.98287096751355,96.98287096751355,97.93590558861011,13.62953933043117,127.68416164229798,76.1985428409584,51.485618801339584,195.96278318610217,-37.89964919752892,37.89964919752892,38.218714793027154,4.928159000580041,-16.990305123657784,-46.08650840201045,29.096203278352668,265.1936088460213,S1,3,171340,171595
91.08779795727855,91.08779795727855,91.33400111052262,6.701702929177758,103.9154519827899,76.1985428409584,27.716909141831508,172.9911435080437,-38.40296752782006,38.40296752782006,38.54839771808431,3.345302929303426,-30.13366488769395,-46.08650840201045,15.952843514316502,243.94604303650232,S1,3,171468,171723
-243.62284908301268,267.9386993191546,279.75547206081035,137.51738636493383,94.21583901067756,-317.12729561760796,411.3431346282855,620.3403478522748,73.60968431513795,84.80516293166706,87.50803932310217,47.32093956378433,109.1925995061876,-45.44090154998391,154.63350105617153,361.23359050014307,S1,1,171743,171998
29.16520746332887,124.21126188244165,145.79860827238267,142.85175829434047,102.20451874635793,-318.3700171603749,420.5745359067329,613.8597447127231,-69.97489704140455,98.96076425655622,100.11866579135156,71.60489525084989,104.62517467042423,-123.3672406165568,227.99241528698104,496.58320141861566,S1,2,172007,172262
107.01495682832434,107.01495682832434,108.48506011151714,17.799080943446693,172.28530608216963,74.56063152877785,97.72467455339178,350.322384367956,42.06826875710793,129.22014806023432,217.98904970583624,213.89129611892412,740.2200616887848,-106.7184750901431,846.9385367789279,1825.4805203760648,S1,3,172271,172526
103.11635866285854,103.11635866285854,103.17876038600104,3.5879201363093363,111.42943250054816,93.96843224235441,17.46100025819375,188.00125922000484,-60.746684300799075,60.746684300799075,61.22912863290875,7.671149822832126,-45.92877518046668,-76.41064268081196,30.48186750034528,328.87549004142454,S1,3,172399,172654
-199.52635685774197,239.03918760834904,249.34632572775047,149.54204449921912,119.67875412532028,-291.2057968895021,410.88455101482236,587.8983970901272,94.96803991340491,119.62607933654841,123.26039623531516,78.5760566272756,178.0446991181824,-75.0336499448765,253.0783490630589,505.017270515533,S1,1,172781,173036
9.93862571657585,108.31370380063966,131.0572366885423,130.6798492779297,89.07948039482994,-275.6007199458774,364.68020034070736,541.8141845431315,-57.41475533465058,104.7707501183792,106.6992382750026,89.93482817200459,139.83825852237484,-137.03966616930956,276.87792469168437,627.9153871237222,S1,2,173045,173300
105.9143041686108,105.9143041686108,108.6734710092777,24.332765434354418,182.75503016950708,73.88316955223809,108.871860617269,344.85410470775076,60.25655065803248,117.93514086991038,230.6227259294608,222.6117468102956,826.571160226207,-75.88216565302939,902.4533258792363,1946.6105093116164,S1,3,173308,173563
93.63291577077364,93.63291577077364,93.96173016998662,7.853904812294612,120.4155372125424,82.58928504709931,37.826252165443094,230.98743683280725,-25.85118082267936,25.85234567359114,28.336804052389972,11.605641472003168,0.14910091670803322,-45.96390721945345,46.11300813616149,394.646372248608,S1,3,173436,173691
-201.7048561441472,236.84178444992966,248.17087211765855,144.5819240967145,104.82419123572699,-293.350677957253,398.17486919298,565.3061187635915,-85.27325458953588,89.91890098930513,97.49394670082003,47.26036071604335,20.49110509536534,-132.10474090067893,152.59584599604426,394.37551389091004,S1,1,173818,174073
7.574472437521674,104.07044410673963,130.60098530080987,130.38115173918192,81.6552523416199,-286.6674241167567,368.3226764583766,522.9669869326491,-32.0261256433746,32.0261256433746,45.18648634701376,31.87704228223887,-5.430592340659688,-107.13810182429076,101.70750948363107,375.58272704641684,S1,2,174082,174337
81.09360072252444,81.09360072252444,83.90807541047324,21.549780531259405,148.3432723600246,58.49033510582617,89.85293725419842,295.6817641014269,104.88847007732704,116.87322619481309,259.13495015369404,236.95850108404036,887.7475524321981,-29.69276407659597,917.440316508794,1985.3937283047728,S1,3,174346,174601
72.05249981021828,72.05249981021828,72.23344416068673,5.10957203819874,85.67955673984764,58.49033510582617,27.18922163402147,211.25142881141804,5.791742962302519,9.62423132341212,11.413977756235608,9.835375014632666,26.37047082323391,-13.106294257272339,39.47676508050625,291.872974442471,S1,3,174474,174729
-100.97555434894281,129.5374210312234,135.19515018032413,89.89808705531,74.40842968724816,-170.20641109234018,244.61484077958835,400.54191585198447,-47.927793412453866,59.19178718136071,62.197312639452065,39.64129561685499,38.649873266041055,-78.85468865889621,117.50456192493726,319.2659925222067,S1,1,174856,175111
-29.19031571260225,90.03541295984935,108.16902042525822,104.15595253444968,61.675956952693824,-191.8131766974299,253.48913365012373,429.760708779325,-36.65467289923447,36.65467289923447,43.39497456591376,23.228404427046396,-2.4421293432785594,-72.30995648965794,69.86782714637937,340.3092880302205,S1,2,175120,175375
64.32259455601722,64.32259455601722,66.18786221966957,15.602465663868172,117.65254818963064,41.42754010421125,76.22500808541938,297.4496236176184,93.31754362763596,101.5271684807488,222.10853681296646,201.55405770289306,790.1762381153718,-27.419640220083746,817.5958783354555,1803.9946651413595,S1,3,175384,175639
59.57210161138602,59.57210161138602,59.87930174427643,6.057680000198657,71.45486039251122,46.96938880700282,24.4854715855084,237.77064111938606,9.88988601624386,9.89216365795156,12.962099778321699,8.378913130524241,53.7019311009241,-0.29153813858552585,53.99346923950962,363.5463457203092,S1,3,175512,175767
56.491449540846375,56.491449540846375,56.76098631518815,5.525006447687122,71.39774307469544,46.793945231491655,24.603797843203786,212.30455086977747,9.056261565325688,9.058539207033387,10.204345383536735,4.702423967159087,19.205152300801444,-0.29153813858552585,19.49669043938697,319.54006260309046,S1,3,175640,175895
0.7410949771084212,68.78932119312103,82.75342271016007,82.75010422036543,60.800429344168194,-163.3467999347239,224.1472292788921,417.6461330699632,-41.50857460738681,41.50857460738681,55.352122570375464,36.61824281842142,-5.686656630555193,-120.57947682458331,114.89282019402812,380.0407356424604,S1,2,176157,176412
68.83182365258124,68.83182365258124,72.25968646123242,21.991869864465208,141.7854599850039,39.13604958830707,102.64941039669685,316.4179973758808,101.91085512401581,114.96859831594617,252.2484421584446,230.74543154579248,845.7495005693285,-27.158153297623546,872.907653866952,1861.8990449024664,S1,3,176421,176676
77.4406887601863,77.4406887601863,77.97821161454544,9.14008812598576,94.83126905010359,62.5654731344028,32.265795915700785,222.89913345210877,10.41078323647754,13.287264669826051,32.6393925074269,30.934536292903335,189.89580730276288,-9.078361262993095,198.97416856575597,416.21788305056106,S1,3,176549,176804
85.00055094767248,85.00055094767248,85.13756371246643,4.828156323734398,94.83126905010359,75.73577217876012,19.09549687134347,244.42001650634404,12.631784114647479,13.940349622419852,17.0384559927761,11.43446599971802,34.59536921444715,-9.078361262993095,43.673730477440245,324.7104814633476,S1,3,176677,176932
-192.13306259958762,216.24027648215468,223.96718611077526,115.09207926908607,95.9621945782055,-252.09477448462786,348.05696906283333,548.4681970175197,-37.393441130911036,46.22691768100887,47.14402251598954,28.71044094710528,35.79116785297891,-59.857669789048344,95.64883764202725,463.54255750525977,S1,1,176951,177206
111.90085804571765,111.90085804571765,114.09616863863866,22.274058154023397,180.75610148368366,83.78212009199252,96.97398139169114,317.9394891453454,58.77001249733925,101.43641901697356,207.09145771243212,198.57733377332534,787.3324937064009,-48.09853952911019,835.4310332355111,1842.7574758261949,S1,3,177459,177714
102.89654395063089,102.89654395063089,103.37335919692295,9.917289683776488,131.70686247007035,86.41331138077544,45.29355108929491,252.09136093973967,-22.133386970136392,24.71774987172327,25.590423545881862,12.844569221574586,44.93724982706336,-35.59448772126852,80.53173754833188,381.24962846522067,S1,3,177587,177842
94.97614899901765,94.97614899901765,95.10212556964468,4.893404661466676,107.89012020799854,85.80329319529446,22.086827012704077,226.48797578887127,-21.052885101272853,21.052885101272853,22.0182903584898,6.448343913236047,-9.193216904622908,-34.449241082553165,25.256024177930257,278.74914772852503,S1,3,177715,177970
-172.25283935040352,195.1888300180599,200.6547044082757,102.91389477080628,101.85174044445604,-233.66902209576597,335.520762540222,477.38841384443685,3.7020927864875266,9.253815942351714,11.224187245751736,10.59607891287777,21.712572152407045,-29.833328525173947,51.54590067758099,391.4684608348863,S1,1,177991,178246
-12.870808238711636,21.433143604134152,23.888802343985883,20.125038452443718,56.656577699371965,-37.17681995470835,93.83339765408031,332.3818386328769,56.66957739854729,117.85791687693089,228.0496041744114,220.8963126934802,827.453676777776,-69.5039405328136,896.9576173105895,1920.8150976873117,S1,3,178498,178753
-38.275260452730436,38.275260452730436,42.88801016222951,19.349053024661217,-10.649694101821728,-71.57924197658927,60.92954787476754,226.62482045861563,-27.996567869270585,29.39068069878837,30.49041216389118,12.077144590725464,42.11477631798144,-42.929835388819,85.04461170680044,333.7645548574789,S1,3,178626,178881
-66.70826349016987,66.70826349016987,68.38807732620076,15.06441842556442,-24.44082863808878,-88.80168457175635,64.36085593366758,217.2784881255495,-22.144022908773312,22.144022908773312,24.149762984433274,9.63604180252589,-6.164458615434287,-42.929835388819,36.765376773384716,281.00061355511974,S1,3,178754,179009
274.28755104142704,302.86711223123484,319.2273018763549,163.3168993305774,363.1902632085533,-100.92734661922799,464.1176098277813,671.5015217169224,6.282224752881083,13.217892099291602,14.262200379718946,12.804062317309434,24.515450698039352,-25.61481375132776,50.13026444936711,402.38554176580845,S1,1,179028,179283
19.796550991070987,181.7363521629851,208.2484248519069,207.3053376595939,348.3931994351566,-138.749082318866,487.1422817540226,675.7072522711971,-24.751741668949087,36.34929243065844,39.29117247397154,30.514709874632402,26.189778372962824,-73.42146045475681,99.61123882771963,393.3339202630772,S1,2,179292,179547
-106.56054883904437,106.56054883904437,108.88107111769489,22.359272771227833,-34.82489240533509,-129.67136472659536,94.84647232126026,349.21131836444863,109.29378988374086,118.68652244641042,251.44008299117826,226.44421570766457,879.617041805115,-30.120985703497865,909.738027508613,1974.0950409123893,S1,3,179556,179811
-112.7673423055563,112.7673423055563,112.91508977595475,5.774427110407979,-97.45149122564091,-124.60642134813526,27.15493012249435,248.38836996414506,9.251649169389287,10.053991729710633,14.54762509627757,11.226770844209103,48.000580611009475,-5.658954345137732,53.659534956147205,338.3852306057673,S1,3,179684,179939
88.38589938730473,123.28524009203244,125.50966381400328,89.11009202217991,147.51232092681127,-96.57326630362586,244.0855872304371,405.6664805118344,-122.12870160709413,122.38282343577718,135.6225300566548,58.97500235467225,4.760195767634277,-169.54061666518223,174.3008124328165,409.92758376263794,S1,1,180066,180321
-15.908855045030684,78.56921912295364,85.98574809249733,84.5012260631916,150.9708441829056,-72.78010907251125,223.75095325541685,420.11517899232797,-53.78931544768339,53.78931544768339,76.88595528675043,54.9377799335375,-14.02541390462706,-169.93968784794788,155.9142739433208,440.469282274612,S1,2,180330,180585
-40.62790648495893,42.27652224276854,44.930645597179634,19.18687385763482,18.387543670702847,-64.84938318160762,83.23692685231046,302.10117158049957,88.89698036622973,109.70461469826964,234.1202980999567,216.58633582056547,807.5768662178394,-33.84021576084392,841.4170819786833,1791.4480210567244,S1,3,180594,180849
-33.000349322642464,35.04914561128909,38.067020620076306,18.975642373128924,24.882071444555347,-55.244387526156316,80.12645897071167,350.22327363457373,-0.34757232753103917,16.14780348321935,28.494063480825716,28.491943547719945,161.92248519232075,-20.590124387530437,182.5126095798512,321.81381643670017,S1,3,180722,180977
56.76645315431565,59.834632910140314,65.75353898945276,33.18279201508475,91.95742126859977,-18.161570238062335,110.11899150666211,291.9558749965702,32.57138045519871,38.734578969130006,40.89512891611242,24.72886459803915,54.68666687656503,-24.954035056509067,79.6407019330741,325.7573433942109,S1,1,181104,181359
27.621998615453215,27.621998615453215,35.99249746473925,23.07563793781577,77.9705215766021,5.4406150242543,72.5299065523478,370.27725688993377,-40.46368908925745,51.950280806797224,54.274054275545254,36.1712984670545,45.48342683805204,-80.51490584170215,125.99833267975418,429.92901657196296,S1,2,181368,181623
39.17770067368062,39.17770067368062,42.69365307408742,16.96631317446485,74.277182249227,6.6785255495320355,67.59865669969496,500.43830061953116,88.29922882550932,105.3449339020928,222.89487322502097,204.65915737835553,784.0387314683077,-48.95313106130893,832.9918625296166,1815.6105450796515,S1,3,181632,181887
45.114270744929634,45.114270744929634,46.79421269627005,12.425816553327467,68.11764874972657,19.037023931897377,49.08062481782919,453.72006218241745,-7.34688210592677,8.063607748337203,9.854974904641445,6.568398107052106,8.517803719171638,-21.394246889112463,29.9120506082841,336.69282133267563,S1,3,181760,182015
-206.4671148079893,232.50173998231745,249.39143799357004,139.88359391781884,77.9018022205396,-303.666588917341,381.5683911378806,621.6541329745266,-103.55703759745504,106.04511141909354,117.9146952602888,56.389851235537556,10.813153629321889,-154.9319378524663,165.74509148178817,418.4545238202112,S1,1,182141,182396
-8.219570461239229,123.02185361614026,149.16413696608902,148.93749836179904,89.00584956823576,-286.00725399491887,375.01310356315463,566.0416336012358,-42.838879189672,42.838879189672,61.33711303552355,43.898426683712486,-3.108746335674728,-128.3339132655139,125.22516692983918,369.0403803823,S1,2,182405,182660
98.46978269815376,98.46978269815376,101.25321146311353,23.57784398481683,165.4931462294018,69.05808296795418,96.43506326144761,313.33942904667606,118.22973534695308,123.69284647784491,245.3144753014282,214.9439961296999,832.2834841550232,-20.25947441998144,852.5429585750046,1823.0978237207303,S1,3,182670,182925
91.24720521930058,91.24720521930058,91.46845622840188,6.358146307998539,107.87468956485122,78.82540651299296,29.049283051858268,216.1346282869407,26.69993393017043,26.69993393017043,27.669694146164538,7.2612328338117615,55.86306825505573,13.300293010085326,42.5627752449704,283.80020204059605,S1,3,182798,183053
91.7207359786041,91.7207359786041,91.91492054606266,5.971533348496884,106.21238381718064,78.01661747815604,28.1957663390246,247.44372771211346,28.309124301978365,28.309124301978365,28.881896762417487,5.723411731657936,42.17207791563024,13.300293010085326,28.871784905544914,256.07968116536983,S1,3,182926,183181
16.88774513336987,138.01512576488705,147.48448554317858,146.51442775456073,128.26771026018048,-228.51851803435588,356.7862282945364,536.3662541347007,-38.77712335977966,38.841286546268655,57.765279043268954,42.81544308876363,3.386674411224075,-115.89478649032628,119.28146090155036,371.02201178241774,S1,2,183443,183698
145.83618477265372,145.83618477265372,146.96605081679922,18.18865865429362,200.39020427779906,114.01515061861824,86.37505365918082,275.1908583753097,109.39571756814456,110.96501331775957,218.8451837268796,189.54100194470442,767.0678165132941,-9.231552976652482,776.2993694899466,1666.5324851188436,S1,3,183707,183962
144.5755305169151,144.5755305169151,144.6505449420975,4.657910239400228,155.6514915142037,133.41798139924168,22.23351011496203,188.91348061158806,30.610471535845214,30.610471535845214,36.51858589919541,19.914972970860983,132.4059096805815,13.242768304013927,119.16314137656757,311.8127119336561,S1,3,183835,184090
135.5178220743441,135.5178220743441,135.7993692190417,8.740056093413495,149.2847381642217,114.66977870172518,34.614959462496515,197.04125204502276,25.202293769763223,25.202293769763223,25.785207875624327,5.451727609823553,38.4272270433299,13.242768304013927,25.18445873931597,259.6549655482592,S1,3,183963,184218
-288.27779000730493,323.3469453625871,337.25513508491485,175.0341164734703,136.29857530512209,-392.95616802184355,529.2547433269656,664.223643633226,-91.4231557461539,98.64136216796037,104.07407191341332,49.73146929312278,28.8955433950325,-128.75842185185007,157.65396524688256,533.1617207754327,S1,1,184238,184493
29.37638774594182,30.169414698675457,37.41985058377259,23.179151423465566,94.4822439556323,-9.005501679790932,103.48774563542324,323.9034697454539,73.06125124970085,76.38646217609991,169.8679177656921,153.35306665300183,670.3006242959417,-13.904948899874464,684.2055731958162,1482.5134968016705,S1,3,184745,185000
-7.899248100803737,20.13519316471313,24.16951496099892,22.842226968750204,43.83793887081698,-49.0044500122819,92.84238888309888,251.2097803985189,35.499750868466826,35.499750868466826,63.310899954928566,52.421729667951276,334.23695460031314,8.222168750186393,326.01478585012677,552.6703023654921,S1,3,184873,185128
-40.449937126332124,40.47422191859672,43.70092695016502,16.540060543403033,1.5368787602893104,-68.75391651051908,70.29079527080839,275.6338187376669,16.928513202251892,16.928513202251892,17.646510124869348,4.982445217792147,29.484840972671737,4.3507941253995455,25.13404684727219,386.8010014163501,S1,3,185001,185256
265.2715048590729,293.65583603787104,316.5467157243688,172.72189191207704,371.10493334692154,-80.17581925010201,451.28075259702354,644.0622947320004,-9.11573674172266,11.802791657467239,12.95647313874643,9.207254740185334,13.388203484125672,-25.334602973687016,38.72280645781269,419.49391879675596,S1,1,185275,185530
10.323173884925197,190.80577555914,213.96459771994358,213.71542096535495,353.0907702213779,-145.7127821706376,498.8035523920155,674.7961778770507,-36.27403340720203,36.27403340720203,39.905932971598105,16.633640212138527,-4.351510893513156,-55.75128172802426,51.3997708345111,407.88293193462454,S1,2,185539,185794
-109.09085064576567,109.09085064576567,111.10817524831003,21.07635908767028,-52.52606169564994,-147.5848633213611,95.05880162571115,333.71381103474437,57.39464003471791,105.46637850103122,214.8321105303013,207.02340691378052,807.5311103997461,-55.473327972656556,863.0044383724027,1907.580806515521,S1,3,185803,186058
-108.75739578776665,108.75739578776665,108.88995322434478,5.371291712714229,-94.9261801479156,-121.03707185532124,26.110891707405642,232.87622174042522,-26.255436214573418,26.255436214573418,26.684111082904508,4.763806615224195,-15.295405907141438,-41.497750104703414,26.202344197561978,346.68875420199083,S1,3,185931,186186
86.7317309035303,129.15727310675507,132.1808795299344,99.74663787709659,156.82495215991642,-94.98127135731256,251.806223517229,406.4110654100681,-65.35326652313728,65.57182608411362,73.84465545435015,34.37998973134619,6.297782522568949,-93.47064876456378,99.76843128713273,399.25486581287,S1,1,186313,186568
-4.55880235340204,70.07967533572617,83.35225437127353,83.22749323316245,165.13525777540318,-55.451174275824734,220.58643205122792,383.50168850657394,-25.574017452020986,27.474027579201312,41.56342433821304,32.76412480262652,10.244720151799712,-95.5817971391036,105.82651729090331,365.9832657780808,S1,2,186577,186832
-25.682506450682688,29.35419467021766,31.51309701854818,18.261548294464856,35.299182725257765,-49.58154109306733,84.8807238183251,319.33814399479866,129.39716231047004,130.40546995114144,233.76812104676569,194.68926216854683,779.551691341767,-8.916388299060168,788.4680796408271,1719.0445279900393,S1,3,186841,187096
-28.413536555632433,28.413536555632433,28.6781293669657,3.88664950698668,-20.578930172075335,-43.344401289830884,22.76547111775555,221.64180397023057,47.19433843555227,47.19433843555227,47.6592089094006,6.640377511892127,70.92569961774784,33.282269751170006,37.64342986657783,337.75789670956476,S1,3,186969,187224
29.867025380408727,39.05834168249511,40.87747325658124,27.909292623936842,58.24090790327998,-29.429034930008303,87.66994283328829,267.78454572672956,-118.71784933685304,134.3850311167214,144.34118790810024,82.10024832821013,43.151775302632934,-174.73432358394376,217.8860988865767,502.36115111189883,S1,1,187351,187606
5.5899084393016745,16.000419145080887,24.219977449956044,23.5660822224782,57.72444638862292,-15.823034259361132,73.54748064798406,266.2969699529011,-38.622348924229314,40.280293017668214,77.9922499643578,67.7576948993836,10.580614439675307,-182.2506671691661,192.8312816088414,490.1527911900661,S1,2,187615,187870
21.92556894601445,22.023870678473457,25.961606232886695,13.902317237965335,64.23744207645731,-2.408523977191889,66.6459660536492,278.09056386908736,98.27972109552783,101.53453662731842,216.76050711718855,193.19993236822316,777.3064852861099,-12.836371718505728,790.1428570046156,1748.4502121558473,S1,3,187879,188134
18.05907716159517,18.05907716159517,18.755835378050225,5.064690790173882,32.01238545443483,7.6236021219872825,24.388783332447545,197.6798998839758,2.412134984168098,6.858356600957381,9.211740208630975,8.890318469518458,22.99213517541016,-15.724853453856651,38.71698862926681,363.17591166706586,S1,3,188007,188262
-104.33385643013261,118.94460674433938,125.53126642706847,69.80361919843502,45.10245895663657,-161.18604958210597,206.28850853874252,463.2399849687654,1.3518445973999147,6.337074656939574,7.676521114762843,7.5565529581867175,15.456271166921608,-18.181087153457703,33.63735832037931,357.4810283789941,S1,1,188389,188644
19.605683032396783,85.06650500804253,89.83021939838159,87.66461948810682,89.47163797774346,-145.70025849423544,235.1718964719789,408.92473582697824,-54.02396498092276,54.61235039165339,62.37802170492566,31.183790654123626,7.738156656438371,-83.19118459525858,90.92934125169695,326.55100570145606,S1,2,188653,188908
88.98315143963194,88.98315143963194,90.45472153320267,16.249781768404336,152.55926428298798,70.17223498381024,82.38702929917774,311.4383376177951,2.3509535447384096,103.31371337200935,163.31432572505378,163.2974035447577,655.155082968976,-80.73325838277528,735.8883413517513,1657.4949357999826,S1,3,188916,189171
85.99688124413103,85.99688124413103,86.25618459313085,6.683247477618189,101.22340513583761,73.58734456385089,27.636060571986718,213.50729891833703,-62.78214244004396,62.78214244004396,62.96931871608982,4.851565747934523,-50.77376445262258,-75.30300075961388,24.5292363069913,317.32774005895254,S1,3,189044,189299
92.5173058900157,92.5173058900157,92.86288596049151,8.003980245135219,106.26875984313769,75.46710763404715,30.801652209090534,186.98032166650503,-54.45162678096576,54.45162678096576,54.98643870062591,7.650410569642877,-40.76798132680217,-70.65481499945558,29.88683367265341,320.35582004462293,S1,3,189172,189427
-29.02104353008105,119.40473858820503,151.04465550106565,148.23045229594604,83.08402682984529,-281.72234126727284,364.80636809711814,532.3272259658933,-11.802797232795033,100.85361617380983,108.50219800861274,107.85833741617625,174.44363951258654,-100.89378414061296,275.3374236531995,598.6232318138423,S1,2,189691,189946
66.56440427335642,66.56440427335642,69.87832233840503,21.264054565468147,133.29177072485444,45.75264483579585,87.5391258890586,331.5921816994425,48.2332434115535,99.90586278272231,191.8693826644472,185.70787337654238,703.0091337470037,-68.92169995988722,771.9308337068909,1651.3285384084504,S1,3,189954,190209
48.06230220113149,48.06230220113149,49.604552516476005,12.273008493720571,72.4265871815767,23.70385851755794,48.72272866401877,252.52403089809286,-21.697829432041765,21.697829432041765,22.607320029085948,6.347843479129962,-7.150785313611011,-33.495791646504486,26.345006332893476,300.6513458967414,S1,3,190082,190337
27.930955097454657,27.930955097454657,32.42045026403801,16.460478202863186,60.57357976670783,0.05121423101631095,60.52236553569152,219.31379827520624,-10.959356703088922,11.371404404540462,13.43813241091029,7.776625447301516,4.524943195940557,-28.666347202040715,33.19129039798127,328.47765590451775,S1,3,190210,190465
-70.67430695379919,93.69495744902184,96.49203417045999,65.69516721154905,77.7083406381396,-132.71607564922746,210.42441628736708,335.38257607726985,-22.409586895136922,40.09141451499485,67.76772955759573,63.955262368164355,29.29367679969031,-161.4616057647416,190.7552825644319,428.74758515583943,S1,2,190730,190985
-115.62439499491612,115.62439499491612,116.9982464187267,17.87705085064949,-60.4841166514317,-137.3720002749963,76.88788362356462,261.1359419021538,128.37146981367556,128.37146981367556,233.89003587527813,195.51295256226751,793.5475684074571,12.889261273509387,780.6583071339477,1671.9483943180453,S1,3,190994,191249
-132.06271705497693,132.06271705497693,132.2118732708916,6.2783913429645715,-113.54562237499222,-143.04970232866188,29.50407995366966,174.88881378177763,24.359119379656313,24.359119379656313,25.53046693585135,7.644478073109457,51.95914608251351,12.889261273509387,39.06988480900412,283.66639667374227,S1,3,191122,191377
-135.2401724640115,135.2401724640115,135.31477812351062,4.492764240346606,-124.35510361866241,-143.09576197288015,18.740658354217743,209.8499407845761,19.333810823772087,19.333810823772087,19.84786365325652,4.487922752104203,32.53477185989409,8.320805214524142,24.21396664536995,354.70720325871423,S1,3,191250,191505
332.60797882531597,365.5884619377871,382.77610891578234,189.44519518437258,433.956492024122,-131.73392098943037,565.6904130135524,692.4499949654424,-49.514335711770435,51.35772338953109,54.76808910541054,23.406711500770108,12.60857916222593,-72.49089293219185,85.09947209441779,307.0321129965389,S1,1,191525,191780
-42.17982113660476,42.770997585635044,47.39232325896425,21.607753070742785,11.835656997691844,-88.85127870171058,100.68693569940243,318.44304871290836,40.87163474099859,84.68108736419745,165.82497615852964,160.70915403789334,645.1745547665689,-58.55374075599592,703.7282955225648,1579.0455054463105,S1,3,192033,192288
-22.560390596662288,24.54743539655407,28.52762222705911,17.46006890180645,18.02889067828396,-50.50224701543319,68.53113769371716,240.63656401205068,-20.98053910329434,21.95128165045233,22.827932219547396,8.99619188075639,24.54751664910898,-33.20634683646222,57.7538634855712,349.069836535216,S1,3,192161,192416
8.516186322810887,19.34562189120848,22.26933352563141,20.576632041978588,42.70886006348026,-29.96510116077719,72.67396122425745,257.96987416822395,-20.919177538884277,20.919177538884277,21.697089040582355,5.757749901793113,-8.738503011907678,-33.20634683646222,24.46784382455454,284.4468428634722,S1,3,192289,192544
-266.3432505880652,277.29595061644955,296.41890042103654,130.0977993395717,47.005269740357775,-359.3969225538671,406.4021922942249,606.0910461837982,51.76884716873379,55.90069437909897,59.39489242952522,29.115970008487697,77.6566146965933,-25.65261797376889,103.30923267036218,415.26469982808726,S1,1,192563,192818
-6.967942255569383,148.7883007629975,170.99510481951884,170.85307621743686,116.10328714784836,-298.3721913346509,414.4754784824993,567.878803443229,-13.869534464982754,50.88395912456555,53.07776414855008,51.233632125135955,78.35906184997076,-71.59025936222753,149.9493212121983,433.5734184626546,S1,2,192827,193082
149.50903470768577,149.50903470768577,150.70477749745652,18.946727984902505,204.2333642633933,110.1966533382588,94.0367109251345,313.59538491669196,88.31796807597777,96.92423048776455,200.98618103531953,180.5419105972151,744.7490518604678,-38.82817251153119,783.577224371999,1645.5626174716253,S1,3,193092,193347
150.8564892373588,150.8564892373588,150.92294266503407,4.478200269282402,158.80149214860444,138.70289914729938,20.098593001305062,241.13882856454282,17.480187980605145,17.480187980605145,17.88329234637461,3.7756023769205416,28.30033155918896,6.479156246293872,21.82117531289509,216.8243051846467,S1,3,193220,193475
-131.33780596039531,171.9103959492474,174.65545500356941,115.12996433602075,137.40825772859435,-206.98288814163863,344.391145870233,507.03090611110247,-152.6999571270356,161.72494245828477,172.39517374032835,80.017616950016,38.13705208039673,-208.1825610349567,246.31961311535343,519.0867683287972,S1,1,193601,193856
-38.74564434926188,93.15798780473786,121.59891964157623,115.26088799744267,53.15039093848755,-226.06269210047708,279.2130830389646,458.199736340475,-71.7077081433508,72.21361963051123,104.53866272511057,76.06797353145701,16.137579936152125,-196.90093053820894,213.03851047436106,495.61044850351396,S1,2,193865,194120
39.294846721982964,39.294846721982964,45.864891353319784,23.653821677430752,113.13548968132227,8.770873873545742,104.36461580777653,360.7800957289975,95.22620062698991,119.55578108540423,250.181525107628,231.3498783646254,847.8678020484823,-31.97082178425565,879.838623832738,1898.0494180230937,S1,3,194129,194384
19.719639619483782,19.719639619483782,21.394945290678415,8.29936728123343,36.54466470896962,3.5318933281813774,33.012771380788244,282.4490784293928,-18.108085861727808,19.373987882284503,20.71737440748337,10.065129346617471,20.24256762625932,-32.76732337020911,53.00989099646843,318.5992920443076,S1,3,194257,194512
-55.64045192013859,65.30272107436771,68.53738140167121,40.018905026510815,32.89935064850005,-90.27039314770711,123.16974379620716,333.1350545655008,67.67440713750484,76.90631263629871,81.31546196138999,45.08191402970258,120.3554229440338,-34.91187091468139,155.2672938587152,504.0750691992255,S1,1,194639,194894
27.935898986711173,67.60867811784719,68.64515694101377,62.703613287119914,91.04524709825498,-65.55117323014909,156.59642032840407,332.760871753616,-13.69556692216235,67.61924917546038,73.02218081977863,71.7263573476098,86.909957233873,-100.79972685336125,187.70968408723425,442.58275296411784,S1,2,194903,195158
114.66220547822735,114.66220547822735,116.18271342302619,18.73503491338624,181.6469647194593,85.46933664621467,96.17762807324463,357.2888948867712,49.81816757448145,79.61600459357066,176.7526706663146,169.58672344023736,712.5549418585398,-38.25476303330771,750.8097048918476,1682.045244735908,S1,3,195167,195422
119.19085791842537,119.19085791842537,119.42061497496047,7.404233226167949,134.9636126733178,100.79596334804401,34.1676493252738,242.27515912120407,-15.116237124653999,15.116237124653999,15.855160597113187,4.783878421477992,-2.572472195620374,-26.184647475914243,23.61217528029387,360.91212154627647,S1,3,195295,195550
-269.02784781746055,317.34657577742075,333.10510250948676,196.4256256616253,135.75226132630945,-382.70181069720854,518.4540720235179,679.7760301256658,-56.49135646035333,57.249629845701456,63.29077761685023,28.538555965831318,7.860344488846123,-80.68578127791228,88.54612576675841,366.06691236922165,S1,1,195677,195932
-119.32046362163605,200.52990532117207,254.20798808625716,224.46453654860602,87.20404932638094,-407.80383349397766,495.0078828203586,693.7768308391342,-61.02807235232314,61.02807235232314,61.60484571631238,8.410196233754798,-43.83627400538631,-77.98995721461831,34.15368320923201,326.1403166990673,S1,2,195941,196196
68.90336974695461,68.90336974695461,75.2931490081738,30.35430653270675,164.64867074121864,30.574545326731915,134.07412541448673,436.3418722339397,94.65891471588965,132.33873373727172,265.7356506203479,248.30450232613495,875.40791731619,-55.46180673252717,930.8697240487172,1968.9894711938969,S1,3,196205,196460
39.17253757200854,39.17253757200854,41.89617287449367,14.859394392068577,87.32194884122096,18.430071679624607,68.89187716159635,256.8979913866858,-16.702524345735178,17.603114627178137,18.48036479830576,7.9088282038859905,20.197245992743643,-30.327914487227215,50.52516047997086,277.09597242530054,S1,3,196333,196588
20.476345628382095,21.019759088721823,22.845519071180142,10.130992613692552,37.20445718399622,-6.817788519499369,44.022245703495585,277.3199930555243,-12.799677642972336,12.83384622944192,14.179828459806599,6.102113354038531,1.1903156671495418,-24.452616135764334,25.642931802913875,292.3505475480046,S1,3,196461,196716
12.94475663189928,51.77536920798387,79.78210424410577,78.72494797304256,191.58283427811065,-40.615864080736316,232.19869835884697,402.52492238070863,-30.419656693287223,30.419656693287223,32.14407721495502,10.386827555299863,-8.520197100237093,-55.94801472868186,47.42781762844477,294.5860469508799,S1,2,196978,197233
-3.785388322503203,17.22278817112899,22.059339078426138,21.732125432751282,67.74573023983857,-28.520115601684747,96.26584584152332,397.60043930458494,102.93487478817919,120.25229588044522,240.82994783724263,217.72339177872206,797.6319282092409,-38.31734053924155,835.9492687484824,1862.8164355780405,S1,3,197242,197497
-7.143500274366661,10.436856050708002,12.154678620626546,9.833952216725454,14.610656219489865,-28.3555215317871,42.966177751276966,327.1030826268559,-6.310229950127686,10.086636926594597,13.097668315358488,11.47736525844051,30.514676504502646,-32.57945687341411,63.094133377916755,382.76552360462404,S1,3,197370,197625
4.121544860820668,11.08771540802535,14.507804103440552,13.910041260328786,47.564882625076244,-17.441732957266883,65.00661558234313,430.800404412939,-11.226049062585076,12.199415351568993,15.271090265586759,10.352874979643644,8.025409663460197,-35.8583064917736,43.88371615523379,400.4853519176443,S1,3,197498,197753
-106.27116244528771,109.29067240156616,117.37147986229738,49.824736001236865,25.280379399069318,-143.3180113896369,168.5983907887062,374.2402917592983,12.727311878284594,18.432171833168375,19.57026104189658,14.8664269278415,36.79162907531959,-26.05433494349634,62.845964018815934,376.90459394121956,S1,1,197772,198027
-57.809364279723546,58.29953276999766,60.93955299195733,19.279691917502184,9.459749774156847,-76.08875337883717,85.54850315299402,317.66502306180297,39.30869761914817,116.23988481135373,202.95043400847646,199.10726997203122,736.7439557956313,-86.37840196109681,823.1223577567282,1786.7566056583503,S1,3,198281,198536
-73.64614403585124,73.64614403585124,74.79677224406723,13.069147132904986,-48.27446057761656,-98.12147409669316,49.847013519076604,216.02556586069696,-47.122569949744474,47.122569949744474,48.09656900260768,9.630334945059836,-14.045618072232086,-69.635236881852,55.58961880961991,272.89833905713726,S1,3,198409,198664
-87.30216816431393,87.30216816431393,87.75861190220256,8.938981866592089,-64.59027249655844,-104.28150510122612,39.691232604667675,228.17160814082843,-49.40749162734928,49.40749162734928,49.77635427778031,6.04857142476703,-35.42573953766247,-69.635236881852,34.20949734418952,279.496865209452,S1,3,198537,198792
326.63908211235633,359.00634913567285,381.95811228541544,197.98714498026223,436.99360022589525,-108.0950164202096,545.0886166461048,769.502591470751,51.46403829812762,73.83035241676596,74.77498918366199,54.24713604851061,94.69384666222282,-71.72071327084475,166.41455993306758,490.3612115469027,S1,1,198811,199066
-64.779051333425,65.27419739011233,69.23570753391134,24.438856480261013,11.562810388693514,-101.11103390690813,112.67384429560164,365.0365460355987,16.046381114003175,158.73056803094255,238.93402373808732,238.3945917021127,791.5387246856827,-132.23214690317576,923.7708715888584,2028.737461695816,S1,3,199318,199573
-58.3918224793158,58.3918224793158,58.83036001061595,7.169820536300101,-40.096111095083984,-71.05968989747093,30.963578802386948,189.14037605927612,-67.26682702098205,69.4624777139623,73.92570746261346,30.662423361130195,66.7451578560803,-111.37779392874535,178.12295178482566,566.883058087817,S1,3,199446,199701
-46.79997250386727,46.79997250386727,47.656200236814655,8.993108175077227,-27.47323164847743,-62.17730295618645,34.70407130770902,228.72242616418998,-56.21363492424487,56.21363492424487,59.421755281058,19.26063989813583,-32.104067623606994,-111.37779392874535,79.27372630513835,492.80917326814523,S1,3,199574,199829
-99.74611692502994,99.74611692502994,105.29120701339441,33.718695596296925,-20.6743731276147,-131.18695147338713,110.51257834577243,306.6030124619749,127.7742352005697,144.2497457969086,152.2479490337128,82.78395257464761,221.24284683535114,-53.299965876824764,274.54281271217593,561.4061256106331,S1,1,199849,200104
-46.64996771593873,46.64996771593873,65.0837429521776,45.383632608761076,-5.724930060678992,-129.3348869336724,123.60995687299342,334.2476887440882,-13.93290938346233,106.19363538729903,111.32811249206755,110.45280742090112,166.22540611331124,-101.03902965835492,267.2644357716662,561.606930560582,S1,2,200112,200367
-7.453943955296919,16.379746100269564,19.891520164980452,18.44210654955438,56.181873913360214,-34.67692898698079,90.858802900341,331.58178246262884,24.84721554820542,111.98598263689914,182.6033678479047,180.90496352753348,645.350580358535,-93.00370760255574,738.3542879610908,1546.0085236665495,S1,3,200376,200631
-13.313983519933316,13.313983519933316,14.11127605176541,4.6761046438325184,-1.5601227378990774,-24.803746532654365,23.243623794755287,249.42917607234497,-56.825919626868405,56.825919626868405,57.33921752083398,7.655111002605144,-43.18757890916425,-71.6752902152858,28.487711306121547,273.4681404722984,S1,3,200504,200759
107.96964042503119,112.94016491281135,122.6199079481476,58.12227259581017,145.7825745413882,-21.226026479016078,167.00860102040426,341.29573323148577,-31.754872257202162,31.754872257202162,33.66510686982547,11.17888672836175,-6.387012186370122,-58.14534651228647,51.75833432591635,372.2686127060873,S1,1,200887,201142
55.12137364681543,55.12137364681543,76.05203728691826,52.397963154868606,150.8474477951416,6.309094682746495,144.5383531123951,305.6480424977099,-60.16420122424474,60.16420122424474,63.842294114302184,21.356671295537847,-11.203664267615187,-92.24091590036663,81.03725163275145,369.5317206308853,S1,2,201151,201406
49.61117421898511,49.61117421898511,52.65953434983222,17.65666872755634,98.19157224013063,19.02429221677182,79.16728002335881,245.6150090297215,59.09267071989109,122.8242082512659,222.97088702419202,214.99784354161676,762.0947162272237,-80.03172960893134,842.126445836155,1885.15456091314,S1,3,201414,201669
49.26856858734587,49.26856858734587,49.754807632481956,6.938950345641598,69.38022207917201,25.143081314756564,44.23714076441545,269.1217304896736,-33.44111696419968,34.26079487900601,36.10666434462845,13.615539147693688,29.277437499162758,-59.99341131179154,89.2708488109543,490.62185597556066,S1,3,201542,201797
-229.3295258114322,260.55306544898167,281.53487404111246,163.30907474004223,83.83213701363763,-331.27973139278936,415.111868406427,619.9114077677991,104.03779863093993,112.65021918205473,123.52505892449383,66.59261699563751,179.8938746269504,-25.696791364656953,205.59066599160735,481.11725638642247,S1,1,201924,202179
-58.211975552073554,144.34319099154322,186.41171931934946,177.08951127020686,72.96459553551341,-328.466854049594,401.43144958510743,577.4499910420269,-8.937589709365255,91.36748044780475,95.69444464924354,95.27615770440254,138.82945728855105,-87.47550422005415,226.3049615086052,531.7172597025406,S1,2,202188,202443
74.62605190054181,74.62605190054181,77.55337882314004,21.106372133152266,154.86575510843406,53.23913656452933,101.62661854390473,352.59934451310403,34.15098596365338,103.5469943950797,188.77558821920846,185.6608005617193,724.0338320511377,-76.74556614102494,800.7793981921626,1797.6444154629603,S1,3,202452,202707
63.309968643543684,63.309968643543684,63.63090588588615,6.382793605625711,75.81325253073005,48.293627945544905,27.51962458518515,239.2249570896775,-39.12728764119726,39.12728764119726,39.6755873502301,6.573248316376861,-28.12343212022698,-55.84839809924743,27.724965979020453,326.0346062982103,S1,3,202580,202835
-33.01979269071627,62.723022307827115,63.108097751619226,53.78034299342137,66.8913311534264,-74.47698513829855,141.36831629172497,316.3308894115276,-96.76571720269884,96.76571720269884,108.79736543499143,49.73190826664892,-0.18870384107811422,-140.21309724229366,140.02439340121555,451.5649120272341,S1,1,202962,203217
17.92327460313721,58.609898608627034,59.92328471619952,57.18003391638769,73.89809704407166,-72.35436986815044,146.2524669122221,340.5216839630329,-71.21107741128533,71.21107741128533,77.76301970163253,31.242113997622134,-37.771692910654174,-124.2814132232095,86.50972031255532,397.42990015520144,S1,2,203226,203481
97.38549468462028,97.38549468462028,99.50658943444104,20.435918523673198,160.34577161411306,67.88303315589951,92.46273845821355,289.31935619512615,115.86242058257253,137.91398856647317,272.4306022364147,246.56506754129362,860.3645308648295,-53.51458968252022,913.8791205473497,1951.2351766888412,S1,3,203491,203746
92.75523256164328,92.75523256164328,92.83852957082371,3.931845025961707,102.4848365342704,83.33397125860807,19.150865275662326,186.69642499073296,-4.702091789269573,10.889557834116353,13.505137609355119,12.660137228833728,52.36380058545363,-22.235268838335273,74.5990694237889,425.44214076366393,S1,3,203619,203874
100.83392458912171,100.83392458912171,101.26523897390202,9.336395257099925,118.86044132568193,84.78138012226378,34.07906120341815,175.3886121563679,-9.304595344591316,9.404547421048605,10.82017852760395,5.522750115896172,2.7158704815917467,-21.62706805878013,24.342938540371875,394.5838943887007,S1,3,203747,204002
-81.79911420651372,147.72275534431648,188.22728491937426,169.52408590860776,71.6605797423972,-305.2736576975203,376.9342374399175,571.421227368515,-32.65733235821662,58.19189179261131,62.676062918951736,53.495677454027756,45.89864649980536,-99.69108034484398,145.58972684464933,469.9026335120213,S1,2,204264,204519
42.26763734713688,43.700548857314196,54.719869931507205,34.752136602113914,125.99915788465614,-8.949981398434854,134.949139283091,314.0802986695593,94.24703708638785,126.33066325295214,244.1975669147682,225.27749041466555,814.1296635225515,-62.585099139749246,876.7147626623007,1850.3450502153614,S1,3,204528,204783
-6.1656336763868556,21.982055479347892,25.400164605735597,24.64048139479153,42.979950264380655,-42.92961431296072,85.90956457734137,248.39067336426592,-9.691616621754099,13.150928252712099,15.009879858508421,11.46163429113826,39.89027285857799,-25.344401606289424,65.23467446486741,287.4037374749289,S1,3,204656,204911
-33.4737758768903,33.4737758768903,35.1175985150789,10.618477009910107,-4.796187573802575,-51.93151685509181,47.13532928128923,266.7651460860776,-4.187018394626098,7.955777457814764,9.807900016668206,8.869260380664382,14.580732090265629,-19.52414209951732,34.10487418978295,358.8481894001143,S1,3,204784,205039
210.57721619511864,217.78745323337802,231.97358024139822,97.30867355753387,283.1628825715029,-36.57018336655824,319.73306593806115,543.2980823489476,-122.96753822060637,126.27334741053556,134.6250024880017,54.79850215889275,20.240499277563362,-157.11115430070615,177.35165357826952,490.8552377253084,S1,1,205059,205314
-125.08333501053168,125.08333501053168,127.6130516139792,25.283398602150314,-57.02569108931574,-160.71195493213418,103.68626384281843,339.40161928511543,118.22997527205592,118.59469630469533,249.75259817108483,219.9955300463544,844.8087764087911,-4.610125033222666,849.4189014420137,1912.7275157161926,S1,3,205566,205821
-152.08792862438065,152.08792862438065,152.54972855881314,11.860929563607764,-127.94095517862685,-181.75095981290295,53.8100046342761,200.69954488167326,15.679235323734918,16.311842493385456,21.944889689204963,15.353819170952786,91.92282478577481,-7.186891215465726,99.10971600124053,416.94635716089533,S1,3,205694,205949
-158.60161007359,158.60161007359,158.928363347708,10.185968704350685,-139.5432801019224,-181.75095981290295,42.20767971098056,218.30235065254402,18.646377273442855,19.115936731938312,21.79603730417524,11.286268503869309,41.13551419404494,-7.186891215465726,48.322405409510665,386.4333050599022,S1,3,205822,206077
209.693534869081,255.8247425753013,264.1783052490655,160.68229024499846,332.81153239309083,-150.8460049856399,483.6575373787307,776.6189026194513,-77.99523709947704,84.48546531703455,89.86999281985223,44.64704468648124,27.997377818925,-115.6674469220518,143.6648247409768,489.8463106393542,S1,1,206098,206353
-12.14609006694761,17.6703887236559,26.75328711891658,23.837174072292726,41.99576225427186,-68.11313828491818,110.10890053919005,406.086854150718,116.12951579607261,131.53828874405755,269.86095533485957,243.59571173403853,866.9925755831982,-29.126347837981253,896.1189234211795,2021.9523496647876,S1,3,206605,206860
2.430350655235702,6.460334129259552,8.854476424706622,8.51440828527037,26.498873592641484,-17.578341321705174,44.077214914346655,229.61957130690755,-10.858982788790396,17.856377083822892,20.856103371119985,17.80616580344001,74.28547418203534,-33.90525623478072,108.19073041681607,448.7365234037546,S1,3,206733,206988
12.137821653879023,12.146028288853786,13.914532128620706,6.803491005141653,26.498873592641484,-0.37290640393543933,26.871779996576922,220.69164300588562,-13.203505779334161,14.084131530029598,16.80484843609652,10.395689784485926,6.240594620357691,-33.90525623478072,40.14585085513841,388.7500003575517,S1,3,206861,207116
-141.4289623408483,145.78649933321842,156.24457587260676,66.4094579167883,21.482282172678055,-191.03275503382218,212.51503720650024,398.53172620555347,-35.511587687775,36.38759260475058,39.7729028788973,17.911196032305156,12.795745753118764,-60.173307146874905,72.96905289999367,376.9816309487412,S1,1,207135,207390
-26.789412106961606,52.97890397518482,78.84405577089976,74.15330423769483,39.36084649355984,-158.11787250782012,197.47871900137997,370.62695357011427,-36.11778001311513,36.11778001311513,36.86812846344341,7.400328595487324,-14.6761081141241,-54.86264143093607,40.186533316811975,407.73601336194724,S1,2,207399,207654
45.12756849888838,45.12756849888838,51.54835588086187,24.914565125607226,123.32002335016227,12.82399494328235,110.49602840687993,421.14113967834965,111.32903426199218,127.73882388566952,269.3598794376044,245.27655978697376,891.7764954352982,-53.864468877669594,945.6409643129678,2023.3797568430105,S1,3,207663,207918
37.715675389372436,37.715675389372436,39.489450759234536,11.702331015207832,69.8506520248274,12.82399494328235,57.026657081545046,325.53241950469095,2.464624079935565,6.533529085998415,8.128744995504224,7.746103752631819,23.16317997689433,-12.418329459380402,35.58150943627473,308.674625122306,S1,3,207791,208046
48.35196640242201,52.19215177625397,59.86583065968464,35.2987963759827,86.99330362027919,-15.297178372967046,102.29048199324623,289.36875079963056,-64.00405922384175,64.00405922384175,69.56414374820037,27.251614599712088,-12.057347948526166,-92.77192459454511,80.71457664601894,305.78877994492484,S1,1,208173,208428
-33.569967562855,36.549700385535296,40.16990274179111,22.060787930484732,32.16582456000382,-75.8156715428023,107.98149610280612,365.3669796088019,89.29523873402677,123.05810199761048,236.06708077644637,218.5269479166046,757.9196615373071,-50.67640135586332,808.5960628931704,1718.453373149231,S1,3,208681,208936
-54.189938913337144,54.189938913337144,56.13791260893423,14.660005206585893,-18.223133157104584,-75.8156715428023,57.59253838569772,279.29136535818714,-16.86274305489317,28.805123564846916,33.702166937602264,29.18019795948382,137.62605342312443,-39.84183151754683,177.46788494067127,363.9942554285186,S1,3,208809,209064
-64.22271360257974,64.22271360257974,64.47111563380841,5.654008187906447,-49.123844322781984,-77.3418317704688,28.217987447686816,241.95785134234728,-31.473539568782954,31.473539568782954,31.767248495350564,4.309800920878647,-20.4677116837246,-43.41824374522707,22.950532061502475,258.5853698422122,S1,3,208937,209192
104.30689465588539,128.8066567315576,133.20265410361748,82.84333882391505,175.7833218769153,-74.10805453371714,249.89137641063243,554.3116772131183,61.719030403907475,73.66848202006622,77.05525787829495,46.133220705821984,137.2226442845517,-40.76899592349022,177.99164020804193,448.62281303170045,S1,1,209211,209466
-16.808424026423403,88.7848621710876,94.66872589914375,93.16460993915643,156.2083739495233,-94.1593924255721,250.36776637509539,479.17071385503334,-46.76367123233607,88.60994005798835,89.4914617025341,76.30125012429421,88.67494857254331,-108.98446757451488,197.6594161470582,416.6509786726895,S1,2,209476,209731
-56.597645213048935,56.597645213048935,59.139150866247135,17.150676998841124,-0.00804894460840605,-76.9663300417187,76.9582810971103,296.53512253846463,33.84784012283041,132.79332473246996,206.3452113897851,203.550165763908,670.4551801706231,-100.14005884053371,770.5952390111568,1659.9436101374881,S1,3,209740,209995
-66.67145247970076,66.67145247970076,67.01480913287159,6.775106446559516,-51.07540093662717,-78.67378078757534,27.59837985094817,198.44677781515423,-67.61372557914258,67.61372557914258,68.0516839458921,7.708164579197099,-34.99442466499376,-81.24707369104559,46.25264902605183,275.16824129460207,S1,3,209868,210123
154.45214940664118,177.5516185816196,187.26808941905185,105.895565810522,226.47513014328632,-77.02247420125401,303.4976043445403,490.84186716248945,58.06128026959308,78.31479507182463,79.98178278460708,55.00884756891232,115.40638800812052,-63.25724340774666,178.66363141586717,431.59642424255065,S1,1,210250,210505
4.406592169121495,83.3919100561028,105.31989792722877,105.22767147883164,217.65177377296942,-69.13876768063604,286.79054145360544,455.47146470748106,-51.96345820585682,89.98198092344816,90.96044930006218,74.6565626596708,99.27236323364303,-109.88953308056745,209.16189631421048,390.3761694178861,S1,2,210514,210769
-48.35975483148434,48.35975483148434,50.666580652586696,15.11411617210214,-0.508567389839947,-66.03571206378088,65.52714467394092,262.7704900942193,66.84859620353302,124.71257537360707,224.99426451751424,214.83408540404884,734.5336134839307,-82.78963684536204,817.3232503292927,1688.904223786136,S1,3,210778,211033
-56.76644326881852,56.76644326881852,56.978850280135134,4.915312589659425,-47.77086239000013,-67.53456455735979,19.763702167359654,213.93254745106444,-35.53360209978116,35.78610218174941,37.62570900064493,12.371624776707403,7.271679481161463,-49.211843516966795,56.48352299812826,262.6876996608399,S1,3,210906,211161
75.55465194676265,97.64402598565236,100.95429949300832,66.95718897420633,126.0724835755792,-64.33936539390714,190.41184896948636,371.86734575352494,-23.98000914428868,23.98000914428868,24.393538505701358,4.4725699848036005,-12.947128059470252,-34.4234372945277,21.47630923505745,183.29144461774484,S1,1,211288,211543
-37.153042131509956,72.87008782849793,74.77155758658428,64.88788241496354,110.59601621168895,-77.71637839992815,188.3123946116171,454.81043311200943,-35.6560974446708,35.6560974446708,36.751251012864984,8.904895621328215,-12.33719753984846,-54.99023008168091,42.65303254183245,315.57213928157387,S1,2,211552,211807
-64.54077369753693,64.54077369753693,65.94733585381381,13.547680123882593,-17.607711401199442,-83.43236988947247,65.82465848827303,285.3942298487057,118.05367791397161,129.796436935483,251.74885407252418,222.3529056653259,797.9677446751369,-36.99761958149371,834.9653642566307,1761.1300531676618,S1,3,211816,212071
-66.81721592258667,66.81721592258667,67.03129989389663,5.3530198785298735,-56.397251646282335,-83.43236988947247,27.035118243190134,192.65141847755348,24.117492152512014,24.117492152512014,24.81885345690583,5.858503152588379,51.00408712237402,11.938303467199253,39.06578365517476,258.97582025866876,S1,3,211944,212199
-59.87749337770952,59.87749337770952,60.23741408047128,6.575092539615839,-42.74914513184546,-73.75939682695623,31.010251695110775,171.30479869787274,30.078388324570604,30.078388324570604,30.787557870661864,6.569952468297485,41.86722754256258,12.631321919540117,29.235905623022465,232.17750596431358,S1,3,212072,212327
43.694209934490125,77.82680076577529,119.66668724005287,111.40436281048125,245.5418239898393,-35.83908789788514,281.38091188772444,443.0145621832099,-35.38667312939719,42.99525088735302,76.7141110289292,68.06495570991048,32.49665357644062,-160.77291788826577,193.2695714647064,475.42293397579135,S1,2,212589,212844
0.6884143102938522,8.648709886092725,11.814401332904335,11.794327644775446,35.32699007288214,-26.08615146458997,61.413141537472114,298.17140251749777,93.50995557459062,96.13738946978901,213.99686128678817,192.4851808556569,740.7986103500422,-8.4433501404559,749.2419604904981,1657.403009658021,S1,3,212853,213108
2.411767804314904,4.391449069372937,5.595012564773092,5.048518758808254,14.746993186795386,-9.92538186594691,24.672375052742296,219.3988836855646,4.006229240666021,5.687416703100369,6.74115671091941,5.42156075981874,16.53320741978252,-8.4433501404559,24.97655756023842,277.9401887203667,S1,3,212981,213236
3.460865982233337,3.976358910758472,5.04404287716271,3.6694379950717186,14.746993186795386,-3.1422348562612576,17.889228043056644,185.62056687581088,9.121262121572173,9.279166099531295,10.229902845987008,4.6317911813795964,21.86487865012465,-6.010211916906294,27.87509056703094,281.18660063637554,S1,3,213109,213364
-114.17125739310535,116.42510428934497,125.09937449447402,51.134894975798524,12.992089012267174,-147.6247906176645,160.61687962993167,315.17601529821906,-17.226831655029592,20.520976059793334,21.328804040667272,12.575935469556725,16.456180958053086,-31.589246527360157,48.04542748541324,257.40867220062756,S1,1,213383,213638
11.559850773414029,12.875561863052484,22.76546989803934,19.612151074651,79.27400423814396,-6.906973714615617,86.18097795275958,291.1889158309329,44.98229295864125,126.36749529021303,217.11696484454228,212.4061433751133,745.1273155513063,-86.67735969356619,831.8046752448724,1798.7796783735928,S1,3,213891,214146
1.1118083800412855,4.651667065133211,5.821072489133135,5.713909961647331,19.091736146055386,-8.098141243941138,27.189877389996525,232.4019491657711,-48.9891237484313,51.265891385755516,52.707862208411875,19.4469661629216,58.43063507576646,-64.47488090338251,122.90551597914897,321.0483784277443,S1,3,214019,214274
-3.2617907599537896,5.399379529279934,6.498365126705796,5.620451081387161,12.212838759165145,-16.34263190210005,28.555470661265193,218.38958628525467,-59.772457671747006,59.772457671747006,59.8538955289367,3.121235952003696,-52.87491038066115,-68.24901493737316,15.374104556712012,270.82370320148203,S1,3,214147,214402
63.79010219568196,65.5433120521635,72.44208726219303,34.33189288063856,96.49054784523568,-10.832385244295512,107.32293308953119,293.6388695802851,78.97880017433401,103.89853905034252,106.8769538043629,72.00716893145113,164.93782348917415,-74.37640731130514,239.3142308004793,517.7763594023413,S1,1,214421,214676
9.591411473201548,32.79428222878929,43.03624956299236,41.953827029246064,88.84565786585571,-29.92510434361107,118.77076220946678,314.96713881489705,-57.3334850357676,111.71345764587107,113.48016013670104,97.93170190650586,111.4320368295091,-145.179444630993,256.6114814605021,518.0905442140418,S1,2,214685,214940
33.870666752002116,35.08393991557856,40.60349831189949,22.392454285746428,76.54647338782587,-12.714128176425548,89.26060156425142,286.6561534687868,32.174978930230665,150.34219314043312,234.487732348811,232.26981584555242,751.3785097719804,-110.01287116522924,861.3913809372096,1816.2271847344314,S1,3,214949,215204
57.83238889396668,57.83238889396668,60.795498968702724,18.748533000491893,93.69663288559504,24.080865511713924,69.61576737388111,210.64901125199395,-75.14862526331561,75.5657910317689,77.34098377115872,18.28419786931872,24.04376970827166,-91.66222211196087,115.70599182023253,324.2904377887195,S1,3,215077,215332
-231.16522682751798,271.7237379347537,284.5092444125334,165.85580502946777,125.66826555271247,-351.05962898830455,476.727894541017,681.2578100663391,96.1080306546516,123.09022762515971,126.20373734455961,81.79626986250132,172.61099780732408,-82.11462932042596,254.72562712775004,499.00970166623677,S1,1,215459,215714
39.409955813338584,182.04416838806515,194.37092259370365,190.33368312707617,162.89399771319992,-310.0037925376907,472.8977902508906,630.873094821203,-43.36514657427108,114.49098841712825,117.5936585085152,109.3056841340343,159.5776293906278,-138.16312144262744,297.7407508332552,493.47899191574356,S1,2,215724,215979
177.64025786678897,177.64025786678897,178.87647055062925,20.993582392504045,248.01099484459473,159.43884465352807,88.57215019106667,311.44029481335315,79.88835525579199,136.53322246064113,243.23540707537882,229.74184196538863,760.3872323401988,-101.23443228687006,861.6216646270689,1778.1851274204607,S1,3,215988,216243
163.98235526486755,163.98235526486755,164.15054075383017,7.428808219467547,179.1456507313005,146.1349648123183,33.010685918982205,170.1843630315305,-20.697132765648004,20.86892641723231,22.439952598131093,8.670649796151968,10.51144732579803,-36.44085810017535,46.95230542597338,247.72191711466849,S1,3,216116,216371
-328.66171415489373,370.67898732172813,389.5372655379228,209.09509533111736,138.5702958567542,-454.6413998286475,593.2116956854017,746.5930809001619,-96.59077664329621,99.4572653972874,108.02762932481487,48.375516172796196,13.985649296626699,-128.514818377462,142.5004676740887,351.0571870239599,S1,1,216497,216752
-90.53365940350886,144.8637022677084,232.65159663123424,214.31383980058771,52.01120602487844,-478.86364771800856,530.874853742887,748.9413652996853,-62.22582089095463,62.22582089095463,70.45040984271132,33.03342945340115,-32.055759523830886,-128.69526268818683,96.63950316435594,279.2660753712264,S1,2,216762,217017
10.436888128674573,33.03490210996676,39.26141476325832,37.8487787834975,102.18785981462916,-45.93887253201742,148.12673234664658,437.27046514193086,119.73833911720098,131.38112526315774,242.56273298985357,210.94883166531446,758.2314564353007,-48.14792196624237,806.3793784015431,1672.1119315737776,S1,3,217026,217281
-35.958894616040304,39.51706843745407,43.020548042396385,23.61621163228013,21.65298099008165,-72.59798900474445,94.25096999482611,274.0911569190544,12.906708924854605,13.064884914108438,18.256942214860967,12.912505712132365,62.56596485038251,-2.164001202175992,64.7299660525585,259.05670124234047,S1,3,217154,217409
357.59052584924234,386.04497398875617,417.3068814891111,215.11403757316572,493.82588581486135,-83.81817362134603,577.6440594362074,765.9457749914648,-10.342672544533093,14.161551009446285,14.998576994143539,10.862156161914319,15.938071447018105,-24.840856715740237,40.77892816275834,274.0096399429261,S1,1,217535,217790
34.433823671596826,172.77417035251793,231.04246501786048,228.4621028286369,473.3815744508672,-107.97539714900356,581.3569715998708,752.9402680087367,-56.44087747815747,56.44087747815747,60.623979637421016,22.129036503518517,-12.265928460660344,-88.99760852618284,76.7316800655225,333.56728753161804,S1,2,217799,218054
-49.48144335942658,49.48144335942658,52.64270068428994,17.96776832006692,-0.7075252299954305,-82.78696581028532,82.0794405802899,362.4356099934845,57.90846460909178,127.90994682784746,228.71251357274127,221.26008133275855,769.2989884609436,-67.40662224472361,836.7056107056673,1771.9128516578603,S1,3,218064,218319
-32.267400212923626,34.671983655586885,38.761864223150845,21.477825810658718,22.51168535321942,-62.73899901614803,85.25068436936745,533.547539412089,-47.03461079426223,47.03461079426223,47.49848494274615,6.622043437531481,-29.188349214875554,-62.79595666029657,33.60760744542101,240.59969768184635,S1,3,218192,218447
-202.3153271010122,202.38602360901112,222.49895383487086,92.59747770659,1.9622674074782231,-261.8459489291955,263.80821633667375,467.7596241487667,16.76533338609635,24.430062408291384,25.180390782483453,18.78764690991452,47.60544451355705,-29.53285711327683,77.13830162683388,257.23968101310675,S1,1,218574,218829
-23.593559891212415,77.31274921090126,109.27433526489868,106.69688036322925,49.981512095702705,-231.80080680470158,281.7823189004043,432.358404485238,-30.89044668706459,45.64045168741289,47.76497114145232,36.43175498953342,38.332541586466746,-76.75893384679857,115.09147543326532,294.1917768456049,S1,2,218838,219093
61.50456408829913,61.50456408829913,64.04301479551243,17.85206823890522,114.90549545642682,39.70930754227748,75.19618791414933,291.49676159706985,106.5725949810398,126.50537120950622,250.45416937142213,226.6485670692322,787.2658047711516,-47.17435129337743,834.440156064529,1745.7939661024593,S1,3,219102,219357
44.705220099536675,44.705220099536675,45.940588522283825,10.582106105392187,72.78726612257931,26.851063038763044,45.93620308381627,228.28231994160996,-1.8061658261365836,9.765671218801547,12.978033718394883,12.851736233065589,52.266103934530605,-17.38333290889197,69.64943684342258,248.27338498102526,S1,3,219230,219485
27.734684122136223,27.734684122136223,29.307989740639062,9.47341328575552,44.936162406232064,10.720086892917626,34.216075513314436,201.08347383599542,-0.05625462432403383,5.637545729055393,6.948904819931512,6.948677112494835,15.461747052329663,-17.38333290889197,32.84507996122163,209.39052546635912,S1,3,219358,219613
-17.67061982168448,47.584549330191294,50.51616073179464,47.32474712238833,73.2903713655691,-73.79727488526805,147.08764625083717,297.9151070613111,-51.72816716984387,51.72816716984387,75.02287408144434,54.33809305348265,-8.514784034556726,-158.54756134548185,150.03277731092513,473.4870748660466,S1,2,219876,220131
-84.0897244500123,84.0897244500123,88.30743487513756,26.96518674416449,-23.628222916564653,-117.96239125984542,94.33416834328077,333.45369485891166,120.51301560238346,140.6725476867517,284.54683049038346,257.76638999788685,894.1311945261501,-30.365855303000416,924.4970498291506,1912.2142404365004,S1,3,220140,220395
-107.25185769976781,107.25185769976781,107.44201005680411,6.3894088142136365,-75.16618149709362,-118.26816339588655,43.10198189879293,247.56198710728577,8.302583310210984,34.959657725149775,65.94473927190958,65.41999501694524,355.64235402545233,-26.661093609327185,382.3034476347795,515.3396659181496,S1,3,220268,220523
-109.5296440976879,109.5296440976879,109.79105344880537,7.571821526704166,-99.2960071985031,-128.13384611458278,28.837838916079676,204.09324811759348,-13.644757694040184,13.645318736489742,15.07948115248475,6.419605852314767,0.07181343354325331,-26.661093609327185,26.732907042870437,226.65591323901717,S1,3,220396,220651
296.4011474395209,343.30717089515025,362.90452387555376,209.3944919186696,432.8877316083122,-132.32077550121056,565.2085071095228,762.4706309681947,10.491240238995001,12.60279564441103,13.580546740576068,8.623521787568198,30.941839912085964,-8.508538581077115,39.45037849316308,265.2462024571664,S1,1,220670,220925
-44.736499685019496,44.736499685019496,50.32095608079325,23.040056788501488,-0.33374573067587315,-91.76194840992015,91.42820267924428,316.2386440813183,79.81316204720326,124.12688319150342,240.63449568397593,227.01281831013043,801.4176313437428,-60.9578446835482,862.3754760272909,1809.6222536223875,S1,3,221178,221433
-12.995535071310753,24.63197399460286,28.718486875478767,25.609911296749512,26.62373320685795,-61.92293787733219,88.54667108419014,214.09299922035916,-23.40648578770683,23.440322262192563,24.51430631829167,7.286126360207669,1.6887941306867296,-34.903596219403674,36.592390350090405,232.03910119678415,S1,3,221306,221561
24.544773314932655,27.135996379220565,31.251193712652736,19.34402262675258,56.808907023058076,-21.354452791173554,78.16335981423163,222.97711083765637,-17.997369248580714,17.997369248580714,18.872644763951588,5.680794004058812,-7.531827787200991,-31.764412580784665,24.232584793583673,249.67521460766653,S1,3,221434,221689
-250.64041807464196,263.69835470129163,277.417518147209,118.9111441469038,62.16285879807877,-339.3493717118043,401.51223050988307,618.6587439458076,-40.73516343433094,40.73516343433094,42.18643775874809,10.970049715068463,-17.40768715461009,-60.29212358253503,42.88443642792494,295.43154156298607,S1,1,221709,221964
157.3636116203847,157.3636116203847,158.39299467211893,18.028713181772787,211.76319674294933,127.23315216016447,84.53004458278487,287.5420286938227,94.5167133405964,119.40143322516953,233.0597366240755,213.033874617571,780.665657364967,-63.2856282651244,843.9512856300914,1749.1455944727716,S1,3,222216,222471
154.88059461773895,154.88059461773895,154.95304078513894,4.73774834879859,165.49587211424745,144.08994328435227,21.405928829895174,191.91457775194257,14.515437098960426,14.515437098960426,16.891353915241176,8.638282405435513,66.5166356907863,4.4590302289900485,62.05760546179626,284.59721113782393,S1,3,222344,222599
151.10264942020433,151.10264942020433,151.22636376111402,6.115752987458055,159.6464267067651,135.12375849925414,24.522668207510975,164.24949262824356,17.073615788646073,17.073615788646073,17.61152153719857,4.319413705227203,26.28618052206343,4.674248586564037,21.611931935499392,250.13664530634432,S1,3,222472,222727
-197.40365665588476,235.55829149020875,241.00742825968365,138.26198615393943,143.98462790080532,-277.60990349866114,421.59453139946646,615.4135211808785,-63.07084684712608,68.50449705957087,72.00544210048258,34.739775043490376,26.160253094535452,-97.44227869203164,123.60253178656708,356.4868313456199,S1,1,222746,223001
12.33992307260992,129.35765969528921,147.25528356660993,146.7373327985921,111.32636496851575,-271.38220826906615,382.7085732375819,574.8365861630924,-32.853787975251464,32.853787975251464,38.051584253441426,19.197699858940762,-13.25465000587185,-74.84086089584946,61.58621088997761,294.6447080840858,S1,2,223010,223265
104.80698045425655,104.80698045425655,106.96013653480864,21.353399158119856,178.63324375159647,76.57512278730808,102.05812096428839,326.67167556190856,106.7927554354504,112.415046962692,231.88787718324636,205.83317266917015,801.9617315948975,-24.383124156612055,826.3448557515096,1735.7338073741741,S1,3,223274,223529
88.746702092313,88.746702092313,89.16012620554234,8.576186374285777,113.71656931736335,74.1758693257097,39.54069999165365,254.30587599511125,14.758529957758558,14.758529957758558,16.446151841457002,7.256838421668397,29.103662415559505,0.48907285793953026,28.614589557619976,250.54753731908045,S1,3,223402,223657
-120.45924221425079,140.53596312598762,145.49506061042612,81.59891927715724,76.45637539576676,-183.08873718296232,259.54511257872906,382.9433313118309,-111.0190553443253,119.55850933443793,126.77255902667585,61.20499221979896,33.485188209814815,-154.31952006684313,187.80470827665795,454.7490234390084,S1,1,223784,224039
-58.62462308698227,58.904653266958356,87.65962351417477,65.17179729419873,4.489343474421031,-195.21308333561015,199.70242681003117,364.5785937958084,-46.04546575264199,46.73475354487565,67.11352043527853,48.826629095595194,16.51899370440757,-150.22975030841138,166.74874401281895,463.1938347457874,S1,2,224048,224303
-65.87924265854534,66.06998229719564,70.0187030252986,23.718013409252027,5.854707617404326,-102.42817442637453,108.28288204377886,314.2301388882879,97.22200193038293,121.04703823901568,249.81770186124146,230.1233723546584,845.3096513620194,-30.762616091707685,876.0722674537271,1877.6538680842823,S1,3,224312,224567
-90.26746958900812,90.26746958900812,90.72993521118293,9.149047897073705,-67.21963923119385,-113.54490447740399,46.32526524621014,214.2037499036419,-23.130976716119022,24.463629182075408,26.426959485346906,12.780536131106803,18.7789141909287,-40.17229346156948,58.951207652498184,229.70417461954375,S1,3,224440,224695
274.14790381692495,320.83588594817445,344.7227765040428,208.98975925495088,410.308688799181,-116.15655860055048,526.4652473997315,668.3991685974573,40.6860657390916,45.11730017904152,49.476697071023395,28.152932489034452,66.86657997291766,-20.995286428081048,87.86186640099871,324.5536633511939,S1,1,224821,225076
51.89320474579858,171.50340384821618,223.51838085503906,217.41104360466358,413.94103113782694,-97.12008413965954,511.06111527748646,675.4950316166734,-48.11024819926864,66.09170121507809,69.97144984109019,50.80755663352617,44.23452842360066,-101.1186739577559,145.35320238135657,322.12400027668787,S1,2,225085,225340
-56.38955532650965,56.38955532650965,59.895566831304464,20.19150752474334,-2.6773996888594445,-90.59827940072586,87.92087971186642,299.88018497474894,60.79792382453737,118.29866290818825,214.43856435349053,205.63927236938926,743.253835538059,-77.02136990109862,820.2752054391576,1731.3986121988205,S1,3,225349,225604
-40.41441777873084,40.41441777873084,42.68280833082867,13.729419602170474,-11.755932129673495,-59.68205558720534,47.926123457531844,214.96952954909813,-16.76513961399843,28.23144787800313,33.19560314208564,28.65097139173446,141.65867025624175,-35.486480823916445,177.1451510801582,386.0401108877551,S1,3,225477,225732
-17.979315412103688,18.251815834489257,22.886801488904794,14.161564168714747,3.6250491478494578,-47.063944804144874,50.688993951994334,216.8811203305903,-20.251139291032054,20.251139291032054,21.520506771097327,7.2817284417962,-7.1034365326387,-35.44298959112521,28.339553058486512,291.500452270572,S1,3,225605,225860
-10.404108944019471,38.25294055424458,52.96465516679071,51.93273740154685,41.15240471329373,-110.45903977512499,151.61144448841873,375.48635554648627,-16.9494047599499,17.946913342253918,26.16161511065879,19.92856702027614,15.532032389788188,-57.94155493650445,73.47358732629264,314.69445885198024,S1,2,226123,226378
46.89260306162442,46.89260306162442,49.760472907926264,16.64897720958847,104.0652485339693,20.75328242219685,83.31196611177245,266.56477778292907,119.8620540595733,119.87199354325473,243.258318501411,211.6782877783025,842.7118751691406,-0.520451262386705,843.2323264315273,1831.3103835013721,S1,3,226387,226642
48.005530218916604,48.005530218916604,48.170730722505645,3.986021417508141,57.2242887173341,40.16440994933372,17.05987876800038,198.37385981827924,27.392339996335913,27.392339996335913,28.09478686111008,6.243136895530923,57.27175446434296,14.373283466537154,42.89847099780581,344.7660347903906,S1,3,226515,226770
52.479741821885625,52.479741821885625,53.072702220937465,7.911284304114551,79.89541057377947,38.82509742368109,41.07031315009838,196.89385444136693,32.286242393789365,32.286242393789365,33.042764410970136,7.03013741034645,47.73770023064589,18.85871067396507,28.87898955668082,309.0365662029509,S1,3,226643,226898
7.609405976760165,130.026706318553,132.76481494083208,132.54656927644052,129.73882550212812,-177.75584312163062,307.49466862375874,494.49546135819116,-74.0005878307657,74.78248053938616,109.90488767541495,81.25882927809573,17.032272525979558,-188.69164426438337,205.72391679036292,509.50114328075546,S1,2,227161,227416
131.56526478260747,131.56526478260747,132.68684127193654,17.215660004962675,184.0215244925282,110.65667284930133,73.36485164322686,292.9625920205183,96.34774394245925,118.97568900476692,235.5336458216661,214.92605833459183,767.8484050871658,-32.797515639205265,800.6459207263711,1689.4598412796809,S1,3,227424,227679
120.08707444255703,120.08707444255703,120.28103403087952,6.828008447956465,133.764193784091,106.26848758897248,27.495706195118515,187.83329227986147,-19.745905405243334,29.609269906823577,32.64975827804316,26.00203713830572,83.38531952164733,-49.18607902858575,132.57139855023308,268.21487048296797,S1,3,227552,227807
115.76439135297495,115.76439135297495,115.82894627614807,3.86658636500639,126.14022067228987,106.26848758897248,19.871733083317395,163.7004113763069,-41.96823386996715,41.96823386996715,42.52716125596291,6.872175079726582,-28.02284011688438,-54.52980026328013,26.50696014639575,233.64543189729224,S1,3,227680,227935
-238.49967429505023,269.5411371197753,280.4232995819051,147.49621117017827,115.38494453562235,-318.00302059681303,433.3879651324354,590.7350060003573,117.50646344478645,131.9732353072397,137.41922336194804,71.24797539649835,185.51465137917302,-59.174557662663275,244.6892090418363,539.3115955128382,S1,1,227955,228210
86.06360726759539,86.06360726759539,88.3436097007526,19.941135350024847,149.87078688462947,67.06518674346758,82.80560014116189,314.9183503251767,33.426243542270115,125.32857451865561,214.90149203853238,212.2859805145885,768.535560269816,-92.93411701110175,861.4696772809177,1911.7819267151358,S1,3,228463,228718
72.03564735645637,72.03564735645637,72.47674485639511,7.983987407007554,91.42430786192807,53.850920036237596,37.573387825690475,220.56217138546378,-46.38964785275613,46.38964785275613,47.19125893782254,8.661148436200284,-27.74064688950864,-64.35714991487693,36.61650302536829,306.6481040824761,S1,3,228591,228846
62.73430191189527,62.73430191189527,63.19466534896228,7.614006316946902,81.78200069619415,49.64479165165783,32.13720904453631,192.21344586145403,-31.892547098761117,31.892547098761117,33.23987449889061,9.367747661807591,-14.987076291737067,-49.67505077377837,34.687974482041305,278.73082636063396,S1,3,228719,228974
-64.1305334917522,79.79023924653794,82.3164326049707,51.60687697266646,53.24665034818814,-99.7291299707863,152.97578031897444,326.40130566974005,-43.993010967443375,43.993010967443375,46.432919793464706,14.853653643623607,-6.511087470348722,-64.14362705100494,57.63253958065622,385.20185834542224,S1,1,228993,229248
-6.47232770296872,38.41576112479574,50.40992775280225,49.992697368196936,37.64733630400368,-104.03897943097951,141.6863157349832,356.12922596692636,-36.07764179521478,36.07764179521478,36.90323802257928,7.762263783672425,-17.12772613897072,-52.377703416126565,35.24997727715585,384.62244114882174,S1,2,229257,229512
24.04207714010115,24.04207714010115,28.22474203411386,14.78562104484285,76.21392561334198,9.01987607616123,67.19404953718076,222.2198546883115,72.85590166778363,103.8144717717243,213.75648913097683,200.95734432405214,763.1528479110195,-48.63267771273044,811.78552562375,1726.135706512593,S1,3,229521,229776
19.390458479672223,19.390458479672223,20.03085821663623,5.024480156502828,32.57531174969506,9.01987607616123,23.55543567353383,171.61748681261383,-21.770997990184693,21.770997990184693,22.20468363950686,4.367106827403902,-7.3449522914078536,-32.70424848327246,25.359296191864605,316.66685151995824,S1,3,229649,229904
-64.31105008831591,77.92824521575818,80.22338841713508,47.95707336425613,49.70165394171904,-105.39072650961835,155.0923804513374,375.2653675219167,4.5155095350463,10.773633446373413,11.85906222248483,10.965743496711601,15.986926125400144,-25.839391477561723,41.826317602961865,256.47664165626134,S1,1,230031,230286
30.024922553693827,63.909098217143736,65.18565710793041,57.85908673870826,83.59155229863336,-74.9928933173866,158.58444561601996,324.1023921107878,-24.444335487002302,29.4213389414634,32.09286941110875,20.794872676632565,13.952088649830515,-45.524315067448136,59.47640371727865,322.3939417620595,S1,2,230295,230550
96.32809237964142,96.32809237964142,97.89903146766484,17.467655274996034,154.77502601461634,76.69758900593165,78.0774370086847,273.810043002915,69.17558365850309,121.07184163566654,235.5783778912946,225.1930521916674,816.0898874875361,-53.107704391265976,869.1975918788021,1878.4709765359048,S1,3,230559,230814
85.64639615358765,85.64639615358765,85.87177788080183,6.217480382960091,101.2426825632465,72.87315643262878,28.36952613061773,213.21364801385016,-40.47497489686335,40.47497489686335,40.817978854720565,5.280511801207947,-23.3881488880912,-53.107704391265976,29.719555503174774,265.60653039996464,S1,3,230687,230942
-281.8233616594343,307.1563474107643,327.93206086988994,167.6753690001871,82.3341213538734,-378.6268542423624,460.9609755962358,614.9608700913852,31.97592020564894,46.545980535782746,47.29475363594165,34.847299012784156,80.7918066741401,-47.84777622740635,128.63958290154645,356.54344364268866,S1,1,231069,231324
-59.621842676151104,155.8503976877937,204.71456749208568,195.8399602210233,78.76794067347036,-374.7772642260068,453.5452048994772,646.0020759046249,-74.85880794353068,97.21122443690732,105.46796595861954,74.2943518493978,46.075075848750934,-143.43310160147283,189.50817745022377,399.2922374707332,S1,2,231333,231588
96.71114050894589,96.71114050894589,99.21031271352209,22.127843324051433,173.13482129756218,71.27425691033572,101.86056438722646,347.3817981749147,70.23996799421113,163.37336679790994,265.9082130495281,256.46349577155314,807.531055929159,-112.25119516236668,919.7822510915257,1927.5503708401247,S1,3,231596,231851
91.47705686267564,91.47705686267564,91.62949323735819,5.283190198911958,103.26315471846155,79.69787358857332,23.565281129888234,205.39101581117413,-58.85962734352298,59.37404301665024,61.01316456152303,16.06706316640013,19.001438485168197,-74.60331958451097,93.60475806967916,312.7213427923682,S1,3,231724,231979
25.18512565107885,25.18512565107885,39.289800725748094,30.156224680957088,92.28208216806563,2.908273012617576,89.37380915544806,237.32458653921765,34.05172869080365,54.00584133570024,54.6867333695833,42.791571364040784,68.31735622594785,-66.77712097567853,135.09447720162638,353.97034561773404,S1,1,232106,232361
53.98308917696143,53.98308917696143,59.220391315181594,24.349144347090835,90.3351734203467,9.110372588985285,81.22480083136142,235.86922823826922,-36.451650317089346,61.210836830430296,62.017800056502956,50.17454247931932,64.83541151317446,-80.218947684807,145.05435919798146,353.60985028687844,S1,2,232370,232625
49.2870045298121,49.2870045298121,52.45783533553314,17.961505297947355,107.33184510558306,21.088103882779098,86.24374122280396,331.00896430622896,86.4630600448886,119.2053329734004,240.57422588287446,224.49966014855858,797.993077024599,-55.18243602539632,853.1755130499953,1810.9540832739742,S1,3,232634,232889
53.82227741131669,53.82227741131669,55.266364627669454,12.551235533515536,78.86638140253933,30.724121291590603,48.142260110948726,237.91471168502002,-13.118040199250103,13.823572673049732,16.428829496086493,9.890574297903024,9.626405956601811,-33.23713403937639,42.8635399959782,321.5975842023379,S1,3,232762,233017
70.47090815844325,70.47090815844325,70.9962043670398,8.620448819564896,83.5520928647625,49.49339195069513,34.05870091406737,192.84164846202137,0.46541656248317853,11.05321656336543,12.594031678117213,12.585428929233448,22.1768086375297,-21.780901858265732,43.95771049579543,332.4274477756036,S1,3,232890,233145
-73.01149332165872,165.73774322290834,226.19996208636132,214.09284128810262,91.36920038309371,-416.72614135777894,508.09534174087264,683.0315154669062,-34.11985934755692,34.11985934755692,43.83560503290795,27.52081878694814,-1.881184892949405,-85.51936888648949,83.63818399354008,304.6692434010462,S1,2,233408,233663
50.15603632978559,50.15603632978559,52.559607082692224,15.712552827984963,114.91724063047533,33.47206327966015,81.44517735081519,253.05016626727735,119.20487535499467,124.22264363514509,233.89486208964672,201.23867472117539,803.0641240612002,-16.753475972441198,819.8176000336414,1717.3667373499056,S1,3,233672,233927
45.42580703572053,45.42580703572053,45.766471309739565,5.5736838176108465,57.94192883305982,32.109403036179195,25.832525796880624,192.92250361700908,33.931083903929036,33.931083903929036,34.47522383701287,6.101033004063218,65.3917059066779,22.72171213568563,42.669993770992264,266.80680989966004,S1,3,233800,234055
43.60049171720176,43.60049171720176,44.06999120331229,6.415703132022473,57.94192883305982,28.314634307875412,29.627294525184407,214.178956886266,34.068759129967916,34.068759129967916,34.30590347667945,4.026743683856109,42.32746741195155,22.72171213568563,19.60575527626592,227.4117176448632,S1,3,233928,234183
130.70201503042205,130.70201503042205,137.60299483927184,43.029843779916334,166.4396513068234,17.80300615202756,148.63664515479584,326.07822323347017,-159.2844967107576,167.48856460565554,177.3281382477992,77.93406008948354,36.26873683062126,-217.58866693367293,253.8574037642942,501.3339618909844,S1,1,234202,234457
66.3818038128383,66.3818038128383,68.9536028561495,18.656244782845086,124.73449330000273,39.946337137443905,84.78815616255882,291.0777017404029,105.62507710770114,130.96357635652663,255.44074124293735,232.57969681967825,821.6134079379596,-33.581493057403485,855.194900995363,1811.3510924535672,S1,3,234711,234966
66.25705081098845,66.25705081098845,67.06741372892924,10.394286994183918,90.28722493687452,48.42239100329425,41.86483393358027,218.88727924972522,-22.115541875469027,25.446710112007686,26.76610212942828,15.077368164151226,43.43017018243302,-36.94122092626791,80.37139110870092,277.1072151892047,S1,3,234839,235094
81.82713497079337,81.82713497079337,83.01278379879204,13.98006639814548,105.9157137253128,48.42239100329425,57.49332272201855,210.0703717448173,-29.784204967848954,29.784204967848954,30.034672627067355,3.8707485384962563,-18.6358069084489,-38.23281576558505,19.597008857136153,302.40740142825007,S1,3,234967,235222
-367.7962868226019,392.3822784136991,416.62956087480785,195.71939708225543,92.5805070531262,-483.2883042102095,575.8688112633357,792.9218047711056,98.37469643277024,106.79240517468912,112.63008333735212,54.844824499119234,133.81614787369486,-35.896303333929104,169.71245120762396,403.0326680721543,S1,1,235241,235496
-41.95512127920358,205.8177036655736,251.74309879893545,248.2223913979919,132.3066554958847,-461.0178109213191,593.3244664172038,793.3316250958213,-28.29682003070293,98.77748071265614,101.16378623345348,97.12570010680943,136.34983783098915,-119.03242866269868,255.38226649368784,441.09297628581584,S1,2,235505,235760
108.78547281174036,108.78547281174036,110.8356162711303,21.219206849629053,171.39196802476576,80.8235332781257,90.56843474664007,302.84874454976267,48.77537235198057,113.71815439207492,211.63788380207973,205.94066357120502,775.4930556626413,-87.93687372954916,863.4299293921904,1824.821812406699,S1,3,235768,236023
83.19817211472406,83.19817211472406,84.16135339705768,12.69636020256135,106.35602605905297,61.488556459059176,44.86746959999379,259.7556961482906,-32.952898178009356,32.952898178009356,34.269748625271376,9.408622242870477,-10.276717787245499,-48.124527661293605,37.84780987404811,261.0541707843564,S1,3,235896,236151
72.18309318364695,72.18309318364695,74.6321048959731,18.961860131444706,109.98145668288424,25.2985801702272,84.68287651265705,276.3575826189515,-119.04323435972282,120.49035324777027,132.10339065908553,57.27140802183119,7.6293366728087175,-157.84603076760197,165.47536744041068,457.8548990768022,S1,1,236278,236533
-32.100602300187546,51.6409731995864,53.09733220422169,42.29512996989928,62.11664966952856,-80.34203022322023,142.4586798927488,260.65209632807546,-41.9101772691631,41.9101772691631,65.29073914904261,50.06413546537731,-1.1218128200185458,-156.71511214494603,155.5932993249275,376.7726171376128,S1,2,236542,236797
-77.75892063668009,77.75892063668009,80.05597209246645,19.03966725256129,-20.15020455758459,-103.19826429411411,83.04805973652952,299.94507960543467,97.37270026760726,124.68334330641846,257.8408311241268,238.74767315593928,862.1849459157092,-44.48353579514458,906.6684817108538,1954.8668544736438,S1,3,236806,237061
-99.29096777235851,99.29096777235851,99.94499497761042,11.41515395879679,-73.05991289164851,-118.3194370516765,45.25952416002799,266.5189997039844,-21.19627548060239,21.723405023459772,23.723405403404502,10.654476509181285,13.089532703205707,-44.48353579514458,57.57306849835029,332.23955352152285,S1,3,236934,237189
206.85914225208234,238.77076867219313,251.55941067773438,143.14828803468728,334.84586070248935,-97.81840454372339,432.6642652462127,946.6672653969468,68.06236900761932,74.23753861685621,79.8543876271875,41.764065276069296,130.57178424857258,-23.4754307756343,154.04721502420688,421.6587641307744,S1,1,237316,237571
6.646519378667037,94.58890706243406,128.04449862227463,127.87187887717413,298.5481782738553,-79.12514618283065,377.6733244566859,711.7643724953457,-59.83250574944901,87.78796375813903,89.26090675554771,66.23881589041831,91.77973358324559,-123.16205672377156,214.94179030701713,480.82381713750175,S1,2,237581,237836
-5.457744529336437,15.196642721095227,19.805464225336717,19.038630145932,48.291822970909216,-47.31139345710349,95.6032164280127,328.3917666522647,91.33596551884945,125.8876204020231,249.74314772785434,232.44221053792364,838.3312874142591,-92.65762102410372,930.9889084383628,1962.500109817814,S1,3,237845,238100
6.893569992069971,13.376474297500963,17.461809957951168,16.043487768313813,42.02784107700852,-16.870342595147033,58.898183672155554,205.5792196947209,1.1466408963537922,5.8072510913401025,7.454309826144238,7.365592280255507,24.022164973850927,-15.93045738286963,39.95262235672055,312.7376518852078,S1,3,237973,238228
-211.5351600145242,229.54060288914567,245.5655321793594,124.72091513519948,58.718682873730494,-302.46455656252436,361.18323943625484,515.4691684853808,-149.79294183067492,159.1903073098448,171.56514336043207,83.64611762656797,32.03740657016415,-206.3897201978631,238.42712676802728,472.06704218913774,S1,1,238354,238609
23.096959473935094,106.85772155150802,123.76711914068342,121.59288730613943,91.25166288597913,-258.5371116568438,349.7887745428229,591.0821920926776,-26.133487540400804,40.27949434368359,72.45170426543368,67.57433151679398,28.393481294628153,-185.0074832143064,213.40096450893455,511.26437983329765,S1,2,238618,238873
82.46371427084111,82.46371427084111,84.92424851203674,20.294428151373243,151.00253897828367,60.6757619088499,90.32677706943377,283.9619415355657,158.63074076627228,158.73401488203925,294.21226858553734,247.78447705655833,911.321788768417,-3.219622409594323,914.5414111780113,1913.8925231867718,S1,3,238882,239137
63.78946327152697,63.78946327152697,64.31861364140046,8.233373323386703,84.6227146361489,46.689445089009794,37.933269547139105,216.62544502618192,21.84196457578036,21.84196457578036,26.357514370304607,14.752869119299119,83.07230194668392,8.669118142886004,74.40318380379792,253.91838922673804,S1,3,239010,239265
51.079772041865766,51.079772041865766,51.672088753888204,7.801387334360978,67.99236147156192,35.38285742740233,32.60950404415959,204.51609062370585,18.311325795961864,18.311325795961864,18.74303169396636,3.999573061611586,28.48763428385705,8.669118142886004,19.81851614097105,194.83086062267836,S1,3,239138,239393
-21.303637821894668,23.2894166741011,33.804617642502706,26.24704153822568,7.763184664521628,-76.06922147298529,83.83240613750692,221.10596104148436,-62.18679490208511,62.18679490208511,82.5200106355922,54.24347606029919,-6.980629029110499,-171.49394106737694,164.51331203826643,466.5108325575104,S1,2,239656,239911
-16.500841368413425,20.421851962964574,21.29415414240223,13.459689252536343,36.185826641993394,-28.924027904197615,65.109854546191,293.6150583597082,133.3813364760485,143.7860639170323,283.2268412431487,249.85368254327352,904.3078157644752,-32.221036951546125,936.5288527160213,1961.0786010487348,S1,3,239920,240175
-22.243395317986305,22.243395317986305,22.576540791893155,3.8641375306529273,-13.462494104619221,-31.367187371703434,17.904693267084212,189.96756968187438,5.829185120637308,14.830527590865902,19.702064968386022,18.819988439099646,62.59941591519071,-14.449268194757932,77.04868410994864,263.0155592072691,S1,3,240048,240303
-22.34549774518773,22.34549774518773,22.58193647769546,3.2592308298865538,-13.708569546726643,-31.367187371703434,17.65861782497679,181.8654772790818,-7.696894900921289,7.804319476902499,8.353357788935137,3.245981397687788,4.141109769979855,-16.675203894230872,20.81631366421073,242.53335796850368,S1,3,240176,240431
34.6740245628598,36.030232532792326,45.370545184142465,29.260867911265183,87.53981967832513,-11.486358470481768,99.0261781488069,267.30644804985684,-40.98236741798205,41.618275968260726,47.774802246794266,24.55355963068944,8.926153992884526,-67.66602270498399,76.59217669786851,315.0924289863593,S1,2,240693,240948
72.73072615484026,72.73072615484026,75.28324529489493,19.43729649722292,124.0943080979339,40.194110969075595,83.90019712885831,310.2612898501294,89.35273592773711,135.49334885507636,257.7552693039212,241.77234630156732,840.743365491175,-68.17600333067034,908.9193688218454,1899.6746715945542,S1,3,240957,241212
84.35637473735245,84.35637473735245,84.80332678980895,8.695186932463987,98.95628249587263,69.5536986035324,29.402583892340232,195.01413103185905,-16.811077150339266,24.77526358531358,27.33224799577238,21.550857652254685,98.68339971337389,-32.98171391950246,131.66511363287634,323.11021090130566,S1,3,241085,241340
99.5746491394905,99.5746491394905,100.13179641171249,10.548265325825017,120.86902477988406,75.20172995698901,45.667294822895045,177.2660385621238,-19.938967070888616,19.938967070888616,21.375645080914467,7.704271203121175,-2.5731386711072775,-32.55744400555735,29.984305334450074,277.0524322475614,S1,3,241213,241468
-337.9398894111004,367.78436925462995,384.1759815864483,182.72333176889126,126.3118361487046,-438.8267454287135,565.1385815774181,801.4641759200912,-87.60328472730498,87.60328472730498,93.25462403603782,31.970133079008242,-2.4888328316992983,-115.65210708316665,113.16327425146736,426.62672786254336,S1,1,241487,241742
111.41819850954819,111.41819850954819,113.65125431263165,22.418578182422504,173.27770724918219,71.36034176408157,101.91736548510062,326.60380893481954,106.80566140105933,121.08460747735586,250.8394051524248,226.96466216110514,874.3721208138942,-38.037991057501806,912.410111871396,1900.8635258528036,S1,3,241995,242250
95.17923650459812,95.17923650459812,96.01945935489506,12.674758901380418,123.64560421586407,71.36034176408157,52.2852624517825,390.45876006442325,9.536700036546598,11.647068454488274,14.635658493889217,11.101975137906036,53.13255849476132,-10.553137857573759,63.68569635233508,279.0160936234111,S1,3,242123,242378
77.48510711374348,77.48510711374348,79.309517958304,16.91324375601096,112.82333549598036,43.7027994368368,69.12053605914356,416.4155359605145,-3.906476780831969,9.148880314461431,10.5679475514145,9.819417223556012,15.113509775810734,-25.427016702776413,40.54052647858715,342.5213715595188,S1,3,242251,242506
32.083225855293456,32.083225855293456,34.518120648509715,12.734491423818312,59.39247962856126,3.6817314403995383,55.71074818816172,232.53575714958959,-24.249422603896257,24.249422603896257,25.001268674770586,6.085140813959061,-12.378326172719694,-39.6431278235938,27.264801650874105,267.54828002592865,S1,1,242525,242780
-20.997389250608876,23.319273284639074,28.54128522101059,19.331699530188555,13.5903701243353,-56.03924669646996,69.62961682080525,264.8168579863284,-22.513084027847462,22.513084027847462,23.3614779958547,6.238565676971156,-11.408987631247584,-35.587140737406095,24.17815310615851,197.22981123179528,S1,2,242789,243044
-50.79281696018614,51.460936412370565,54.80305529100748,20.578255865798038,11.405875863202448,-73.45094819411297,84.85682405731542,302.8495035993316,114.61440613693256,126.43740596688114,261.779364146049,235.35499442031815,847.8675277017455,-22.83347437179628,870.7010020735418,1883.382056710052,S1,3,243053,243308
-65.53496166076287,65.53496166076287,65.79344156717889,5.826298428343968,-52.257421142851506,-83.36823499428073,31.11081385142922,269.94328920673996,0.5081676471568985,8.766268628323928,10.407666256330776,10.395252885117769,22.04478908431238,-21.67201733332049,43.71680641763287,320.74320715662236,S1,3,243181,243436
80.47342119797838,102.60888658145248,105.11629295593602,67.62738739217218,124.00180067234619,-69.91297143012301,193.91477210246921,351.2274564340036,-114.74272701801199,124.01144238620981,132.62987812687192,66.51910378544555,35.29653273467233,-162.29349872144638,197.5900314561187,436.5087134977112,S1,1,243563,243818
28.574916985551965,41.069963834344165,65.01739261529889,58.40150222178138,132.65866672553423,-27.07996284351829,159.73862956905253,370.4007066997385,-54.61167597718101,54.61167597718101,80.67851668952133,59.38508147830365,-2.861621257838517,-159.65162254964562,156.7900012918071,397.102352196874,S1,2,243826,244081
38.83657972040427,38.950354404545145,43.185844825225516,18.88748974557342,84.32618309825162,-3.2085751061654486,87.53475820441707,332.9069989049191,80.07355729930224,98.00190200782541,216.6318273651474,201.28977631513823,799.2085394944671,-38.336516572441305,837.5450560669084,1816.8342261223368,S1,3,244091,244346
53.134290783258436,53.134290783258436,54.152946979515306,10.454128826752342,75.54673467462617,27.811204638402586,47.73553003622358,251.10538453641243,-11.678272032914137,12.660316989491676,13.600553310244331,6.97086886048314,12.60625902993002,-22.939777839946263,35.54603686987628,260.17698550575943,S1,3,244219,244474
-194.95744538916736,225.46958169295158,235.72961921746898,132.51433078630683,100.70373547664853,-272.8421260047666,373.54586148141516,550.4863902408218,47.716032199794284,53.42291111125532,56.47037594001286,30.200722340940427,84.88647904617466,-22.415320462098407,107.30179950827306,368.13753390037084,S1,1,244601,244856
-34.94908155245514,92.30320315275188,135.67192956186886,131.0932270168087,54.20010839220201,-294.86049248624175,349.0606008784438,530.6205850151484,-60.82836784093293,81.53546440966034,84.5909746346481,58.78386390369246,52.24351520315929,-108.05964297892065,160.30315818207993,423.43894871678424,S1,2,244865,245120
23.821624838950147,26.475999208386828,36.31708222228708,27.41278262367163,102.97744620741314,-12.3933478419656,115.37079404937873,327.600751787954,41.8958828948199,146.6424217910237,244.17794562179193,240.55686255964994,824.9219272183307,-97.11220746885117,922.0341346871818,2019.1086486881234,S1,3,245129,245384
-10.564582159606662,16.469603952546304,20.55609342196843,17.633564034692885,20.942763450060614,-51.33384171856454,72.27660516862515,243.04720319452588,-65.73659451870819,65.73659451870819,66.07130966080352,6.642145841272667,-52.951131692050666,-81.29512415100659,28.343992458955924,290.30588257889985,S1,3,245257,245512
223.00011464963927,251.96020675651,275.1440372301169,161.16820433800123,334.71953282304526,-71.42340085819471,406.14293368124,629.6112553088802,84.50581738651587,108.13719686897494,113.77613991520275,76.18252320473918,154.8140415420199,-56.959268204116604,211.7733097461365,456.94981656560975,S1,1,245639,245894
-8.726892064371789,145.8400397119818,170.22414723040183,170.00029898566157,324.31526879835144,-124.362615809659,448.67788460801046,622.4043200080221,-56.66366989678154,111.10359891522998,112.797250781065,97.53178096187438,134.3998932894725,-135.92047418198777,270.32036747146026,532.3575225901141,S1,2,245904,246159
-110.91040915358359,110.91040915358359,112.78639212131789,20.48539453191857,-51.90495117168665,-133.69204975140852,81.78709857972187,296.2336097317179,50.81740833427239,137.76464327024613,239.8727021992579,234.4280364430878,819.5440113529988,-100.19684645577499,919.7408578087739,1923.8415311001575,S1,3,246168,246423
-130.61650231245304,130.61650231245304,131.072667220883,10.925814205691548,-108.7999800622538,-151.13679669055574,42.336816628301946,192.72563322181355,-48.41765231051828,48.41765231051828,49.181620922687955,8.634974309211424,-11.200248743176338,-62.06230793262967,50.86205918945333,262.35258102117444,S1,3,246296,246551
-146.28693078566675,146.28693078566675,146.62412080869674,9.93814289658,-131.77953623305697,-168.25362563541407,36.474089402357095,214.63719582108615,-39.30120098681739,39.30120098681739,41.43461640162453,13.12413948964105,-9.626176590787624,-60.47701697765275,50.85084038686513,286.07465573956745,S1,3,246424,246679
-2.507960699259442,222.33617702904155,246.7515208673781,246.7387751925001,407.9968400179086,-171.109854490947,579.1066945088555,718.9035477895109,-18.29385085026036,18.29385085026036,19.043291420961484,5.289798598443388,-5.74337896464048,-28.854046697621,23.11066773298052,245.48600891551752,S1,2,246941,247196
-143.94188830835373,143.94188830835373,145.2456396690857,19.41722516497399,-83.79540281253439,-171.39733801210735,87.60193519957296,336.0611643875899,112.7184686041953,119.24071926160022,246.05316212559828,218.71603834088387,855.955855545696,-24.180157525721356,880.1360130714173,1867.2370056989207,S1,3,247205,247460
-147.316511226753,147.316511226753,147.3862534163535,4.533565493905073,-136.68976734429245,-158.37872561949806,21.688958275205607,213.30988515350114,22.581916766741465,22.581916766741465,24.260752589797868,8.867984628050769,59.57407310372826,7.448295280024347,52.12577782370391,251.83841853749155,S1,3,247333,247588
-140.952063423134,140.952063423134,141.13892898997773,7.26037830961926,-124.41589504878849,-154.02613638376332,29.61024133497483,177.88513655853373,25.954868868090493,25.954868868090493,26.39902575219809,4.822171990446311,34.940188444017984,13.620619289911637,21.319569154106347,219.20098930900224,S1,3,247461,247716
220.7687366859829,255.76784915985496,264.93952146846124,146.472232651832,310.0708915548938,-129.66800533252578,439.7388968874196,545.3789243543106,-143.9055821044388,151.04028233762648,160.7700803169656,71.68125392531991,30.792845174592095,-187.69380046318494,218.48664563777703,452.4806663095985,S1,1,247735,247990
-34.61551387969763,36.50303923764929,38.340578111055294,16.48533071352811,18.83135857613855,-53.8678483402746,72.69920691641315,287.47760703904703,105.82655442909723,121.40933485487822,253.7150022006954,230.59063883723513,868.5033737431148,-24.350895543908955,892.8542692870237,1915.3009879432113,S1,3,248243,248498
-39.08023007159764,39.08023007159764,39.618197734231664,6.506704946412912,-18.916723191952933,-48.36094118779504,29.44421799584211,199.30832695463693,-18.699564047055986,22.497570297454615,24.131944472755354,15.253755225720608,33.78469550048001,-39.91436355840729,73.6990590588873,303.347564155819,S1,3,248371,248626
-25.932072031245344,25.932072031245344,28.809706960839748,12.550970294593213,-1.2098698277840318,-48.36094118779504,47.15107136001101,206.96299024664353,-31.10995018026965,31.10995018026965,31.4455361793782,4.581784083708397,-19.07953359035676,-43.4541015781254,24.374567987768643,279.96016787854325,S1,3,248499,248754
1.1846699494238642,5.456709344116584,6.434881783550561,6.324892147634054,11.444086235930747,-15.178856545928232,26.62294278185898,203.45616753653138,72.6498853431331,85.35026638915747,89.4984341449628,52.26819179988778,136.5613877708235,-44.87973490094181,181.4411226717653,496.1134921598607,S1,1,248774,249029
57.92903445415182,57.92903445415182,61.752321148854094,21.391029299239058,119.628192690836,22.068037649460287,97.56015504137571,486.5816275984174,34.886932654802465,116.70216153885445,194.04831083075996,190.8864816224829,673.3071637162924,-102.27972324017809,775.5868869564705,1616.1294575230195,S1,3,249282,249537
67.68147382462854,67.68147382462854,69.92390961145176,17.566195839640386,119.628192690836,41.92600194074923,77.70219075008677,495.9121560885475,-44.03820864828913,44.03820864828913,46.145117724874495,13.784341438468465,-18.395207494995404,-64.73460944887002,46.339401953874614,204.03458949643132,S1,3,249410,249665
67.91892028367113,67.91892028367113,68.35901301925458,7.744348162818059,98.3203408131396,51.27420018807087,47.04614062506872,295.798324559649,-22.540316346877045,22.559964110921904,25.610638522358723,12.15890391875979,1.1497993641347175,-46.039415138966085,47.1892145031008,236.77118755567517,S1,3,249538,249793
-173.34779008800305,192.60298426174444,201.11826014035057,101.97596890192983,76.13585791866376,-227.88817154098743,304.02402945965116,455.95946657450475,21.692519942072487,22.479284149467517,24.20370818414481,10.735644760610604,44.32340401541491,-8.749957610928522,53.07336162634343,295.0248570886599,S1,1,249812,250067
-20.878551572283452,58.59891605398746,96.85877788375896,94.58175795246595,48.4654494953257,-234.77219707524156,283.2376465705673,460.55384535044703,-34.542000015029984,43.46738270240344,44.98398810970546,28.816825314662786,35.11833567670482,-63.30788822294699,98.4262238996518,350.8113212820854,S1,2,250076,250331
-15.443064043238689,23.367642726612722,28.039455283507202,23.403478919857797,41.752310399185205,-52.301342770099126,94.05365316928433,259.02763604403555,99.09979098084608,116.1385024958464,242.89530074104704,221.75968648434795,828.6853150205202,-51.06369431518965,879.7490093357098,1839.472536762677,S1,3,250340,250595
-40.57988612275682,40.57988612275682,42.33910054955056,12.077759627060004,-15.559864404005557,-61.71541135787928,46.155546953873724,179.71921526491843,7.491057840196436,7.852017146442715,9.751730110172455,6.243419942345348,33.589258215451665,-4.730770623981013,38.32002883943268,215.18375304715883,S1,3,250468,250723
184.75923309408068,201.79014947808096,216.6683025379173,113.17764404311316,267.01369207936494,-52.59331544094382,319.60700752030874,434.78684405696833,-109.17096178660509,111.30808944926834,122.23995084504001,54.993696776861725,13.367330075188546,-148.23940839744262,161.60673847263115,433.40502897704545,S1,1,250850,251105
51.22906234580926,66.22107300820313,120.08267838014568,108.60678071887912,266.8368367191339,-25.155478446920757,291.99231516605465,502.1226794964664,-78.5438361327405,78.5438361327405,86.63378006404233,36.55513170182902,-31.619342814655734,-150.58246806939698,118.96312525474124,303.81658091352506,S1,2,251114,251369
29.357419720260065,29.357419720260065,32.09890468461456,12.980045813496044,68.66629110092896,7.945654153952855,60.7206369469761,262.63996534510335,91.28751502932352,169.69606714084446,299.4515350672121,285.1978461592597,923.3264595145796,-92.15122379957376,1015.4776833141534,2107.343785142572,S1,3,251378,251633
27.114731676864427,27.114731676864427,27.51572044886993,4.680405742241153,38.61347291653503,14.031844737226523,24.58162817930851,244.5681837636404,-67.73652083354636,67.73652083354636,68.3575464506314,9.193361850638276,-43.24451559498025,-81.36700282283233,38.12248722785208,275.0124649483373,S1,3,251506,251761
-223.27016513691183,232.55944050268903,250.4816299867808,113.54065492399931,35.44341564828144,-290.94169708353206,326.3851127318135,476.5369387805383,127.58057586763758,149.15586082266603,154.65780022400403,87.41985947946789,197.70325520578206,-72.1008142795065,269.80406948528855,548.9759581008115,S1,1,251888,252143
-55.88967756770825,65.63921913678524,126.92903499613632,113.96194042937321,15.74691779601908,-285.7497217818511,301.4966395778702,513.9796000839406,-33.41832550614916,105.72478792658686,112.48432601287563,107.40548924024297,178.27938379161125,-138.86483185089463,317.14421564250586,604.2396973725397,S1,2,252152,252407
-9.087122233849792,22.55726169083239,28.85913449790646,27.39112727646176,65.12905747888072,-56.962293143724104,122.09135062260484,315.602009958256,86.07646874471722,144.9201372143441,278.2205353893146,264.5704213262635,910.0389050894918,-77.46611583962677,987.5050209291186,2097.4090673160968,S1,3,252416,252671
-39.956342200505425,39.956342200505425,42.13303770570554,13.367257918754845,-12.889277446211109,-64.52685445545478,51.63757700924367,233.33201301828916,-18.73367757454644,20.755261326851254,24.56371137533012,15.887896055282397,13.540695937863466,-44.31123969302241,57.851935630885876,280.9329661197372,S1,3,252544,252799
308.51349855857046,335.233272276549,364.7497559704308,194.5811031103477,430.704127883569,-76.74390514618582,507.4480330297548,692.3977065629919,-131.06077077331068,140.3360034717183,152.91426107755578,78.77718962492,30.956864822676447,-190.91888013805573,221.87574496073216,510.894488164976,S1,1,252926,253181
56.453034330847395,195.7683107867495,242.64440747987084,235.98593897963025,427.67165307124486,-120.2147564678973,547.8864095391422,677.7134371178198,-61.24456066019819,61.24456066019819,94.68794005470367,72.21433224327744,-0.09311411921348411,-178.249470293319,178.15635617410553,410.1859321041146,S1,2,253190,253445
-112.52030297116997,112.52030297116997,113.33247881748454,13.543713456497171,-64.06771265395746,-132.74484346005588,68.67713080609842,281.86940273617085,115.10791566975502,126.10643970648383,252.60131754998602,224.85015761202715,865.5057322758676,-29.72252617305297,895.2282584489205,1862.068772356135,S1,3,253454,253709
-112.86691413685867,112.86691413685867,113.0204918533119,5.889929709895724,-98.32326498374702,-129.13532076586557,30.81205578211855,224.57109643277346,24.31175865871481,24.31175865871481,31.075034374782916,19.354486619756813,129.35114255982782,9.156755944002027,120.19438661582579,314.8591521463707,S1,3,253582,253837
-104.78538768140487,104.78538768140487,105.03057423854659,7.172450999242445,-85.60181924346233,-121.25290421712643,35.6510849736641,229.28392690864467,21.858993776799863,21.858993776799863,23.176058818969434,7.701564350582018,36.20361524212271,9.156755944002027,27.04685929812068,229.15986186739042,S1,3,253710,253965
-20.7803222322524,47.401374291741035,49.509979180330994,44.93791546523454,77.50459150534404,-60.84218529511355,138.34677680045758,313.2557438246781,-11.044097641745125,30.686995427459227,48.819428231473054,47.55380615815677,22.374649500630973,-116.7297397459072,139.10438924653818,404.50798970031093,S1,2,254228,254483
-16.235368461472092,18.94462705514442,21.173949905737334,13.592239165454359,25.488306517768535,-41.29791962626717,66.78622614403571,276.9769313144655,116.42446534566463,116.42446534566463,238.6892149307695,208.3695879758925,828.8545063940467,0.3631851200821431,828.4913212739646,1771.7129673164786,S1,3,254492,254747
-18.357971217377745,18.357971217377745,19.723574901171624,7.211400672827542,-5.347440288525707,-35.443020015896856,30.09557972737115,208.2250310650024,13.270277654885646,13.276208058638867,14.712917886135042,6.353714164675263,33.67127590722302,-0.7590916804120958,34.43036758763512,296.04656332528737,S1,3,254620,254875
-18.678996988108437,18.678996988108437,19.810186502423228,6.598375616697454,-6.184239523088436,-35.443020015896856,29.25878049280842,237.55638352456933,6.505357990088272,6.715325085812829,8.043526968788084,4.7306070982925545,18.781072969209056,-8.55140341403742,27.332476383246476,351.44301930977696,S1,3,254748,255003
72.5614915766057,79.54860246578649,84.48673525015879,43.27630267719969,104.37165268038684,-30.493074056580014,134.86472673696687,365.68847718659015,-71.08420940656573,71.12859630093867,77.23734136332742,30.209966466692418,2.3759294231055024,-104.95614976511531,107.33207918822082,310.5128777092086,S1,1,255022,255277
32.920177664543736,32.920177664543736,37.61138591258274,18.190059175277657,89.76916246648744,3.5218730289299502,86.2472894375575,314.9107029411496,67.38770016135523,145.75139511367462,259.24120041952693,250.32957847989243,845.2636930456282,-90.03092252907736,935.2946155747055,1958.378069026204,S1,3,255529,255784
41.40310747940211,41.40310747940211,43.28220481136302,12.614751063015607,66.70780603585305,19.650853801485642,47.056952234367415,208.40291739179304,-43.83630731452819,43.90559770926187,45.08480944903681,10.536517644943284,4.98624297253573,-58.284899870548244,63.27114284308397,215.4876863177986,S1,3,255657,255912
60.53386905080421,60.53386905080421,61.55513555155635,11.166262154837861,80.21237767525021,37.35091705857246,42.861460616677746,199.52271783157863,-37.33589964462968,37.33589964462968,38.385600357299154,8.915431145851933,-19.874228684320414,-55.55444873833496,35.68022005401455,222.62907874090487,S1,3,255785,256040
-245.47327735425995,265.7531147374773,279.6678919191945,134.00373082673792,77.77216669829893,-318.88822700548627,396.6603937037852,594.0317198428407,110.71875788929155,118.13459314016144,124.81272864343204,57.61574335953185,168.11002825164823,-34.38684709481938,202.49687534646762,417.0702310587807,S1,1,256060,256315
52.67685209167213,136.50659511347578,151.34006267817725,141.87657955119553,136.56936230332352,-305.4093614353297,441.97872373865323,575.4647548517765,-57.670080857415044,94.660847552517,96.52680168748593,77.40533068151343,143.08687731132056,-109.57805574623708,252.66493305755765,448.0611215902193,S1,2,256324,256579
118.59342477300945,118.59342477300945,119.90363680186377,17.67715245512724,178.6608875265543,94.15762915328989,84.5032583732644,252.67916180705603,43.18713608285744,119.97384378984975,218.94231530735524,214.64065017863257,808.5985905806546,-93.53559390337374,902.1341844840283,1910.495309824857,S1,3,256588,256843
109.82820922197877,109.82820922197877,110.20354738931384,9.087701375045231,127.23308219954278,88.88521002327502,38.34787217626776,176.7521367537189,-47.144112494734735,47.144112494734735,47.35742598638784,4.489816604272128,-32.86916032018786,-55.60524259829783,22.73608227810997,281.41358547140527,S1,3,256716,256971
-287.5398844357296,319.63578113916003,332.9560004498937,167.87052479299876,121.24332631892976,-378.5160853494828,499.75941166841255,705.8939124340003,-14.300590610636217,15.051159558394433,19.16545271209144,12.759611508443207,5.071849258217356,-39.92589298661194,44.9977422448293,344.94572418411263,S1,1,257097,257352
19.341909797188684,210.67752804721914,225.8341136388109,225.0043053108646,195.4358071687928,-349.21038396438695,544.6461911331797,946.6010567118745,-45.89778640655703,46.54029670202926,54.77787116743816,29.89997278618363,5.644641376841605,-87.12989107777533,92.77453245461693,318.1363322520871,S1,2,257362,257617
161.32007232567582,161.32007232567582,162.4424700131079,19.06279960546684,224.73539128579696,136.47796914185952,88.25742214393745,329.3624060317954,62.68981523809723,116.1190340703786,233.47810884030096,224.90445609871014,849.4469594210653,-64.00948798928675,913.4564474103521,1962.390702460173,S1,3,257626,257881
140.19500623320678,140.19500623320678,140.6362112629986,11.131223907634057,167.52454614049662,117.48153875115979,50.043007389336836,238.15060067896147,-24.303995955237493,24.303995955237493,25.70565678780494,8.37236952721402,-6.665928576048927,-40.838017663392925,34.172089087344,264.28929600467745,S1,3,257754,258009
-163.37291520030286,197.15569997485034,205.74809373110318,125.06625705176221,100.1829532648289,-240.98133538478936,341.16428864961824,565.6176531233727,1.0768815628734,3.8830016711441635,4.751488715398815,4.627847351858705,12.410662737979374,-9.118309368545528,21.528972106524904,322.2495047055015,S1,1,258135,258390
-57.04617148508771,93.69316909166386,136.50121665616985,124.00934024301796,46.04384470454573,-251.77649112996167,297.8203358345074,491.53398190736,-21.71203334329705,23.04605176208888,27.251907551465383,16.46979275198,7.025875547863626,-44.722494619892665,51.74837016775629,312.0291172902014,S1,2,258399,258654
0.10733518664415609,15.717634176805419,21.392969777337527,21.392700508626415,70.66363678326393,-27.150053432127812,97.81369021539174,396.0065791767851,99.42295512209012,105.86645016943115,228.9956985448553,206.28646573839276,838.8649284683933,-29.162202815949264,868.0271312843425,1907.4256911127754,S1,3,258663,258918
-26.73979496911316,26.858151103118118,30.666600566083414,15.014118531885183,4.350030791263308,-56.40919880340842,60.75922959467173,262.43947457341505,18.00228738845034,18.00228738845034,18.953829079420533,5.930032508808816,28.87504566909764,3.0394159241196235,25.835629744978018,282.2811037736124,S1,3,258791,259046
210.77580482332934,252.44752060118736,274.27265525096595,175.49657979428838,341.8155533761074,-90.67992706260075,432.49548043870817,602.5923819048187,-150.11003113926546,161.12701826770547,181.94456167947058,102.81440597554129,30.415815551049214,-231.1123314682329,261.52814701928213,447.8976604667022,S1,1,259173,259428
-7.629028381569945,156.11300773798186,177.273577366249,177.1093423797307,309.8794134403388,-137.78856745395467,447.66798089429346,563.9277384086689,-43.99524215733848,61.595605525263906,103.58243904558086,93.7749451940582,27.733013204935983,-215.1367576968032,242.86977090173917,498.04408580944914,S1,2,259437,259692
-128.95642665337436,128.95642665337436,129.7588521378851,14.408321655710205,-75.64814620842228,-143.5239553771515,67.87580916872923,274.1976447616971,136.38560848582944,136.38560848582944,227.737795943865,182.3827554877915,762.265296819924,16.038794981017443,746.2265018389065,1607.2168322387884,S1,3,259701,259956
-135.8825736976417,135.8825736976417,135.95309576967392,4.378403209287763,-126.29422618486024,-147.33903704525014,21.0448108603899,180.75525878106106,50.17189272665259,50.17189272665259,51.589749360128664,12.011803331147311,95.2878431116687,35.93004308118104,59.35780003048767,292.08618600675425,S1,3,259829,260084
-134.2422493254694,134.2422493254694,134.37788352292523,6.036064623524822,-114.0066385388117,-147.33903704525014,33.33239850643844,207.699880943923,42.809921945163104,42.809921945163104,43.020667391937884,4.253046660547026,53.5754990327077,34.476829900544885,19.09866913216281,293.33457246748577,S1,3,259957,260212
6.61694087276846,178.55017744197892,207.08925885968094,206.98351921961861,369.847762550146,-129.90509869509503,499.75286124524104,675.9468875164885,-43.01346433132411,44.744291340329966,77.71667394318888,64.72807192408749,9.980323195069158,-162.0287751330869,172.00909832815606,481.14045062663973,S1,2,260475,260730
-90.4147944547022,90.4147944547022,92.40428195110448,19.071346743561808,-36.76001151303718,-126.8515205984396,90.09150908540244,302.5903950797356,153.1772737511105,154.747120711264,278.82015358152853,232.97510778923248,889.0456260371072,-10.058959842569745,899.104585879677,1890.1712947433905,S1,3,260739,260994
-85.56302784391195,85.56302784391195,85.885485645873,7.435382357983027,-72.15808614902934,-101.91096183706276,29.752875688033413,196.8021340149133,47.070720805474885,47.070720805474885,49.129430512262104,14.072959365827234,110.40356882626156,32.502935040847966,77.90063378541359,277.1197819308294,S1,3,260867,261122
-77.15435136819178,77.15435136819178,77.49288492001801,7.235556521841136,-58.05718255212839,-94.64775427943454,36.59057172730615,226.18453345350997,41.145730163520156,41.145730163520156,41.33141312269571,3.91338728338128,51.96717414005587,31.954241731163968,20.0129324088919,230.2258403498517,S1,3,260995,261250
116.38360686931625,139.36785564510427,144.00034824062075,84.7995067527429,172.44654883679792,-77.91577272517375,250.36232156197167,450.3348115568872,-165.81117929930295,179.16862472214268,189.83368006192066,92.4309412763176,50.49044538650556,-225.36543700874418,275.85588239524975,573.3959285609769,S1,1,261269,261524
-68.25799513816239,68.25799513816239,70.09673319623525,15.949862209523628,-16.411394860198325,-83.96617036331398,67.55477550311565,311.4341131520333,138.2339404057206,138.446506422071,266.2084458605109,227.5045370259157,882.7996616534231,-4.838848387497382,887.6385100409204,1910.7175032314826,S1,3,261777,262032
-72.39078992100356,72.39078992100356,72.55155764929508,4.827219898877241,-61.5378124098809,-83.96617036331398,22.42835795343308,167.55136858517753,28.03014691216137,28.03014691216137,31.744943634629518,14.901419746066335,89.39875734203572,6.145627420343193,83.25312992169253,336.2626777824107,S1,3,261905,262160
-71.13295988974792,71.13295988974792,71.22821426893353,3.682461848358792,-61.655573582040844,-79.23099321038164,17.575419628340796,188.18433019553572,15.213936247769325,15.213936247769325,16.58745283572656,6.60906464079931,32.33311559214204,3.8083401935906585,28.524775398551384,305.3611015779136,S1,3,262033,262288
154.48751898627114,178.7060868755282,188.61578952002526,108.2105472388389,234.07584518783537,-74.31812909164623,308.3939742794816,463.19734548871344,-88.57980021262523,89.5127089114001,98.92988937570102,44.05385347707785,11.249192025883382,-121.34682259301023,132.5960146188936,443.24446277581995,S1,1,262307,262562
28.51974230741085,67.77565746402293,106.9685784825591,103.09656192763308,238.00068662678865,-38.05840009427479,276.0590867210634,489.089759826875,-46.6957185724326,46.6957185724326,56.55096127200117,31.898606361274613,-19.734239895414092,-115.85102880304069,96.1167889076266,369.93568992109897,S1,2,262571,262826
26.175508204653024,30.082953381379596,32.49963939900189,19.263159950882883,65.86281165711078,-18.679371477799755,84.54218313491054,283.192933276968,75.95097015891712,110.05024099699283,220.76616603895917,207.29001471238445,772.707818107493,-45.90723579420044,818.6150539016935,1766.2618337528243,S1,3,262835,263090
39.56636775472201,39.56636775472201,40.505704739044944,8.672638531887653,60.6082274606126,15.609272452413524,44.998955008199076,230.14172770272427,-22.079159465561247,22.079159465561247,22.471781791142977,4.1823072774561005,-10.62510527775775,-32.17433815312963,21.54923287537188,230.91264657215984,S1,3,262963,263218
-209.4820293690725,226.5901557153413,237.32166075223614,111.52959263627979,74.192029650019,-269.17493723877794,343.3669668887969,530.8777775839168,35.35527300161496,38.1798330611889,40.11386931164529,18.950651232425603,55.998650477518346,-16.45251449227477,72.45116496979311,312.652676088396,S1,1,263345,263600
-21.83648323710471,102.4002718021083,133.0208463539842,131.21628543959747,65.76657603186283,-264.7027782284141,330.46935426027693,488.3603708300223,-37.667906125977304,55.49358043658498,58.27715522524431,44.46746753787292,45.95675001766215,-91.28524290191237,137.24199291957453,345.695109683021,S1,2,263608,263863
70.39324208274712,70.39324208274712,73.0597600388788,19.558118672774032,128.74329392087898,43.00835096117477,85.73494295970421,293.8613531087076,97.51567335198816,117.55889797548373,248.09249537807582,228.12404457581607,838.0497855852874,-45.32930974003769,883.3790953253251,1867.5753199677672,S1,3,263872,264127
45.94943023707742,45.94943023707742,48.92751759476224,16.809278356720846,76.47773200673053,17.02700174257566,59.45073026415487,241.98556773849708,-0.46355093518272583,6.157072277988446,7.7853217018874235,7.771509154107104,17.526381247854786,-17.309135248919922,34.83551649677471,286.90461353877663,S1,3,264000,264255
40.32121098936789,40.91518686938116,45.37237470682945,20.805103481785775,75.27860169986893,-6.481986341514554,81.76058804138349,306.9706729381113,-142.79963634817847,149.02077308136307,162.3851363847701,77.31233004850117,29.735110292098746,-196.6013167854906,226.33642707758935,480.4274006609072,S1,1,264382,264637
-34.91204174083337,49.46786356268528,52.0046217892495,38.54387148340437,38.401831139570945,-76.10720963615701,114.50904077572795,267.5942975551701,-46.03856550727619,49.469430816757274,89.1072306279309,76.29252280670437,10.630167222330138,-195.84967067965695,206.47983790198708,493.38815451466314,S1,2,264646,264901
-61.336748963012695,61.336748963012695,64.1438517967125,18.767976714792084,-5.293895182578294,-87.36438320518737,82.07048802260907,313.1775524057757,131.38295807709906,139.91872184536572,293.12240098149965,262.02912106113376,924.4720200625449,-15.897651940853343,940.3696720033983,2004.3396729142,S1,3,264910,265165
-77.016072858098,77.016072858098,77.61160385368426,9.596122876316102,-54.476693518567444,-94.36017182943718,39.883478310869734,234.13021643507733,-4.260361465152488,8.942784208361516,10.60689690667843,9.713680156107067,33.723072635341445,-18.630590090572962,52.353662725914404,296.970236689482,S1,3,265038,265293
209.84994673109767,243.27520705903945,255.46186454078443,145.68378115497126,298.45726732296646,-104.12108550955676,402.57835283252325,541.5693062957104,-26.342219339270834,26.55746732003653,28.644061308392747,11.250321262999918,5.014276274659795,-43.35324254468075,48.36751881934054,376.80791645227384,S1,1,265420,265675
48.95296711586302,132.44053494870622,170.11845639210537,162.92297632865012,306.474447076696,-71.8149335340683,378.2893806107643,539.1243621178572,-47.916406047444525,47.916406047444525,49.687282051072245,13.147015977750526,-21.861671030662052,-68.95473181542545,47.093060784763395,266.1673124052198,S1,2,265684,265939
-27.7321265633005,29.058278357536054,32.59561213368604,17.129013008541484,21.31727173420338,-60.88581201052538,82.20308374472876,330.8818764557488,85.75319107529509,132.6344586556552,253.62638481985567,238.68961707035655,846.3789543348374,-62.672255879995184,909.0512102148326,1920.6288149033337,S1,3,265948,266203
-23.328138409747623,23.328138409747623,24.556498220628313,7.6693913184410665,-1.2414870204075004,-39.394723140323144,38.15323611991565,254.98138574337707,-35.39024135740931,35.44942322241535,37.1614281731399,11.335896988405983,6.180147055782191,-53.12529790891145,59.30544496469364,275.38518282545306,S1,3,266076,266331
-13.337417098094647,13.337567058992121,16.17619076022466,9.153275515498823,0.019194994876792437,-34.07709650363977,34.096291498516564,240.2205051749451,-45.22299052795523,45.22299052795523,45.458825134853306,4.624490279981334,-33.41420266347067,-55.64895612339136,22.23475345992069,285.90219342846024,S1,3,266204,266459
-62.87102726468475,62.87102726468475,72.35002025236905,35.801667017074486,-35.658610771322245,-147.1231810121831,111.46457024086085,297.736474053965,-57.45492653720281,78.33670938700092,80.10188049399615,55.814359042087624,67.8622931188818,-112.93593440268549,180.7982275215673,454.9373541578928,S1,2,266721,266976
-63.1020229542974,63.10919390933505,66.7767833570384,21.846589999085968,0.4790285126728716,-96.41331237699889,96.89234088967176,253.03571343542313,49.19190596039981,119.99831047402648,209.40215684991725,203.5421815776291,713.1593993962624,-81.40459202281635,794.5639914190788,1695.5085161658003,S1,3,266985,267240
-88.02524604484255,88.02524604484255,88.77410313786848,11.506408939275646,-67.56656953840111,-106.5131253196143,38.94655578121319,207.68170387013134,-44.85577071797794,44.85577071797794,45.2005058861332,5.57185477723126,-29.64455051318438,-57.803380791246525,28.158830278062144,226.50056984106897,S1,3,267113,267368
-107.05845265350692,107.05845265350692,107.79587258788509,12.587210271556398,-81.32415528400091,-128.1635776613709,46.83942237737,245.22691691974597,-31.594835276780405,31.594835276780405,33.66956715121444,11.636414223602156,-9.719743168880225,-50.72171555547439,41.00197238659416,236.4183585479173,S1,3,267241,267496
52.7759271048937,124.52304059853071,205.6721142087323,198.78561336603005,484.38240136093845,-71.09080404523853,555.4732054061769,759.7780494362898,-39.37409663937905,39.595233588577386,45.78032455755222,23.356340261857337,3.5019162832170165,-79.84389255030287,83.34580883351988,374.2229912442874,S1,2,267760,268015
25.922040373216344,33.766863904273535,37.29921459317283,26.81938165127785,76.62629397970986,-23.510976535642534,100.13727051535238,350.9196958867252,103.43672381397651,116.43935142090116,248.3696762116888,225.80597916824587,852.7310150370575,-38.205310002165646,890.9363250392232,1897.8632563733008,S1,3,268024,268279
47.84024975016496,47.84024975016496,49.66634580739586,13.34377793961178,74.76031911197559,21.350296575109972,53.41002253686562,275.6965987248518,2.7619075431608464,5.646746118537896,10.366374414074166,9.991675796171668,57.10584190197117,-8.650496654753715,65.75633855672488,280.5028217701624,S1,3,268152,268407
51.86406295870252,51.86406295870252,52.96269002028216,10.731519351901508,74.76031911197559,32.2331748964352,42.52714421554039,256.95142737769527,4.824947783106344,6.047337896713113,8.24503722869808,6.685844583365255,19.883850680451857,-6.009604811675251,25.89345549212711,223.42971561128047,S1,3,268280,268535
-348.7198513029606,367.27193282895803,390.98999272368275,176.82658091278745,70.60599034368359,-469.8965656163384,540.502555960022,724.6842027148975,-59.89397975478629,64.38545889726444,68.31064900841892,32.84898715462403,21.29543165805058,-83.3139645203791,104.60939617842968,301.2649407317271,S1,1,268555,268810
-11.339868086935823,133.98734516725116,182.9174540535937,182.56561119011283,88.23684538991792,-417.5592050875185,505.7960504774364,659.1542394653785,-52.921948048421214,52.921948048421214,54.60354377965141,13.446724807792979,-36.48072514734292,-82.9547757780514,46.474050630708476,335.98644728372994,S1,2,268819,269074
116.8268364019553,116.8268364019553,118.55952212157143,20.195310891545102,183.11947867579258,87.13682125171132,95.98265742408125,304.71065760674287,87.07346170402884,115.10832350157044,238.71688475340864,222.27002346976346,832.8469103846137,-56.052377521402406,888.8992879060161,1854.8989505011205,S1,3,269083,269338
109.81912903193034,109.81912903193034,110.0758168694305,7.5129460360521865,130.80850839008892,100.27289985581734,30.535608534271574,177.48438163874565,-4.128004936275562,7.771079316718499,10.016714485922085,9.126562569695446,46.81478721652776,-15.838650590187672,62.65343780671543,275.6165384674797,S1,3,269211,269466
-110.17404111211097,135.44626313140947,138.56501019602013,84.03536586253459,92.90287675496924,-163.85165330945196,256.7545300644212,412.277866496538,-34.90540220416022,35.65057118147833,38.724214437725166,16.768353550206687,5.667201776120538,-52.480255955926395,58.14745773204693,285.676904611283,S1,1,269592,269847
15.00693675795693,56.93404079690061,69.16166783675044,67.5139107673647,58.06309830779555,-164.79536711687754,222.85846542467308,389.93981356906977,-36.967081128135064,36.967081128135064,37.11714831847379,3.334308348287848,-24.624780315485545,-44.276501568019256,19.65172125253371,242.62775286406705,S1,2,269856,270111
26.397191871327745,26.397191871327745,33.1315636615994,20.022206970534544,92.38989295866713,3.1609284325835807,89.22896452608356,318.92018089457196,102.51951467888297,113.4527838763286,236.29641951759947,212.8984428943614,810.3426961394464,-45.10341386850026,855.4461100079467,1812.686003531017,S1,3,270120,270375
4.62219049452799,9.062350526336719,10.69355213688398,9.642998098960252,25.385325676591467,-10.826351271740313,36.21167694833178,224.80592710963197,1.8226836105964774,4.217172382921724,5.905910014735183,5.617614934989076,27.23110110634314,-9.181518665212765,36.4126197715559,322.8799427132559,S1,3,270248,270503
10.282264459271591,16.030729894943235,19.328276430988502,16.366346794025414,57.12489521533957,-18.15395119856981,75.27884641390938,336.36636668019855,-113.58342256030323,113.76195028013211,127.82240438619645,58.62911548502102,3.5151663307550716,-159.50351354566516,163.01867987642024,455.56700290183784,S1,1,270630,270885
21.362388512322013,21.362388512322013,24.27595233392004,11.531271342196852,44.132339314337784,1.526991194582219,42.60534811975557,246.77573433781558,-22.09575931678085,27.951694250013063,48.69669907263676,43.39522923992722,20.231951280285465,-146.2229332834128,166.45488456369827,410.0484718901051,S1,2,270894,271149
74.88984210861516,74.88984210861516,77.5439943996941,20.114239145602344,109.7098553419659,29.169428368202222,80.54042697376369,292.91485365065506,122.45598807932782,122.45598807932782,269.6131178077296,240.19942605576776,926.1634935286246,2.861189128472356,923.3023044001523,2002.8734385858204,S1,3,271158,271413
101.19818506768684,101.19818506768684,102.4655236468694,16.065829428739587,129.29631578409476,65.98446942035325,63.31184636374151,271.9576988401497,22.70931790115239,22.70931790115239,27.10928028410268,14.805402999798345,50.966318949972106,0.5728095857464487,50.39350936422566,354.26824148277166,S1,3,271286,271541
-297.37882728239896,348.5442982582915,366.4222038597352,214.0819108789215,150.73795923489018,-432.7834660963176,583.5214253312079,813.4815885435968,-113.28988371876534,135.7407941933298,141.75926946238602,85.21204565962492,70.51044758436457,-166.70710389437724,237.21755147874183,430.441044667456,S1,1,271668,271923
-80.6819395149004,178.8235950910473,242.48743838191174,228.67134146878877,82.07638463866023,-451.1362773050492,533.2126619437095,729.362082520129,-38.34647764759619,56.28652062713467,86.3736098303961,77.3947551656823,27.38241277795421,-168.748119782373,196.13053256032723,448.0732663390108,S1,2,271931,272186
60.860188189650245,60.860188189650245,64.44391532679317,21.190934763885377,129.66540765804004,36.17819278291109,93.48721487512896,292.81848539981974,142.03486199075644,142.03486199075644,270.6104337766023,230.33910837725242,895.6836572497225,13.997820751960049,881.6858364977625,1916.880950413,S1,3,272195,272450
40.59153954764276,40.59153954764276,41.38847996400575,8.082894956824488,54.07146740633928,20.83037020224252,33.24109720409676,204.78162854365468,28.308456573243316,28.308456573243316,30.886137021143355,12.352519845344892,74.72723203881708,12.996761572140464,61.730470466676614,283.999129422904,S1,3,272323,272578
23.832319431002478,23.832319431002478,26.780960540012604,12.216398732211303,44.055984019086985,0.7165677100505664,43.339416309036416,202.2755491037114,25.71337207090296,25.71337207090296,26.393923417215856,5.9549718804678875,40.000359363349176,12.996761572140464,27.003597791208712,209.28949858862967,S1,3,272451,272706
-1.881776362527276,72.88363451792111,93.59369959537649,93.5747803720159,208.37014158756972,-72.32628329478428,280.696424882354,406.67456056452244,-45.41592230052406,45.48647867917983,83.52799603932658,70.10221197607476,2.2007898804232124,-203.64388134670196,205.84467122712516,423.2868842042164,S1,2,272970,273225
-65.76795730731183,65.76795730731183,67.78832163181906,16.42657424061864,-7.174498981601573,-87.7878643079766,80.61336532637503,322.3672058086181,99.29056245176035,109.32247514476272,222.34420403459842,198.94303022672648,756.9773026971999,-32.16425621672536,789.1415589139252,1664.132451333197,S1,3,273234,273489
-70.75168560069503,70.75168560069503,71.05259520285568,6.532248443015091,-57.31166325116063,-85.27090446130762,27.959241210146992,238.16081675665362,2.4756854112182722,7.305889408737736,11.36462718912394,11.091696574124994,41.10888248374067,-9.889890850324806,50.998773334065476,333.94291257510105,S1,3,273362,273617
-59.84005628182588,59.84005628182588,60.90317883323669,11.329821542333272,-37.980991770616704,-82.53298139031953,44.55198961970283,227.37230264409354,-1.164914775463132,3.130281093781463,3.91132994874994,3.73382853568504,6.9190157840972,-11.06655728850885,17.98557307260605,336.3187441003852,S1,3,273490,273745
13.973644080806542,34.87784470390863,36.156203134553174,33.3467883942369,45.97171055750843,-53.08482317497476,99.05653373248319,281.9016047239569,-19.801281578407572,20.365875858803093,22.296995439964284,10.250134316310444,6.308955967880157,-32.76534004995575,39.07429601783591,203.4776665357112,S1,1,273764,274019
8.533957056825479,16.01293406103695,21.54702461134789,19.78499043604243,59.039852600899934,-19.773115001810886,78.81296760271081,570.2388983729611,115.08961966654897,125.48769185208567,258.3854806974329,231.33835842819622,838.7491214028785,-31.584087692879493,870.333209095758,1856.827227089456,S1,3,274272,274527
13.5505979179141,17.670058055864622,21.74657254631498,17.00866583771821,55.61343171580465,-19.773115001810886,75.38654671761554,552.3435500454007,9.215756174881507,12.937073221460299,15.130641939843217,12.00025681545507,32.85692318647037,-19.175972521859425,52.03289570832979,297.01536795573,S1,3,274400,274655
12.53475805631625,13.657956808058875,17.68840977293586,12.48037181997827,49.694753379014536,-10.183785873095621,59.87853925211016,279.4575729999282,28.711085546406203,28.721293632046127,31.976697954192286,14.077740543162106,48.206595677619816,-1.3066349619102255,49.51323063953004,288.44555611772546,S1,3,274528,274783
4.862531281315781,6.171432773135139,7.1758220082401145,5.27714042187326,14.446744007327835,-8.295510066053307,22.74225407338114,192.04841295533586,-165.61456705627285,174.89225214310142,186.06978774068276,84.81616053928657,40.882086826271696,-215.18960057693155,256.07168740320327,502.4997927257187,S1,1,274802,275057
-22.071295872378684,23.159485833066828,24.44144898724084,10.499634617919604,11.141600372509995,-36.12569827434804,47.26729864685804,211.83428612764146,-28.039465612768616,32.85616663742637,77.27704963541902,72.01062955220834,30.56516373930656,-215.669735980457,246.23489971976358,463.1711404360441,S1,2,275066,275321
-37.73536711358618,39.94601823936219,42.145873788533805,18.77010245581784,27.282633471145772,-59.70697009348537,86.98960356463114,335.9832638250043,87.90310676829438,127.69348768063992,258.1414701349031,242.71395185256844,876.4033608754916,-46.3471197904172,922.7504806659088,2014.6009455773587,S1,3,275330,275585
-55.03245698371663,55.03245698371663,55.46294994709673,6.896919252067273,-38.721448544879706,-67.32400225680024,28.602553711920535,206.00995353406563,-39.64199617981542,39.64199617981542,40.42096797325667,7.897264765381829,-17.763713457101602,-52.53460277941137,34.77088932230977,293.8166446440009,S1,3,275458,275713
230.37498839652133,257.99632611605927,278.6884664379941,156.82673894098434,333.11222924949806,-77.8613565025471,410.97358575204515,596.5839881445759,98.9354918965123,111.9516322223923,120.18250492277878,68.23197881278901,154.56349731246652,-40.192209876940744,194.75570718940727,441.6837960367974,S1,1,275839,276094
-33.88587029892845,134.78820563090397,154.08712121944816,150.3149650559821,307.8267366377847,-128.06516361121513,435.89190024899983,605.2296270538773,-60.51451845041521,100.83282727877182,101.99368013043491,82.10178952534366,130.04189950020694,-108.69378548995407,238.73568499016102,431.4912396544446,S1,2,276104,276359
-97.81855233828823,97.81855233828823,99.50475793594215,18.240824277756907,-38.588895181424796,-124.81828440471591,86.22938922329112,320.01288827528305,24.982106739711995,140.1977385509896,224.41217456021894,223.0173052336787,761.1350708422746,-101.04855510359833,862.1836259458729,1833.980876618644,S1,3,276368,276623
-103.25441831450016,103.25441831450016,103.470343127045,6.681093126326094,-90.80730979395742,-124.81828440471591,34.010974610758495,234.3714061525394,-74.26632866538813,74.26632866538813,74.58601817827557,6.898299374092314,-58.49364597686486,-86.08997535586823,27.59632937900337,269.8073929236475,S1,3,276496,276751
196.2217653225362,241.68624808452984,253.9221011397143,161.16281289712842,298.78388679188157,-116.93678338155149,415.72067017343306,596.678427892316,71.77513000303054,99.57092396758267,102.05405941058241,72.54903000886193,126.32064914709295,-70.83823946336541,197.15888861045835,477.3849255935497,S1,1,276879,277134
-65.76183119559802,145.3647233443338,156.43305440630013,141.93900827005285,298.7497413614467,-144.0414006719941,442.7911420334408,639.4812449687809,-67.21349980691865,98.13250490137676,99.83568916682594,73.82079839124223,119.67436248609489,-133.50871385482031,253.1830763409152,514.3460906339576,S1,2,277143,277398
-92.44821930502339,92.44821930502339,93.67348719299531,15.101289687525345,-46.57730650413203,-121.85952594876737,75.28221944463533,279.6750195403225,64.16714003132148,144.81569946636202,254.63250557776635,246.41487584359024,830.8676748466659,-82.17196057758682,913.0396354242527,1939.0357299410489,S1,3,277406,277661
-93.34616036139403,93.34616036139403,93.67771444486465,7.874549472732547,-72.51769177013654,-110.1236932935637,37.60600152342717,203.25239003627416,-51.17525438925229,51.17525438925229,52.13459027964792,9.955342375934261,-32.66420310245335,-73.7972670381376,41.133063935684255,240.54655738332514,S1,3,277534,277789
189.24212074028702,222.28620118755433,239.0366287728604,146.0340016325407,289.3308405797166,-79.58013251831255,368.91097309802916,577.790171629431,14.954454594949281,26.94922557266166,27.58607836828015,23.180940608795282,41.47375645411094,-33.717509009392415,75.19126546350336,350.72201579650886,S1,1,277916,278171
6.73857335839196,90.51277745370447,122.559610079075,122.37421971897705,277.7241221482002,-68.45830204082436,346.1824241890246,573.6229904648112,-61.24758149442188,69.86110827019374,74.5794089045727,42.55375416622611,33.97176876810001,-112.12047364914183,146.09224241724183,381.9257205774302,S1,2,278180,278435
-12.848398907934321,17.796238096640003,21.002954841261452,16.61453452753522,42.03014487139038,-48.97409358121747,91.00423845260784,312.4877388355986,104.14788667397276,139.968904383861,277.82951282125026,257.57029311595426,884.0504939453934,-75.98266275558754,960.033156700981,2002.869736850894,S1,3,278451,278706
0.25745095886552605,14.64323543520529,16.475961233962245,16.473949665663238,30.817078044711952,-26.176366408650477,56.99344445336243,201.48140841663223,-15.682704435851,15.694415068614394,16.919049264023354,6.3487801644243795,1.019548676195312,-26.422388414573824,27.441937090769137,249.96945433142994,S1,3,278579,278834
-117.73603480469332,133.18528807298628,142.14935656478798,79.65340972143802,46.08106867641428,-177.7957578623554,223.87682653876968,386.01043983917964,-53.30038230618209,53.30038230618209,57.56089890857664,21.733069943710454,-5.732461120021585,-73.54750143021218,67.8150403101906,331.0708512800256,S1,1,278960,279215
24.386770242167735,82.2438582947349,88.86265010363249,85.45089830186888,107.78373925987707,-151.9546565005688,259.7383957604459,622.1043106591816,-48.030186029260186,48.030186029260186,49.159949601562104,10.478638977595613,-32.2550041103332,-70.69466102945002,38.439656919116814,244.2437393730845,S1,2,279225,279480
59.94185545756045,59.94185545756045,65.83477350535604,27.224829968366368,149.9877319264404,27.97177752967066,122.01595439676974,375.1678246755283,98.35289699076093,128.3383121583785,255.9588212570189,236.30832789558505,834.7654241405086,-47.66452608194305,882.4299502224517,1875.0784174356072,S1,3,279489,279744
35.05169472336607,35.05169472336607,36.45232087209996,10.007516873954552,60.03928534487478,18.62150610887026,41.41777923600452,232.80010923772653,-21.059024146977997,21.059024146977997,21.970055982861588,6.261059164955232,-1.1046956742467438,-31.827851901529897,30.72315622728315,273.7621474900861,S1,3,279617,279872
-46.6908417183012,47.61418204252882,53.74998702241076,26.627549728539968,5.930209793147997,-76.09006973946283,82.02027953261083,308.7177207936243,-28.242744874725936,28.242744874725936,28.795116714146914,5.613030244216114,-14.766069473199,-43.54092840750763,28.77485893430863,265.5218759778671,S1,1,279999,280254
-30.821121955070943,30.821121955070943,35.279993716652044,17.16788857366133,-7.563626617502343,-73.43304254864331,65.86941593114098,269.07979288725653,-18.0345599796785,18.0345599796785,18.852439487190352,5.492642438531081,-3.7180179548448606,-31.633249058815963,27.915231103971102,280.4775404225119,S1,2,280263,280518
-38.971088245651245,41.07378303500626,43.560118437099575,19.461197270563947,22.82295758794156,-61.8353893097448,84.65834689768636,287.18791204929744,89.55099140235303,94.85100328297149,216.6543975247816,197.2808858092486,766.4862208180368,-26.90420538196333,793.3904262000002,1708.1430686806468,S1,3,280527,280782
-58.37797324962779,58.37797324962779,59.07647569551618,9.057716040407517,-38.01940159678745,-82.03951125905913,44.02010966227167,264.1610303966553,3.349435143088375,6.14974961911499,8.091564768329032,7.365779294976751,20.68886029299976,-9.843180062487491,30.53204035548725,247.05366520020544,S1,3,280655,280910
165.62006714386348,196.23530804460574,209.55003725553152,128.37917071338637,260.70191605561854,-77.51311821773575,338.21503427335426,498.4333307849786,-113.24233145485735,127.89754830302397,138.62584339031744,79.95810667058747,38.683982795283185,-174.64924547460745,213.33322826989064,490.0705107731196,S1,1,281036,281291
44.96424033101657,55.18514918755325,110.14548082094541,100.54970928218457,263.14218938892066,-26.967885440825796,290.11007482974645,448.0282803105365,-21.59242442350715,39.89894261183309,70.45327735509548,67.0628921057625,27.301693041665043,-168.95031243651863,196.25200547818366,426.2371663622166,S1,2,281300,281555
42.28734643633982,42.28734643633982,44.98710460451417,15.349915702389982,73.96480632827465,9.162300775681114,64.80250555259353,227.9308632627001,111.14083761242178,126.33764663662728,262.7637347126274,238.10185739497564,858.2884256367387,-33.926258866801,892.2146845035397,1899.2916574994122,S1,3,281564,281819
48.76640115209941,48.76640115209941,49.214777897757756,6.628158281011611,62.94183303721283,36.99677354708767,25.94505949012516,187.652696864277,-16.923100550371004,22.788401968280922,24.496855625193938,17.711708084869414,53.58636064614346,-33.926258866801,87.51261951294447,265.92863655780224,S1,3,281692,281947
60.5229269343649,60.5229269343649,61.30310892841964,9.749178405753566,85.38010665474872,38.361994336108864,47.01811231863985,208.79792193397114,-20.89487691443872,20.89487691443872,22.0524249314554,7.0507846434231345,-2.731127653668498,-31.098152385764998,28.3670247320965,253.562393529831,S1,3,281820,282075
-31.694518182533116,160.63243330440645,203.81208955638,201.3326237014631,102.24379284774275,-387.38598130142503,489.6297741491678,656.2558285080289,-55.07474654385554,55.07474654385554,58.359983059389194,19.30440146241954,-16.263120629391118,-76.59013747554208,60.32701684615096,342.5051155146946,S1,2,282338,282593
100.20680651696604,100.20680651696604,101.32651900473051,15.021963296698107,152.37639701068608,78.75809901792137,73.61829799276471,330.57358033424043,68.87342565314808,121.65178460027397,228.89159012035003,218.28378608275648,773.644930520698,-73.19124806389881,846.8361785845968,1822.9426783955405,S1,3,282602,282857
115.2617424063976,115.2617424063976,116.8410910100927,19.146051443313524,146.08657692863522,78.75809901792137,67.32847791071386,252.02933447277326,-25.441493021914198,25.441493021914198,26.11868536863157,5.908989609185319,-1.9627230182181528,-37.376925675225884,35.414202657007735,288.64247819501577,S1,3,282730,282985
146.57058185064545,146.57058185064545,147.53377988325673,16.83094598067768,179.88305463834376,116.93897408051849,62.944080557825274,206.24312712344286,-23.64018967122222,23.64018967122222,23.99519590613516,4.112281469262985,-13.729006037416019,-32.315249123764,18.586243086347977,241.31219162069883,S1,3,282858,283113
-214.07941558845292,261.2672756269701,266.1881074271173,158.19643598051445,181.46657643896305,-310.8246796222758,492.29125606123887,651.5994243713819,19.49434056073855,24.493229884320083,25.42077601428282,16.315224156298946,39.3364574280696,-23.50119486590809,62.83765229397769,314.65078779389535,S1,1,283132,283387
116.64906445686877,116.64906445686877,118.84908250318087,22.761813925633547,192.8788391450947,87.11906480936135,105.75977433573335,300.8398585864743,64.32824838908343,123.5722692185013,231.93915919895144,222.83996506261823,796.8823211544138,-60.68708819636011,857.569409350774,1827.8733375696206,S1,3,283640,283895
95.26207685402422,95.26207685402422,95.6740440703353,8.86901472715235,118.86260623146366,83.55838136545968,35.30422486600398,165.0193975731678,-31.452672281548395,31.452672281548395,32.65810874656402,8.7909881840393,-9.650615813255127,-49.834800858022895,40.184185044767766,227.10791506222506,S1,3,283768,284023
85.17537717866827,85.17537717866827,85.37628116562054,5.853589338405052,95.56342870571416,68.27639958935879,27.28702911635537,166.41174642469358,-17.77058433171031,17.830263290384252,20.488169646545618,10.196638072188556,2.923449544246171,-37.831235094826894,40.75468463907306,212.2090898787366,S1,3,283896,284151
-175.3264325286875,193.25782448222924,202.1696149929267,100.6637734398617,67.45350569473311,-231.4544914757169,298.90799717045,478.69150969706845,-28.933893558158434,29.025823210174558,31.222456377101835,11.73335356090427,1.8197192514698255,-43.22900514105855,45.04872439252838,270.1590810268111,S1,1,284170,284425
5.015931851848233,80.29119421109837,101.62921723010045,101.50536056022145,73.03161468062292,-226.8097874017052,299.8414020823281,508.19049954889897,-39.98885284624457,39.98885284624457,40.83703134007577,8.279781199508102,-24.44049104789718,-59.71767437549413,35.277183327596944,267.27953940527493,S1,2,284434,284689
43.52091733275231,43.52091733275231,48.97678290540186,22.464528000352093,113.4539514031311,13.022131571716827,100.43181983141427,360.17851672097896,115.71523755611668,126.60136013481196,267.6082181545864,241.29679281168282,867.3755563280224,-37.582245648911005,904.9578019769334,1902.6658015430125,S1,3,284698,284953
23.30882238898434,23.30882238898434,24.91574062542105,8.803006858570514,44.8018705038173,5.658412491030526,39.14345801278677,266.7153290513553,-4.01755408734947,5.08926853671088,5.727333975591941,4.081863988815814,9.872950154798566,-10.761712717003808,20.634662871802377,216.74017016569422,S1,3,284826,285081
17.278672279172945,18.57426052174303,23.012942014481165,15.200098171749184,62.15097941257505,-16.288065138602857,78.4390445511779,595.2896095299268,-102.08921218339015,102.0917044774293,111.21202116624475,44.11242917428165,0.3190136370124926,-135.22533844413945,135.54435208115194,390.3988520333445,S1,1,285207,285462
-51.23557735143548,51.827459076406335,55.22601110270573,20.611354050164884,21.929362120010765,-82.45159355280548,104.38095567281624,372.8519377893416,-44.280042300509145,44.280042300509145,51.4263249072647,26.15233732064258,-19.068730990579745,-134.4323966349531,115.36366564437336,316.3814267730103,S1,2,285471,285726
-79.25473965483495,79.25473965483495,81.53331819549473,19.140747587597588,-27.482959662364948,-106.12950355627264,78.64654389390769,273.57346121392266,99.17957868397346,151.09469638864078,278.44809943595135,260.1860012597968,854.4029507091583,-65.04540036320068,919.448351072359,1965.4732052887846,S1,3,285737,285992
-95.93080459312776,95.93080459312776,96.16970096552197,6.774371846382241,-78.65180539862371,-109.99102209592546,31.33921669730175,216.24605175616335,-41.861781231866985,42.41603927158907,44.54144308849761,15.216156692843963,21.50315938168018,-60.49987937817408,82.00303875985426,311.5903089974387,S1,3,285865,286120
309.953569347806,351.095042157137,373.63679533595496,208.64620695684135,429.86239252249413,-120.13146340461894,549.993855927113,744.1272047848063,95.01745142939927,113.67015123221681,118.60623983181985,70.9867878615797,144.0126231919123,-56.61882476919996,200.63144796111226,400.9372559255842,S1,1,286246,286501
2.0137985999171093,172.87740936768307,212.21098966122045,212.20143436884115,431.011776935668,-123.95916591650851,554.9709428521766,742.5133003880637,-57.25722705801191,109.6062116911082,112.0298187375676,96.29273199987381,136.7064462914844,-145.4097066231878,282.11615291467217,509.2991648210922,S1,2,286510,286765
-110.43942169104842,110.43942169104842,111.28448096129208,13.68831031833232,-60.113866221677995,-124.20658758516593,64.09272136348794,268.6040772968066,90.81928841130203,122.3565268413793,246.0002571911291,228.62192237527526,842.022225303071,-80.54164357937631,922.5638688824473,1930.7178750840656,S1,3,286774,287029
-126.33520902186869,126.33520902186869,126.95225799129085,12.501630713151808,-111.0729768458638,-151.92319031606263,40.850213470198824,197.351772502951,-6.90842519114503,8.93241462361479,10.480639597699392,7.8814635541387394,15.714031763703485,-22.940596745308213,38.6546285090117,279.6398639273767,S1,3,286902,287157
112.81338725658314,148.48537944363122,152.4722080769057,102.57150623610552,184.65310871773139,-99.78949021720554,284.44259893493694,406.55720273427676,-138.94651060509338,141.91164304465264,157.34318801962797,73.82916772420417,14.892004604243397,-191.09318369499536,205.98518829923876,376.95224641172945,S1,1,287284,287539
-2.66208615560107,57.694406886936946,78.25968083925156,78.21439089043444,200.01741790744862,-48.81234123122714,248.82975913867574,422.9525559868887,-69.84258805880054,69.84258805880054,84.53599454231883,47.62716941523665,-33.810077928427866,-188.4315293148302,154.62145138640233,407.8074269065148,S1,2,287548,287803
1.05722137742342,15.30991026277199,19.249749360629774,19.22069544543551,58.60585691225411,-25.413660187037564,84.01951709929168,451.88503150430165,120.91096452682172,152.68343457722693,295.88395500111614,270.0515756004696,912.9491323515767,-46.87787014778256,959.8270024993593,2015.313266000968,S1,3,287813,288068
5.629217325867924,12.355152147856483,15.422011734936799,14.357937116824155,35.50197944906801,-18.01848665381585,53.52046610288386,291.5387438316252,-25.06838627960127,25.97838373144495,26.829424967108444,9.560023713485268,21.759302510912242,-36.72858599569978,58.48788850661202,265.0592914926208,S1,3,287941,288196
26.76478296150936,26.76634210003533,30.936142534357508,15.514229208355209,60.11243953324371,-0.19956973132439626,60.312009264568104,217.31040891015772,-26.150078104575506,26.150078104575506,26.604343457440418,4.895355546439225,-16.135009058940227,-36.72858599569978,20.593576936759554,219.89800585516335,S1,3,288069,288324
28.778185642956906,81.45894949931213,86.90270747305718,81.99936949298608,82.12643483114441,-150.0327481915117,232.15918302265612,397.16613270361034,-72.83196041923408,107.42956665915588,109.03806756208972,81.14681582887873,109.42534788216572,-141.09904911043589,250.52439699260162,488.6507326448818,S1,2,288587,288842
97.46099520206064,97.46099520206064,99.47276569993369,19.90440981837477,163.17877238146949,77.04173549388338,86.1370368875861,285.22058292948924,70.9765893099371,143.04715943772734,251.64388748767036,241.42694522326173,821.709807081248,-118.31457632503871,940.0243834062867,1936.1152576956126,S1,3,288851,289106
92.18332150117433,92.18332150117433,92.28793060342349,4.392877425269208,100.69992674584186,81.55254998996907,19.1473767558728,194.97843895735207,-37.57860856313751,37.59743344078778,38.9956559533481,10.416782693825436,2.4095843392343097,-51.9272107900359,54.33679512927021,266.55631052082555,S1,3,288979,289234
92.74220479347095,92.74220479347095,92.87942148086687,5.046819262308583,104.6219294333646,79.24413991663376,25.377789516730843,222.25857447769292,-38.295235147670994,38.295235147670994,38.752790188880475,5.937483676438558,-28.52579959354902,-51.9272107900359,23.40141119648688,255.21589777960122,S1,3,289107,289362
-38.463280430623385,52.53144870608959,98.7106629935593,90.90858621243243,21.780993497645493,-227.3592597886335,249.14025328627898,432.66871349233685,-59.37085453241255,59.37085453241255,61.77735380728826,17.074632514990796,-21.778616095140492,-85.25337280450304,63.47475670936255,227.6740694152034,S1,2,289625,289880
-6.822789515977398,18.34729388832468,22.986448252714794,21.95054319362972,62.12609383326826,-37.304409321049064,99.43050315431732,320.0819195255449,101.52541982035056,147.2566819699182,273.4367214177622,253.89019230761255,860.2448178041843,-62.37059558086967,922.615413385054,1972.776272535904,S1,3,289889,290144
-32.29952315113278,32.29952315113278,34.57295639672477,12.330049400520245,-2.907106929256317,-59.152500568250765,56.24539363899445,231.73109664815743,-29.2158224627023,35.373374777761995,37.71883617229881,23.85678771378445,64.68821429259785,-51.02640592839622,115.71462022099408,362.3283323857273,S1,3,290017,290272
-50.93388633617796,50.93388633617796,52.005037212171224,10.500624654401106,-30.36068488554532,-68.5144096916409,38.15372480609558,198.76807747553264,-37.80844409237878,37.80844409237878,38.378294257117474,6.589007922241762,-23.021318502970484,-51.02640592839622,28.00508742542574,244.85109476877415,S1,3,290145,290400
241.4576394626849,268.61651665556184,286.3516730799755,153.93339150687626,343.1690714571459,-79.99561260842684,423.1646840655727,610.7527053726438,34.960248786578255,46.510922389614535,47.5247720729664,32.19293346944265,71.43394644223683,-35.995043079919114,107.42898952215594,363.4178110188236,S1,1,290420,290675
-122.448688505737,122.448688505737,123.19320232162471,13.523453016214324,-78.77728984182384,-145.25356349963383,66.47627365780998,300.8063438300795,49.295671363524825,125.7818888932753,227.3707429053333,221.96259034833443,811.2307993532597,-78.55397975492188,889.7847791081816,1862.585715161233,S1,3,290928,291183
-125.8680457877947,125.8680457877947,125.99011446870621,5.544726629808661,-111.8089696619738,-138.51857330363586,26.709603641662056,255.97756950115553,-43.05717976976048,43.05717976976048,43.56881608117432,6.657402270384708,-28.18113352852684,-55.90504469442577,27.72391116589893,221.9819869935385,S1,3,291056,291311
-122.84108354242176,122.84108354242176,122.94578899143426,5.072989734863959,-109.37823231399597,-134.70729781747679,25.32906550348082,273.0058711017899,-32.27260263767637,32.27260263767637,33.090118958790015,7.309931032336685,-20.187980265055234,-49.297490560373895,29.10951029531866,259.7624724007601,S1,3,291184,291439
247.307241073386,297.2819573601941,313.6078022749925,192.84445068609293,363.60196731433547,-127.19888980717664,490.8008571215121,630.7681783233304,12.601798582118704,22.839175617018665,25.172048392952064,21.79051841496277,44.668070766830354,-29.689441973310494,74.35751274014085,283.82482170316706,S1,1,291458,291713
-46.98035273614824,140.20076082160315,162.30956260897392,155.36164446575455,361.7127790252691,-127.30134786324662,489.01412688851576,652.0862049979278,-35.23697332528273,43.11107207056731,44.41507063812304,27.038014177501502,35.43907482009091,-69.01483855301743,104.45391337310834,321.5079740748178,S1,2,291722,291977
-86.60888195487628,86.60888195487628,87.47426574791804,12.27390462174496,-53.232999479505736,-109.51479402683805,56.28179454733231,266.1065125027838,95.5806739594313,113.76045943697515,244.8770927071888,225.453155440739,834.5450657192029,-42.18375231765438,876.7288180368572,1871.8291621975677,S1,3,291986,292241
-75.11422968427092,75.11422968427092,76.08288796211211,12.101997339030312,-50.90284765943034,-99.76053156960579,48.857683910175446,239.0079649951575,-5.466821725014065,7.253860257212205,8.798262190547483,6.893712918343178,11.87568838529449,-18.476491048919883,30.35217943421437,244.13648101399073,S1,3,292114,292369
86.05811063968238,105.08155383741317,110.619401064792,69.50290270960983,137.39291789089603,-52.9375148031854,190.33043269408142,408.06602786420984,-79.46474799007648,79.61505574021596,89.27578109419426,40.68806848269071,3.5325435947689208,-113.24728573664544,116.77982933141436,344.52658239538755,S1,1,292495,292750
3.9257638466340037,28.574317262724698,48.107890551691284,47.94744530789903,139.7561996380475,-33.1013154246677,172.8575150627152,352.66370431334974,-55.3432909749539,55.3432909749539,58.91069305799305,20.188855852540446,-38.92898237625285,-116.43368849380647,77.50470611755362,278.7283991916625,S1,2,292759,293014
13.044546803021591,15.217815008477668,18.382712064359527,12.952370499060338,46.0914958269734,-21.645603490951455,67.73709931792486,292.87929766803086,101.77388095784134,167.76654194854387,285.30140081741956,266.5313611250298,826.3034265194585,-68.52177013618409,894.8251966556426,1897.8399100665256,S1,3,293024,293279
26.615101218586098,26.620138880031575,30.113542447479663,14.087647988950337,56.799645901982494,-0.3928479740154043,57.1924938759979,226.24288821445288,-59.201743349677045,59.201743349677045,60.296769968532814,11.439145641049008,-16.653854087138363,-72.92434376672936,56.270489679591,268.17076193654754,S1,3,293152,293407
-157.58899239467445,177.97651437758086,185.81395172458448,98.45066851747352,72.15291959132375,-210.59938361883678,282.75230321016056,427.26717900575744,79.90045401323185,100.17237092722364,102.41028253002746,64.06077908017875,123.04550557371967,-70.4014934529568,193.44699902667645,444.85228554534206,S1,1,293534,293789
45.38625688180113,104.53481951446422,110.50754772121434,100.75716247302535,107.68427536493232,-189.8790245979616,297.5632999628939,412.86686014056187,-62.62844908482566,93.9182111719888,94.6201564471032,70.9270848921883,104.24277875776708,-107.68368910670131,211.9264678644684,418.837158691058,S1,2,293798,294053
139.24570270069904,139.24570270069904,139.81687861400218,12.62512672218213,176.0948537809176,98.98134161721792,77.11351216369967,256.6555775718215,58.28388601967901,136.4963972013606,230.04502739640427,222.53921735338574,750.9740609362751,-96.92413299138876,847.8981939276639,1770.7126754269243,S1,3,294067,294322
136.48769513967085,136.48769513967085,136.59254464733988,5.350918490859307,147.9353308368452,120.89143350378404,27.043897333061153,214.1130982661432,-59.05101730848512,59.05101730848512,59.230266099770986,4.604538748090923,-41.05238420655378,-67.86337276361891,26.81098855706513,245.7196872492433,S1,3,294195,294450
-270.42017399398054,311.72945301036566,326.395586245798,182.77584145013108,130.60885406781819,-382.96041220331426,513.5692662711324,644.9592362025118,41.64467967582218,56.35329684920304,57.221863598333364,39.24362786955905,74.42402988580807,-49.3700894018978,123.79411928770587,341.55167664177395,S1,1,294578,294833
-114.19296349398938,187.22124095273978,245.43599277267,217.25283343783235,87.92420754659899,-416.74374947868193,504.66795702528094,694.3651002918896,-47.98495582812769,91.34506404766965,96.33510828861316,83.53380814467553,69.58125285924298,-133.33818932764828,202.91944218689127,406.10003705962566,S1,2,294842,295097
42.4428307941574,42.4428307941574,46.99008622480585,20.16616764765217,98.44331548297063,12.331801428574263,86.11151405439637,298.9559723670576,54.079546949665506,156.88684511754963,254.5983268268689,248.78848571579852,801.2579931445134,-113.04673322590382,914.3047263704173,1891.2742090854913,S1,3,295106,295361
16.657853032855808,17.253963610337145,20.388189159861984,11.755602475164352,43.2651300623653,-8.079395606339947,51.344525668705245,236.38453699081845,-54.307011322724094,56.20586486951134,57.75235466860636,19.648994655249318,54.290625434405264,-73.50506700032533,127.7956924347306,256.4225050408818,S1,3,295234,295489
265.5611136399889,274.49287117845626,309.94604398569095,159.82441961311406,373.32758170610134,-27.672976475931556,401.0005581820329,581.079757357126,50.38325169487638,68.72487065952981,71.32407141802176,50.48416694661611,101.0395739134083,-46.470719136765354,147.51029305017366,361.90812440349896,S1,1,295617,295872
10.55124032728586,107.05834668451138,150.10843506685606,149.7371483826789,346.9918857707051,-77.19425188744593,424.18613765815104,596.2942910961117,-48.726976317823485,74.62416081468974,76.06442010684,58.40785722068663,85.33152549043452,-107.49724449587846,192.82876998631298,512.0440457863954,S1,2,295881,296136
-66.20914980753086,66.20914980753086,69.03541040022894,19.550866244030548,-4.338789016360251,-85.92553681266902,81.58674779630877,314.88629893430584,62.43598990938604,139.3770563359082,246.6918024570164,238.65999363849537,803.2127498234055,-71.9145463922262,875.1272962156316,1886.877342456552,S1,3,296145,296400
-77.14882555013682,77.14882555013682,77.31593422072065,5.080590581552497,-66.38543230509602,-88.03253864222039,21.64710633712437,210.08972857777752,-52.149162811148145,52.149162811148145,52.55414004382973,6.511716658672357,-23.447553344912176,-65.6770567176348,42.22950337272262,267.8232235492396,S1,3,296273,296528
-78.20184152207625,78.20184152207625,78.35164685367845,4.8427830056288785,-66.38543230509602,-88.03253864222039,21.64710633712437,213.1940368809316,-58.7029315506333,58.7029315506333,59.05473669682305,6.436439519855654,-47.07158196351737,-69.78452235414761,22.712940390630244,220.22761517481814,S1,3,296401,296656
-83.015804627705,86.47858301864767,94.13468764535362,44.38147811985317,19.458482802255418,-111.80442554105079,131.2629083433062,301.28347853722516,-62.07764731771367,86.20933841787976,87.46076650679107,61.6096695450721,72.50295437100165,-104.9874222219394,177.49037659294106,438.9424164403014,S1,2,296918,297173
-86.05886492678252,86.05886492678252,87.83768735087985,17.58781074109899,-36.596796047814635,-115.07894332868126,78.48214728086663,316.688175983136,72.4024019851398,140.63357002278218,247.8286687429657,237.01675307389738,793.9987762487399,-101.22123877301803,895.220015021758,1851.7865768184636,S1,3,297182,297437
-85.87998361575885,85.87998361575885,86.09549358329771,6.087892041474398,-74.06884621417865,-98.7845950436289,24.71574882945025,206.69839447558059,-37.45201826305204,38.01689822594285,39.41759645266472,12.291998947654628,14.116645730644564,-51.6770249063043,65.79367063694886,267.4593042607886,S1,3,297310,297565
-78.61728034651256,78.61728034651256,79.01326717919946,7.900608916368926,-53.34565196400476,-96.09994926443495,42.754297300430196,174.04679344881797,-41.02403861669264,41.02403861669264,41.311560299795985,4.865518469782117,-28.501711312289167,-51.6770249063043,23.17531359401513,207.21742376907844,S1,3,297438,297693
391.1743784833212,405.93073402662054,429.2913519446431,176.8436328303815,494.342972559369,-72.59395662185408,566.936929181223,977.5531647228152,1.1115987714426625,16.006263006239,18.49685894120324,18.463427061683248,25.916030659354487,-37.74763839592924,63.663669055283734,330.18861748043105,S1,1,297712,297967
0.35160194638656683,13.63747151725888,19.85462645702253,19.8515129856441,59.25827352160493,-35.59790371679182,94.85617723839675,300.08238825562574,113.68994765804686,125.28508180656355,262.29924086903185,236.37996438357663,877.781393089016,-44.17210783465205,921.953500923668,1912.272214655957,S1,3,298220,298475
12.266381720553102,15.086650531977176,18.62141048115537,14.010453518475542,41.4561408134777,-10.299201151341762,51.755341964819465,204.65460014227534,13.083032263005094,13.091007764852602,14.481265869852617,6.208166234769015,26.753454322143646,-0.9237931754991241,27.67724749764277,259.2557420863983,S1,3,298348,298603
32.96006480781023,32.96006480781023,35.31963894732802,12.692951714812473,54.05154144306311,8.797451563892182,45.25408987917093,204.9110660665437,23.65138356617861,23.65138356617861,24.738903340014293,7.254336211678274,35.64852188696283,8.879905288095461,26.76861659886737,235.36769716670952,S1,3,298476,298731
-387.4377081100133,402.53409605866864,428.97219775500173,184.14442370383196,65.44970223638789,-482.01047575583107,547.460177992219,686.2265970939582,-125.5158062190115,132.542274662821,140.87918285819376,63.97442107580145,32.20445902773652,-167.67018500120346,199.87464402894,421.9665757118551,S1,1,298750,299005
91.82176101301442,91.82176101301442,94.35804521826908,21.730276157512957,174.47043044018415,69.25811724305653,105.21231319712761,366.6692279529217,139.53944506278341,156.1634167165863,288.772527892713,252.8207193588337,886.8629237339931,-45.30358185428647,932.1665055882795,1921.2330071127615,S1,3,299258,299513
75.07885364136274,75.07885364136274,75.51806298982974,8.132869950683098,92.57329360342955,60.54712952042627,32.02616408300328,239.09713168389874,17.73881869791641,19.315758673334237,33.32414898077727,28.210516062197257,149.9723875637606,-7.7185631676829605,157.69095073144356,281.63850171808133,S1,3,299386,299641
61.963496789413995,61.963496789413995,62.5408389719201,8.478302008062768,76.49454393429986,42.09271860713683,34.401825327163024,216.7034923937095,-0.7760395012776351,3.602009034350406,4.300251982284825,4.22964889838404,8.458243895158821,-8.744434944676295,17.202678839835116,196.44083208788015,S1,3,299514,299769
110.97022074490798,110.97022074490798,116.49432485591849,35.44767737754707,146.59798169139268,28.275683852531202,118.32229783886147,303.9168613816219,-25.286546805734943,25.286546805734943,26.096419521196754,6.45086524953628,-11.126633769966999,-40.635455471744315,29.508821701777315,178.8248809368289,S1,1,299788,300043
24.900625335118526,25.122682641963824,32.746950554562595,21.267854347418805,106.15804767744366,-5.164647959586452,111.32269563703011,438.52163683345947,-50.52425429140031,50.52425429140031,53.20355054627343,16.670858377053953,-27.600916517832623,-87.31891314561139,59.71799662777877,267.34107969672635,S1,2,300052,300307
23.24411057024186,23.24411057024186,27.008390307412334,13.75370752909539,71.30349913416694,3.1943041195303064,68.10919501463664,355.5676405773859,89.63601977172853,135.44306531496233,251.69521480346677,235.19325057162155,827.6096432893369,-61.89829613245077,889.5079394217877,1868.9880222663626,S1,3,300315,300570
15.334922418192072,15.334922418192072,16.88629111646749,7.070147247272798,32.23624154210209,2.3745918226690987,29.861649719432993,258.6290091157481,-32.12369699671109,35.97193951346838,37.67947257796124,19.692911034604,53.08629897045762,-48.477307317343005,101.56360628780062,292.5393110517931,S1,3,300443,300698
-188.31615332031248,195.04906629135715,211.9753885686912,97.31696541450619,23.47654900913955,-249.51312537817557,272.9896743873151,393.4040108438064,-5.623583244468793,9.016779205390169,15.199014519474485,14.120387879082006,22.692594755949923,-38.83991623797975,61.53251099392968,322.1809911475229,S1,1,300825,301080
-43.31888529459686,52.160936669067674,106.03936168722313,96.78750127918008,23.596468128324805,-253.54072510315623,277.13719323148104,436.3829627983059,-76.81187770909492,77.26240206694504,85.37749078118873,37.27266256782594,5.3279604954825865,-114.66686644402321,119.9948269395058,379.5567113042787,S1,2,301090,301345
4.23656963947013,16.053359028749007,23.448917145969844,23.063026536178604,78.1586779581736,-27.112127986017857,105.27080594419145,321.7539546314933,97.02089698955835,156.5079857449502,275.4960042438853,257.8468419463158,834.8156236101092,-94.97906104530111,929.7946846554104,1896.1955817199441,S1,3,301354,301609
-20.055598681550556,20.6812663012572,23.356464075810706,11.970688186116268,8.82510367435406,-40.87139942988837,49.69650310424243,239.96367264224247,-35.09970095643079,38.43310904850115,40.547969081121245,20.30144796246552,51.52311453462147,-52.79899220615786,104.32210674077933,288.1998500414173,S1,3,301482,301737
266.8191402109079,276.665051041258,300.85309836301826,138.99688202164762,378.8542111281033,-44.626268045770246,423.48047917387356,630.1140011581363,64.54660997274067,78.36905542949523,81.39237328330475,49.58279509785342,107.40811501716652,-44.61634185163637,152.0244568688029,430.4990868206895,S1,1,301863,302118
-34.72839356407622,97.27305504328227,118.78371503513692,113.59361618509749,310.5383728079342,-91.6377782686273,402.1761510765615,598.654987764866,-49.32993802620376,67.71998495181457,70.68044803496113,50.61899790349209,96.2423574888828,-105.9075365528753,202.1498940417581,439.27003481383224,S1,2,302127,302382
-24.5422494737194,25.819235990736516,34.73855233244326,24.58546336605472,18.52968903390522,-74.21520534202142,92.74489437592663,293.2033717189528,108.55341210192101,136.52992565851235,278.60538590322585,256.58744664405526,913.8869435186,-57.48459782178258,971.3715413403826,2079.8794351809074,S1,3,302391,302646
2.9397252280643507,14.896659182941562,18.460325129213526,18.224752932749304,38.251537499166666,-32.49787092495027,70.74940842411694,239.61392476367075,-6.102877726222228,9.903000691845278,12.135541895973041,10.489340330435349,39.250971772271605,-20.142688621883472,59.39366039415508,301.12810002064106,S1,3,302519,302774
-231.70952515839963,254.11348503457515,272.0029872598847,142.46515724614903,69.13321013332808,-313.4896554984965,382.6228656318246,558.8305781164831,-170.2685532969512,174.4130978621638,192.124230708752,88.99629084177077,16.51766731400324,-232.74725250019588,249.26491981419912,460.064710690071,S1,1,302901,303156
14.679874112645333,94.84515810878358,122.735448662907,121.85438709591858,82.02978765301657,-305.47780543134536,387.50759308436193,568.6167657685726,-59.26694890753021,59.26694890753021,85.78944380939832,62.026264084806165,-15.692832395431315,-220.93000269735543,205.23717030192412,486.92596235157026,S1,2,303166,303421
75.15079184085083,75.15079184085083,78.52059631616034,22.75615370704195,147.0600431658205,49.008910254521986,98.05113291129851,304.27412980642566,130.24410447709283,143.35337993683873,290.7489541422174,259.9450472383603,908.3665873971011,-36.28686125571573,944.6534486528168,1953.636589475392,S1,3,303430,303685
58.445101852672884,58.445101852672884,58.74761691324225,5.954205439498965,72.32888171698329,44.85133344881362,27.47754826816967,222.18815168432639,-2.5605674102143503,8.55871469524365,10.740107057147636,10.43040718940256,34.242419069925376,-13.861590715782848,48.10400978570822,217.8250680098244,S1,3,303558,303813
52.248147583160346,52.248147583160346,52.688012412598354,6.793947756526722,64.59283609215206,37.1465599200969,27.446276172055157,225.9865826038843,-2.267410743951928,5.513412096727152,6.313595704510593,5.892396731231357,10.986297670283324,-13.861590715782848,24.847888386066174,212.60426412341815,S1,3,303686,303941
17.393583699358107,31.383311987260193,33.46447912888702,28.58906450832448,51.48132636769601,-34.27233617348447,85.75366254118049,265.42591791538837,-17.795275395621893,33.229894360267195,33.605106729863095,28.506689950246137,44.47626704283429,-42.59390910718164,87.07017615001593,372.3428313653328,S1,2,304203,304458
28.353856476277425,28.353856476277425,32.734442408816264,16.35856175642496,83.21676011940713,12.662644456163193,70.55411566324393,297.69056977643436,77.23266069583661,120.15132199100006,243.8232380907778,231.26799941823754,855.607128207947,-50.26881961366263,905.8759478216095,1960.1730866277762,S1,3,304467,304722
27.88091461906126,27.88091461906126,28.79268436372547,7.188412402870132,43.18986395153331,13.411321797882438,29.778542153650875,188.5940069747062,-23.574804687539476,23.574804687539476,25.26917235738259,9.097233402055545,-6.370430814245983,-38.13940934231346,31.76897852806748,253.45007340899934,S1,3,304595,304850
30.01110680672532,30.01110680672532,30.481666135052922,5.33530117276967,40.29654610393166,16.313025888245747,23.983520215685914,169.95307639729006,-7.4871545074141155,11.23757090428299,13.271119793961104,10.957423874605503,12.735021519964413,-26.050577322839967,38.785598842804376,218.22920082392204,S1,3,304723,304978
-98.17982226897634,105.08080024350892,110.43287738059882,50.558311935730174,33.61600161412218,-134.3431683025508,167.95916991667298,353.01785883442676,-123.74671555800606,125.63326854348739,135.17741643694254,54.40298064603191,12.816250176469744,-162.72999794055812,175.54624811702786,406.3831623924819,S1,1,304998,305253
-22.690479301365905,29.973308042250267,33.51007036857783,24.659013872848263,49.971234748697555,-59.698352933252124,109.66958768194968,295.0127376955023,118.28672750439112,126.56976736791744,277.65430628855813,251.19745997299086,933.5515903958085,-31.300800182550457,964.852390578359,2041.6587343844706,S1,3,305506,305761
-51.34905365965067,51.34905365965067,53.10981991799365,13.561993215601847,-20.90917857483663,-71.32059140079222,50.411412825955594,210.9467688712861,4.875642055039292,5.691474537251896,7.17256534138711,5.260590093097904,17.9585441129411,-7.68433380715535,25.642877920096453,292.7770894687538,S1,3,305634,305889
-68.71503764119473,68.71503764119473,69.15162222447331,7.75825097850428,-52.80712755742697,-83.17509627511133,30.367968717684356,193.62625687661915,8.534135124292542,9.264044687070623,11.645905430672682,7.92437069933555,21.850244694562427,-7.68433380715535,29.534578501717778,313.8488425307319,S1,3,305762,306017
213.18055688517825,240.75449912898313,256.7611059940716,143.10945362701986,299.7589376875909,-79.81760297529631,379.5765406628872,546.8034207968501,-45.57262402435525,53.427128642196415,56.93990999959711,34.136333873117934,23.763141279283712,-80.43926942423941,104.20241070352313,302.15300031779077,S1,1,306036,306291
-29.34471422762092,136.25248495923864,151.60639501535323,148.73932484871168,277.51920674915306,-113.77538537694747,391.2945921261005,568.4808179907582,-48.15457457465175,48.15457457465175,51.532056040439,18.3491075338625,-27.735491260110585,-91.56427256126057,63.82878130114998,343.7024237627776,S1,2,306300,306555
-74.22442596812138,74.22442596812138,76.33155590369338,17.811260943053373,-29.046133631252488,-106.70855252777945,77.66241889652696,310.7122915997569,104.5043194744659,129.80489284760037,251.60467937150676,228.87499184667922,811.370133118916,-53.519318665470664,864.8894517843867,1811.8545273014463,S1,3,306564,306819
-67.51070807059506,67.51070807059506,67.71235202588507,5.221772944534625,-51.96102912837779,-78.31858744979525,26.357558321417457,228.06160887044365,-2.9581499760849113,22.953256673381333,30.440817031470296,30.296743888781855,127.51595679407113,-29.274193292604107,156.79015008667523,353.85026364157414,S1,3,306692,306947
104.32502528251105,128.46238120634985,134.25325336700834,84.4998528959049,157.68485325187356,-64.79156783065433,222.4764210825279,392.67453290357764,-5.0492529086359,10.930407328961827,14.525338393572602,13.619489730251505,28.60078311558271,-33.654023538409696,62.254806653992404,357.02358171435276,S1,1,307073,307328
12.479040158747992,40.9521147957107,66.52369815941702,65.34275762103692,160.0249214694149,-38.29161247336384,198.31653394277873,366.5688841837398,-55.41834513633505,55.41834513633505,60.23165770604638,23.593634996930536,-2.09989441770239,-81.1951336861735,79.09523926847112,366.1742510029924,S1,2,307337,307592
30.706008531560663,30.706008531560663,33.55833503540374,13.538939781538657,68.3724201575011,1.7898458379067321,66.58257431959436,239.2114637447227,91.75210296284402,105.68438791248826,222.87448747879264,203.11225657460994,791.6414588273525,-62.909925420478395,854.5513842478309,1761.7521434699618,S1,3,307601,307856
33.12064182275101,33.12064182275101,33.601174399521156,5.662332229397384,44.80919685282506,15.324079987103223,29.485116865721835,213.55365050962047,11.984295526541521,12.125500226814019,16.093844028716752,10.741902827394167,35.130985955142194,-2.6087365119511436,37.73972246709334,233.44034541601968,S1,3,307729,307984
-236.59121329748777,252.5117197709248,269.87355733228895,129.83194806212717,55.374781800609185,-328.08592867709234,383.4607104777015,540.2723545828635,-118.59359668335782,131.22759755112094,138.37609804100953,71.29869097508133,44.99199787371689,-164.91881648000438,209.91081435372126,482.94231697339603,S1,1,308111,308366
10.765112122483174,116.84992634842459,138.72779978122574,138.30948916516977,97.32665296131181,-275.20478353705704,372.53143649836886,503.5871394420437,-23.10949162085172,33.02458943832349,62.83672405017178,58.43291269809525,28.667242788662897,-149.0594087729521,177.726651561615,409.58573659634726,S1,2,308375,308630
99.89801389040306,99.89801389040306,101.71125415142667,19.119781426808963,167.69890290391632,77.394091487812,90.30481141610431,298.4008133862543,105.0985239571048,110.98473597053673,214.30767926664726,186.76745341384836,742.3549852768459,-24.371610373973123,766.726595650819,1606.619626422562,S1,3,308639,308894
86.5489945962091,86.5489945962091,86.85266767649728,7.256543041245078,100.78757428645847,69.40995340356382,31.377620882894647,208.87160042422352,27.45254973552874,27.45254973552874,28.32008725725084,6.955922316747245,48.87597868759264,13.007054773170195,35.868923914422446,269.1517344384714,S1,3,308767,309022
-116.54939510513239,142.25876699275577,148.3917664990109,91.84963181921155,71.08695770796214,-175.33043930207978,246.41739701004192,479.1346775258021,-85.93962545607019,99.56637586654259,105.31866358675003,60.88022401543378,43.57942123468356,-126.64089710583242,170.22031834051597,375.3768215769715,S1,1,309148,309403
33.79393982880481,91.02115862785334,96.6534173388625,90.55303812753851,94.95278306320066,-163.9204884377781,258.8732715009787,424.0546236285308,-46.53481815912381,46.53481815912381,59.81992743262256,37.58901989865538,-0.3756100119504392,-130.3607265505728,129.98511653862235,309.81246675549687,S1,2,309412,309667
108.14278599454536,108.14278599454536,109.39878470666353,16.529728752550184,167.05120369241743,86.30514326710077,80.74606042531666,318.8615598905841,75.7951462233202,101.21160212907053,205.76294375396543,191.29423627303322,713.0799698120479,-45.706517651047314,758.7864874630952,1628.9684405241348,S1,3,309676,309931
110.99747467187524,110.99747467187524,111.27428935941612,7.843984249696196,127.55470373312579,93.89969473953875,33.655008993587046,184.37368735145435,-10.4583820116123,11.231048605087476,11.90829652219115,5.694714370327464,20.41431217682849,-21.752185640765557,42.16649781759405,229.4768639778531,S1,3,309804,310059
112.53713489271436,112.53713489271436,112.73196410644462,6.62487746571439,127.55470373312579,95.57913814027071,31.975565592855077,201.55197242954415,-4.272225548811817,8.222333484881128,9.298595928981886,8.259054129290961,12.177302611325267,-21.752185640765557,33.92948825209082,219.42780486557928,S1,3,309932,310187
-57.10410495082811,141.94715337884537,191.27530049536807,182.55235352456612,86.79382956030307,-354.8828094195838,441.6766389798869,646.7960040300093,-45.91292671670978,49.49004273788164,57.166906069551835,34.05962873947688,11.92379220492438,-86.32619516001981,98.24998736494419,307.9249038183723,S1,2,310450,310705
23.28483728402551,25.739904763062164,35.2683381826412,26.489092676450863,95.19161486793277,-12.79607530013207,107.98769016806484,295.27289715516986,101.96732141646982,130.6557906114738,251.82819805061678,230.26095347794205,807.7724425424306,-65.6504084130625,873.422850955493,1845.8243825851273,S1,3,310714,310969
-2.7855217103543417,8.575091629655873,9.713669803022134,9.305710603886663,21.748012340619358,-15.183439087651882,36.93145142827124,181.02571790978902,0.5128017286183031,11.279334522474382,17.99932536751739,17.99201901046353,80.86808651359914,-16.290871994939927,97.15895850853906,387.33069612839427,S1,3,310842,311097
-13.060031381892976,13.060031381892976,14.934765576782294,7.244501579640382,-2.379742781957071,-34.82434555307977,32.4446027711227,198.9440013594932,3.631161055572993,10.665280163262086,12.191841035418813,11.638541885537558,25.683416773742106,-16.290871994939927,41.97428876868203,337.0899346801007,S1,3,310970,311225
134.91605059257583,143.12993376613446,151.41447333337706,68.73137585794036,174.04797499770757,-38.146137024236936,212.1941120219445,375.38642118706264,-125.03453971798554,130.95691312119294,139.03213461746012,60.7971901801312,28.85315596659794,-166.48557542489598,195.33873139149392,431.25464012364387,S1,1,311244,311499
-32.65823935137431,35.27372651102495,37.00247017812651,17.396039829555686,25.998201288862568,-57.730657233751906,83.72885852261447,319.4887222919474,102.49521973563085,127.54220911120916,257.5951405824559,236.32601715223817,840.3795183018445,-47.58234588975301,887.9618641915976,1863.1258492776271,S1,3,311751,312006
-28.886618286929743,28.886618286929743,30.562632426255497,9.981872808627653,-12.464763446341003,-50.305749350031235,37.84098590369023,247.09263117699209,-15.426845916236019,18.750825674964496,20.8293128625981,13.99545281170662,47.495068701904145,-33.38450586587817,80.87957456778231,242.61216677823109,S1,3,311879,312134
-12.329502711243013,13.268643150273927,15.797587056426524,9.876594539557955,7.702815620178227,-32.125053725071574,39.8278693452498,208.8448571743938,-14.068160532740457,14.218155967164991,17.32442865385511,10.110523597102167,4.009748417398685,-33.38450586587817,37.39425428327685,219.93686996777828,S1,3,312007,312262
