EOGh_mean,EOGh_mav,EOGh_rms,EOGh_std,EOGh_max,EOGh_min,EOGh_ptp,EOGh_wl,EOGv_mean,EOGv_mav,EOGv_rms,EOGv_std,EOGv_max,EOGv_min,EOGv_ptp,EOGv_wl,subject_id,label,start_idx,end_idx
50.477890270091834,54.17794535631448,63.621079902838304,38.72498420766502,89.43119253593429,-21.84106202012277,111.27225455605705,462.75804824274553,-97.18613988062067,97.18613988062067,106.16694171831065,42.73492399576255,-21.572391678575777,-148.06748020794493,126.49508852936916,588.5985621919974,S1,1,0,255
12.204309394179173,19.18138307624212,34.53539519056022,32.30709447132813,93.0786127211998,-17.09816591562289,110.17677863682269,408.9313137837887,-1.9447561701878051,39.26939046122267,54.53713084833476,54.502445491985995,39.12150957007348,-132.13639913271805,171.25790870279153,585.2181318756609,S1,2,294,549
-19.197424386757106,19.21031070889649,21.994648108812704,10.734218292229851,1.205259274331121,-45.18653232372896,46.39179159806008,307.81628336131064,134.75384325373625,134.75384325373625,235.39409793518274,193.0072098939982,777.8982054239129,1.1454317633095967,776.7527736606033,1774.5533857320372,S1,3,558,813
-13.148576564793213,13.65547934341473,15.191087926363576,7.6081592193039596,11.504448138678391,-30.97689355102455,42.481341689702944,335.01503993819415,30.399323560300164,30.552605959026906,37.53316794020347,22.01408237251094,93.69833603071918,-3.5768905440435037,97.27522657476268,404.79919735745335,S1,3,686,941
-3.471066185477631,6.827409734229709,8.726506992071887,8.006473869233153,11.504448138678391,-23.111141646131124,34.615589784809515,364.650653764709,4.664998471250365,11.183634859323483,14.031443059473673,13.23326050504877,35.048700128764565,-33.95239911710274,69.00109924586731,416.9124283941651,S1,3,814,1069
3.473585633522344,14.501037112859663,17.628153881721353,17.282534887111748,22.254525516588505,-44.41971313659512,66.67423865318362,334.8117328621322,-69.60686089778324,69.60686089778324,74.53806465648088,26.660982703013428,-8.099873431974418,-106.30135165064598,98.20147821867157,535.8829456720126,S1,2,1332,1587
19.072101080125563,19.072101080125563,19.974467069724135,5.935848305757752,37.24455182607002,2.897185140196223,34.3473666858738,338.8694800046287,20.43806787561205,118.36624658239198,178.8229001097154,177.6511046550545,666.1848594542164,-97.92362406425131,764.1084835184677,1698.2429116911194,S1,3,1596,1851
17.762346760492207,17.762346760492207,18.510742075320067,5.210240852307747,30.352882571481373,4.007921755463467,26.344960816017906,354.2967168445364,-61.851684891118836,62.28049353124919,67.22803819265279,26.34346589502842,10.176943971998424,-97.92362406425131,108.10056803624974,467.88683214822663,S1,3,1724,1979
5.480696430384706,14.286707510826393,15.305761782100516,14.290847083653826,26.053164098587438,-25.27097459743189,51.32413869601933,379.90348508628347,-20.075589621317622,39.36648321800615,45.53360170990689,40.8690541367534,50.27412489535145,-88.33159291533707,138.60571781068853,521.9435261961646,S1,3,1852,2107
-16.753618713542526,16.754150049555662,17.89747688099873,6.295707959167238,0.06801100968152445,-39.24971077954856,39.317721789230085,394.8157420326801,-7.236441096073463,23.521864011486496,28.432663383714104,27.496368257547317,64.31213867866688,-47.97455048186217,112.28668916052905,547.5086474491014,S1,1,2126,2381
-4.908265510486215,8.858222761548491,10.887621420826218,9.718499363677779,14.327769453017934,-31.14005560074363,45.467825053761565,330.68332380270544,82.28650062679309,113.76037718006113,214.85839639235985,198.47685586710912,751.1543954100089,-58.93797661718479,810.0923720271936,1828.076638572549,S1,3,2634,2889
-6.973035801643522,7.812441272095947,9.096226024718886,5.8410700733487895,11.606326741479952,-18.19043059165594,29.796757333135893,300.3329389597093,-29.093943254286305,40.04930437338382,42.844689837082846,31.451707634915444,74.83375120925476,-70.65970505721694,145.4934562664717,439.9132435033227,S1,3,2762,3017
-10.470252043246338,10.513932545415809,11.299139902495094,4.24786825208277,2.2372682783658067,-21.12657432210196,23.363842600467766,304.5351930217496,-66.6313861783757,66.6313861783757,69.81487924887045,20.841682765134998,-32.08259608935449,-104.84679963809246,72.76420354873798,377.6356368727144,S1,3,2890,3145
71.97841156287987,78.23493836181666,83.43325996487556,42.19261946420475,102.80079560539556,-27.936062014734656,130.73685762013022,370.7439576899104,38.7060963113103,63.78807639990234,64.96519210351175,52.17580179916508,109.17394852130539,-83.9807792594319,193.1547277807373,594.6865849665935,S1,1,3164,3419
-59.34155307206828,59.34155307206828,60.14624117112666,9.805631341746217,-42.21520729300362,-82.85791374193201,40.64270644892839,329.01726820824047,74.95671210075604,113.63093363423486,208.1097921510309,194.14215642201373,738.1516759952234,-58.177989529296944,796.3296655245204,1719.8959376557311,S1,3,3674,3929
-61.95942762976727,61.95942762976727,62.274727251595706,6.258672547135651,-44.0349887135178,-73.87509887398998,29.840110160472186,339.2055996018064,-19.605471919162653,36.0702898300316,40.06389639949267,34.939107967093356,112.45368692137613,-57.543636633482365,169.9973235548585,392.9208131710705,S1,3,3802,4057
-62.97410940456999,62.97410940456999,63.21543770458851,5.518433553460689,-48.52010926169026,-74.32968150356477,25.809572241874513,348.57479708705785,-46.95318525253754,46.95318525253754,48.199552780809846,10.890146138182244,-27.406877745083126,-72.00080861505862,44.593930869975495,345.82649692572346,S1,3,3930,4185
100.42816842061734,124.5638381798575,129.68621073335564,82.05300873250441,163.97904829192893,-73.68709623218092,237.66614452410985,532.6603121130531,26.041865820232818,50.26002976549769,57.186192076731835,50.912491481343324,125.81620025067225,-77.19569927273137,203.01189952340363,698.8939614711148,S1,1,4204,4459
13.737994496041352,42.599301811180254,68.29473840980229,66.89872047872113,169.9618560171935,-44.40444998668543,214.36630600387892,538.3314146406941,-60.092955574948554,73.3922638714371,77.34574819688967,48.69498387312519,54.84648888115333,-110.05814399777293,164.90463287892626,544.4437892653984,S1,2,4465,4720
1.4996361094167936,12.002614145931169,13.567329280854523,13.484195020633072,25.984770838516802,-21.3798188615543,47.3645897000711,443.5125567308613,17.570781790991013,130.3666661111123,194.18425369631933,193.38767285132187,674.5852637999091,-106.73839388640039,781.3236576863094,1763.7969817048702,S1,3,4731,4986
14.233189492969068,14.34877746278939,15.638537583178302,6.4792109548706,30.189368389059,-5.25199081045465,35.44135919951365,365.711460243891,-80.49564057865983,80.49564057865983,82.41157296994946,17.666895800126266,-26.933240798529035,-106.73839388640039,79.80515308787136,440.29150784524194,S1,3,4859,5114
-65.10396417565548,76.18340263081652,80.2093254086953,46.85093095268164,40.064755157959944,-102.9130697276698,142.97782488562973,496.52236892478675,69.22796849431637,90.56745927205608,96.28006140542432,66.91291805311002,147.19800580512654,-78.38480668999959,225.58281249512612,640.8057411084999,S1,1,5235,5490
-15.675552025043316,22.706052452742846,41.18183604276909,38.081763201874935,15.275892576090696,-107.47285636960159,122.74874894569228,493.28326699337345,90.12324489306137,90.60883572097265,166.44084164918678,139.9298199056761,629.8261275179217,-9.22895918507315,639.0550867029948,1479.4736948000696,S1,2,5498,5753
-3.458324800284508,7.548150709793779,8.760597065281999,8.049102466484367,15.088637098901831,-19.481260480494473,34.569897579396304,406.2200689242328,-14.263389519296673,41.398821776960716,46.365500065957214,44.11706377114297,111.56236084284554,-63.445372319513204,175.00773316235873,447.56574346931075,S1,3,5762,6017
-11.287433555466494,11.40283660207108,12.65514806811423,5.7224659332165775,3.144371903843928,-27.313294707669662,30.45766661151359,365.3294264700969,-46.31238839244162,46.31238839244162,48.65604304106323,14.918887552409402,-20.451583710010095,-82.59286681042965,62.14128310041956,433.31652974057124,S1,3,5890,6145
77.94669374582189,82.89251913030633,90.04134487337646,45.07501215420099,111.87556454618797,-21.222789021676043,133.09835356786402,467.08234741755166,-60.0840944076397,60.0840944076397,65.68739649753148,26.546857777103323,-5.448862677894881,-105.05048758609502,99.60162490820014,504.319736787529,S1,1,6272,6527
-11.17424300452651,13.49897670656252,16.334011017525697,11.913698384483355,77.228105405781,-31.984177999837453,109.21228340561845,494.4293983428637,18.53040379884653,19.275088576787994,20.701882924268844,9.22995621126276,38.29258139841334,-46.17893370247588,84.47151510088922,538.9113853496258,S1,2,6537,6792
0.6467121589340605,13.502756594712867,15.109806233617233,15.095959982755156,25.640843800676397,-29.074117091176408,54.714960891852805,335.81788431161374,66.39259812853922,103.68540311778355,191.81873719645645,179.96235954606038,713.1846128620269,-73.8437176262858,787.0283304883127,1791.3052868507395,S1,3,6802,7057
19.2534986357135,19.40548147278254,20.977467142483043,8.328080090785281,34.41936497241921,-2.9478638125859877,37.367228785005196,343.5730487280802,-31.18898618196927,40.373188404935,42.40137843839144,28.724972313591817,61.073524223690804,-73.8437176262858,134.9172418499766,474.3152071510232,S1,3,6930,7185
-41.073409960944176,45.14751205476686,47.912689773213856,24.66983655163615,18.421286225252462,-64.20569422474661,82.62698044999907,439.7156947774047,-28.809268130369396,28.809268130369396,30.47226306680639,9.92899220490858,-4.133464936041667,-54.32054293997078,50.18707800392911,543.8002023528553,S1,1,7312,7567
-12.054801532882722,13.053073338205246,22.033890205130685,18.44380865153839,8.496576952679975,-62.972434280222494,71.46901123290247,387.3028005850067,-33.94740209141309,34.52390449481684,44.19610791918458,28.29964392793895,12.06795408104843,-88.30987521169729,100.37782929274572,402.02105413224535,S1,2,7577,7832
-10.818193593057504,12.14957259675934,13.466988256086106,8.020377801119512,19.33785995972475,-26.351959455114844,45.68981941483959,415.93945627098856,76.38843475850746,125.27700134317362,223.8939491207149,210.45975265597582,769.964004019989,-88.31161004823925,858.2756140682283,1860.3710616866656,S1,3,7841,8096
-16.402347247796058,16.434186898356025,17.742670449827628,6.765009937457871,2.0863300894458083,-34.04475008151478,36.13108017096059,377.09702953090783,-48.93782498717233,51.10668500190275,56.06938223320059,27.36539620648022,26.697538087985937,-84.85840108078173,111.55593916876767,421.9683599085969,S1,3,7969,8224
129.18730849377786,145.14462264626587,161.0082064409954,96.09517087491787,208.98561518441943,-45.73207030095789,254.71768548537733,668.5425281403022,26.498502692474926,37.72341627287383,41.02492541316558,31.31890579526523,96.82213524445531,-34.584792637511676,131.406927881967,518.7698119039023,S1,1,8350,8605
-57.36964688498994,57.36964688498994,57.61777671599102,5.341517573252181,-44.48264028085581,-73.08428632229455,28.601646041438734,403.5607934838123,-25.68548018228079,25.817242392686317,28.272910265318792,11.815818324450898,4.7213686240551365,-54.58876268079721,59.31013130485235,441.37495988008874,S1,2,8615,8870
-64.17655274664244,64.17655274664244,64.4879344856545,6.329594914643938,-50.477424026116765,-78.03923606070107,27.561812034584307,355.03751640316744,157.8421616996208,183.94746208433847,302.8851411944407,258.5058234283457,841.7901407096646,-56.62868645411226,898.4188271637769,1956.5473055379257,S1,3,8880,9135
-60.14526344219517,60.14526344219517,60.41426403984752,5.694785768170159,-45.3265716791268,-71.02738321540652,25.700811536279716,320.27186634404694,-11.759465558236137,40.34012529041411,48.10252880170739,46.64298711386039,145.53049315087614,-63.56949843499772,209.09999158587385,518.0904530489781,S1,3,9008,9263
-57.17173647319079,57.17173647319079,57.42967453884648,5.4369169827998,-45.3265716791268,-68.63678094345033,23.310209264323532,360.8731103859702,-44.6084915281011,44.6084915281011,46.348982614521056,12.58215692910033,-20.114829329954116,-72.77415722527132,52.659327895317205,394.9036505014258,S1,3,9136,9391
20.823491281016842,56.18253501583501,91.07888609886233,88.66648579863167,219.01168785606973,-36.95348874882453,255.96517660489425,564.1887977638817,-80.17853370479992,80.17853370479992,80.89128698830996,10.714618218741554,-58.02845528424668,-107.39486556420952,49.36641027996284,444.7055352186713,S1,2,9653,9908
-8.365195854348839,12.800975666153173,17.43825616756476,15.30085868453125,11.706945530419747,-43.378096636089175,55.08504216650892,322.94361787761534,94.31007517037999,162.09353190481045,265.602498989663,248.29477882329948,812.6638355174405,-97.6239614180132,910.2877969354537,1920.3051199828183,S1,3,9918,10173
9.584964484783157,9.752408404450167,12.268403596532762,7.6578183990522755,28.19013265007755,-2.812024225149802,31.002156875227353,345.5099240020822,-58.03131706552747,67.48731479754377,70.59192949656408,40.194362162971245,102.9361352475952,-98.88136856137362,201.8175038089688,477.73086855220487,S1,3,10046,10301
24.37167920907463,24.399386265513332,26.846823870399778,11.259360748205324,47.06910114283948,-1.9306236141636128,48.999724757003094,328.9945711228798,-75.44627302195192,75.44627302195192,75.78049045501035,7.109333351236575,-60.88986395792098,-98.88136856137362,37.99150460345264,405.82772657775854,S1,3,10174,10429
-13.51885210202407,40.38038783996909,65.82811451542676,64.42500522700593,28.214644022878094,-168.7450610340754,196.9597050569535,534.1499947791915,-3.629235219783446,47.83877618886862,58.77844670888379,58.66629738809648,126.60246355069572,-63.16013153226084,189.76259508295655,557.0089014613187,S1,2,10692,10947
20.638225636638133,20.8606163712084,23.404250895562498,11.037327690779627,45.26772732961631,-5.615751549413517,50.88347887902982,406.98888998322695,81.8474744592283,127.931843253024,237.69024287779348,223.1538538406864,788.8391490857658,-69.70694807978563,858.5460971655515,1898.2414837446222,S1,3,10956,11211
28.97913338669857,28.97913338669857,29.412199120278515,5.028646462701928,45.26772732961631,18.87930803461193,26.388419295004375,359.93373720266317,-37.11028969900079,37.212723780387186,39.8909534121899,14.63265398312081,9.238446352196396,-69.09364329679427,78.33208964899066,470.2531383500348,S1,3,11084,11339
23.74660374160668,23.74660374160668,24.933359149934667,7.600737414142293,37.07751062524888,1.730711770164966,35.34679885508391,312.8260900241039,-63.32865969321088,63.32865969321088,67.65324383345623,23.800047534628362,-24.14072195121686,-122.16777016717705,98.02704821596019,505.8924446148042,S1,3,11212,11467
46.19779922513981,46.713053184367254,55.53064693398415,30.812596379735268,88.45114818077938,-11.792064404745972,100.24321258552536,466.8669816449224,37.789207028807205,84.21300178058101,89.34490432285745,80.95979101130695,111.8096042644612,-120.90181615221502,232.71142041667622,676.821466497951,S1,1,11488,11743
-20.5639033591079,20.5639033591079,21.764813376314937,7.12972509589874,-6.243189495494274,-41.60245253758304,35.35926304208877,396.976060931543,81.29150551304149,165.64502304382137,276.7657386026418,264.5580563802377,867.4369362905412,-93.9604060480302,961.3973423385714,2066.800364825431,S1,3,11996,12251
-20.277607019548892,20.277607019548892,20.857877306867753,4.8856626274324615,-8.934060115075967,-35.253724465084034,26.31966435000807,320.8171346883786,-50.60868243130801,55.938984153450974,59.5786304287511,31.43842340723724,69.09146322167642,-93.9604060480302,163.05186926970663,515.8322939935283,S1,3,12124,12379
-18.00396008625838,18.00396008625838,18.698285942745716,5.048100475336963,-7.855725707120945,-29.717172166554278,21.86144645943333,275.8988460699335,-34.193997745559265,34.20032965503701,39.81938437029079,20.40475164773261,0.4465566413998096,-78.71493447427444,79.16149111567425,468.29460886309874,S1,3,12252,12507
27.56118263333762,32.306060605940345,34.18131829252599,20.21741160650345,54.64466247469928,-24.88090759497398,79.52557006967326,471.215204688407,-92.44486118939159,95.84243479247885,103.13809700099975,45.73198763077934,22.669534252089857,-129.61670340142166,152.2862376535115,569.5411041360686,S1,1,12526,12781
-9.589822075928167,10.299840618879047,12.842092587567464,8.541349693092773,9.870459839795561,-30.133097243321412,40.003557083116974,335.6916677153782,150.05253120722097,162.74657437531303,284.50436931388475,241.7167227086229,867.4530392221786,-31.059228498896307,898.512267721075,1985.3023462697652,S1,3,13034,13289
-3.45755959520386,6.409229175102185,8.297500093399073,7.542797189741439,11.178450042867777,-22.48573091620638,33.66418095907416,356.4971037478256,0.4432239697397087,50.179676950687224,67.43556687828877,67.43411030560725,189.95250014700304,-69.1746331859623,259.12713333296534,402.11448411900824,S1,3,13162,13417
0.06733009460067368,4.622053256041782,5.581992330474333,5.581586247280906,11.178450042867777,-12.816690808509689,23.995140851377464,342.8443777383614,-48.04727061135745,48.04727061135745,49.93598121097233,13.603749714750302,-9.930144510610042,-69.1746331859623,59.244488675352265,310.0995440580558,S1,3,13290,13545
15.617614078834304,18.285018715700282,19.81970922405279,12.202909661658559,37.179753594264525,-20.151052380476518,57.33080597474104,425.54140898261414,-70.52846034735421,70.52846034735421,72.61681300318341,17.289818153207744,-25.52960443045236,-105.99368048882262,80.46407605837027,512.8030829207077,S1,1,13565,13820
-28.71545335572481,28.71545335572481,30.316094725776722,9.720511200418434,-5.585362852499505,-47.72765481382695,42.142291961327444,325.7859895404707,-43.86505965251443,43.86505965251443,45.13812020197932,10.644549640528897,-25.296040389347645,-65.80479732338097,40.50875693403332,424.2335303711153,S1,2,13829,14084
-44.071581654859976,44.071581654859976,45.19696697394733,10.023049141009722,-22.296987258282794,-68.42794868143102,46.13096142314822,355.5600743888171,151.7323230065592,157.00656541663164,271.94024933338346,225.67410432421337,864.2507465304365,-38.688593410416836,902.9393399408533,1915.2739513843774,S1,3,14093,14348
-37.1786134312125,37.1786134312125,37.770555625478806,6.660748876054018,-22.296987258282794,-57.12909705894573,34.832109800662934,374.5333849916982,37.83508837938682,37.83508837938682,41.39256199190614,16.7883970520649,88.96262242527538,10.026379798584435,78.93624262669096,460.25154386599974,S1,3,14221,14476
-14.627547630595984,23.959378180007466,33.12368519393541,29.718905954654215,193.7522196738986,-41.85144138215353,235.60366105605212,572.9146582286463,-19.748809515099307,19.785163102396844,23.744393687386786,13.182592852619571,2.3130737261466234,-125.89213104191613,128.20520476806274,576.7294366240804,S1,2,14845,15100
-12.331018845389405,13.254791424099365,15.09092572882568,8.699540998672525,16.2812512963964,-29.94500056852379,46.22625186492019,367.7195207840072,101.20804338750916,129.01357537385036,239.47233435708685,217.03440021366305,800.4204183174024,-50.311540872127964,850.7319591895304,1786.9875607079819,S1,3,15109,15364
-6.016763255492627,9.684379079473832,10.98068345424145,9.185530417434025,18.6922736258539,-20.536793189458,39.229066815311896,323.0799306633449,-27.380661371496274,39.357657862432816,42.32722152817295,32.27836837813336,100.43591939659431,-61.877227405874734,162.31314680246905,505.9175995928082,S1,3,15237,15492
2.5566688642057933,9.943347035271678,11.466429868624447,11.177766246029817,31.56142688375842,-17.45257323247905,49.01400011623747,380.1937112957836,-45.4012567873239,45.4012567873239,46.24117103639468,8.773356310362757,-23.01176872394486,-61.877227405874734,38.86545868192987,448.26265754874134,S1,3,15365,15620
-112.88222879162448,121.53348710067118,128.43361597515312,61.260069666043044,38.15317245118681,-156.79036377753005,194.94353622871685,486.1745975288329,-72.20819577846244,72.20819577846244,76.1347217023197,24.13446314109575,-11.672795052850585,-100.94466008207804,89.27186502922746,539.5605756423205,S1,1,15639,15894
35.016193827243605,35.016193827243605,35.7657311241704,7.283796585528628,48.976404348802845,19.289994674395647,29.686409674407198,389.04503043117245,129.67766111616052,129.88518573281405,237.55047403374374,199.03248961186864,817.2827283213022,-7.156681127300756,824.439409448603,1863.2217281672372,S1,3,16147,16402
34.526387110128994,34.526387110128994,35.035997516453655,5.953966332997252,47.11241949668787,20.583184270517684,26.529235226170186,328.49182629753744,22.781268186576217,26.056529012051683,38.02051262147801,30.439664909641483,135.58932285964295,-21.71511667965858,157.30443953930154,543.384652655672,S1,3,16275,16530
33.972793707743214,33.972793707743214,34.411308429067425,5.476078477480885,47.984454605847915,20.890236727364602,27.094217878483313,297.2425796142798,-3.8367000714837833,9.170728887939827,11.420062768397871,10.756280314105968,22.055425178688168,-24.852739263223793,46.908164441911964,528.8193814808901,S1,3,16403,16658
-66.85292881445969,76.29090557938632,78.47797004584974,41.10325645792649,41.230687954411735,-95.10139210894224,136.33208006335397,412.64513484701206,-38.82395696581601,38.82395696581601,40.21645476002762,10.491120006072462,-8.787678544248529,-68.2761311785841,59.488452634335566,467.9656685191628,S1,1,16677,16932
40.31774402478432,56.87009473984146,58.23689928629825,42.02399261415333,76.22902889537963,-83.67490789084455,159.90393678622416,406.6914013229932,-42.13471931706294,42.13471931706294,44.06117175065824,12.88612758408544,-2.0424566919244764,-71.00651842520172,68.96406173327725,496.3461811715025,S1,2,16941,17196
63.97051526276256,63.97051526276256,64.3391220073749,6.877194027838262,80.49722160902022,47.859845327389834,32.63737628163038,323.71361817775835,63.189345350469644,105.2894966682978,185.15043884808193,174.0338807238878,634.4619771471881,-61.45835572640811,695.9203328735962,1522.9305302796686,S1,3,17205,17460
61.206874354725066,61.206874354725066,61.41532438959616,5.055749361293867,73.83826485623963,48.2086534562261,25.62961140001353,283.7280261932169,-39.06995464869155,39.119339032015944,41.73191411173733,14.66599124432466,2.522438681259613,-61.45835572640811,63.98079440766772,366.37471598025786,S1,3,17333,17588
-173.34027843267862,186.5380382637705,201.22306712530857,102.1952573077533,46.15017081353292,-237.3380124170803,283.48818323061323,736.1646802807247,-86.6004061260852,86.62337795053065,96.38285756634887,42.30868576843533,0.7654331095066786,-141.34887962744514,142.11431273695183,547.2770555494794,S1,1,17715,17970
23.37192153838052,23.37192153838052,24.23502684825475,6.4101333792218025,38.683551302330734,9.686351238303002,28.99720006402773,297.9231208379947,6.881273675034104,11.865703234238309,14.869498855821423,13.181428937431528,31.92900999297824,-25.640960890161466,57.5699708831397,559.7680025042725,S1,2,17979,18234
-10.210372458167727,12.169977280209169,13.589156813090861,8.967356196575647,17.599685259712885,-24.585187357080887,42.18487261679377,305.9640522529277,158.0153889402896,162.43683907022256,291.81583166926106,245.33164588138953,799.8096954265095,-16.800782503721106,816.6104779302306,1837.1937920460737,S1,3,18242,18497
-21.44494489689365,21.44494489689365,22.704384527241768,7.456769751712225,-9.383220745157681,-40.87756559957781,31.494344854420127,344.13010684669894,-4.797797418384368,18.772291445162562,23.34875996061378,22.850508345122336,63.102258870824045,-40.044538218874656,103.14679708969871,464.49953216426024,S1,3,18370,18625
186.9696042461061,205.78317422462268,221.83458180801313,119.3857142793498,264.44413667349204,-61.435311019127795,325.8794476926198,594.6736715352016,-104.57350866974261,104.57350866974261,113.42626698627748,43.93061946913078,-10.633731077332316,-149.80514205054277,139.17141097321044,471.38983825623023,S1,1,18752,19007
-57.7716268672801,59.316394404751705,61.21884457799109,20.253050648531683,79.7892271522694,-80.76872159991981,160.55794875218922,394.6249191504968,13.815821759331042,15.154929256299516,17.798360584651128,11.220726741867377,37.144796227938265,-19.54546366493346,56.69025989287172,468.6872814041973,S1,2,19017,19272
-59.813280011368036,59.813280011368036,60.296053885812285,7.614830824283644,-41.863877346108765,-79.01284842640614,37.14897108029737,344.0332782887849,121.98946366056883,122.97367078354813,231.3898106404437,196.62099385372647,786.3910452108505,-13.493410637425159,799.8844558482757,1795.8053878644762,S1,3,19287,19542
-54.80512537132533,54.80512537132533,55.05155361342512,5.203055668079407,-41.863877346108765,-66.18163619977322,24.317758853664458,350.5749291809698,9.30352727947481,10.350185415181866,14.776769167418966,11.480299960682727,50.41535600717487,-13.493410637425159,63.90876664460003,425.2642817862753,S1,3,19415,19670
65.27010732094713,74.22602228576098,80.40385065761903,46.953086063481976,104.64964499946768,-25.434211256740923,130.0838562562086,389.4317145558259,-138.63253511004925,138.92546537133484,156.41635140882988,72.43683591247978,9.287316258247266,-207.20345587911817,216.49077213736544,629.6185117264088,S1,1,19797,20052
19.587882605080154,23.046585526683582,42.200801386173524,37.37943943780944,112.05195640033367,-13.367036102670934,125.4189925030046,465.16690398587707,-56.081778467325094,58.53260889512032,86.07688289512473,65.29980009833788,26.989222343836786,-205.42653478254684,232.41575712638362,669.682667949422,S1,2,20061,20316
-8.247621798606591,12.404410714240509,15.597331469272435,13.238333869090384,13.19955621161335,-38.845629859411495,52.045186071024844,350.12702348987216,121.0773588569408,132.90157390080623,267.2352745832531,238.2330060126309,861.6896979467549,-39.15130967679908,900.841007623554,1981.6418415380726,S1,3,20325,20580
-19.44050931927251,19.75735543514602,21.32339925796575,8.760933359060152,10.906872943726803,-38.845629859411495,49.7525028031383,439.51660338232443,117.50456354041071,136.6583197336843,267.65168589550086,240.47890242156674,861.6896979467549,-50.376162817446705,912.0658607642016,1967.8351620136405,S1,3,20453,20708
-22.02632974927116,22.02632974927116,23.86293409228731,9.180436877906216,-4.3991106285663095,-45.597673888158354,41.19856325959204,299.44590712381984,64.27449885983233,87.88806631631053,92.90398150483018,67.08158149423164,160.41611931920374,-73.16791435618201,233.58403367538574,676.6534031099319,S1,1,20834,21089
2.3191242863880044,9.144206238434423,11.385335128254743,11.1466370949698,24.259172382957676,-21.17979410398635,45.438966486944025,417.6363156431587,-41.9470897585351,62.51760148546735,64.11018278717744,48.482545289977324,71.43260390281309,-87.10113445307647,158.53373835588957,495.4337894521298,S1,2,21099,21354
-6.237299966210011,8.318801092080598,11.322664075424688,9.449804807319007,10.31015881974089,-32.60531133089609,42.915470150636985,338.1715676716134,103.14649529556655,145.44272399523496,264.6423760571763,243.71374133074562,865.5367961545422,-97.68571579240127,963.2225119469435,2073.0091961405014,S1,3,21363,21618
-5.129761683321286,6.840710885252628,8.340411579107334,6.576321949329766,10.31015881974089,-21.248712268873994,31.558871088614886,307.4477018643443,-24.143461648697773,35.51283414004355,39.715476545784526,31.53430412862508,76.25652682022474,-65.90240093224858,142.15892775247332,496.28598647354755,S1,3,21491,21746
-7.423573352351262,8.195336878098516,9.900840408940775,6.551122002037113,6.001103438142726,-21.248712268873994,27.249815707016722,337.6324962752455,-37.49535055805201,37.49535055805201,39.99307718273085,13.912041872876044,-11.714671166688374,-65.90240093224858,54.187729765560206,417.7498733484384,S1,3,21619,21874
1.8556704326943319,27.09578275976302,36.012997901639494,35.96515682029921,86.89594475067959,-27.036952422253822,113.93289717293341,400.31563314118614,-20.89187488371467,35.759625399024074,57.02792176032989,53.063296393510264,41.26190732976591,-145.76346704065952,187.02537437042542,524.1528315606927,S1,2,22136,22391
-18.409742004576344,18.409742004576344,20.5603562977731,9.15476107914976,-2.2657949981876384,-49.89037316565485,47.62457816746721,401.01342324538206,111.55389774329088,137.26439907882968,270.5126453900232,246.44029543519832,887.9789615943189,-47.40673818345047,935.3856997777693,2066.8200211336534,S1,3,22400,22655
-18.549391217523016,18.549391217523016,19.580506048785917,6.270271332711361,-5.006673325810281,-33.625271644136525,28.618598318326242,389.4245671835748,-25.812879833955797,33.163318745957994,36.89934836652544,26.367729226309226,75.14221874274261,-62.74615574620501,137.88837448894762,543.7907886152166,S1,3,22528,22783
-20.213138151503045,20.213138151503045,20.755874810561174,4.71544114796696,-7.257299814280182,-30.55592967290277,23.29862985862259,359.18205009965936,-35.709735471639206,35.709735471639206,37.329851039520335,10.878077549747964,-15.237327099836898,-62.74615574620501,47.508828646368116,500.6035378232464,S1,3,22656,22911
7.4345273622297166,12.646187894428788,14.756768790684852,12.74715764560822,30.163702918010184,-27.477184099270755,57.64088701728094,438.9254907605718,-55.276333337759695,55.276333337759695,57.92427713123788,17.3132565945672,-17.272905566462075,-85.96895324676368,68.6960476803016,448.73085881339944,S1,1,22930,23185
-11.195789317814345,13.904455805400701,16.66134075168782,12.33914815515915,17.384284559524982,-36.28739861023199,53.671683169756975,425.1655872078728,173.41174503126558,175.21717141665573,326.91025665107884,277.1257523018847,949.2693179554111,-16.845003654979656,966.1143216103908,2099.1923290077852,S1,3,23438,23693
-5.204484192563933,7.770657609537576,10.09778039221046,8.65323714795002,10.783603414069939,-24.78074283293835,35.56434624700829,387.60152555728894,6.3265102584042,28.25797673802764,42.68311203565567,42.21164911489055,159.7579455850214,-38.030491143571645,197.78843672859304,483.4792347162364,S1,3,23566,23821
-2.4222514919844076,4.370084413694819,5.477620736358935,4.9129448033708565,8.037151187671721,-14.527960677567147,22.56511186523887,337.42801809934906,-14.93134537109807,15.163015318915724,18.044273904448875,10.131670451991761,5.944215119149254,-38.030491143571645,43.9747062627209,412.0716946900267,S1,3,23694,23949
73.81762245506955,77.14814323468629,82.71087345263139,37.31014878525699,103.73308063211182,-20.261160116665195,123.99424074877702,477.18810929494134,-147.07968680334832,147.07968680334832,156.9963162340343,54.91274024200457,-17.658908750647456,-200.53754892166916,182.8786401710217,527.7531994715143,S1,1,23969,24224
-15.697724086692256,16.045921359546256,17.76367461237473,8.314420859711655,4.879224405386806,-35.61704504498084,40.49626945036765,410.6043755668445,170.91195781950734,192.06924193810627,343.71283233780565,298.20733355834733,951.4589432786112,-50.42506094670177,1001.884004225313,2130.2468949138547,S1,3,24477,24732
-15.568041085683317,15.664149215232785,17.062052564922695,6.982101007767025,4.258906009092145,-30.124846596540095,34.38375260563224,380.8413016895413,51.47788727053217,67.17645985990313,123.65632603768098,112.43181974556688,538.0903396630398,-40.07939616909254,578.1697358321323,837.2477856396276,S1,3,24605,24860
-12.125223184874635,12.27818247948478,13.851456774212718,6.696403324536387,4.258906009092145,-30.124846596540095,34.38375260563224,385.7340860661323,-33.849213093946105,42.1918998570732,47.263097819178526,32.985317769969505,34.39036709899146,-92.94216599551952,127.33253309451098,417.502050670981,S1,3,24733,24988
7.7912857128489295,11.605820518467649,12.605819009554965,9.909719463355835,24.960868966092608,-20.482398811297614,45.44326777739022,273.0420768358275,-65.1159590950465,65.1159590950465,66.08638296279307,11.283699935622883,-46.13292313845198,-89.93877663646677,43.80585349801479,441.9952434741107,S1,1,25007,25262
-17.802349502705084,18.464429138024816,19.619425848943955,8.246103493514152,27.212928246113265,-30.972142555348107,58.18507080146137,365.3375446523979,-51.07420182428709,51.07420182428709,51.57710911814101,7.184990813954715,-38.65912847699729,-70.11794887851512,31.458820401517833,370.5243259334528,S1,2,25270,25525
-23.036924490677237,23.036924490677237,24.296683636517656,7.721978097861982,-0.9035315970573432,-39.13408007459266,38.230548477535315,402.3738376588305,109.46501325877144,138.5710933022221,257.436698969661,233.00443096356094,803.1848247349408,-61.158950875839146,864.34377561078,1859.7037578348702,S1,3,25534,25789
-20.850181524168107,20.850181524168107,22.07232049416417,7.242738598509438,-3.7662610659594113,-39.13408007459266,35.36781900863325,391.98413455771197,-14.57656110335893,23.525922252087298,26.928089684218516,22.641684576050412,72.21424263814079,-48.97513364454313,121.18937628268392,381.9908810918968,S1,3,25662,25917
92.80708713428679,95.43173031242806,116.58424311316705,70.56011848005174,158.19084189733152,-13.117507337500482,171.308349234832,561.802689048825,-23.204572553957064,23.204572553957064,25.487016694387663,10.542098110344913,-1.4868077228071002,-51.129522379361916,49.642714656554816,379.5427951829117,S1,1,26044,26299
7.346021225342302,8.154313209331841,9.921496625069151,6.6687380693860625,20.00467192580763,-6.670112084789066,26.674784010596696,333.57641913165287,-15.445481980109195,16.52822721051424,19.391208585133644,11.724165505241,8.695918498805977,-39.32955344317997,48.02547194198594,355.38530286620824,S1,2,26308,26563
-7.476322613287954,8.68766773280394,9.888777208868584,6.472442728111072,9.922280017554185,-21.517369568531727,31.439649586085913,326.8302608006203,122.52648211408315,135.56251836713153,259.2806171784312,228.50317202431887,864.6894959397353,-34.59612961847613,899.2856255582113,1944.789046337157,S1,3,26572,26827
-11.079119812348043,11.079119812348043,12.103018771286628,4.871977787485646,-0.25414616024220266,-22.48818395635625,22.234037796114045,309.6734624176409,-9.340007203823049,24.355594070850053,31.190096343059068,29.75880332476157,87.77438307702425,-55.822184303693014,143.59656738071726,405.4860054334357,S1,3,26700,26955
-11.842320015277576,12.255173625126226,14.177245357909438,7.794468717887117,6.172950685246214,-29.0434994028365,35.21645008808271,364.2105757564012,-97.64884021574,97.64884021574,106.73283274413558,43.08829992130696,-17.313381076908396,-142.02162237415234,124.70824129724394,514.3981103569118,S1,1,27082,27337
-36.57543517845829,36.57543517845829,37.6691081878371,9.011062821519504,-4.908336633739316,-50.470248381023296,45.56191174728398,302.18089145519167,-40.57325827101344,40.57325827101344,47.69597961575059,25.07423348339358,-7.365823502017019,-139.23068540994234,131.86486190792533,556.2769971184133,S1,2,27346,27601
-50.57841739854382,50.57841739854382,51.526570297760706,9.83926522199473,-33.824472752330486,-75.9258784633229,42.10140571099242,387.05331477616676,122.21694455627468,124.54231007355065,234.85086851312747,200.54413206249336,816.6037485546888,-17.529001208828614,834.1327497635174,1775.966107488378,S1,3,27610,27865
-51.7276303639885,51.7276303639885,52.40600256580272,8.404841572182987,-35.737784906139794,-75.56443287588694,39.82664796974714,377.0145652946346,4.053150252100796,25.849603372674075,34.27491405636429,34.034419439812005,106.26900109949487,-55.34985196129543,161.6188530607903,445.37903719031056,S1,3,27738,27993
-53.770520843277325,53.770520843277325,54.70212473720608,10.052538933400426,-31.64466225928041,-75.56443287588694,43.91977061660653,349.0248414725767,-36.86792779400079,37.67929358275806,43.06694741021494,22.26023044378839,11.485676019576331,-68.47616788162972,79.96184390120605,473.53726879644626,S1,3,27866,28121
62.28676314891568,75.7964797201538,137.7954491695112,122.91438055922596,310.47221300920523,-41.09999072568274,351.572203734888,599.5801510231197,-54.88937368551529,58.83250244769725,65.40702502260723,35.570150108199286,18.338449377452886,-99.29838927624087,117.63683865369376,445.9708731391198,S1,2,28384,28639
-28.16083933531693,28.16083933531693,29.791690012157527,9.721724214919552,-10.925132561657488,-53.34418330204507,42.419050740387576,316.98815315741604,114.75010534709355,176.41998705298536,292.3823256236534,268.92347919050695,830.3489773788867,-89.01255539560621,919.361532774493,1974.8077459083552,S1,3,28648,28903
-19.001344606726757,19.111061561456836,21.235362283218134,9.481008091755807,4.834272312705448,-39.51062612263098,44.34489843533643,275.0188909606841,-47.212552292872395,61.14331338410975,64.93841346557522,44.58668466502967,91.47151444193511,-98.86503764160462,190.33655208353974,507.6554633624412,S1,3,28776,29031
-2.856417604322079,9.748288779410359,11.62591905176722,11.269555105147804,23.234047813529834,-22.134040366103925,45.36808817963376,348.43162353453914,-59.110965739105055,59.110965739105055,61.94111238964726,18.509325580832527,-25.30428187001708,-98.86503764160462,73.56075577158754,458.9277421240039,S1,3,28904,29159
5.8562120359194445,66.13802531926561,80.35772428321252,80.14404926485281,61.85334855911842,-172.25097493720827,234.10432349632669,520.5145736604081,-51.531685435425565,51.531685435425565,52.25428260247039,8.659991136438158,-29.874960880763656,-72.21305135677306,42.33809047600941,506.9542963975488,S1,2,29421,29676
35.991948678605475,35.991948678605475,38.01977489372393,12.250833167016422,71.97128650946564,10.71205367092294,61.2592328385427,338.57615527041924,146.9350471734646,185.23310002465377,318.0855953192328,282.11440562601985,868.2481957905139,-58.90184844025503,927.1500442307689,2000.047589609008,S1,3,29685,29940
36.99681036773383,36.99681036773383,37.59155134191737,6.6603869937078475,51.9487629444333,19.840109465089593,32.1086534793437,312.75893131414773,-26.4860366300952,44.59299262397516,48.32541130713044,40.42072787113791,123.32540333244737,-68.23717255124673,191.56257588369408,496.7809573616631,S1,3,29813,30068
42.717001634243175,42.717001634243175,42.98072984077112,4.754041336107556,52.8176183837984,29.14310940476028,23.674508979038116,300.4394326910308,-62.08986203221427,62.08986203221427,63.97142276863167,15.401037752814036,-36.29261393748875,-88.02945250013536,51.73683856264661,440.0611928281827,S1,3,29941,30196
-128.94602842866882,151.72522968098446,178.11434964323897,122.87246762927369,45.17421291862606,-243.69228475642026,288.86649767504633,793.1612801220674,-136.39545779456873,136.39545779456873,153.610985795091,70.6584322635995,-3.188205255187657,-223.84037505916774,220.6521698039801,651.1122748121322,S1,1,30216,30471
167.9297006572038,167.9297006572038,243.9240995426197,176.9140525081594,461.32260091051836,3.3947353775662705,457.92786553295207,1664.0394039935566,155.07420704303777,186.7653402751467,324.80241932578167,285.3920144465398,921.0941191195388,-67.30747449398548,988.4015936135244,2154.8937918677134,S1,3,30723,30978
131.3004541278208,133.21958398625043,226.95150889387043,185.11395985995372,461.32260091051836,-12.328256691041194,473.65085760155955,1126.9441157803628,23.88700338967998,47.09220897212057,66.45516768672465,62.01371123656533,259.362236169295,-67.30747449398548,326.66971066328045,682.8175839115363,S1,3,30851,31106
4.003387857804767,7.652564834380214,12.932183444021383,12.296920520593853,51.8649581100522,-12.328256691041194,64.19321480109339,340.8818403252325,9.222773478084521,15.619878230896,18.524345355404606,16.06523638849553,37.99931344157156,-21.126264025648453,59.12557746722001,443.6482739962269,S1,3,30979,31234
-168.466237890304,170.60044876675292,207.46804246719978,121.08722201892036,16.427418950536456,-278.9309253066082,295.3583442571446,758.5277595295072,-46.68712475802677,46.68712475802677,51.064222203356,20.684950351938497,-6.854748215010513,-76.14340169226477,69.28865347725426,433.9361423063497,S1,1,31253,31508
29.1128835654812,30.923180090772696,33.45272403684454,16.478008253062956,56.48933942372812,-15.71485533781232,72.20419476154044,344.20183877798877,-78.74326746016959,78.74326746016959,80.48452416575779,16.651019785125634,-43.94116334817575,-115.27699542728564,71.33583207910989,381.50534852523253,S1,2,31517,31772
48.175013419624875,48.175013419624875,52.64994592981552,21.2411131636612,114.92090312012091,15.380544554940139,99.54035856518077,436.24098664839323,201.70390693862356,238.86191231341252,393.3929204263974,337.74772207567133,901.9393470436631,-71.14134427005348,973.0806913137167,2063.5585115072267,S1,3,31782,32037
46.525725507341605,46.525725507341605,47.816378084141625,11.034621837701675,67.32688242277491,15.380544554940139,51.94633786783478,346.116696584156,-11.45711473522168,63.95150486220325,82.72860961787643,81.93141870644595,330.8589487487207,-77.3845388778435,408.2434876265642,673.6385876787139,S1,3,31910,32165
53.687180404736324,53.687180404736324,53.926629642203096,5.076223473866559,66.45987158059032,40.82064379183281,25.63922778875751,290.1345064308948,-60.201180557301925,60.201180557301925,60.72740669117429,7.9772039551720875,-44.802791758520264,-77.3845388778435,32.58174711932323,349.0117754200845,S1,3,32038,32293
28.018044613256528,28.018044613256528,29.556559044678185,9.411660778582855,45.47772401731185,7.837858097967805,37.63986591934405,321.37360755322743,-33.16123282998609,33.16123282998609,36.315535875466146,14.803742199785878,-6.041870772549853,-61.264458533872386,55.22258776132253,374.8773463650903,S1,2,32553,32808
24.46812423496088,24.46812423496088,25.808905094848004,8.210388457155448,41.97696714509954,9.953635422410574,32.023331722688965,335.5944839900783,105.15650410669079,115.70917537941608,227.94789412968342,202.24329922698772,764.6654527070259,-34.8009211577863,799.4663738648122,1788.357449632535,S1,3,32821,33076
18.59672936058626,18.59672936058626,18.95628844411608,3.6745787058706303,28.419227890064157,10.12548729074688,18.293740599317275,301.98168749535563,14.763898640342028,15.8351957597109,19.428961057157586,12.629799075925668,68.95516131389132,-11.597418797545533,80.55258011143685,374.3070230140946,S1,3,32949,33204
23.3746642025667,23.3746642025667,24.110812141046072,5.91238830914053,36.63088261616509,10.12548729074688,26.505395325418206,335.99381102745906,7.222204650997645,10.174210513032639,12.339528260462842,10.005184539520956,28.42733740186324,-17.839018451988334,46.26635585385158,342.17773085767783,S1,3,33077,33332
4.2499985340806665,6.708609450238207,7.924488287215744,6.688424857508059,16.94073146091499,-13.616061389506681,30.556792850421672,268.8352131717039,-17.734974596104585,21.47322939279478,23.972188570536602,16.12874765556491,17.54381122568546,-44.09583442982959,61.63964565551505,384.7947094184268,S1,2,33595,33850
17.55733350280069,23.63594055804326,42.1186903325488,38.28477655152989,130.89444622003393,-26.67042414808534,157.56487036811927,625.0575070774624,142.5183649037726,187.67741843734126,330.61698876722517,298.32215627851474,917.5006033342321,-71.29123291719056,988.7918362514226,2102.4554874086157,S1,3,33859,34114
16.02087830107962,18.658943198034112,39.26665023226365,35.849704028414614,130.89444622003393,-11.48802125582703,142.38246747586095,554.7479875039821,-31.281200660635015,55.134698509378005,61.5917916649103,53.05690610771422,190.417787665403,-74.13603365528508,264.5538213206881,528.2097240362446,S1,3,33987,34242
-0.6559870860982331,6.109372219932675,7.78546904352175,7.757783779566676,19.73923226555999,-17.832984648813788,37.57221691437378,356.99539760988904,-58.23442496127599,58.23442496127599,58.89818738648349,8.817495497182792,-40.57920985981091,-74.13603365528508,33.556823795474166,373.7883292075254,S1,3,34115,34370
-33.142358070574296,33.142358070574296,34.99398442989271,11.232232538610146,-5.230616065539419,-49.90049096488457,44.669874899345146,356.20127932605374,-82.70697605999466,82.70697605999466,83.81605616511497,13.589973586625515,-53.42308324851258,-120.076574287092,66.65349103857942,460.2757998028554,S1,1,34389,34644
23.856348962908037,23.858131059175445,25.862271620282744,9.986576366364938,50.125213323427744,-0.22810832222828276,50.353321645656024,394.5432672568064,140.1410814770898,164.16501097948571,292.6652240180985,256.9307506547152,823.0708423125086,-42.23888094958292,865.3097232620916,1898.5547524831502,S1,3,34896,35151
25.77449043736679,25.77449043736679,27.207048832840464,8.712011758867959,44.970072296503886,7.124722395701456,37.84534990080243,384.70898328763985,-4.036602189959609,54.790013624308216,74.01021410793457,73.90005165804914,274.97458068436015,-60.017092982243604,334.99167366660373,578.7447106669448,S1,3,35024,35279
32.071295630771104,32.071295630771104,33.33030549407369,9.074208554577154,46.906077939995114,10.241440399922244,36.664637540072874,375.4873537287962,-52.14980591036107,52.14980591036107,53.22102312991296,10.624266869125616,-30.85344322840327,-79.0357269060417,48.18228367763844,385.06003238569656,S1,3,35152,35407
-68.56114125232982,75.54053096230136,80.2926330912595,41.788477346102226,28.242657804079165,-105.24468009211758,133.48733789619675,396.4349012296541,2.574046527005785,23.158484532589412,29.896054209051723,29.785035533760386,38.21167142491152,-69.19552820175873,107.40719962667026,522.698646060595,S1,1,35426,35681
-5.431473524317843,7.803685324107286,19.136124303378278,18.34912392211081,11.522383804707282,-94.89532534255699,106.41770914726428,379.2067439201252,-60.73775227792005,61.43598293902705,63.79472229485204,19.51133108999254,14.081962893296351,-84.7954119465094,98.87737483980575,463.12987231418373,S1,2,35691,35946
-3.529637021497508,12.117181133175908,14.956575275243141,14.534125582933727,37.703354244615454,-26.972363789567247,64.6757180341827,374.46299203256194,188.3803953713776,217.78896410507653,365.99612250657384,313.79290675471054,855.9394177608286,-61.353403387651284,917.2928211484799,1979.1460293170344,S1,3,35955,36210
-11.130918113815962,12.32307537260861,13.978834477921804,8.456386657707833,27.157942927561475,-26.669652925870647,53.82759585343212,290.00600838569545,44.35935870153871,81.49664983094114,157.41776701823576,151.03840792525517,688.0227346541635,-48.65121779506725,736.6739524492308,1030.199871738079,S1,3,36083,36338
113.54726060820616,124.23776176412764,132.12385296059725,67.55540044678621,161.12100174951365,-38.93025836070779,200.05126011022145,455.891819112079,-104.74680680522606,104.74680680522606,108.81181260540026,29.46382572887286,-36.706084806593424,-135.20883302109402,98.5027482145006,462.5064867373584,S1,1,36465,36720
-32.623997642126646,39.39127237495953,42.118182752080614,26.638620388154038,145.1744664421983,-53.25240580902061,198.42687225121892,500.521696935341,-66.4569081532572,66.4569081532572,68.1137561180745,14.931950014049375,-42.682867559183606,-136.0299701505166,93.34710259133298,489.3615010981979,S1,2,36729,36984
-42.531398383226254,42.531398383226254,43.20703034985514,7.61101985417215,-30.05036746763671,-64.59402312956725,34.543655661930536,366.63793994106663,105.15345012537001,143.768805822506,271.005445545225,249.77330410173388,836.4205023400174,-62.56444373730558,898.984946077323,1951.7295470386048,S1,3,36993,37248
-31.852848394236887,31.852848394236887,35.27611431220995,15.159165219162446,-10.189260178833774,-64.59402312956725,54.40476295073347,328.86950814393253,85.4063948955511,142.34627775613558,264.9837057601014,250.84280342338144,836.4205023400174,-76.00156457627753,912.4220669162949,1237.9359519414677,S1,3,37121,37376
49.308532072659766,56.28006034006741,59.592048952852466,33.46462256232167,82.0587433534895,-27.93796003512272,109.99670338861222,361.53193151661293,32.879829520678655,59.16296242434551,61.73766585336542,52.25376728727711,84.93776479481295,-95.8902493605992,180.82801415541215,687.4549045110045,S1,1,37503,37758
-3.592420050114292,12.095754494908507,18.408008334798463,18.054065720428362,63.5957002827555,-27.20659238626813,90.80229266902363,349.8720823495506,-28.90239669433542,39.571645537023315,42.27249236225485,30.84825887858444,84.83950596541555,-60.20751414206833,145.0470201074839,471.9492492713297,S1,2,37767,38022
-37.800524386795985,37.800524386795985,39.63878274527327,11.931196654578113,-5.383352276322945,-63.73257728092747,58.34922500460453,362.5001810446658,141.03179240197946,156.7495772888129,297.99604066394187,262.51033081246663,907.9288172951634,-42.63285265387686,950.5616699490403,2032.2595944284974,S1,3,38030,38285
-38.38061278798798,38.38061278798798,39.12985125910403,7.620618188712703,-25.005685889943237,-63.73257728092747,38.726891390984235,282.3082190599416,-3.8843646826537332,18.247305214128488,24.318388374573676,24.00616012919918,68.36695716567634,-43.17815779426296,111.5451149599393,427.35424207030593,S1,3,38158,38413
118.6352480105472,128.59765212296264,143.4223417871265,80.59557092780773,187.79195937116444,-33.63929541909662,221.43125479026105,746.764877639686,-85.68222405842896,85.68222405842896,90.69748803682862,29.742071491270575,-24.31753759528108,-128.5960309762236,104.27849338094252,473.3533739341693,S1,1,38540,38795
-37.49579109180757,37.49579109180757,37.853746023222804,5.193432236024643,-27.818492567835854,-57.0952309037758,29.276738335939946,316.3599302806156,-29.76332959382474,29.76332959382474,32.56875098537673,13.223757115012148,-8.323209940628388,-60.625338425023614,52.302128484395226,363.59355813265097,S1,2,38804,39059
-56.307435175961906,56.307435175961906,56.62660963519776,6.00380401761414,-40.56602727041495,-69.39533254482463,28.829305274409677,339.7864993386853,66.05873602327755,120.71284773221205,219.78417483613,209.62186647247825,803.6120484424407,-65.06880874921126,868.680857191652,1944.7237490286745,S1,3,39070,39325
-57.27091500113683,57.27091500113683,57.45246832861316,4.563815507101393,-48.175407203946264,-67.16940972134229,18.994002517396027,303.16592834592757,-30.140367458376893,33.861641527154916,37.310658789266384,21.991896433983957,39.376219056883684,-65.06880874921126,104.44502780609494,468.0016104228242,S1,3,39198,39453
-59.83182772337122,59.83182772337122,59.99869477907063,4.471662607230644,-48.175407203946264,-77.36785122601395,29.19244402206769,328.76862437113823,-25.297840246222023,25.297840246222023,27.03404950752533,9.532004597772703,-2.0894413172121262,-53.28160472924718,51.19216341203505,438.707190975667,S1,3,39326,39581
-11.221686228892494,101.3751260223042,118.23936468803457,117.70565457959239,227.5204012067095,-92.82264532025462,320.34304652696414,554.3006015319977,-3.2456052246559413,27.815162729633194,37.00275600425019,36.860141055559716,38.25409490345687,-84.00934489798223,122.26343980143909,443.00191732782434,S1,2,39846,40101
-94.31263461041283,94.31263461041283,94.85547608685566,10.133523400417342,-80.23708981094315,-118.5422461924965,38.30515638155336,316.0172216115965,146.2320439069003,156.60759508807197,280.1825670424364,238.99468657127034,811.507317412044,-43.24245741945783,854.7497748315019,1881.072354416747,S1,3,40110,40365
-88.91566533365535,88.91566533365535,89.03066400259777,4.523670082671675,-78.62260588288098,-103.29548582114111,24.672879938260138,324.11805476742757,11.918373695475085,22.040096467357948,27.588885381080406,24.88169939986816,78.18975624194383,-27.237343817491855,105.42710005943567,451.4313347778037,S1,3,40238,40493
-86.73177497948188,86.73177497948188,86.8716180855119,4.927193694544423,-75.65340521602009,-100.91811898271717,25.264713766697085,327.03409404008517,-15.996096311234867,17.363171530575908,19.725803984667184,11.54262732843827,14.509197171937654,-36.6317893548271,51.14098652676475,383.7489767772256,S1,3,40366,40621
187.89535778039163,214.66006686231634,224.3789995520739,122.6428553343741,261.1699984188637,-96.75120415446723,357.92120257333096,627.4150967764753,-85.83328176165702,85.83328176165702,92.1627812467329,33.56524972582714,-9.587208597196524,-126.49985081490502,116.9126422177085,511.51000456179247,S1,1,40640,40895
-27.87052430071114,27.871371150736994,32.76779580069533,17.232594605558862,0.10839680330921464,-66.2132978204538,66.32169462376302,354.65409036138885,130.8287164641544,150.8565139294058,283.8839375325127,251.9403440048962,861.0869811604202,-51.35358992318408,912.4405710836044,1963.6186797394619,S1,3,41148,41403
-6.266263374416499,9.035046674942034,10.926398372809288,8.950984567285088,11.951972373503894,-30.99708477211491,42.9490571456188,310.645913335175,-28.854900613106643,33.27846871015351,36.393118091548594,22.177776151660012,37.58055146032771,-58.13425650753742,95.71480796786514,431.867709205917,S1,3,41276,41531
9.126220093131272,11.511176527059973,13.877026194402479,10.453897015556427,27.573616123184674,-11.798909143139957,39.37252526632463,298.0825461500961,-45.046442903334935,45.046442903334935,45.68431650652224,7.607546018571673,-30.12853153221078,-60.54613731744592,30.41760578523514,322.97629472506105,S1,3,41404,41659
-122.48513673450887,132.64229778783732,141.19429957296495,70.23689565341586,40.557313562627684,-177.1755435028624,217.7328570654901,486.3887629344031,-146.0983154305294,146.0983154305294,154.4672715290077,50.1539649676646,-26.514385775914604,-190.3642695744793,163.8498837985647,431.548741071433,S1,1,41678,41933
72.35927479753283,72.35927479753283,72.82490208296333,8.22202615955008,100.38834669455743,50.366995846779,50.02135084777843,323.9649314119805,197.86928540227188,197.86928540227188,333.013959126671,267.8545181019248,892.6835861086419,1.4854982392973421,891.1980878693445,1943.1990097427613,S1,3,42186,42441
68.29991439732471,68.29991439732471,68.6415418408705,6.839806986318524,81.13455868413358,46.741474672292426,34.393084011841154,294.63885666415,38.18116920755921,40.77398543243344,67.09082136636775,55.16680731705977,233.44620954442223,-15.50966237052752,248.95587191494974,521.0994962178688,S1,3,42314,42569
62.268701244443626,62.268701244443626,62.740969189175,7.683622851704194,77.48303158160263,44.85400695202803,32.6290246295746,331.2888809093514,1.1429853675092327,10.402614248905186,12.398561096382128,12.345764525147084,29.732393119287867,-21.69741418787456,51.42980730716243,397.37007660766807,S1,3,42442,42697
-137.82502908735347,160.52760404648743,169.7243725426027,99.04859409426452,67.4697318148371,-204.69933850380588,272.169070318643,578.5695528205692,-117.67844220217994,118.60992454560983,132.12142986778326,60.065434912067104,20.254338920342324,-171.73424232676513,191.98858124710745,609.752942008147,S1,1,42717,42972
-16.756960225343846,43.568262751902736,77.87933616222394,76.05521208355759,26.52644460621339,-212.66595444560397,239.19239905181735,512.0391992800485,-20.48408129612291,29.26150604101567,56.71255513446138,52.88398929102408,42.20874546102148,-157.2492817981381,199.45802725915956,588.2938938820033,S1,2,42981,43236
10.04476400455895,10.179927605155758,12.1205173498589,6.783041863422894,36.41767626706356,-3.8640485395100748,40.281724806573635,306.401077467617,132.01566943398316,134.50880712247508,255.4516932524664,218.69483443705178,857.9813491031282,-16.04939557349085,874.0307446766191,1866.1852987868383,S1,3,43245,43500
6.846604747837666,8.046396080249242,9.78881823601001,6.996067887358503,26.018401502516678,-13.344910710493625,39.3633122130103,241.29549157855968,0.3302161297165047,9.875808043304852,14.001172508736646,13.997277911332542,49.435390781074474,-26.222647651325804,75.65803843240028,413.89488235907913,S1,3,43373,43628
99.18113488986172,106.24550690390447,116.62379195275614,61.35316887821525,145.9717185001398,-25.021810311653436,170.99352881179323,413.55460725262867,-104.98463402092024,104.98463402092024,112.61187435973964,40.73893550778202,-12.31813597882056,-150.135539663128,137.81740368430744,416.8656449145142,S1,1,43755,44010
14.41977151737331,14.446244449352642,30.42971294564451,26.796223975423754,135.034930535112,-1.5543526594597885,136.5892831945718,368.6504251355421,-48.573009225458435,48.573009225458435,53.192577977407794,21.682092303699374,-24.214677697786858,-137.34459056754702,113.12991286976016,454.47297868351944,S1,2,44019,44274
5.356423106996555,8.428880225721915,12.4721690461708,11.263380141640184,48.11068176404416,-18.310399794522624,66.42108155856678,410.1399759325655,168.23952660125698,184.85773865025382,334.63542811875186,289.26861468400836,940.1538370769584,-38.23345962829251,978.387296705251,2064.012391086446,S1,3,44283,44538
6.405022182448258,7.42512396669555,9.048029350310138,6.390815751249558,20.15232319815582,-8.600492468573446,28.752815666729266,282.93296617082575,-11.245540908822147,37.2187431458686,46.330475896389125,44.944975319315745,160.226459668257,-55.51090133811993,215.73736100637694,424.3751168154536,S1,3,44411,44666
-181.42458070399306,192.3285123707999,211.86414122708723,109.41451391050221,34.70872080236265,-257.90054636045573,292.60926716281836,541.1471572912047,-55.343449187475585,55.343449187475585,57.30313492248027,14.857722031902652,-21.93944285647336,-83.38096676913442,61.441523912661054,381.4242965587248,S1,1,44793,45048
28.233202078714868,55.79687813000239,69.6528518946842,63.67421831043757,61.07245222292087,-237.34891479280313,298.421367015724,537.2240290238528,-3.5847328873038338,11.935480284185243,18.239341281510043,17.883603118781146,27.476416892347196,-64.9599879507611,92.4364048431083,394.3388866247265,S1,2,45058,45313
41.06627590827677,41.06627590827677,42.040207736014445,8.996668800869324,64.13691598655429,16.946520604638053,47.19039538191623,332.8303580285973,133.93296666746747,154.83378335786674,282.8054780883284,249.08010534046883,896.0816616933425,-50.91896617255839,947.0006278659009,1999.6148563771008,S1,3,45323,45578
32.41537948121372,32.41537948121372,33.4875872731179,8.40604987277596,51.1758021446588,14.912365907367246,36.26343623729156,308.10984841239207,-18.230115804616105,34.825066226199944,38.499562646578205,33.909868795500905,94.18094920388852,-53.47774987260358,147.6586990764921,461.7997315645733,S1,3,45451,45706
33.41430743625561,33.41430743625561,34.56085902058741,8.82819544393478,51.59825398768298,12.497505273792727,39.100748713890255,386.98600210661857,-133.93284242151995,133.93284242151995,143.94813677154485,52.754713541935615,-19.283507979109405,-187.61866234669577,168.33515436758637,513.3997835604606,S1,1,45833,46088
3.056347341324361,7.292539239182676,10.578589345614319,10.127452467048379,32.52179959317787,-12.34699133585282,44.86879092903069,306.75079191786887,-44.12801828434435,44.9376653874382,68.63706562918647,52.571520621737974,18.226074673336573,-175.1899362142756,193.41601088761217,609.0807205418877,S1,2,46098,46353
-3.833877985032321,14.745474112826141,20.68827372505539,20.32992988966518,76.31404046695954,-25.5528374583438,101.86687792530334,403.77383986519715,167.19027296235126,171.27902598104026,311.9385775767887,263.34974616924296,966.828747016232,-14.066044896498441,980.8947919127304,2074.3567931733983,S1,3,46362,46617
-6.3326813211819335,8.197973109494912,9.667260033971427,7.304318164536282,10.817926135792085,-21.305963247993095,32.12388938378518,265.1531351586689,17.16271977617245,29.020943713812557,46.66626868583661,43.395641289688,152.4992857850075,-37.03129616384131,189.5305819488488,481.50254604340114,S1,3,46490,46745
-4.867147150219052,6.276238863093766,8.98225148323098,7.549286080558857,8.878212207888561,-27.523812697648513,36.402024905537075,355.07777230633036,-23.419998391330374,24.650818507724885,27.427743892178725,14.27532172544738,11.893752053529873,-40.48988658871061,52.383638642240484,417.4059924616502,S1,1,46871,47126
-21.336382409815087,21.820956601270417,23.426697709931915,9.673104530328548,7.472375792557182,-37.63786245123652,45.1102382437937,326.38286427229815,-30.260877290644615,30.550149821210397,32.970930776496765,13.090514958132498,8.102527389769989,-52.46958661340762,60.57211400317761,387.537421122517,S1,2,47136,47391
-21.021584895128466,21.039397050834317,22.518568417593006,8.073344540816022,0.9838419251372666,-40.80654284305777,41.79038476819504,322.84441441307524,75.20732104775576,138.16573319022567,233.66070136467974,221.22654050329007,810.785903911047,-89.2761030676372,900.0620069786842,1930.5046219386504,S1,3,47400,47655
-27.331372521132266,27.331372521132266,29.13769505451532,10.099571733545078,-8.79645948728748,-47.25815970754278,38.4617002202553,285.12439339625854,-72.24346601201454,73.11882460865665,78.15506122397798,29.81769966806039,21.732504106474057,-107.12025607903955,128.8527601855136,451.31370906306955,S1,3,47528,47783
-38.535128245242305,38.535128245242305,38.86297334131119,5.037319530285202,-25.55876383652558,-49.55360968284541,23.994845846319834,253.54514040099966,-82.46481318300525,82.46481318300525,84.10166250118628,16.511941804508922,-53.02115735384452,-107.12025607903955,54.09909872519503,407.7867242457103,S1,3,47656,47911
-10.28261474431114,58.01308544328008,75.6427192826014,74.94056854926119,196.37355404084443,-54.062689395266425,250.43624343611086,495.4265478857961,-42.18752973726471,56.69257371960914,57.62395646072941,39.252168001977225,76.54635335975853,-77.35398304808025,153.90033640783878,513.6467246573819,S1,2,48174,48429
-39.295278602794056,39.295278602794056,39.982086011345054,7.378907869555574,-19.623013100193873,-52.78513518022506,33.16212208003119,341.04370811568344,94.74734753612996,151.40651138669585,259.29038813128216,241.35957721237986,792.1374088070404,-71.44998289425101,863.5873917012914,1878.8079490927134,S1,3,48438,48693
-26.297241795916626,26.297241795916626,29.41136591050084,13.171314233912517,-3.2868976162890813,-52.78513518022506,49.49823756393598,337.6994889833102,105.39037386169878,134.2441655071963,255.5807541812401,232.83983981514598,792.1374088070404,-53.19447072424885,845.3318795312892,1479.2427085586583,S1,3,48566,48821
-11.552937461768511,11.574681667809482,13.722573610688817,7.4053131267515555,0.8070778320090439,-31.05560917157734,31.862687003586384,287.61128800533174,-44.155012689923566,44.155012689923566,47.68951382417644,18.01734117840379,-6.075494193523329,-83.77465414849885,77.69915995497553,381.1741403888261,S1,3,48694,48949
-17.38119113162453,17.60427683467162,18.9511944011208,7.552613062709439,7.1860881713595814,-30.103320602530296,37.289408773889875,306.76238690893865,36.805595730984365,61.67585975000135,63.08620952128343,51.23688080524241,79.78201035409685,-85.88718173843272,165.66919209252956,495.72815020939726,S1,1,48968,49223
20.181568717392473,20.181568717392473,21.339508591256674,6.93389580405438,37.25585758082047,3.078851866841644,34.17700571397882,268.9384879225895,65.63894525256731,113.24259001885098,208.51992971878565,197.91940267709424,759.9243003650704,-69.86400856471198,829.7883089297824,1756.2850155657452,S1,3,49476,49731
27.169389057228834,27.169389057228834,27.821080218393956,5.986384783426917,39.02054000256341,11.492235983647173,27.528304018916234,249.02611179612177,-54.44517565321945,54.817938623435154,58.72689262115965,22.012968110350208,8.786885732886088,-89.78857650315052,98.57546223603661,391.45820230054795,S1,3,49604,49859
24.64002408493106,24.64002408493106,25.663871961323796,7.176596487279959,39.02054000256341,3.2773725027270086,35.743167499836396,302.04557203741297,-60.74645360267908,60.74645360267908,63.08011976982183,16.999114237883816,-17.179276530401467,-89.78857650315052,72.60929997274906,404.6821822054844,S1,3,49732,49987
-40.94146532631588,45.23942213117193,49.00713380937731,26.93502517437635,18.298181863099494,-67.89062023131184,86.18880209441133,367.7291035149478,-103.38050237899729,103.83637636177995,115.71487063292177,51.98464209225601,12.129416316822615,-151.49942392482913,163.62884024165174,532.4661993190192,S1,1,50006,50261
-4.246943129563796,5.442978802842819,7.130652219491062,5.7279730384826095,6.902015997805354,-20.395184650014745,27.297200647820098,276.4312214563024,-12.815292067948969,13.350983117538837,15.545292492550333,8.799114040180749,5.431329097424861,-36.85684908264187,42.28817818006674,355.95093074540955,S1,2,50270,50525
3.0754431715050554,26.97083027982346,41.60765562802562,41.49383877347593,124.56194893046826,-34.946589669189834,159.5085385996581,670.4102525647606,131.52050859597807,133.82000259809635,257.73033575674253,221.64675000535988,892.0672692431921,-15.932347533484979,907.999616776677,1980.1731370184625,S1,3,50535,50790
-1.6619296951250409,30.70354971404049,43.051204556871625,43.01911439681279,124.56194893046826,-36.5441067795279,161.10605570999616,593.4295134989454,1.3948073350048809,18.322006071654535,24.912979352966587,24.87390304595473,75.7905895783805,-37.11897388677348,112.90956346515398,472.09474272653614,S1,3,50663,50918
77.74526116357127,85.34699130568234,90.6307919861031,46.57912432234408,113.59218965332256,-29.564289243232242,143.1564788965548,452.00683748756404,-18.125997674296542,18.162790099535254,19.950742999637907,8.335487661138803,1.9073147687061995,-33.87820538575626,35.78552015446246,430.8416194269794,S1,1,51044,51299
-20.1111116180969,20.116580745646367,21.035368178577514,6.166839051958411,0.7000483263314894,-34.39997188442511,35.100020210756604,336.17643483485244,-39.49305639411153,39.49305639411153,41.05518103759258,11.217236142697047,-10.848729765306814,-61.22259336318883,50.373863597882014,384.95545825477325,S1,2,51308,51563
-36.786933192117004,36.786933192117004,38.037397691304136,9.672909047703765,-11.988478775755722,-55.58103632349431,43.592557547738586,316.20582927671046,133.13293029685272,138.4488388775596,233.53821266266428,191.87422871309522,779.8381434186176,-26.9626332238089,806.8007766424265,1724.3885583791173,S1,3,51572,51827
-41.363621827428986,41.363621827428986,41.764291721858996,5.771208915468214,-27.984635298794224,-55.58103632349431,27.596401024700086,296.1030052542362,19.835556108219492,31.664563486692927,40.03762239947763,34.778756752949484,86.77031853146539,-44.66033140962839,131.43064994109378,437.6858790130994,S1,3,51700,51955
92.83928982764866,105.63326390172688,116.17364555400454,69.8368254261699,149.979553965954,-40.43407059568551,190.41362456163952,633.6911018706749,-125.95258210666913,125.95258210666913,134.92636859448638,48.384625685830976,-32.09115876128934,-175.23965664187992,143.14849788059058,549.3541252824483,S1,1,52082,52337
-28.641220781996434,28.641220781996434,29.125504031567957,5.289183038033082,-13.386217679095306,-39.82834294471219,26.442125265616884,277.355854347316,-7.195030142886067,12.369034354596634,16.72115451037041,15.09399050624591,14.073940845448739,-46.17561799071318,60.24955883616192,456.89699138998805,S1,2,52346,52601
-24.031488687618143,24.031488687618143,25.543140687022102,8.656765424446089,-2.5254327416773537,-47.077002007548145,44.55156926587079,380.71294469732777,104.69088432551665,125.14989110356191,240.7341877670282,216.77815364789893,832.5057324388538,-50.15553066856165,882.6612631074154,1903.5085438529288,S1,3,52610,52865
-14.233503346719303,14.233503346719303,15.796059043424977,6.850026553400969,-0.5658568817816941,-33.46211232098802,32.89625543920633,307.93924565491466,-24.70125517953916,32.05547642169409,34.52774913915318,24.124954987970096,60.17419904956088,-55.156566068307086,115.33076511786797,357.08698303582406,S1,3,52738,52993
0.615940816080701,8.98395591152802,10.806172687627708,10.788604407703385,23.810322898350076,-17.611124634472617,41.4214475328227,265.97223185088194,7.667091158104681,37.199653084985655,42.74631265447866,42.053096898180456,71.50060121809747,-60.903589700230434,132.4041909183279,474.0135318860707,S1,1,53121,53376
17.607575380374886,17.60928011506135,19.18256263191447,7.612095529598774,38.1201651827264,-0.11702618838191513,38.23719137110832,337.44904922433926,-55.04815716963527,55.04815716963527,56.76102404951463,13.838867127648543,-2.0926508019102106,-70.84327116207616,68.75062036016595,445.0976422810804,S1,2,53384,53639
6.660810959988959,9.097971866863318,12.606802894529109,10.703507676308663,39.79473240018934,-9.060735709032075,48.85546810922141,350.8760678251725,136.83762158267336,159.96243824512578,266.8518067195988,229.09681811214926,779.306616750745,-71.76894511441459,851.0755618651596,1775.71664497128,S1,3,53648,53903
4.017141907228005,5.434397610706675,6.5450510418464525,5.167229822406574,14.77008511428835,-6.334535541974536,21.104620656262885,305.2638008578281,-4.550386018662394,36.714649164171156,45.73949023963275,45.51258017804112,127.95306758947126,-58.516823233004395,186.46989082247566,460.35690924332937,S1,3,53776,54031
4.128685646656967,6.024499885906145,7.013949157069306,5.670047408006565,14.77008511428835,-8.90499277297553,23.675077887263882,301.1613500828339,-38.016585488467975,38.016585488467975,39.58878289218434,11.04585708229623,-16.703738345066284,-59.75892669416935,43.05518834910306,433.15613519787655,S1,3,53904,54159
-60.439881140691405,68.6629324350096,72.90512658535091,40.76982033471741,34.94908672686739,-91.4457314445889,126.3948181714563,436.01384092220593,-71.76453069142718,71.76453069142718,74.30344106544622,19.257556667590126,-28.40905975316435,-99.76264724374575,71.35358749058139,505.53739615404106,S1,1,54161,54416
44.7517475260592,44.7517475260592,45.67890241438234,9.156594298456135,70.73983278777207,23.580382663477366,47.15945012429471,387.08487195360874,126.63592396045439,130.59348873200088,253.90873951143533,220.07496623416287,805.8375974794469,-25.523627983927852,831.3612254633748,1848.6202588922404,S1,3,54679,54934
54.76166567620163,54.76166567620163,55.41073597500019,8.456336893661437,71.85114171491165,34.58408519864265,37.267056516269,403.6307071598834,96.69369953080255,98.45716996407303,205.5598210344385,181.39781832965153,805.3207054498074,-17.75913244138307,823.0798378911904,1080.1305828821755,S1,3,54807,55062
57.86970569364367,57.86970569364367,58.154211165951914,5.745384170374616,71.85114171491165,43.10243603671878,28.74870567819287,299.81869244459574,-2.85330740826486,11.106969650741673,13.63408483304641,13.332175593977412,22.237470928361123,-33.842793819148,56.08026474750912,492.88124553222826,S1,3,54935,55190
-140.02681515677398,161.10834776761521,169.98069979649134,96.36352702322374,69.21190949915217,-201.234378424577,270.4462879237292,531.9753544609179,-60.148391517915385,60.148391517915385,63.092882661160395,19.049483990452817,-15.882352932166338,-88.51541212583261,72.63305919366627,393.5285910989024,S1,1,55211,55466
-0.2553801780403049,80.80788327122238,97.86669198939072,97.8663587853913,66.26719645844513,-194.6023210375401,260.86951749598524,590.920457376715,-29.041737046757994,29.04640720603421,39.602107541167314,26.92404930557707,0.5388238006416471,-91.13254379296303,91.67136759360469,437.98843215199776,S1,2,55475,55730
27.195222748289385,27.195222748289385,29.117154581712583,10.403295180195046,47.27457957869548,6.554478971310855,40.72010060738462,392.66688674709843,78.49800133472166,135.29074927028293,242.92767541545908,229.89545291112802,843.7611456099229,-85.30309440273012,929.064240012653,1952.9993925627593,S1,3,55740,55995
12.646731988567831,13.019804157359186,15.72422625055589,9.344060208924498,33.560258051162826,-6.033538716377962,39.59379676754079,359.2723107462464,-70.93065406401551,71.15223210933294,76.36425975246408,28.290324876055475,12.779080212468862,-102.08237683859832,114.86145705106719,371.79202227322895,S1,3,55868,56123
27.893947606990878,30.017841619363093,32.641669829200886,16.953061556456728,47.43678652704258,-12.976661021349173,60.41344754839175,329.7381454625503,40.95237555153185,75.1592848371766,76.27456356061477,64.34836426086181,98.30647461003363,-107.40125255836335,205.70772716839699,584.8659747973486,S1,1,56249,56504
4.391771046759159,13.978456289787612,20.285120865295212,19.80400150455668,48.46987478630239,-18.87541670192388,67.34529148822627,308.9872018174736,-13.919776975336863,43.87684193054629,47.34201271760014,45.24937543337251,118.85258466632746,-56.86025139621171,175.71283606253917,604.7663450020299,S1,2,56513,56768
1.9203766239298352,5.045633085490477,6.048405125587679,5.73544751396952,16.673421876034897,-9.908208545203594,26.581630421238494,351.46627870282884,59.510952354751396,124.49242940221687,228.11783709774954,220.2185145531272,837.7648428659022,-80.81997585067163,918.5848187165739,1154.07679659052,S1,3,56777,57032
11.023682172463962,12.54028236181416,15.536285138969014,10.947811985956355,38.81420175063222,-7.977567250824374,46.79176900145659,379.92355863057696,-58.52473651344191,58.52473651344191,59.49485698646283,10.700150647157484,-22.32683155373087,-80.81997585067163,58.493144296940756,384.4936140724096,S1,3,56905,57160
21.88043354011007,21.88043354011007,23.165060585318276,7.607013869994755,38.81420175063222,7.201294971443299,31.612906779188922,379.113959268998,-61.00545648146155,61.00545648146155,61.503933956169575,7.814612695032908,-44.62802801885172,-76.11009248006361,31.48206446121189,403.6510767540883,S1,3,57033,57288
36.86905960526095,75.79189824411665,78.43177111096703,69.22582728596922,88.31950276438045,-115.14458751897158,203.46409028335202,463.5502366061468,-13.085888180978824,16.165254273763647,23.555515756727534,19.586266951115462,20.96166924222333,-63.73190661061358,84.69357585283691,479.1537344844094,S1,2,57551,57806
84.19861481351379,84.19861481351379,84.67954272386429,9.012115146195978,102.55816041010915,65.58077643738264,36.977383972726514,421.07396010773255,126.70772714273753,131.54599951206288,249.47253378606752,214.8992717436757,855.7787951067445,-27.456777142681496,883.235572249426,1732.3779660902655,S1,3,57815,58070
77.62960833902406,77.62960833902406,78.47425131492689,11.48268385735799,102.55816041010915,60.939217289480595,41.61894312062856,355.6661931484102,-8.886744192571665,17.36783090392005,20.506299119274335,18.48064071467613,33.753501664260696,-39.401134066301765,73.15463573056246,387.2142864528505,S1,3,57943,58198
70.93475891012656,70.93475891012656,71.13897317933721,5.386416561377198,87.79794950493513,60.24084137807477,27.557108126860363,279.9723920965763,-28.491022957684102,28.51051870976294,30.480365625986614,10.831172582806714,1.5100758744277134,-47.32970346584837,48.83977934027608,394.28892513280164,S1,3,58071,58326
-212.57793633174532,232.29121227617165,245.0417322621678,121.88548533348981,77.45968506927572,-290.7133903882999,368.17307545757564,602.7065968228096,15.787334264914312,25.050251911215685,29.660036269747817,25.109317560033737,81.01463200184,-39.02398577810288,120.03861777994288,537.0580520559397,S1,1,58345,58600
0.1958103272443843,5.739571913858187,7.205338427189677,7.202677291541017,20.77626457978981,-14.959427271754393,35.7356918515442,385.7946792272601,53.375092687876645,150.17935055908976,243.7847264645004,237.86990633102764,807.8096020023556,-99.27033733266413,907.0799393350197,1973.1643111028045,S1,3,58852,59107
18.295063994053667,20.448583147875596,38.16473228216699,33.49384157756408,90.34446800031515,-11.158722405171584,101.50319040548673,351.88880148096973,-85.28958652572024,85.28958652572024,85.9095724700163,10.302478937258984,-52.857954533142944,-110.41438638582802,57.55643185268508,387.3267093659401,S1,3,58980,59235
33.18778176707891,36.299194614049895,52.44225571918004,40.60494214127901,90.36823166628743,-19.110002246360906,109.47823391264834,451.0265620449379,-89.38987576007914,89.38987576007914,89.78695913052874,8.434935773605984,-67.54868468595814,-110.41438638582802,42.86570169986989,443.0026250963872,S1,3,59108,59363
121.7111136332356,123.327598627007,135.86527203635308,60.38026965549124,160.6232051341466,-11.092321259668198,171.7155263938148,450.59633818362204,20.415334054805058,49.19968300502006,53.159661996946646,49.08323338025247,103.85281401966228,-87.43340617378364,191.2862201934459,679.8728578007695,S1,1,59383,59638
7.104148607610524,27.08527568735652,49.55748588486769,49.04564689949401,147.09812017306464,-25.68560396869439,172.78372414175902,436.51977286901,-16.219467361466332,27.872193058555084,30.327807236686713,25.626251584965665,55.03210853032337,-42.430860607534626,97.462969137858,521.9627652179115,S1,2,59647,59902
-1.9685854939647451,11.299247480950282,14.450666986063574,14.315950806532527,39.12027279827326,-27.1137528327063,66.23402563097956,379.38829326908626,161.31164292833236,202.24436671076327,357.94663737756105,319.5377114921889,955.7847550314154,-57.08929769898307,1012.8740527303985,2178.135147017592,S1,3,59911,60166
5.668204747236728,8.741401168265135,10.014412792851406,8.255902042116835,19.010897702739456,-14.759609774846501,33.77050747758596,382.9565248613691,-36.17927054813486,46.671914389566616,49.94563760806233,34.432936248318285,101.31137710260809,-78.20068512546179,179.51206222806988,499.3284425253278,S1,3,60039,60294
-132.42496677612755,136.4167931817871,147.36867198293726,64.66184080550192,19.575217563923914,-173.8107866453507,193.38600420927463,523.8789965285068,-53.009012834464855,53.009012834464855,54.104001628893336,10.82993769948991,-26.74112630726624,-87.39242989925582,60.651303591989574,383.4041108489878,S1,1,60421,60676
-15.513114404123362,57.225592150364385,78.69487082466279,77.15067061014403,41.01513698478759,-169.20792417998814,210.22306116477574,504.32846176685837,-37.02486086447717,37.02486086447717,37.93469597834377,8.258379800873644,-16.899149447899294,-52.2431343717409,35.3439849238416,424.95074208513154,S1,2,60685,60940
40.442891943473285,40.442891943473285,60.139992525831815,44.510573937612286,204.06644685868562,3.586912161425686,200.47953469725994,572.0161597322376,111.54311638791839,160.62656896784011,282.21468568102455,259.2359195800435,871.9017792821858,-89.84866105470711,961.7504403368929,1984.5814082891775,S1,3,60949,61204
58.25717864642411,58.25717864642411,82.24546729163177,58.05530144764989,204.06644685868562,9.312990265634623,194.753456593051,613.9251430619545,-51.09139016757272,58.62852668211405,62.624063190250176,36.21385289086625,57.624657412498486,-102.910214818959,160.53487223145748,443.65664077224415,S1,3,61077,61332
-19.22809470842725,26.93073054343435,29.471907850839806,22.335481330209678,34.67135617714898,-54.90409284165923,89.5754490188082,357.0241097945318,12.538864231466128,31.19827345599424,34.731316593199566,32.388906064915474,58.49860149894405,-73.21287676465383,131.71147826359788,558.2057327074849,S1,1,61459,61714
-0.3482884987867354,14.069590602726578,18.735848795618693,18.732611275897955,24.36266745872996,-42.54202821466887,66.90469567339883,275.97626687439595,-32.069515337473526,47.081679907904245,48.46047962183013,36.33131254437918,54.29041111609764,-66.64883653028936,120.939247646387,522.4273370636073,S1,2,61723,61978
-7.0986741733322685,9.723533250552904,11.499454032934436,9.046892728248604,22.822157222528503,-25.271164038870065,48.09332126139857,370.3517888318819,53.72668444119289,143.63216449903288,242.33157822660462,236.3007346259285,860.517357344838,-102.13613397133504,962.6534913161731,2112.583154036927,S1,3,61987,62242
-12.754876227991046,12.803759807371122,14.303977140342814,6.47432579038765,2.347052395158489,-30.054938592142655,32.40199098730115,311.3741574664659,-72.79258524377761,72.9744908347518,75.55484451240658,20.242876841528815,11.11015585275481,-102.13613397133504,113.24628982408986,432.9947241776247,S1,3,62115,62370
71.1835365943321,79.21085518354928,85.74743006908842,47.80717395304384,110.76058919910379,-27.69771516647951,138.4583043655833,383.40850723448324,17.573532194433135,44.90789973915921,47.068205268589516,43.66448114219726,75.52509647365784,-72.21074493244198,147.73584140609984,495.7056102205649,S1,1,62497,62752
-1.0151873778723868,32.64274144600385,43.575950872615664,43.56412387550589,107.28257212159808,-33.63877015882142,140.9213422804195,412.3572454580338,-19.860017260993693,32.03191966133188,35.00932580014622,28.831104858708006,52.605567352680275,-61.20269254755835,113.80825990023862,457.91909615062866,S1,2,62761,63016
-17.672882414732648,17.782365542675965,19.47869971650483,8.190785664440186,3.8194510855068744,-36.3314986322931,40.150949717799975,304.9312404869837,112.90713399207993,158.46108468875502,288.5151891833401,265.5051665847447,908.1413047222028,-69.78169132368127,977.922996045884,2153.3618987638797,S1,3,63025,63280
-4.800932493332461,11.732707630407289,13.87401022593602,13.016881613652396,16.593610398563282,-30.982028822090317,47.5756392206536,260.7940622309533,-36.276072279928464,43.832548868695056,46.10333082616773,28.452832780032168,80.9173869494641,-69.78169132368127,150.69907827314537,509.2458803375014,S1,3,63153,63408
-66.23425686268328,74.89233061914254,79.24738517883884,43.5105880853309,32.67536809734596,-102.4953855405631,135.17075363790906,406.1157343769224,-7.378747326405703,23.753477992494556,37.08625435971167,36.344798119212236,45.49048711571638,-89.0477804817803,134.53826759749666,554.044348069654,S1,1,63535,63790
-12.955525327809944,22.675359362073426,39.622513652069706,37.44459843006633,26.269768638041008,-100.41051805709367,126.68028669513467,410.34469162420703,-38.617260241258634,50.920353839498716,53.438389493659514,36.93736161578091,42.87436688268527,-81.48602460127668,124.36039148396196,470.0825562358861,S1,2,63799,64054
-2.812913565211389,5.809692732476424,7.2804424136544315,6.7150844382768655,19.03419041108521,-15.461718768672336,34.49590917975755,328.9339542634337,88.3220782980207,131.18987176308673,227.15468688928036,209.28082153146593,790.4205114070295,-68.16324908947892,858.5837604965084,1878.426783772617,S1,3,64063,64318
-0.4288673745073581,4.602316022902516,5.7179182662023695,5.701812174568176,13.145913491154941,-13.151026339383934,26.296939830538875,267.72638326758135,-19.1757922045591,69.07920864175358,82.05238151558548,79.78021249474561,221.21003603623114,-102.23936477148798,323.44940080771914,573.0927249848776,S1,3,64191,64446
-7.689679244148185,10.167209433274188,12.18601858946805,9.453458741909094,13.145913491154941,-27.384991284339844,40.53090477549478,334.53035799649524,-73.80335698967014,73.80335698967014,74.93736515530267,12.987424435756338,-49.62107499484654,-102.23936477148798,52.61828977664145,480.3629528940595,S1,3,64319,64574
17.403115958702926,41.27148975927882,63.725579199135744,61.30318914374081,142.17459016797645,-28.21893783941958,170.39352800739601,490.95707803685843,-27.320900335609274,42.068747441373134,44.166480524327746,34.70225362649416,45.73189392098196,-70.62835710891336,116.36025102989532,565.1560930057422,S1,2,64837,65092
-30.71600327649618,30.71600327649618,33.42219527916935,13.174607394423786,-1.3529611092190788,-50.8941420691315,49.54118095991242,348.14273220042276,68.63265299021751,127.32732366898858,225.87105510793862,215.19129275855434,804.380044120791,-83.02898522763277,887.4090293484238,1968.5677575730022,S1,3,65102,65357
-31.44983357947432,31.44983357947432,33.55208392671336,11.689752078148903,-4.186242197379559,-50.8941420691315,46.70789987175194,313.5114328760907,-41.012445871486136,45.96352654824577,50.91790112712507,30.17634734075853,57.20097211258026,-83.02898522763277,140.22995734021305,545.5792231165685,S1,3,65230,65485
-13.43306495513782,14.711679371653307,18.140856920619264,12.191942245820723,8.05599413716926,-35.992755319299924,44.04874945646918,344.1838573506975,-23.324554702445642,27.064021174643614,37.39372823585756,29.227659148652187,21.426179702397764,-82.70327966012074,104.1294593625185,568.7459152899548,S1,3,65358,65613
-54.88687383722061,58.12722559499956,60.59174225485817,25.666910796903316,19.14427780405695,-75.96223625730755,95.1065140613645,327.78241889650207,25.112785896963533,36.12973934854807,37.585930541330356,27.96515973762674,59.5002590711377,-61.05533158028528,120.55559065142297,540.427772250844,S1,1,65632,65887
12.340967086848977,12.361994432127098,13.283871444597128,4.915462533464498,24.705032327871866,-1.3260972600116085,26.031129587883473,319.4601329192674,49.39321504003186,104.16230903703114,199.6678686837476,193.46205853530927,773.7897406889474,-71.6434468613308,845.4331875502783,1908.0318470207035,S1,3,66139,66394
11.720063374678183,12.087330547024312,13.380455527147134,6.455749732408264,24.425907793033073,-6.08888811692759,30.51479590996066,300.39210903512577,-22.988078497295202,59.91039269283772,74.7138622886731,71.08944693196734,324.100057096212,-81.6985841935971,405.7986412898091,794.5212316509098,S1,3,66267,66522
-2.4023066368809918,13.964130698833136,15.576179780811968,15.389811544868673,24.425907793033073,-25.864861757910578,50.29076955094365,348.70900604616133,-59.84042475800858,59.84042475800858,60.430666022277094,8.42549468441518,-36.82225517561958,-81.6985841935971,44.87632901797752,552.6874620122768,S1,3,66395,66650
58.998412696517555,68.14917946359344,71.9681905180738,41.21416923507211,93.59264661254724,-32.518981329937375,126.11162794248462,407.8342855405845,43.608450726825424,55.319977026778076,60.53045122781302,41.97902513218583,149.18035559658395,-42.437780410088266,191.61813600667222,628.47279420618,S1,1,66670,66925
-35.78073882607877,35.78073882607877,36.5186594525605,7.30419176035418,-11.452883803517604,-54.54392399773916,43.09104019422155,365.8439703153549,96.58770460825674,138.4568271544241,249.49801082169492,230.04363221460994,812.4088803388101,-54.29095806016893,866.6998383989791,1878.2276555072326,S1,3,67178,67433
-37.175595835364355,37.175595835364355,37.47289615588539,4.710946889470368,-26.77334103466885,-50.36874680222539,23.59540576755654,286.31047229861315,-28.584948062735556,54.56173876119871,61.20250801583959,54.116981915842466,163.032016146446,-83.35050617889642,246.38252232534245,509.7481303625601,S1,3,67306,67561
-38.398613387212194,38.398613387212194,38.652340668269574,4.42153017352298,-25.32268820551566,-49.833984651746896,24.511296446231235,328.0644232931202,-56.58976896451755,56.58976896451755,57.871154534691925,12.110680233608669,-34.371774872639094,-83.35050617889642,48.97873130625733,428.25179402685313,S1,3,67434,67689
79.78392380825292,93.44667058345503,97.89651112932115,56.72964298364827,121.48897774705446,-48.80099853179685,170.28997627885133,383.38582718311784,-77.78043006727651,77.78043006727651,79.26389304859467,15.263336455983685,-36.826635270346955,-98.56718431959865,61.7405490492517,430.61434108046683,S1,1,67708,67963
-16.128879354926166,47.606276040208726,53.04968956738596,50.538389506891235,108.17570227935563,-54.77221111026706,162.9479133896227,437.470570800944,-37.41233731887151,37.41233731887151,43.186749486732296,21.57341761447979,-3.4501850819722493,-93.5246902099739,90.07450512800165,467.1578259510603,S1,2,67972,68227
-33.768484978996625,37.20560314216388,38.507816845987115,18.50787347231897,89.77705085436915,-61.92981103690455,151.70686189127372,439.48821654833694,114.73430935487416,126.58339624253183,249.16127542734938,221.17273663235144,865.5148740882574,-32.35813051966067,897.8730046079181,1981.61960225583,S1,3,68236,68491
-9.849304198626664,33.75192339530251,39.96056670288184,38.72774326007629,91.59273057094202,-41.3131012025508,132.90583177349282,503.87206688052913,-15.243343792289581,29.053920919232045,34.55436093586953,31.01039067339225,69.57938294468482,-68.9574872405913,138.53687018527614,495.1950241396477,S1,3,68364,68619
-22.673677654123825,24.141199839137848,26.544892310671063,13.803465123729248,9.208205717999776,-47.69232630769597,56.900532025695746,318.67658984040554,21.146480847237264,28.677119914439466,29.80698596211403,21.006731300302068,51.98196479201235,-35.002545203445,86.98450999545736,528.4981603861706,S1,1,68747,69002
38.207909845910066,40.269331039108536,42.2225962541712,17.969509165515927,54.33339968976793,-16.974575060115875,71.30797474988381,357.85400456591134,-43.04151983303553,50.75334083192992,52.319925812460745,29.745625014173175,42.75155271758419,-73.50300953784907,116.25456225543326,448.25722160016664,S1,2,69011,69266
50.32613229050093,50.32613229050093,52.175017566152995,13.766367229860395,104.46691101623739,31.404904935109784,73.0620060811276,385.44577312654565,111.45079792566318,167.00408953260305,288.80904504237435,266.43833083852854,866.398938883914,-76.82645789952944,943.2253967834434,2025.0376380064622,S1,3,69275,69530
56.137250871787906,56.137250871787906,56.99472611613051,9.84925731264429,72.52026400017971,34.32391169914957,38.19635230103014,278.28246353464976,-34.55479435748912,58.8581713719803,65.1911209844517,55.279729034439534,166.28811594081205,-83.6894429663945,249.97755890720654,490.24067802145845,S1,3,69403,69658
-186.55220325965882,214.54239246673583,231.0411394175297,136.3021773938969,77.94513919229942,-281.6071020036374,359.55224119593686,628.2928889671193,-46.371521112233026,46.371521112233026,48.493818755053624,14.1891679525516,-0.23340048535257119,-66.37704955433293,66.14364906898035,410.199023975411,S1,1,69785,70040
13.842336727756514,90.13960098820374,113.93434369077725,113.09033728026262,77.61622548065002,-272.6706513921201,350.2868768727701,601.3323760933464,-23.15505938183434,23.175074036817016,25.89280566390576,11.58795107741294,1.2068433471110673,-47.45383658425892,48.66067993136999,386.4136704752209,S1,2,70049,70304
56.66516856935672,56.66516856935672,57.5337696307018,9.959584274710013,91.66846524300453,38.13824246649245,53.53022277651208,344.76948427359537,106.33014106735486,112.48872593318478,226.1513991156023,199.59548196925917,819.0656365169946,-24.401987266721658,843.4676237837162,1848.5083537783012,S1,3,70313,70568
48.18007040197617,48.18007040197617,48.53578007554556,5.8653869098589775,60.91768333348825,32.71402173009939,28.20366160338886,290.21284263069447,-4.569942397101614,18.29671197363637,23.33067483033734,22.87872405808745,74.5976382246421,-40.71121148243806,115.30884970708016,422.64758118480154,S1,3,70441,70696
-54.001907035925825,69.44691729221736,71.31176948429086,46.57426868415502,49.08684777064202,-88.9260908705879,138.0129386412299,359.0271181831579,-68.35056311258103,68.35056311258103,71.61769536858937,21.38445257894493,-14.06722146995078,-98.69048751463788,84.6232660446871,390.0782888245713,S1,1,70823,71078
12.043119284432318,33.0489471684319,37.87420434534706,35.908475777927976,48.50623449034612,-92.56904524319211,141.07527973353822,416.5375223271062,-26.25003862254195,26.48810455962314,37.861901983827146,27.28477770017542,4.634951138024801,-97.12915711929028,101.76410825731509,459.46550814350735,S1,2,71087,71342
24.6276772185381,24.87373064157663,33.909199118366374,23.3090390121197,108.16865388071095,-6.2528655363970405,114.42151941710799,416.89118946198056,133.38899476742554,189.57820966728212,321.7747361254379,292.82478871081076,895.1310586252062,-87.17583978408871,982.3068984092948,2065.7948555637568,S1,3,71351,71606
18.160171352226637,18.39925509280199,20.69908253149914,9.932783804330986,36.69140140018415,-6.2528655363970405,42.94426693658119,301.4795730172904,-14.973221653113328,75.157725189465,97.21126417276538,96.05119736574821,370.16292614950225,-87.17583978408871,457.33876593359093,671.9600467030439,S1,3,71479,71734
-42.05569369670773,42.205403519396725,46.294633613672545,19.35230552448153,2.723288463283532,-62.15035008453991,64.87363854782345,343.2392011186091,-15.607472109998662,15.607472109998662,17.452438073990894,7.809891744582691,-0.06247492968598354,-36.72066991284533,36.65819498315935,396.10035352132763,S1,1,71862,72117
0.2443030332636278,16.392911165143943,23.098770126355326,23.09747816057293,26.282694667445615,-62.898475453846174,89.18117012129179,320.9890820376387,-20.482587998377298,20.507689607218065,22.048450238374922,8.160744255447868,2.272323587933268,-42.21546798561176,44.487791573545024,417.6339728067934,S1,2,72126,72381
20.24419848529221,20.24419848529221,21.07224726634593,5.849105277058721,36.810882735768764,5.576423505483614,31.23445923028515,280.28910836228806,84.09085687167465,119.27434222712142,239.73985284142913,224.5081843296979,823.6621804378599,-63.728765006836944,887.3909454446969,1872.3534981660423,S1,3,72391,72646
23.292900749723096,23.292900749723096,23.817884506771886,4.973167706952331,36.174513993915994,11.436019164368265,24.73849482954773,285.9160339396337,-42.2184555767346,42.32024832495347,44.80760545941873,15.010779983805593,3.7092972030858418,-63.728765006836944,67.43806220992279,361.65503116119083,S1,3,72519,72774
23.524529236215066,23.524529236215066,24.276230865566855,5.994323085450375,36.174513993915994,8.602958347894651,27.571555646021345,289.961940973218,-45.861523492553,45.861523492553,46.75769911222185,9.110603120050884,-21.282759240569224,-63.27471377382302,41.99195453325379,400.7918152161694,S1,3,72647,72902
24.943684173892716,63.99293131418159,68.67990458992338,63.990170450734645,73.02494010864156,-125.56702324020452,198.5919633488461,439.8747505009313,-68.03888401529696,68.03888401529696,68.78263629595689,10.08768148658814,-49.547435990458396,-89.26255027214616,39.71511428168776,405.2170654166817,S1,2,73165,73420
67.15075001743679,67.15075001743679,67.82490319050572,9.5390914083672,105.69359747628825,53.64466477172896,52.048932704559284,386.4343127700467,166.90389468717038,187.70972371274956,316.47919594509483,268.89063093441484,867.980049632424,-59.958682642217624,927.9387322746416,1886.162098518431,S1,3,73429,73684
66.65609351549169,66.65609351549169,66.89943020544922,5.700785828971213,80.92803193554853,53.64466477172896,27.28336716381957,251.1088075326294,68.58021018164068,73.64039103656843,131.01836672101675,111.63586874156897,562.8395586581777,-21.614273366675704,584.4538320248533,813.7768887028956,S1,3,73557,73812
64.47603291364848,64.47603291364848,64.88060273071201,7.234209730066751,80.92803193554853,49.651853146705264,31.276178788843268,268.4184981009697,-8.196453553683744,15.540425133018992,19.52484686301107,17.721111538680027,37.908384918897944,-47.71967097724577,85.6280558961437,435.0854433618489,S1,3,73685,73940
-135.01461538456454,148.6975854229555,154.9672147135076,76.06504629999556,59.17975104959134,-180.62119012848,239.80094117807135,477.1358797892942,2.2545312730646523,9.393952723645533,11.163688770206539,10.933665245324146,23.259582822027646,-25.52959270463014,48.789175526657786,446.6350444031757,S1,1,73959,74214
-20.37610491276976,20.536068726364043,25.0229884328549,14.524610104735684,3.6154663634472115,-42.92888052453075,46.54434688797796,283.4594221568278,55.33036687176728,115.76773366116399,208.61936320807658,201.1481772405085,754.7360534536042,-75.96485455372652,830.7009080073308,1814.5195200455055,S1,3,74467,74722
-30.563175132806958,30.563175132806958,31.174370664785172,6.142777234019536,-17.120661007362425,-42.92888052453075,25.80821951716832,281.1447164386376,-42.94677297630215,64.27421909847939,72.75123669979519,58.722373353531864,200.57647244144144,-96.40005902128681,296.97653146272825,534.8297735559418,S1,3,74595,74850
-36.09985143548096,36.09985143548096,37.207567703421745,9.011316260176192,-17.120661007362425,-53.49852010799969,36.37785910063727,264.45588461376883,-84.81350284901437,84.81350284901437,85.1408184392945,7.458464922029338,-66.39924049906888,-102.2410252953629,35.84178479629402,416.2229591597549,S1,3,74723,74978
144.30949655891172,156.1456463373558,166.3900678740006,82.82767587001328,197.72115857416682,-45.24579508754761,242.96695366171443,448.07523642648374,-32.90709776430819,34.449697935198586,47.13545150260607,33.74720292238738,25.166641162286627,-117.22799771202942,142.39463887431606,531.808584902538,S1,1,74998,75253
13.522653803731545,37.546941576308456,67.78890316886782,66.42644975416465,188.29196729516767,-27.96791589632942,216.2598831914971,409.05465808391443,-41.36090958070119,41.36090958070119,43.89039056832266,14.68473843474808,-7.9124797244985965,-71.39126589805562,63.478786173557026,375.76792863352455,S1,2,75262,75517
-19.42364570313503,20.07252746343351,23.482967957866297,13.197415342000088,10.948925637237961,-47.336206627858196,58.28513226509616,345.2364262009345,143.66275649498013,169.60365347151534,320.3240947841655,286.30148112707883,962.7243271836691,-45.80594160097888,1008.5302687846479,2136.8579614655914,S1,3,75526,75781
-7.763522442923694,11.98242722284377,14.201423468381483,11.891515790954344,26.072353840985702,-35.3098910989362,61.382244939921904,285.56255495145695,-20.52052742786166,30.933762173935563,33.49100362615645,26.468004797672265,71.40892984346344,-47.257924360647735,118.66685420411117,414.0212591699725,S1,3,75654,75909
-48.044579015840455,48.435680645729846,52.596930841512055,21.404568697767896,4.43531867577909,-70.40213674638201,74.8374554221611,314.0449228476273,-13.99810466335679,15.037501205487915,17.237181827261587,10.058504022954205,12.324272166336746,-31.980073272048088,44.304345438384836,436.223695595016,S1,1,76035,76290
-22.487476675302766,22.491983465826046,25.735847333337077,12.515879143813562,0.5768691869805251,-55.39705663358923,55.973925820569754,352.3022910893827,-14.342651559512973,14.355446393347838,16.36958589207161,7.889973923930924,0.66124422582454,-31.022421475097204,31.683665700921743,371.71293733578926,S1,2,76299,76554
-34.48778924417539,36.5571921128293,38.03201444735728,16.032046531036926,27.792446100307252,-55.2666443141592,83.05909041446645,380.929171889462,127.22218192763029,165.781062436749,305.89606689415683,278.18504662703816,926.8171769544451,-59.17828703334217,985.9954639877873,2117.3934531141476,S1,3,76566,76821
-45.672034379482426,45.672034379482426,46.228710576270956,7.152548999063296,-30.322928302935445,-58.83374043428226,28.510812131346817,270.7283570490547,-31.874701195719396,39.11710851209256,41.734667431818515,26.940413681458157,97.87398088763476,-63.85027931982285,161.7242602074576,482.1537339950636,S1,3,76694,76949
162.62443866298523,184.6495009041285,199.52280186454962,115.59688755943769,237.8877201869319,-62.507928079233466,300.3956482661654,559.9395573343999,-137.9273275160331,137.9273275160331,151.24744714373003,62.06321448152962,-12.956155337469777,-187.56320290858991,174.60704757112015,475.9233285712119,S1,1,77075,77330
22.992895875468232,69.10724584954527,102.71026275219761,100.10357043525143,233.49485801269844,-40.529443980868464,274.0243019935669,553.5640512077301,-61.124132289607665,61.76279637878304,84.05516273201033,57.69844741193024,10.734132408790964,-179.92649594486227,190.66062835365324,507.9518528160102,S1,2,77339,77594
-30.18404340957143,30.18404340957143,30.94162215356645,6.804961788517392,-11.137444041816313,-48.426979927214234,37.289535885397925,270.7390909797408,115.66733624617031,145.13977668205476,287.90247284246146,263.6454080664399,954.0374702070435,-60.42031861087482,1014.4577888179183,2193.784525482703,S1,3,77603,77858
-16.302932394081576,16.63769336518758,20.122559646535485,11.795414451488508,6.343588769984097,-36.65171748968049,42.99530625966459,235.13795288640614,-31.474060314562053,34.28381696703855,37.213532436614976,19.855239200933976,46.310367255883996,-64.07093611946993,110.38130337535392,578.6806971008834,S1,3,77731,77986
-54.992505983491064,57.37062809110175,62.888080885060106,30.507949833798452,11.06404421662605,-84.50373661011498,95.56778082674103,475.5222128537114,-108.40582703093412,111.39543004401656,123.05510785153751,58.23002862864421,19.67689657715771,-158.36504453447162,178.04194111162934,669.4361240604246,S1,1,78113,78368
-6.585960354581871,8.492190254259622,10.16687732472386,7.745354784892688,10.190539439682352,-23.211964811234697,33.40250425091705,347.44965036310754,-63.21158841372649,63.21158841372649,64.31121661972242,11.841776611746234,-11.503374668519246,-84.11079304213985,72.6074183736206,416.1976818571415,S1,2,78377,78632
-26.373729391131967,26.373729391131967,27.520109454601723,7.860204984388197,-9.424984330543799,-49.842645878213865,40.417661547670065,398.7997853507703,122.04158774923886,167.83086648199787,296.08104512029223,269.7588481202597,925.6672713588139,-77.81043107731186,1003.4777024361257,2230.4335644642306,S1,3,78641,78896
-26.236347510877778,26.236347510877778,26.616232187491114,4.4808353179842815,-13.606197559402643,-37.80966441378611,24.203466854383464,379.13650327861427,-34.68485159277524,56.42728237664107,61.84071228870108,51.197995726015115,122.98002713056883,-81.75319783045536,204.73322496102418,515.225975538719,S1,3,78769,79024
108.76658965058013,120.22308165456931,131.16046138503782,73.30003824363472,165.27973927747192,-33.25830546645615,198.53804474392808,489.2530349652474,-0.26854077345236194,18.914733908132693,25.74769435883513,25.74629392065941,73.57674982979148,-51.923376952063734,125.50012678185522,467.1689796448304,S1,1,79151,79406
10.970598062828948,38.13795158803856,61.10642789471424,60.113571747116836,156.4530898963281,-31.656668624601238,188.10975852092935,501.20687827020276,-52.487264298682064,54.803057087179255,59.59204480981988,28.218768418481265,17.930335203831483,-86.40543906706132,104.33577427089281,463.2655998672446,S1,2,79414,79669
-17.662978266308528,18.353546827150073,19.575705729337972,8.439635866881234,16.74542387075892,-34.93472990231027,51.68015377306919,381.629405462023,125.10834083039884,137.8632391854064,266.3919419014033,235.18624484579325,910.2572328634772,-54.803725454815805,965.0609583182929,2092.015967158748,S1,3,79678,79933
-10.341301115783455,11.212285305409576,14.067594872078406,9.53701822990931,6.984548521466188,-29.99514811683081,36.979696638297,299.6854751291057,-13.566520298450614,33.99142777984508,38.797953646432084,36.348737724196425,80.5858543038546,-64.71753625227626,145.30339055613086,461.8386374027933,S1,3,79806,80061
-1.111385775550576,3.677163408557968,4.750435510168661,4.618599267545869,9.25701853158431,-14.375190368886596,23.632208900470907,281.1598351502407,-51.09599743553848,51.09599743553848,52.1103264133901,10.231576856844077,-23.04586012546982,-74.84448843612354,51.798628310653726,398.43989272078295,S1,3,79934,80189
-2.298216433127359,20.06116565279038,28.036636814375814,27.94228346230344,26.00457084870089,-73.54811928824216,99.55269013694306,353.0971761577051,-12.111186324630225,99.90187486899399,145.0031208054624,144.49645050704052,587.4252986959442,-113.72447766605062,701.1497763619948,1693.444025280788,S1,2,80452,80707
9.765541326570775,13.706856033953656,20.027472725060843,17.485247105834517,51.336363770274,-13.957105380551697,65.2934691508257,345.90563635836895,55.77351034444466,163.224391558292,264.89841922079614,258.9603986124805,873.4987960307425,-127.65982816476156,1001.158624195504,2239.6028227611937,S1,3,80716,80971
35.47925911484904,36.990848978296526,43.942792595064624,25.926650260191103,104.15098166079216,-10.477228131825406,114.62820979261755,379.153172298395,14.513343480517094,120.60531626865688,155.31237448081876,154.6327796034418,489.8841018357283,-127.65982816476156,617.5439300004898,1668.7218697431467,S1,3,80844,81099
50.32182632743522,50.32182632743522,51.81312986904163,12.341564807495917,104.15098166079216,27.99095893798918,76.16002272280298,396.7213604004749,-23.242330859821266,135.07355002568528,166.00515438751975,164.37002567203933,489.8841018357283,-180.4047360643683,670.2888379000966,1585.569393120169,S1,3,80972,81227
68.61626303709659,172.05299492821942,222.37760739746685,211.52685105831333,292.41427096062546,-477.45500980360333,769.8692807642287,1375.3150416086032,-12.39095299915303,230.60497813505532,254.68606257161196,254.3844624815042,463.945048528962,-245.62480611950937,709.5698546484714,1961.0172717567793,S1,1,81247,81502
22.607638196736076,22.897544065230846,25.860116653566802,12.555489974571408,46.84725909394825,-4.353733910623856,51.20099300457211,728.4883502206685,20.20436070088902,43.97621489826606,70.6722073939485,67.72255685221609,238.2017177982214,-79.7136014751263,317.9153192733477,1473.968773709063,S1,3,81754,82009
7.8961191471241765,17.893195018652932,22.511578119955544,21.081329461523058,46.84725909394825,-67.49644057554487,114.34369966949312,678.1591289750899,23.334921522334852,48.209413820795774,105.30490910350215,102.68692866593744,447.3323590668642,-79.7136014751263,527.0459605419906,1643.8224077774946,S1,3,81882,82137
-17.33449827910206,30.173074812829718,40.26736352269534,36.34522987244272,37.002247610224764,-88.79246495681059,125.79471256703536,777.7726756156812,112.12458241414367,120.43236149742711,161.99547040795503,116.92138577329868,447.3323590668642,-35.01653955069394,482.3488986175582,1923.3391508038771,S1,3,82010,82265
100.00172199275488,100.84283827652732,137.33942669184898,94.13699444176837,222.5479363262226,-11.912242529477707,234.46017885570032,1072.4174165913255,99.12943808659901,104.73880484528254,185.20218656072402,156.439139640655,768.1504693801214,-27.6917173042164,795.8421866843378,2401.1482076358607,S1,1,82284,82539
11.784040855434752,38.52894192081679,67.56709118909394,66.53155787198118,204.58857047837853,-40.81060960293976,245.3991800813183,1022.9820166951806,-7.3708147399176855,12.243698608959058,17.857817108741347,16.265691561045518,24.820755166423996,-68.73553177800044,93.55628694442443,935.5834715569338,S1,2,82548,82803
-25.90872323362048,25.90893605362701,28.08675550754286,10.84453297031013,0.027240960835448802,-55.74236927206275,55.7696102328982,515.1470781607044,39.0549577932436,126.46819337740011,217.9220221935824,214.3938385978202,807.8258001747342,-122.41261920462374,930.238419379358,2207.307010281359,S1,3,82813,83068
-26.244405819555897,26.244405819555897,28.440627896170117,10.959036376747294,-7.377878833173985,-55.74236927206275,48.364490438888765,494.87094656019735,-40.8032365432267,71.40651743914968,83.06789261804157,72.35586134930585,280.21397761336505,-117.06214780818037,397.27612542154543,754.6021042985883,S1,3,82941,83196
-57.5223203025461,65.83669879605247,68.79721066747325,37.739089319113,47.395007458447566,-92.34531608219473,139.7403235406423,554.2545262407027,-79.43723390661634,79.43723390661634,82.3705713754813,21.786162993716506,-46.60224826666738,-135.12660228659038,88.52435401992301,516.5997928306449,S1,1,83322,83577
25.726318368708906,41.82287172737557,42.86477278436951,34.28622593764813,54.885801155646234,-66.32200518440247,121.2078063400487,541.8725994430517,-64.28136205976614,64.28136205976614,66.17871829361768,15.733062217104061,-31.1220899034379,-104.20632047167649,73.0842305682386,744.8228675043164,S1,2,83586,83841
51.66564936125525,51.66564936125525,52.24287331026222,7.744577960866151,72.87602303142071,32.78202996727392,40.093993064146794,560.1050030093573,86.31082945214419,129.6840294784996,247.92584272494835,232.41700499352174,868.9869604780018,-74.9957487434573,943.9827092214591,2148.576677352266,S1,3,83851,84106
54.676251380707356,54.676251380707356,55.14765792941636,7.195256079780361,72.87602303142071,32.78202996727392,40.093993064146794,595.7045441298221,-6.664929230457803,32.61798820362624,43.00197346890683,42.482330922085204,176.43331294560036,-50.40786879181218,226.84118173741254,595.5216008124992,S1,3,83979,84234
2.618832112158046,62.017677264120245,78.50483066165931,78.46113786827294,59.43963744818417,-181.51758201738554,240.95721946556972,712.7953051039,-0.2141505892461586,23.701938852774337,32.250025065946666,32.24931404354694,76.24089246945371,-46.727848536554156,122.96874100600786,641.0268890654036,S1,2,84602,84857
22.842078678872745,22.852631054049034,25.80515997883621,12.006070263059307,48.87430949111885,-0.6105347012447083,49.48484419236356,542.2694216003742,147.06761241981403,154.8290196470452,313.24614456066763,276.5759650787791,1018.5008105028954,-30.62304197972741,1049.1238524826229,2427.967508271847,S1,3,84867,85122
6.603262764814446,11.510667992544018,13.33839650047651,11.589207999804778,26.98702683062893,-17.648633861237602,44.63566069186653,498.73893129734466,21.691007407248506,43.03794796361788,76.17580205001642,73.02227752968251,329.3615224744659,-36.21149424606317,365.5730167205291,804.9800244194008,S1,3,84995,85250
120.28115170439945,136.36288477241138,147.7808392361595,85.85814457584593,192.34963316589318,-44.3398364458295,236.68946961172267,580.0455635600231,-152.2639071280473,152.2639071280473,167.13359021544414,68.9154522905088,-17.12755896851755,-219.53639107829346,202.40883210977591,627.7050766656793,S1,1,85376,85631
-87.06340441875219,87.06340441875219,87.70920784525451,10.623970625847008,-54.60753388625851,-111.99418672525213,57.386652838993626,426.29499910455104,125.41881989232633,140.58584308992062,290.2889316331289,261.79721817758036,967.4353487358622,-31.320660402012013,998.7560091378742,2193.4304151552074,S1,3,85903,86158
-89.40847128244609,89.40847128244609,89.65967783045366,6.706943536124344,-71.76686302260659,-105.11046039872528,33.343597376118694,379.9149192635796,-16.58753938770098,40.78876619760766,50.09453773686949,47.26855453821399,148.75856603760735,-78.43725526861608,227.19582130622342,582.3395193273966,S1,3,86031,86286
-90.86547630447906,90.86547630447906,91.02143427912553,5.326041136653343,-75.11475136728467,-100.22792955299238,25.11317818570771,345.66347765599085,-48.49866166505815,48.49866166505815,49.75798656814855,11.123715387147946,-20.713655585154626,-78.43725526861608,57.72359968346146,536.1232405373885,S1,3,86159,86414
153.65961768903384,197.00033706634395,209.63241139857033,142.5989824663535,262.2494111789445,-98.21423596497893,360.4636471439234,566.5280081272483,30.524267670855583,59.3245971064112,61.073719715816466,52.89866088176589,99.4760520716433,-73.9753619113268,173.4514139829701,621.084151689515,S1,1,86433,86688
8.031064395876626,74.33975412005466,106.55155577986717,106.24846372432604,259.1316753884795,-53.754829254989595,312.8865046434691,545.1016489327503,0.15215275622583668,34.99909056161684,46.257715947185325,46.25746571299877,110.0948252722812,-57.350626268916145,167.44545154119734,513.0201707771635,S1,2,86697,86952
-7.375515121404007,13.067700388301677,15.40890734857142,13.529087270425865,19.028342842691433,-31.911506222223405,50.93984906491484,365.3251106199181,86.75471055256965,156.30189918469904,280.95160166676703,267.2216732902884,919.9995991980572,-88.24621702815048,1008.2458162262077,2168.9026713156527,S1,3,86961,87216
8.411634788258269,10.226347186770962,11.68651345802546,8.112890791424073,26.787605843414845,-14.181101411206742,40.968707254621584,358.2770821540344,-74.5610412571194,74.70129197361624,80.44206025796224,30.1923199704787,5.507378877388412,-123.55545954044902,129.06283841783744,449.3056609558345,S1,3,87089,87344
-87.53246267754164,98.3319217385008,106.23055851265867,60.19135768128327,37.87756983948399,-134.57531439377007,172.45288423325405,421.58007965894154,8.705677855217342,58.263350819807634,67.13399745545917,66.56714495478062,82.88884484877738,-134.39909087600762,217.287935724785,610.573244402292,S1,1,87471,87726
-16.91783483694867,28.290336188924414,51.86632339736185,49.02960704706342,21.024111344594548,-129.5083011001134,150.53241244470797,452.2955858957711,9.96746540727111,70.66417307886863,112.44175114943498,111.99909390216652,477.38944176082305,-82.7074420742874,560.0968838351105,1444.7105785156807,S1,2,87735,87990
-3.9827537547298686,9.582557515486133,11.537232312558038,10.82799159415625,24.46544817107509,-25.776792602258222,50.24224077333331,456.4477215708186,66.90993777234058,130.51934364583357,245.57283031259942,236.28177080562574,909.4133129522237,-75.79072187952973,985.2040348317535,2161.701965578618,S1,3,87999,88254
-9.901068652418667,11.44214111394621,12.757780886833466,8.04548399392763,24.46544817107509,-25.776792602258222,50.24224077333331,430.93357748136566,35.18064791313813,139.30223688677577,239.65609326848116,237.05983433117208,909.4133129522237,-98.35114981178995,1007.7644627640136,1373.9039326438399,S1,3,88127,88382
-9.095168670762432,9.099714120185723,10.163603844414528,4.5361602657511275,0.40821563447864023,-23.13228676214754,23.54050239662618,374.5534234301058,-73.71644004058713,73.71644004058713,74.69272744771588,12.037026265705837,-51.136205629230155,-98.35114981178995,47.2149441825598,442.48826142838396,S1,3,88255,88510
3.621743480872631,27.444926361611802,40.34333085757667,40.18043452779791,105.38890975268808,-27.412040891313428,132.80095064400152,426.36996108893567,-59.57579487040261,63.104597658535454,67.88875475350392,32.551615743939834,22.893836072774352,-100.79100420444473,123.68484027721908,545.3218267216996,S1,2,88773,89028
-6.929493345343605,17.195823792539716,21.987345196305455,20.866851002447287,64.65798385371203,-33.78279860552771,98.44078245923973,557.6575399733405,132.80065613031624,204.0047036486996,346.8222967794898,320.3899050762337,958.6326430939606,-97.03843117014246,1055.671074264103,2188.489901084587,S1,3,89037,89292
-5.43956751495742,8.220216223949137,11.081750809332366,9.654859204067066,14.001772632127409,-32.36179977790214,46.36357241002955,463.01653268895774,9.761543778773365,75.94067999533135,121.36858627663658,120.97539418346388,551.6751080772873,-60.982336124647546,612.6574442019348,899.5363745030356,S1,3,89165,89420
0.7944650864810308,5.18192259461912,6.4538431695062455,6.404757363315578,15.425928346404303,-12.668137031771964,28.094065378176268,365.6635906079854,-54.05399589950097,54.05399589950097,55.21850556217444,11.28046469861158,-32.289658015201525,-84.47086654034122,52.181208525139695,497.67559501991735,S1,3,89293,89548
-25.773221323373434,29.691934285326923,30.582892155127958,16.463728471661458,22.170704933141447,-43.81308921890725,65.9837941520487,358.4206878430649,11.682004294176224,28.588341426978488,34.70223220422482,32.676837295350154,67.31350806651044,-81.87449506664069,149.18800313315114,648.5668022740301,S1,1,89568,89823
-29.56033864544606,44.706942018505615,52.38049654699582,43.242372710992505,31.980345712094675,-87.08401264976803,119.0643583618627,455.8519367646721,104.87168134338323,144.14034918983685,273.0770825721286,252.1369141524442,907.1430737908422,-70.94660504062689,978.0896788314691,2320.5049253197367,S1,3,90076,90331
-66.5428531593214,66.5428531593214,66.97408615718444,7.587945045066974,-52.14054181170835,-87.08401264976803,34.943470838059675,345.31787879347087,-45.2056660090204,57.10980258930261,72.3552860096204,56.49544383589589,76.68866631299721,-143.01089817212508,219.6995644851223,763.661312298933,S1,3,90204,90459
-65.16663828203048,65.16663828203048,65.37930263754235,5.2690101907619535,-52.14054181170835,-78.07684840688798,25.936306595179623,298.15148273817977,-92.19581425892113,92.19581425892113,97.46072562777024,31.599444188561705,-0.6594633296289185,-143.01089817212508,142.35143484249616,537.0460519203164,S1,3,90332,90587
142.69908597446897,163.62772782250266,172.7845772394925,97.42423206718783,286.74117279366214,-74.7006974317729,361.441870225435,691.4467537373505,-6.877290019292921,166.23277555737553,229.22951359326245,229.1263249480387,738.6681147235495,-158.5061480700343,897.1742627935838,1913.2158293656362,S1,1,90606,90861
-55.796808217861916,56.63786759427718,59.597771663281975,20.943031774980255,13.674827481658088,-77.6542297796451,91.32905726130319,482.2156577160114,254.35415830351164,299.69019085203945,484.05163277017795,411.83728017408447,1055.1485588348203,-103.29938037609908,1158.4479392109195,2398.6039677568324,S1,3,91113,91368
-58.032087309924904,58.032087309924904,58.37644077790889,6.331325323339259,-42.67907778913184,-70.41782184831361,27.73874405918177,354.93756921734905,40.58101642928658,82.79200066727071,163.27721307670154,158.15381568479646,718.4239206251799,-58.54076813127444,776.9646887564544,1023.5176214057715,S1,3,91241,91496
-49.65299158231636,49.65299158231636,50.26299790755312,7.807008747344305,-27.939928401449084,-66.80533617760335,38.86540777615427,358.70177199309666,-51.37494566653305,51.37494566653305,53.24913722339514,14.003055837807068,-5.75742610362744,-72.75621396160476,66.99878785797732,398.821816170507,S1,3,91369,91624
94.82561737293568,108.80481545721034,133.36629601370126,93.77990830799412,193.66213243607697,-41.19959218814814,234.8617246242251,683.7927932060531,-75.96275692044702,75.96275692044702,79.1549288777051,22.252243183095725,-39.528571118136085,-118.32498400287814,78.79641288474205,517.3593202605617,S1,1,91644,91899
6.161256946580616,9.297855391638949,11.668493474840245,9.90922059551615,27.79045777821317,-10.50427258643407,38.294730364647236,319.3303142949077,-58.732350686751104,58.732350686751104,59.712856647706005,10.776652162799598,-40.46996072604049,-82.34731925763391,41.87735853159342,409.83516436266655,S1,2,91909,92164
30.941740411622366,30.941740411622366,32.34386675225915,9.419894733364618,52.848452134258864,2.986881806059813,49.86157032819905,355.4646857657506,72.43450717393881,136.47530140751536,258.69265326919344,248.34478256231546,942.2998203759016,-72.89412801922215,1015.1939483951238,2258.4492696123125,S1,3,92174,92429
40.21665225931045,40.21665225931045,40.72099680823972,6.389089302112501,52.496190303863536,25.51310704937689,26.983083254486644,285.3317732132108,-52.40806571803692,52.40806571803692,53.852345829969806,12.388292823653682,-22.0748509077654,-80.66954252418608,58.59469161642069,437.14794034417275,S1,3,92302,92557
-11.235536382039935,74.22148149575978,97.52571230609995,96.87635048359343,53.80434218487184,-204.6918319444671,258.49617412933895,594.2646187762853,-1.3745449138070818,47.39858001117092,54.693372161205815,54.67609701363194,115.78229399422153,-50.74028294286624,166.52257693708776,528.4409199682625,S1,2,92920,93175
25.320409785485126,25.320409785485126,29.116086097431026,14.374398002286057,65.96179905231683,1.1479183266300375,64.8138807256868,352.5243389090523,113.97614652191649,165.35436350006364,303.31925597072126,281.0907488101424,975.4926090307891,-65.41758033163912,1040.9101893624284,2290.31956876453,S1,3,93184,93439
0.8483553610782266,14.188861059105198,15.959883165108172,15.937319844479282,33.10905567340941,-23.407718489018475,56.51677416242788,290.74685075358275,-27.344723074059665,35.09307930819292,37.56938365531515,25.762855203630863,82.0109554394053,-61.46872673654061,143.4796821759459,455.642475761873,S1,3,93312,93567
-22.241747254293912,22.25163587852656,24.946180126562254,11.296750948082318,0.7325748183515888,-43.92728131328669,44.65985613163828,260.21093130063457,-32.86453000790038,32.86453000790038,33.801342679710274,7.902748528899233,-18.068871741995046,-50.29557855068732,32.22670680869227,367.7074552031115,S1,3,93440,93695
-21.451178120264387,110.18101151803324,118.09414432654934,116.12955645085603,193.2484847942115,-103.86849772254246,297.116982516754,583.4422732996858,-55.371536322218525,55.946822424284726,83.59373536158152,62.62511921760596,15.197632243777457,-178.92690694139574,194.1245391851732,558.6032718821498,S1,2,93958,94213
-94.13695439312778,94.13695439312778,94.56602728764732,8.998185070014818,-79.35033983405293,-117.90030392899455,38.549964094941615,348.66352853772423,210.74895431091568,212.4768780842843,386.1384617040375,323.5549255752662,1050.062874205912,-14.147822347760332,1064.2106965536725,2255.0281482680866,S1,3,94222,94477
-89.86000133659519,89.86000133659519,90.05301534771962,5.892854402048034,-76.86761112620357,-106.66254539510649,29.79493426890292,341.66286921720075,24.708174551197445,37.11016430620897,52.57327731153392,46.40534018432584,201.06961814060858,-28.588961180752896,229.6585793213615,518.7565551972324,S1,3,94350,94605
-87.17729789162468,87.17729789162468,87.3071234321063,4.75946785932802,-75.50480808052522,-98.40700236946455,22.902194288939327,310.238176237734,-15.190736710148709,17.74512819762355,19.34347364232932,11.975453676351037,29.057623153377957,-38.49164233185509,67.54926548523305,443.65226247572144,S1,3,94478,94733
181.07128940714767,219.79810471170512,234.47498393560173,148.96880963488184,284.71696490873427,-94.22432108706327,378.94128599579756,650.9587923149511,-81.77148258820878,81.79613640191597,91.91551942152489,41.97484182048798,0.923980230321165,-121.58823942754074,122.5122196578619,396.70436969451265,S1,1,94738,94993
16.150459896964108,86.98330432621376,124.01031063538933,122.9541369332578,281.3701920338907,-57.87248212096469,339.2426741548554,586.1522454142489,-45.62109167666674,45.62109167666674,55.30344000479175,31.259981935259816,-4.979097047832906,-121.23047094745054,116.25137389961763,482.958858903503,S1,2,95003,95258
-40.414116239034456,40.414116239034456,40.93793289607962,6.527906128440387,-25.61410942964626,-56.36102822077777,30.74691879113151,260.81503588697694,141.1942158010135,154.00181180570866,270.9649736706104,231.27085934170657,864.6036265170565,-41.629758791910554,906.2333853089671,1881.960575914773,S1,3,95267,95522
-35.304121649096395,35.304121649096395,35.861644050047076,6.298929159633418,-22.151998547454454,-49.52650764528624,27.374509097831783,297.81226483465264,52.88715306503857,52.88715306503857,81.34064908777111,61.800082804921075,354.91212819733414,4.367760389917942,350.5443678074162,640.933482010337,S1,3,95395,95650
-32.34903259844198,32.34903259844198,32.85431708769582,5.739881640225683,-22.151998547454454,-49.41795585702928,27.265957309574823,324.808104411532,12.411816896662723,14.778896727200761,17.69884917708095,12.617292241870947,41.69791989329445,-22.8367964025797,64.53471629587415,412.0362482123092,S1,3,95523,95778
-18.975446198496197,19.03791343089655,20.56852594973771,7.937046132725311,1.7184102366736866,-32.3736574457964,34.09206768247008,285.8622397216187,-73.73947992898233,73.73947992898233,79.22086433720054,28.955732526329623,-43.93249033969788,-138.38660336530214,94.45411302560426,468.21820067864934,S1,2,96041,96296
-25.97909005252159,27.200520640044665,28.702978011448142,12.204418329795535,19.63775395337181,-49.741496912728195,69.37925086610001,419.65246202079544,137.18120520869343,186.64092340635383,329.0108412255286,299.04757243860104,975.4960870537824,-65.41238038864459,1040.908467442427,2236.559057284877,S1,3,96305,96560
-22.505719134158475,22.505719134158475,23.38626487009472,6.356885308749843,-8.43680504797149,-38.586181220782024,30.149376172810534,331.5042469993823,-41.172848724954974,51.38246481629835,54.63401076744689,35.911998836175584,115.25087273975164,-76.03885499105948,191.28972773081114,529.7636761427161,S1,3,96433,96688
-24.686588041042548,24.686588041042548,25.764256306820766,7.373552328112183,-8.43680504797149,-44.370138947305456,35.93333389933397,282.2131686996651,-57.100488212929974,57.100488212929974,57.74350691359655,8.593418209631041,-38.04168107565331,-76.03885499105948,37.99717391540617,459.387799371165,S1,3,96561,96816
12.090000231601174,80.45450478217077,102.10541953471812,101.38712242075262,205.02578010646343,-59.91451067185805,264.94029077832147,514.9862502976633,-37.873858455444456,47.449662865973224,53.95588710314277,38.429267476547714,31.355462324171054,-85.8694561846831,117.22491850885416,490.4822307113973,S1,2,97079,97334
-51.38370592668389,51.38370592668389,52.1501901129248,8.908259878016052,-27.122362860539447,-76.12464883852294,49.0022859779835,307.36408487383517,187.8068108379093,257.6763858506177,426.17812542312953,382.5655452233858,1055.8446833163862,-92.13707491905583,1147.981758235442,2432.951762831104,S1,3,97343,97598
-53.97217290944187,53.97217290944187,54.16656691314326,4.5849234005961055,-40.85705701925914,-66.50084075194745,25.643783732688313,245.43734794739592,-37.21945311961009,62.43417588674221,69.33860481127252,58.50260187932644,228.67885021879917,-82.59938089845988,311.27823111725905,647.3454488348164,S1,3,97471,97726
-48.49759802003825,48.49759802003825,49.09838899573535,7.65733558513194,-35.90375374597511,-65.3956929460211,29.49193920004599,270.61294722923685,-60.14456859033352,60.14456859033352,60.97988548889092,10.058692923084797,-39.5724752149951,-82.93816209072571,43.36568687573061,423.6036391673507,S1,3,97599,97854
30.17784352762523,42.02644367505566,44.13065809723458,32.19957676922452,67.17746758227865,-42.91332176868794,110.09078935096659,379.46158138774115,-112.508986661987,112.508986661987,118.7890079649348,38.11241705253254,-24.07113723111525,-158.6672705694009,134.59613333828565,465.09303757871334,S1,1,97874,98129
16.612465380110265,17.406453371417875,19.3676358275548,9.956470837772908,44.81882369740172,-11.783777476217137,56.60260117361886,370.1334496133113,158.7486679509491,164.18234922818192,319.2091222907775,276.9355957211854,961.5504414733352,-18.065548651198647,979.6159901245339,2089.2265278148902,S1,3,98382,98637
22.353426218871803,22.353426218871803,23.578979847966735,7.502841258368467,43.32113883995663,8.49152724658275,34.82961159337388,245.1903751029053,10.437403536950772,23.71061472695377,35.8990804178272,34.34828354157558,123.07717641333114,-24.954164872354717,148.03134128568587,444.9741937284673,S1,3,98510,98765
31.91665835782453,31.91665835782453,33.66755074782739,10.71591772212918,50.107471896767066,8.559995514451092,41.54747638231598,237.6491190947139,-5.601376512730762,8.249218435539719,10.264791502598866,8.601774570078785,13.955816834567145,-24.954164872354717,38.90998170692186,419.6086187892924,S1,3,98638,98893
-131.08217632901463,145.3919318060197,153.4872102059416,79.84852375374277,54.329963286417325,-186.9330971803816,241.26306046679892,498.37256047839037,-119.11159852942951,122.54270108456922,133.19607904656257,59.6122686126115,20.728045555259072,-166.47198585395617,187.20003140921523,486.2793356015974,S1,1,98912,99167
26.260610450415925,81.59031877828693,88.82313672786499,84.85240100874285,80.97937887416022,-163.98696471591325,244.96634359007345,487.24743686233774,-23.391311512262043,36.853066703516426,65.89967327802465,61.60855041215232,31.99451115902638,-166.4236693776517,198.41818053667808,551.6923617941479,S1,2,99176,99431
62.80816443067754,62.80816443067754,63.22932405679877,7.285732737936715,76.78000186330169,35.78826893012928,40.991732933172415,329.24675745065076,156.48360978126223,156.48360978126223,278.2346913186129,230.05960819533152,951.9885373084924,6.108185309068514,945.8803519994239,2108.507577766409,S1,3,99440,99695
65.72711950607008,65.72711950607008,65.88031648412807,4.490196152024917,76.78000186330169,54.817790772818704,21.962211090482988,311.6199337332547,30.77773943603747,31.7733099705165,40.26207667061577,25.956994684245057,104.73833374373439,-13.778068545641325,118.51640228937572,479.4470109566874,S1,3,99568,99823
-110.64571604954536,133.4202639748045,139.7580534746261,85.38055417306585,67.63845964017422,-170.17242127426573,237.81088091443996,563.3826114360876,-134.09488500183426,134.7147530489039,150.24423544856222,67.76350125154283,5.799317767028425,-187.64338042861175,193.44269819564016,595.8494851092379,S1,1,99950,100205
4.01254898833966,60.73294360975744,74.08376391347856,73.97501960935328,58.75950418138038,-159.65843903401176,218.41794321539214,450.021694290605,-25.427016698400443,36.58377373283289,69.03008807245276,64.17647451449673,42.118235913777646,-170.89534371256192,213.01357962633958,552.9299942785251,S1,2,100214,100469
40.21677834756892,40.21677834756892,42.35368069981083,13.283260449303867,86.66665964820483,20.55428625044039,66.11237339776443,399.38723151572333,166.54532661283073,169.14150096577998,342.62115609389286,299.41928926931416,1027.336026786302,-11.408998989840754,1038.7450257761427,2266.3164434025675,S1,3,100478,100733
37.44732999374936,37.44732999374936,37.88423451110887,5.736959197338939,55.48735790575019,20.794081627104386,34.6932762786458,326.07677436848655,3.223053545015178,24.14911528594977,36.04976882790363,35.9054001285497,142.74350444835466,-42.45400196226902,185.19750641062367,440.0795577312418,S1,3,100606,100861
-24.380239199417737,36.41043673124257,38.78732424540104,30.16720833449873,40.0725182464305,-55.0687500467898,95.14126829322029,429.8931518318519,-110.8650101249029,110.8650101249029,116.91366216996529,37.11810787200703,-24.109098677155252,-140.78508794419838,116.67598926704312,458.5893251572197,S1,1,100988,101243
-16.044591408603814,16.61456801074815,23.59845671340384,17.304861911767787,8.37637445546216,-58.40332805280513,66.77970250826729,366.31421956791917,-30.89035980782576,35.77218501032835,52.88258293270414,42.92264260943627,22.622073977566636,-139.08503955718143,161.70711353474806,536.670194733779,S1,2,101252,101507
-23.778073648347426,23.778073648347426,24.608542010292346,6.339049885123878,-7.071566429584194,-39.330460157639465,32.25889372805527,293.3246101558939,166.31397781470056,166.45637924502986,305.23246427871146,255.9424115560103,967.3544070138373,-3.049799194170486,970.4042062080078,2064.7008144810893,S1,3,101515,101770
-20.777762050396312,20.777762050396312,21.38632234832905,5.065509625274571,-8.872746459215893,-32.43129178659563,23.558545327379736,261.76059644390904,37.01783933252716,40.098191414928046,58.0305096625807,44.690263177229966,183.9881873105623,-20.922694304486896,204.9108816150492,386.82552635317745,S1,3,101643,101898
97.3477981164061,113.68531238325423,122.10448194415288,73.70828116797598,150.9904158106322,-46.24788843587393,197.23830424650612,478.39374576422887,-94.3010820608767,94.3010820608767,101.43294506862836,37.36239108305543,-18.18855867629808,-137.12942460691283,118.94086593061476,450.289998459905,S1,1,102025,102280
-21.253272503327395,68.9720796027643,75.47003006223564,72.41563260439047,133.57586543160605,-79.36734498050906,212.9432104121151,418.5091726742311,-45.8300984657467,45.8300984657467,51.85722645992413,24.264665889639144,-0.6296949841413271,-117.71904910525538,117.08935412111406,480.42706968896476,S1,2,102290,102545
-70.2465544347773,70.2465544347773,70.97584628532714,10.148514470613813,-50.252061740725956,-97.06730883731132,46.81524709658536,294.62532199114816,112.52165215874396,141.60721207417302,278.0533895650839,254.26868710892992,942.315296512883,-47.4650297073113,989.7803262201943,2138.7527656946127,S1,3,102554,102809
-60.31914057661017,60.31914057661017,60.76999171790897,7.388719340580345,-46.644575002274635,-82.8882654794756,36.24369047720097,309.42645392694897,-20.51074753781549,31.946727738895603,34.235283640389696,27.411017518106302,63.985725178988,-56.23037209910103,120.21609727808902,458.2688242894997,S1,3,102682,102937
-50.79233897232247,50.79233897232247,51.2520629363508,6.849252291480814,-38.2445109737618,-67.05172076328964,28.80720978952784,335.03039894264384,-21.865790121991758,26.810427519340404,29.957589566554084,20.4779001603953,20.78278804029635,-56.23037209910103,77.01316013939739,433.3577554483983,S1,3,102810,103065
24.062159219980582,68.00370582919086,93.9432355233029,90.80938274351976,187.65296568740808,-43.68870729228867,231.34167297969674,527.7497110515314,-37.11732773908545,37.11732773908545,37.95980326714279,7.953027448054108,-11.550361927817775,-54.04082560329272,42.49046367547494,419.71306561388434,S1,2,103328,103583
-18.091075021253772,19.04802463900397,20.398853023899477,9.424765740644197,17.678344182412527,-44.72956142744573,62.40790560985826,346.45055551731537,80.79142369939551,130.6023469978232,255.49103622412667,242.38072416655322,905.5412882103628,-77.84357654033607,983.3848647506989,2126.8719819159232,S1,3,103592,103847
-8.727216438800706,11.651021420621232,13.611390738791464,10.445365052231768,10.91142651525686,-27.56262363626159,38.474050151518455,291.9623025192933,-58.11526619046903,62.70229171362078,67.604925143422,34.54043629224474,54.02029073878139,-100.18428867452161,154.204579413303,496.56300437179567,S1,3,103720,103975
-1.689909385364937,5.4805200584235605,6.483318808898233,6.259203547342834,10.91142651525686,-15.037177056693931,25.94860357195079,296.30963787122005,-94.01365422745488,94.01365422745488,95.5392090388573,17.005095782471457,-65.96173267727954,-131.64436219778696,65.68262952050742,414.6803623870512,S1,3,103848,104103
-27.54493038299462,27.54493038299462,28.20811348988365,6.080664178700847,-13.839700142774776,-43.69606782353126,29.856367680756485,320.22963195540433,103.84502201021276,128.5838534398346,252.3975024580064,230.045018747935,862.642308891183,-38.06081576323916,900.7031246544221,1940.2325083054197,S1,3,104564,104819
-29.96884614022371,29.96884614022371,30.38163997965023,4.991223184418788,-19.08771171256034,-44.72299638408173,25.635284671521394,307.8253380656204,-8.980293396338714,33.40153852720309,40.460805087635585,39.45162960962846,131.61764810678062,-53.91480299823237,185.532451105013,450.71936596818244,S1,3,104692,104947
-41.99535778921327,41.99535778921327,43.587362677405814,11.672536542143416,-21.099601864695895,-60.26246309653129,39.16286123183539,322.58579876765657,-21.353725530217044,21.353725530217044,25.645158757582937,14.20185106532911,-2.1475302994041456,-53.91480299823237,51.76727269882822,340.47016958330374,S1,3,104820,105075
194.2861838320083,209.89033897946365,224.1439596566038,111.77384945744829,261.4941352201593,-54.67894324026076,316.1730784604201,585.5508538996011,-43.41916797859085,43.41916797859085,45.0787000992043,12.118789324058415,-4.907137764767911,-66.18747219048846,61.280334425720554,353.5424108596494,S1,1,105094,105349
8.749394218416487,82.51491156313139,111.85629189305074,111.5135782623538,247.7749841023522,-64.39943354100014,312.17441764335234,505.81812404310017,-43.046954974466985,43.046954974466985,43.983421650381196,9.027793058186104,-23.782770132115512,-64.49414154220328,40.711371410087764,342.961408623945,S1,2,105358,105613
-76.48078907488795,76.48078907488795,77.13223016192974,10.003491002415235,-56.42231229351558,-93.87092012363256,37.44860783011698,306.4523621226074,79.3920410980891,117.49786873866883,235.83056196099253,222.06521061417266,851.199039413344,-58.75433343357033,909.9533728469144,1923.213326469329,S1,3,105622,105877
-85.41428625571741,85.41428625571741,85.77919022764485,7.903744652811455,-70.59526678550117,-107.20730355169182,36.612036766190656,300.9496440950985,-6.7587593535327715,18.99104571996883,22.771900719226057,21.74577279305846,75.4299761904729,-42.91274721171017,118.34272340218307,369.0012201155365,S1,3,105750,106005
102.24725162468269,134.29306634818363,138.29026860879765,93.1112126818904,170.67338870606793,-95.20831903365294,265.88170773972087,568.9993470821396,-94.27853738575033,99.97975669676066,109.59175826857005,55.874062576479716,26.176302717208078,-142.17185881479756,168.34816153200563,399.1470542998503,S1,1,106132,106387
-15.012825023973715,85.23130752486912,93.69950100031906,92.48898081668074,165.7821382568239,-82.680139286648,248.4622775434719,480.67521679613895,-34.1604622500404,36.48233226118316,65.10792479067274,55.4265702475939,17.605479248803384,-146.18034095114393,163.78582019994732,448.2148461615207,S1,2,106396,106651
-77.59610023784526,77.59610023784526,79.58281057450557,17.671133716202398,-45.17781854179759,-112.57165177759038,67.39383323579278,320.96265693309806,186.2001414435497,200.571138621772,350.19801257517355,296.59426046031894,939.0364112753875,-34.1789727803228,973.2153840557104,2117.5745330142795,S1,3,106660,106915
-61.62043283685833,61.62043283685833,63.20121185884839,14.046901346036055,-42.88717986497854,-97.76988597118705,54.88270610620851,235.70771149119525,-7.216665784738884,31.04591821286704,39.64323502696466,38.98083911814286,144.55411330159075,-37.38903098107614,181.94314428266688,434.02418005976057,S1,3,106788,107043
141.26625840913474,161.69990517686875,173.8588211554583,101.3446295007742,212.20051291243195,-54.67789905449528,266.8784119669272,518.5129084980009,-55.577318282719816,55.577318282719816,56.753996982293756,11.496863309940986,-22.06882875507994,-81.40967971919686,59.34085096411692,361.09751072424194,S1,1,107170,107425
19.6675639123789,41.9144333539893,78.31090858939973,75.80095866049328,207.79353772925091,-29.36538405171769,237.1589217809686,533.3110997391859,-63.996576845009805,63.996576845009805,64.97288861350589,11.221158893082228,-41.62591094611493,-84.31018078291035,42.68426983679542,295.6841080293102,S1,2,107434,107689
-8.340458421328716,8.647682053546582,9.735422121263063,5.021473608540136,8.230035296023567,-21.17011086895333,29.400146164976896,276.0218771591759,108.89809978222038,164.06076865373532,303.0975925508603,282.85924852114863,914.3256463569567,-76.02667417174146,990.3523205286981,2085.526963755437,S1,3,107698,107953
-8.181621305530925,8.302111450680824,9.288871209127846,4.398204310016377,3.1105003031137253,-17.505479827339773,20.615980130453497,249.2006252765255,-32.289249709131745,37.63007730146762,40.19628924780034,23.940468301897614,70.68272026914579,-58.82398903993361,129.50670930907938,336.6732309005829,S1,3,107826,108081
-71.85738918907515,72.42066498737262,79.5452930149742,34.11699370940955,6.565986530174222,-103.2857467362771,109.85173326645133,354.1520787671684,-38.838842467016725,38.84767206640098,42.48237761998434,17.213271742153054,0.6082303003512014,-67.356107540367,67.9643378407182,359.7608596620356,S1,1,108208,108463
-10.737191393947967,27.479393644969544,39.83447374476929,38.360109742966635,24.65037627037782,-93.37884765872695,118.02922392910477,371.2498519762589,-14.80693787926357,16.028055429270545,24.556266923654732,19.589916688577542,12.170563447370942,-60.0871150989003,72.25767854627124,447.65701574893137,S1,2,108472,108727
12.2874482313483,13.33108799399102,14.529385487626762,7.753815745166679,23.23667360958961,-10.266857560565755,33.50353117015536,370.2545725016501,138.55184558721945,142.26718908889825,286.88747812500645,251.21268118727875,928.2531906022461,-14.023522752175657,942.2767133544218,2015.9468130415642,S1,3,108736,108991
12.671613545448292,12.671613545448292,13.53746153552618,4.763724906064812,23.110514648337393,2.8947951384888033,20.21571950984859,314.67462998695737,-0.3597307098068079,20.69229351083913,29.34570578249533,29.343500842421676,102.72720301272058,-33.010358996577345,135.73756200929793,328.91640058016867,S1,3,108864,109119
8.155839798271817,8.22318927742256,9.555696528775151,4.979318561306459,22.180966240146223,-1.3217890895632503,23.502755329709473,260.817564136799,-16.731583719207894,16.731583719207894,18.10589717122747,6.919365478293522,-0.7148064538161851,-33.010358996577345,32.29555254276116,275.6797731216524,S1,3,108992,109247
2.649823551884488,32.17765459991374,34.526878415925815,34.42504565417455,56.237777647913944,-42.19429305031899,98.43207069823293,341.73649198133785,-51.46844472994616,52.41969529572803,76.56387800831963,56.683565631965415,16.833620916105755,-140.45817598433842,157.29179690044418,539.5586712812596,S1,2,109510,109765
-46.52877900432668,46.52877900432668,47.15160531449437,7.638495146321864,-33.5321413923272,-67.1064855425507,33.5743441502235,304.97367494614593,137.5805036122854,141.39061908723946,293.4993832835652,259.255651845091,957.2716000181399,-17.08041697371926,974.3520169918592,2092.141566899662,S1,3,109774,110029
-44.86338219090193,44.86338219090193,45.14997667951621,5.079107456425823,-32.181120736799336,-59.814554924418935,27.6334341876196,270.24431935739193,11.84457013170162,18.733977056038263,32.625893218762876,30.39991886037394,132.88189517773665,-15.90276394617003,148.7846591239067,380.9187474346615,S1,3,109902,110157
-48.35349745090207,48.35349745090207,48.749149057508085,6.198291546607677,-32.181120736799336,-62.341826755221,30.160706018421664,224.51288848028832,1.278034931009116,9.108596838512536,11.281531529104186,11.208906296213398,31.066243962002574,-15.90276394617003,46.9690079081726,334.84824078527447,S1,3,110030,110285
-12.794524336889815,95.68363339571738,105.66661798408262,104.8891524571859,184.885095785809,-87.22025364510898,272.10534943091795,530.2575084323701,-2.903449826852391,48.72694154180266,59.731179162962206,59.6605710943236,42.96587475416252,-118.90780403025157,161.8736787844141,445.9660457496239,S1,2,110548,110803
-86.21628294307698,86.21628294307698,87.40096222944663,14.341574324754323,-67.26055367908106,-122.42532571290292,55.16477203382186,347.1189562269386,163.7078394203437,165.66786082917034,321.8769550084116,277.1362796131354,974.8146694517881,-17.59089445259228,992.4055639043803,2099.96315782153,S1,3,110812,111067
-83.72598200535042,83.72598200535042,84.28682390087955,9.707142758691601,-70.11684851751328,-112.6811432188879,42.56429470137462,251.2146195615102,25.850632974633285,34.33148443526412,68.94470759119892,63.91492376313002,321.1836597644935,-19.7200037475556,340.9036635120491,570.5659219227393,S1,3,110940,111195
-79.85631646626018,79.85631646626018,79.9844687209211,4.525920570282741,-67.74614161454528,-90.4227817870142,22.67664017246892,223.5167663748963,-7.5751122719824835,8.067834821493857,9.517876384914064,5.76260747798817,7.153901469179325,-20.05564962631627,27.209551095495595,310.1957771605544,S1,3,111068,111323
164.72490178903476,191.7691921804535,200.86947860449513,114.95326948562435,231.84151228215072,-87.28721534495773,319.12872762710845,549.2830420867288,-140.95968204674173,141.08166432895226,156.20615747549067,67.31070992449318,3.6614351808747982,-189.78715984491734,193.44859502579214,430.62371550519964,S1,1,111342,111597
-62.78089046468565,62.78089046468565,63.60747558064615,10.221093004353312,-40.92799071161765,-91.86910663514459,50.94111592352694,383.15845347392474,158.94350711968087,174.43832659806827,339.5100665795817,300.00674467979536,996.7798597637733,-29.7508224108763,1026.5306821746497,2157.3861996972087,S1,3,111849,112104
-63.42877064128746,63.42877064128746,63.72793764186511,6.167746024310608,-48.57932992805408,-76.24864904550417,27.669319117450087,320.42635331526407,-2.1257450019342023,46.61724571697171,61.51444991631597,61.477709429464745,256.6824346439686,-56.427082595102235,313.1095172390708,489.15531721645425,S1,3,111977,112232
-57.230147180273406,57.230147180273406,57.97097760163489,9.238208582484953,-40.284699615511244,-76.24864904550417,35.96394942999292,270.3694306394946,-45.325002012317725,45.325002012317725,45.97847157787535,7.724250204446105,-26.613404016450435,-59.48786816238497,32.87446414593454,299.37396717665615,S1,3,112105,112360
57.392519969326415,68.17205138220368,70.97223905532314,41.75113612940855,91.77393856646218,-43.088482751178184,134.86242131764035,369.4492347254179,16.968557155969556,30.862668345916028,32.78020266206962,28.046564042872536,73.07234548429187,-57.22223367089382,130.2945791551857,544.6224307044408,S1,1,112380,112635
11.232373118609772,20.71132317053402,34.52819665822884,32.650117283000036,90.82533488086314,-31.21086399124602,122.03619887210915,397.05102452575534,-66.31961403401539,78.280063862388,82.72799475384116,49.45331040861471,45.914365111228804,-112.02624434818077,157.9406094594096,417.9119850600089,S1,2,112643,112898
28.727319116685383,28.727319116685383,32.43224982499581,15.052971968321174,55.93470076224408,3.321934913683817,52.61276584856026,331.92323858376835,121.09702163935927,210.96222936473094,343.55763838947973,321.50795051729756,940.7428629352402,-104.07085544358274,1044.8137183788228,2203.215116783875,S1,3,112909,113164
43.23172241401922,43.23172241401922,44.78934512611695,11.709125242459619,61.42315907191841,12.737875941355329,48.685283130563086,278.1415957845418,-64.61703200412433,75.52068317641582,79.91561450332638,47.02280953348324,140.39819591267545,-99.89418858381816,240.2923844964936,510.4728311102434,S1,3,113037,113292
-124.50618949545475,137.95982903662542,146.10949053084786,76.46039498005383,50.18576235036568,-178.514645876368,228.70040822673369,497.2193864387191,-8.817425269690418,20.43476414863828,29.193306265598792,27.829878589934136,39.921882371369485,-70.97007217324548,110.89195454461498,452.32474099168815,S1,1,113420,113675
-9.872391818618908,42.95567949631092,67.82794208866817,67.1056302240236,35.393499583862614,-176.55760738141217,211.9511069652748,479.0729625964461,-29.0663333912276,39.113956982583694,40.37721931591576,28.02620386130752,44.126349919964966,-57.866411497977325,101.99276141794229,380.58338229679686,S1,2,113684,113939
-0.5155705000545764,5.2624627912363025,6.772447295928775,6.752794194672783,16.362964396450447,-15.2044999383306,31.567464334781047,322.9711670583655,138.08563490727184,150.4632313093636,297.130131667979,263.094417609508,928.3917071264286,-40.73225377929671,969.1239609057253,2017.172654991011,S1,3,113948,114203
-1.2577546291002086,3.270498132057335,4.242988976960496,4.052284386810145,8.95032876665802,-14.631842289872562,23.582171056530584,256.4783824961332,7.117279972040524,11.716265371821816,18.475580375772658,17.04967436701436,68.15377175007902,-12.745032702472205,80.89880445255122,319.23397863288153,S1,3,114076,114331
81.0752211038438,83.28637143308957,92.93003011607726,45.418047297719305,116.5625592317348,-11.294003777291941,127.85656300902673,339.4085420726258,-117.21542364357879,120.22414500234844,134.98843268901103,66.95088811876967,14.139061632931872,-170.03540471940318,184.17446635233506,398.91538496894765,S1,1,114457,114712
20.160258404404004,27.131351793157055,48.93150283161477,44.5853782133558,114.61184619703664,-16.798310321602006,131.41015651863864,374.8020082405827,-63.28926640618221,63.28926640618221,80.08377782649303,49.07015619223556,-1.621683363112361,-169.17291554752154,167.55123218440917,564.0248218483264,S1,2,114721,114976
10.000287615927872,11.25848334864408,13.82962295617279,9.552628889924543,31.679972241870836,-8.796404750825388,40.476376992696224,311.84583446848774,156.35465247977376,169.81920050636865,332.16079568494615,293.05974960404524,980.4213102969815,-35.39849714603596,1015.8198074430175,2140.094828962444,S1,3,114985,115240
22.79105411656003,23.54810912175064,27.826280050382938,15.964639479122962,47.31917714628068,-8.796404750825388,56.11558189710607,269.93897626072317,31.74833352898029,49.1720311223722,98.58923015794649,93.3374502612385,482.46924198828947,-29.775439965508255,512.2446819537977,676.4060320338856,S1,3,115113,115368
-176.0291515277665,196.93259680023476,213.1398532007583,120.17626568859353,56.1122841136537,-266.8712981625606,322.9835822762143,557.1850941550686,-38.542403200795604,38.82857911287307,44.066980961289076,21.363098243230418,6.697818276512692,-71.33195185456101,78.0297701310737,301.92934714279534,S1,1,115495,115750
-11.241042715630947,90.84136736079856,117.91349442994671,117.37645048026641,66.17066448454055,-245.6687636105055,311.83942809504606,481.413874650956,-35.882577147340314,35.882577147340314,38.20237150681552,13.109608919030364,-3.0382595717775973,-55.36718433237644,52.328924760598845,383.67631980277076,S1,2,115759,116014
59.77229847680904,59.77229847680904,60.52363770140275,9.507000337115329,75.35527134970428,34.685672662394744,40.66959868730954,329.1474791181371,86.89579363524936,118.40547036139631,252.97995731987794,237.587836081874,944.1780070806698,-39.29820787631218,983.476214956982,2058.8583527427277,S1,3,116023,116278
60.537573856205874,60.537573856205874,61.363277518449955,10.032645683503718,78.78075326819251,34.685672662394744,44.09508060579777,311.8195541516056,89.52337162058926,115.77789237605641,252.76803860932168,236.3836865692838,944.1780070806698,-46.803408062802426,990.9814151434722,2175.0958750568675,S1,3,116151,116406
66.50256620244343,66.50256620244343,66.71829548323022,5.360936548519043,78.78075326819251,55.15213147202276,23.628621796169753,242.65910443541287,-22.338028493742627,22.338028493742627,23.79990957085182,8.212684006673255,-7.017982008480645,-46.803408062802426,39.78542605432178,399.32120496239963,S1,3,116279,116534
1.226831884239707,17.838972445231676,21.43524608054712,21.400108832934087,32.22506201919382,-46.02700764309085,78.25206966228467,329.1127280971173,-32.7083347713257,32.7083347713257,33.33721729814543,6.444757068396992,-19.641574496048516,-47.90235778906319,28.260783293014672,285.1399592957873,S1,2,116797,117052
-21.10651832148936,21.10651832148936,22.838950855864255,8.7253974431665,-1.3266143523172684,-38.13495129283771,36.80833694052044,332.1412720200479,87.61535708185636,123.12634176299713,258.3644573660442,243.05501853174988,930.3009865318664,-47.34529020807904,977.6462767399455,2127.974242915985,S1,3,117061,117316
-25.60555913883249,25.60555913883249,26.456054571026787,6.654183996020786,-9.284970646326377,-40.07792312909108,30.792952482764704,283.19980213509814,-29.85436400111163,31.726206582888118,34.148053276136636,16.577288458580792,22.688865178216926,-56.99441091786622,79.68327609608315,365.05434963037885,S1,3,117189,117444
-28.314692817658994,28.314692817658994,28.699719741395214,4.6853050995896215,-14.592575849168995,-40.07792312909108,25.485347279922088,312.19752980931816,-33.56055716530194,33.56055716530194,34.4017031328599,7.560832043890611,-18.240666798906755,-56.99441091786622,38.75374411895946,346.72941900111823,S1,3,117317,117572
-11.711532510499616,43.91196512346025,47.6679858239682,46.206892113293485,85.9703521785057,-45.07794551926112,131.04829769776683,371.3692351670521,-15.210834380408158,16.1813009087878,28.183960424968856,23.726907566895516,6.11799024061629,-69.77209023748205,75.89008047809834,392.1655733957509,S1,2,117837,118092
-52.63482495932633,52.63482495932633,53.469002942043076,9.407947550730121,-34.877323359326006,-72.7190877674911,37.8417644081651,228.84552454362077,124.17870174619419,125.2848134099578,259.64264254006616,228.02182320518867,924.6434439890589,-9.247906356434585,933.8913503454935,1996.3927480579753,S1,3,118101,118356
-49.04415616944637,49.04415616944637,49.40355871430617,5.948307260460993,-37.797306871272085,-62.702661430246735,24.90535455897465,239.22191647114235,15.478488430317713,16.288544596459612,22.633363851236677,16.513193365760234,76.77670562786994,-4.983025128436477,81.75973075630642,328.94980025756365,S1,3,118229,118484
-55.07055277431859,55.07055277431859,55.57442098433981,7.466624731136534,-41.18579008747411,-73.0825730744256,31.896782986951486,268.17777342981935,1.8462436402081153,5.83433782544274,7.7571527906123565,7.534242087821187,23.751950780160307,-18.827943352445192,42.5798941326055,313.6364414821073,S1,3,118357,118612
158.3770998027627,179.91111943933848,189.17959039197635,103.46792584633025,226.19021751407715,-70.82181411523798,297.0120316293151,545.643393147561,-94.79489741968236,95.19046139503517,104.85927255512588,44.8262697977656,5.902019758972451,-139.23350034856225,145.1355201075347,451.2892008873425,S1,1,118631,118886
-87.94672176465822,87.94672176465822,88.45733342464172,9.490730606651363,-67.83430320918661,-109.7242204120006,41.88991720281399,255.60957127047027,113.98007134697488,124.08627870624991,252.35070136711357,225.143109635211,911.1899502600015,-21.383356019546582,932.5733062795481,1996.6129810079233,S1,3,119139,119394
-80.70805529084295,80.70805529084295,81.51399033050434,11.434178185238821,-61.219592911602774,-109.7242204120006,48.50462750039783,229.02225736538992,97.95888173150648,100.38336711337752,224.8472403281002,202.38660769199916,911.1899502600015,-11.74536942591526,922.9353196859167,1061.7270739421995,S1,3,119267,119522
-65.77571601597528,65.77571601597528,66.55742519904078,10.170842232169429,-43.14643980611562,-82.7662618624309,39.61982205631527,232.44587017756749,-11.809800448475599,15.250680595656332,19.33302999759483,15.30668684775014,21.431646046389712,-36.712686690831426,58.144332737221134,313.17181264664794,S1,3,119395,119650
116.79237978907085,138.55192817173207,147.41014476586403,89.94048478354132,186.42291266418823,-57.408138687089675,243.8310513512779,489.32309216274854,-53.411902883941984,53.411902883941984,58.555539488191556,23.99832983916821,-0.9700395377209015,-79.98222241060338,79.01218287288248,311.212493327264,S1,1,119669,119924
-18.520917762148365,18.52515833147298,20.64275252046785,9.115856343153888,0.5427928735508011,-41.316902945167676,41.85969581871848,313.7970935791511,79.45193315431058,114.29006576977352,239.66779041842895,226.11510361339188,859.115541334488,-44.97168877223773,904.0872301067257,1955.4634114776125,S1,3,120177,120432
-12.415709424414091,12.419949993738706,14.6856114679695,7.843299285165166,0.5427928735508011,-31.962505831626114,32.50529870517691,252.23885619769217,-8.17914309776941,41.85492153096291,60.316855917895474,59.759724949219546,307.95865676533657,-44.97168877223773,352.9303455375743,572.5086881161676,S1,3,120305,120560
-11.939077259514693,11.939077259514693,13.26521515006054,5.781381077972182,-0.9949322283519916,-27.025364830689416,26.030432602337424,258.88907710585113,-33.186336703835565,33.186336703835565,33.63904285326046,5.500205474630076,-17.514476849341523,-46.993977085760065,29.47950023641854,308.8401953640176,S1,3,120433,120688
-27.159898146827082,27.159898146827082,28.989368566879865,10.135256413154094,-6.452723037160719,-46.140148035231185,39.68742499807047,240.78115143854245,33.310359627090364,45.37877561621997,46.426827034788246,32.339916667054865,72.5596002933066,-50.66388552165547,123.22348581496207,425.7831477492103,S1,1,120707,120962
-18.369100735728214,18.369100735728214,19.533450120462515,6.6431778366431065,-6.46007245200484,-35.437298003633046,28.977225551628205,280.7553656504625,-33.80971579082379,43.91404697291557,44.87795007683491,29.511582831874797,41.8039713466082,-62.3847856267589,104.1887569733671,401.26427960122754,S1,2,120971,121226
-24.18676506882293,24.18676506882293,25.80160756279955,8.984617316852276,-5.2835061275470725,-48.41699840642555,43.13349227887848,281.1574499798143,69.60091833033779,110.45638084502102,226.43997353344417,215.47801229220707,837.6494309263397,-56.49349476401035,894.1429256903501,1973.4056083080934,S1,3,121235,121490
-21.86803519008602,21.86803519008602,22.461536013493046,5.129292057448528,-10.501341110767296,-33.442647797236475,22.94130668646918,236.09316925631725,-28.14314279136397,32.66560469247787,35.852573366002446,22.211945677708794,55.0918365719812,-57.43132372285287,112.52316029483407,425.3108809487502,S1,3,121363,121618
121.63315828024002,125.09804044395554,136.8544370082947,62.725686410205,172.45552671954752,-18.164802725926155,190.6203294454737,432.63573055530685,-25.703455229326554,25.703455229326554,26.524804842517955,6.549630616124033,-0.02655081407680604,-38.59289516771936,38.566344353642556,267.88109928285246,S1,1,121745,122000
9.644837411344385,35.24221347211786,59.938120732865514,59.157040395005346,161.76273356046175,-28.455888481068403,190.21862204153015,376.73370106208887,-40.23205322932361,40.23205322932361,40.51050128454774,4.7415827819638725,-30.540016175005626,-52.515700796147485,21.97568462114186,226.65644000781433,S1,2,122009,122264
-18.78927510636923,18.78927510636923,20.09638599506558,7.129366804972351,-8.88650252783795,-39.34249090525315,30.455988377415203,280.87317843165647,62.67879066068983,116.69156038861553,220.82290331421234,211.7406995110562,851.4787038870176,-56.259267550445536,907.7379714374631,1945.9096294203198,S1,3,122274,122529
-12.282599345967121,13.98038251420136,17.298539410360878,12.181018801325962,8.848437620430229,-39.34249090525315,48.190928525683375,251.99676921159693,76.82429451127656,102.79632461935427,218.8799243740216,204.95474882720347,851.4787038870176,-44.65935251483178,896.1380564018493,1947.5928201453703,S1,3,122402,122657
-50.7660781361984,51.17813346693312,55.967634855676984,23.562288980652717,5.594925667036944,-71.39151174177913,76.98643740881607,271.9330192145467,3.5932928654296297,9.536551631601366,11.594808472722326,11.023966160251305,24.414584921654704,-25.79938534577572,50.213970267430426,342.679479223998,S1,1,122784,123039
-15.484858099447939,15.938119785400012,26.435184549517402,21.425175654052527,6.292363581117582,-74.21939980497687,80.51176338609446,326.4726373126176,-12.554290279080778,13.08818326057762,14.786109261337629,7.8114545813691,13.447646798540623,-29.271714039822026,42.71936083836265,277.8817889250446,S1,2,123048,123303
-33.7493228564649,33.7493228564649,36.272199995744565,13.291188782851137,-5.701566352735527,-56.10333102998693,50.40176467725141,326.559665566266,111.00703372718418,113.53821142443442,250.23902340305045,224.26994291880538,893.1673218755249,-11.69346483751144,904.8607867130363,1964.8793487348478,S1,3,123312,123567
-45.97124639360444,45.97124639360444,46.85356270064155,9.049908439396475,-24.983446005104444,-64.69493647518341,39.71149047007897,294.0338439716425,16.872246049324914,28.916672239085056,54.55000554325603,51.875142583132266,271.6170413757591,-24.408075863155204,296.0251172389143,578.652022943957,S1,3,123440,123695
173.24629415269723,198.25547180229623,213.9821212980834,125.59486373886786,256.1581748792105,-66.69371455900834,322.85188943821885,533.8990819070291,-129.34469134677727,132.0170527506539,149.12144342333696,74.21021297009199,18.94823711447665,-194.01934762331464,212.9675847377913,436.80213897163173,S1,1,123822,124077
19.24776352978847,111.52027080416221,137.41552120326594,136.06082855350607,254.59574037985283,-89.90338725855162,344.49912763840445,528.128661485365,-53.54139445176278,54.38437038609915,92.17288394192425,75.02772563747473,15.96327999915685,-191.70969453707568,207.67297453623252,559.9256672129982,S1,2,124086,124341
-88.05744478963132,88.05744478963132,88.29213165429458,6.433267379824828,-74.2546691894269,-106.79037613175352,32.53570694232661,302.36926977981443,133.25071285925128,136.41833753747468,284.1409787426705,250.9588478682194,956.0406724462111,-15.088399121937574,971.1290715681487,2088.2887769968384,S1,3,124350,124605
-87.05661824432329,87.05661824432329,87.35145087318844,7.170856958077862,-72.85340831259941,-106.79037613175352,33.936967819154106,259.57988809947796,137.7419163987713,137.78543605403794,284.0970090651429,248.47187975011136,956.0406724462111,-2.0649441297824853,958.1056165759936,1942.4186128006734,S1,3,124478,124733
-83.30022342595345,83.30022342595345,83.4510845879714,5.015605257094441,-70.43423401927602,-94.20276915871169,23.76853513943567,239.70574922622865,9.356695918227944,9.4909945456648,11.347344566827413,6.419849703234816,33.10086654147267,-2.6300099900094596,35.73087653148213,389.4826131310865,S1,3,124606,124861
-12.318194831862556,99.91736717311124,119.31535784434507,118.67778517316705,249.6096154977852,-85.33242085805233,334.94203635583756,580.2773009816783,-46.49244675571538,46.49244675571538,56.55457240636117,32.20049774045921,-6.856632406997638,-116.27426272366041,109.41763031666278,366.54521074798424,S1,2,125123,125378
-76.99591141319965,76.99591141319965,77.45797097590977,8.447892835233691,-65.31322527125458,-98.51073389019633,33.197508618941754,236.47884850376312,122.94725980337279,136.124726083063,273.8024125450744,244.64613714985379,898.7057691184755,-28.71396157384614,927.4197306923217,1975.718004942877,S1,3,125387,125642
-70.14356816334669,70.14356816334669,70.5397619733727,7.465779569074825,-58.85106312166704,-95.18811824879047,36.337055127123435,259.84543348495106,23.411548915084,37.479054976077094,71.87949417671037,67.95999603072656,346.4002067001304,-20.336892961031335,366.7370996611617,506.1078095703391,S1,3,125515,125770
-65.61407521818995,65.61407521818995,65.70115639414507,3.381580220787419,-58.85106312166704,-73.5365176817404,14.685454560073367,231.48297417944468,-8.681884888184335,9.564194340808754,11.121531557258036,6.95077973808715,9.002919372988405,-21.48089816876967,30.483817541758075,243.25869538038907,S1,3,125643,125898
129.4113405462054,154.2205239726597,164.35998196282793,101.32575491381834,195.99262304676577,-68.48311976017295,264.47574280693874,521.4915522792396,-74.43164322525217,74.43884247769469,81.9729834759448,34.34385689954308,0.5252104578396846,-104.3815063789966,104.9067168368363,370.93031527291345,S1,1,125918,126173
-25.497640456744485,25.497640456744485,26.99036242850909,8.851553262612283,-7.472067967958978,-45.73202793045512,38.25995996249614,235.85696461140878,116.04264747651186,137.29957862749254,286.3236745897637,261.7543707318502,942.6706708197166,-40.19759877932328,982.8682695990399,2084.2361922164946,S1,3,126425,126680
-10.678852950529786,12.78535192771993,15.422609049047718,11.127397249165227,11.637362645118683,-33.196172211965994,44.83353485708468,249.60651540761393,15.454824017093905,26.34535076798398,54.188846854929835,51.93822809903797,277.28491940331276,-23.872045342116245,301.156964745429,518.1471992179964,S1,3,126553,126808
-2.724332358318043,5.764685968996077,6.970448614632678,6.416008657308364,11.637362645118683,-14.841285668360472,26.478648313479155,240.18466091403317,-5.16111077248692,7.672064545260643,10.131177172453945,8.718009319435911,14.183718086132654,-23.872045342116245,38.055763428248895,313.2295701111443,S1,3,126681,126936
-57.46041525495071,58.6319371637542,63.39831352921536,26.78893124178938,8.64312526054183,-77.08549805780646,85.7286233183483,290.3530143637868,-78.0549359535226,78.0549359535226,84.39262408812854,32.086476493558145,-2.50885887782144,-111.89314820163328,109.38428932381184,413.8403451293362,S1,1,126955,127210
-0.4516633574999629,16.577514257858688,25.169541712960378,25.165488873692563,18.63112673095728,-71.16590345471002,89.7970301856673,291.1238575404744,-44.256019551405885,44.256019551405885,48.719732479676956,20.371967660411954,-11.487514247500616,-99.62238188919486,88.13486764169424,362.82402013540747,S1,2,127219,127474
8.114143588629496,10.079913628911516,11.326437291263924,7.902458828493631,21.60278214727192,-11.059318175072908,32.66210032234483,270.6273966696672,106.45241873912508,138.55319616291578,275.91588465522443,254.55344811977122,919.0850404927982,-65.6598717646522,984.7449122574503,2092.260642181937,S1,3,127484,127739
13.574981079275629,13.574981079275629,14.491971011878451,5.073175781148733,26.275576374843023,1.151516030366339,25.124060344476685,220.04773254913752,-23.573808324417698,30.462052725043726,33.25174515259983,23.451100545114326,42.645312630829665,-54.021709437940935,96.66702206877059,367.8456590789127,S1,3,127612,127867
4.365358485344802,7.494714390575217,10.839283658178372,9.92137669463673,27.2731048037384,-9.222639408956796,36.49574421269519,305.134861130226,6.286784716432284,20.069932190451663,22.817749216943156,21.934584957471692,43.41634500809357,-46.398073894764934,89.8144189028585,386.8860857654847,S1,1,127995,128250
24.515474299089036,24.776667537904203,27.255129300754906,11.909390962243778,45.45191432081026,-4.361674025063603,49.81358834587386,311.7535164550526,-34.26342934970471,36.24844179335337,39.44457603421926,19.542056895759412,14.302085554396847,-58.265519759634586,72.56760531403143,363.332089350547,S1,2,128258,128513
16.041641779088884,16.280418211674156,19.887490376859194,11.754913973358423,48.70963076287369,-4.306868748540618,53.0164995114143,321.0461719518956,100.09365308654931,144.88278430425865,276.52105522708985,257.7695765517971,896.2988230349091,-60.581117801847284,956.8799408367564,2061.529159587697,S1,3,128522,128777
16.546663976026117,16.54817959449366,18.125003239741105,7.397543761621491,32.788502120484196,-0.1939991638452706,32.982501284329466,219.42063312162293,-42.772619367147584,45.290289389549116,49.10519064978661,24.12100290669941,31.51515630941884,-76.28962565975257,107.80478196917142,397.5798723735659,S1,3,128650,128905
-103.33507713077123,115.40540847569649,121.440416995719,63.793704348248035,49.12810289769466,-148.46248259677154,197.5905854944662,389.8823072037167,-38.22712208310019,38.22712208310019,40.23128339658653,12.5396690937286,-15.997474157214102,-71.50293922958424,55.50546507237014,258.1900808163351,S1,1,129032,129287
-6.368828914712164,44.42901386012103,61.29474407104953,60.96296965363964,34.872246416247364,-138.91361292403485,173.78585934028223,352.70527390199584,-21.801835718297987,21.801835718297987,26.585862504448503,15.21473116482138,-2.6400990726977502,-62.73402295687217,60.093923884174416,377.40494126711025,S1,2,129296,129551
7.181602382805955,9.780286158638365,12.657537678926694,10.422948110238524,34.15451795560944,-14.011171800477811,48.165689756087254,334.8495353380789,109.83172363191525,125.32396718885738,268.9005522496846,245.44754935470013,951.0317301865141,-33.52120082904112,984.5529310155553,2156.1194378532723,S1,3,129560,129815
-3.890837937053326,6.140068678777467,7.293858039092205,6.169420170649476,7.338384958915495,-17.265572036943013,24.603956995858507,295.6330597644742,-13.728729639805442,18.70432011371944,20.196016976613823,14.812193767190642,35.65030779419023,-33.52120082904112,69.17150862323135,367.46362082516896,S1,3,129688,129943
106.45905793392777,119.7390940577115,133.3580551447241,80.31712056469578,168.78469607544682,-33.37320100604038,202.1578970814872,441.6675872195956,-43.61394066731086,43.61394066731086,46.73266883237445,16.785902289262573,-14.176029537923789,-74.55056728250091,60.37453774457712,319.96246167379144,S1,1,130070,130325
2.5490095142327363,57.93325836135755,73.35556429931232,73.31126355592907,153.9948427665226,-46.05628703435482,200.05112980087742,365.2227073565033,-55.23458954430203,55.23458954430203,57.55924800847996,16.19281165129099,-28.41441387290807,-84.73852673123447,56.3241128583264,328.8602834810963,S1,2,130334,130589
-57.48328482699861,57.48328482699861,57.92096305775426,7.107033631261739,-42.942297012722776,-75.62380850228746,32.681511489564684,287.81093299121414,87.95618125761268,135.77619837050355,257.68945747167885,242.2138862052012,875.1590336873039,-78.68538939048412,953.8444230777881,1964.754753377818,S1,3,130598,130853
-59.59234626843512,59.59234626843512,59.846362136119026,5.508114663877937,-48.56242743186155,-72.87105325778525,24.3086258259237,216.82348737144923,-27.774106755318783,36.83346825891011,40.52607733090228,29.512064275045674,63.25951867601306,-60.82953137464889,124.08905005066194,311.0873259416294,S1,3,130726,130981
107.66742034380496,139.1778760341399,146.72787105544035,99.68347275738513,180.30764676545283,-74.24326791231576,254.5509146777686,465.496959618288,25.861895383316323,43.47195334708101,45.8653775677201,37.87869093054728,97.30655940583254,-51.81654289790749,149.12310230374004,449.57041778513786,S1,1,131108,131363
-22.642166283412326,87.008759080484,95.62609703885252,92.90684980601993,178.08097309583042,-78.75876495951603,256.83973805534646,445.27705162365964,-21.541535917483458,36.922650834534366,37.9536242287438,31.248037096951524,54.45793336984942,-52.06912724097667,106.52706061082608,385.33174831583244,S1,2,131372,131627
-72.29670592702928,72.29670592702928,72.6559823102275,7.216514225354195,-51.68204916320872,-89.39737645102285,37.715327287814134,317.14348717886605,88.63919037228476,122.03966780640431,253.8647418148597,237.8873705493237,892.3584634655779,-50.94671379810691,943.3051772636848,2004.9032772590406,S1,3,131638,131893
-71.39472162649113,71.39472162649113,71.61587121552704,5.62376509420442,-59.79622282711454,-82.13894173163519,22.342718904520645,243.48074614786205,-19.718535563440646,21.08835374890397,22.241421935306747,10.288838852740897,29.88086816242197,-35.15686374197064,65.03773190439261,335.2073215711298,S1,3,131766,132021
-67.32588954657467,67.32588954657467,67.73501088666873,7.433457915368752,-49.371267705938656,-82.13894173163519,32.76767402569653,294.21167758546716,-17.151582156910667,17.16374108056379,19.042849147274474,8.273652951423315,0.9724469416643716,-32.74317252091013,33.7156194625745,339.1622703426175,S1,3,131894,132149
32.97462359101349,92.6176463867806,122.78639004277979,118.27582922460797,232.60196177039094,-53.928923297027104,286.53088506741807,507.17348351824546,-58.68613325834123,58.68613325834123,60.851214691944435,16.0875135639206,-29.551639384636395,-92.55733800585544,63.00569862121905,334.5616174047237,S1,2,132412,132667
-36.5124460274598,36.5124460274598,37.17483711553263,6.986401051916296,-23.898338381620277,-54.286258825033954,30.387920443413677,308.43456089864424,111.84876941164967,117.6433049794052,252.52981674766102,226.40927791878775,947.7542617301638,-26.449031280640177,974.2032930108039,2076.597628003391,S1,3,132676,132931
-31.045557981269738,31.045557981269738,31.872219084957692,7.211912300573249,-16.157583941064342,-46.2471519326155,30.08956799155116,278.3748210250547,44.93750018473895,52.57678950279848,119.99335866813014,111.26107675914841,669.9992069151547,-24.82888671873799,694.8280936338926,940.6091653036058,S1,3,132804,133059
-32.9591214650129,32.9591214650129,34.003141907678454,8.361218323201737,-16.157583941064342,-48.604995071509116,32.44741113044478,253.61969599092612,-5.965952690935279,7.519668003830086,9.441115133688989,7.317244252933842,8.5689688299973,-24.82888671873799,33.39785554873529,425.2453078241988,S1,3,132932,133187
-24.82248578622183,25.84536790303902,28.618882163537045,14.243757077514132,8.172729653110029,-44.88491145409555,53.05764110720558,302.63169600175956,-41.92923593270842,41.92923593270842,50.43449142731014,28.028148344667606,-9.559372471008235,-111.95902891919711,102.39965644818888,386.3609390578311,S1,2,133450,133705
-26.242354316235385,26.242354316235385,28.892669789812636,12.08822598747698,-6.61580839373488,-54.005099104746044,47.389290711011164,298.1911606766704,108.88459873789131,140.808868152029,287.28597379108953,265.85216736897775,932.5141118603635,-50.813033529068555,983.3271453894321,2121.5717499845355,S1,3,133714,133969
-18.425254916036486,18.425254916036486,20.421995841541516,8.807263787977067,-3.572587311391004,-43.075765975468784,39.50317866407778,286.43909298090267,-23.454710599873138,29.5351931879894,31.707840721707626,21.3369096616492,59.53129937180162,-50.813033529068555,110.34433290087017,388.8230588866069,S1,3,133842,134097
-5.643945940261182,8.972098578661738,10.629128026647821,9.006899401585404,15.07399858548914,-20.929007929057974,36.00300651454711,272.26068385591316,-25.993356277918743,25.993356277918743,27.263484812770663,8.224538500448464,-11.771204174347485,-44.143934673609344,32.37273049926186,321.53814764718567,S1,3,133970,134225
63.63647067648542,64.18327072618825,69.55206611669377,28.06936944325166,88.10047792682133,-6.049569170058184,94.15004709687952,280.3548023198033,-21.326851935460375,21.326851935460375,22.744110986877903,7.903162095412833,-4.305313363794958,-45.26724476268851,40.961931398893555,359.2678009929008,S1,1,134244,134499
29.682331457862663,29.682331457862663,30.65051054302467,7.6428395098708615,53.28881150085098,10.770440698081611,42.51837080276937,306.7675619891669,103.58946280798109,120.78752155366882,261.55604743424817,240.16825174152507,908.0962837482836,-26.009028458433136,934.1053122067167,2028.569388136258,S1,3,134751,135006
35.10512421973506,35.10512421973506,35.61699242365714,6.016677058295561,46.761491361407074,22.06825999951051,24.693231361896565,233.01772307386344,-9.888772523862059,17.890282377160542,21.079472655661796,18.616023888363063,68.76411423018672,-39.64399179986696,108.40810603005369,432.3991979811142,S1,3,134879,135134
41.90428140140209,41.90428140140209,42.37160760160847,6.275693664989675,56.905761636947716,28.001517650861576,28.90424398608614,217.88147550140013,-29.138009094692137,29.138009094692137,31.49785105748878,11.962067013580263,-5.125452808397304,-51.91691668679562,46.79146387839832,351.382352529493,S1,3,135007,135262
-152.36317459788285,169.8973414847627,183.54486943660643,102.34345178347257,53.64710783461456,-260.3451493671933,313.9922572018079,533.0498262037775,-75.76310038515807,79.17294740526714,100.14538103822339,65.49083877397979,18.56404316407876,-170.70740587563537,189.27144903971413,629.9960509368321,S1,1,135282,135537
-34.4342002617861,75.66479513595252,110.81031920999264,105.32432148251263,50.650934027806564,-227.2762828158769,277.9272168436835,491.0934490549332,-24.433409517269574,30.82627082676575,46.32953701775606,39.362856853143036,41.6493495253962,-103.90058683448552,145.5499363598817,507.6698881403177,S1,2,135546,135801
8.850833013630425,11.07503959448607,14.319294414001785,11.25632921869703,29.779486612706524,-11.628563412906589,41.408050025613115,304.5338461063095,105.81985083575337,120.44599539142206,265.0048727601678,242.96037075155206,950.8061863311369,-32.987897893931496,983.7940842250684,2105.612132944015,S1,3,135810,136065
-7.409254638066514,10.532227919676062,12.880495828637619,10.536133944661152,9.468483719699067,-31.420548042171053,40.88903176187012,246.9497166531073,16.651787969088392,26.34648498528083,53.73314392200055,51.08785289259031,290.0991924572943,-22.12265802807194,312.22185048536625,491.384448767854,S1,3,135938,136193
178.29035495801332,192.65525078572705,207.68824726924592,106.5220980957334,248.84742078390826,-47.2531433764918,296.10056416040004,566.8294611756078,-88.67249472822776,88.88994021803182,98.66143805084607,43.25815572736958,5.224797443670238,-131.42561081416625,136.6504082578365,463.31413738018875,S1,1,136321,136576
-22.223408794861687,49.26184850013487,63.3010825383246,59.27180739660507,224.0631349709898,-53.54808233052226,277.61121730151206,498.09166509183945,-12.320654312471087,15.085813315281342,24.850036427967602,21.58068089249977,9.25775391542251,-100.02622896732477,109.28398288274728,437.849331631336,S1,2,136585,136840
-49.89964526467593,49.89964526467593,50.4468304041052,7.4100000188972395,-33.02528124727821,-67.97042063308163,34.94513938580342,259.19582410633967,127.504702628735,141.97303736356838,308.80464875947104,281.25231004032327,1015.5180671914894,-30.521127243497624,1046.039194434987,2302.021043755676,S1,3,136849,137104
-47.387686594684446,47.387686594684446,48.31974344286922,9.444827451503079,-20.61738487776813,-60.88719613038638,40.26981125261825,206.6843004668412,-15.498228455745224,19.205212972202876,21.131768927871335,14.36511652422205,36.99322705159572,-37.85603111815973,74.84925816975544,369.62866766798345,S1,3,136977,137232
-23.21153839029279,23.21153839029279,24.820140807162222,8.789987215196813,-0.43951636747137524,-38.50193139292139,38.062415025450015,321.4335896400446,-25.9453389087096,26.24454133765143,30.027761157369977,15.116409263983863,5.28415338695592,-54.79090175457041,60.075055141526335,373.2177559006494,S1,1,137359,137614
18.556371600103148,23.700928392787226,25.097083557742675,16.897475436975874,40.374741364811705,-25.281271377973365,65.65601274278507,316.5661267238736,-52.16954018817341,52.28081302655933,55.38381116366159,18.593160451270418,4.200593162700301,-79.25290390390313,83.45349706660343,332.2659295468227,S1,2,137624,137879
38.71980148438208,38.71980148438208,39.404242457885005,7.312407038029993,54.375399560145894,25.25646845907399,29.118931101071905,273.9114149663241,80.85074289303375,118.9855820942681,245.49026036546329,231.79435995715576,861.5707057362937,-48.19479753625769,909.7655032725514,1930.9799177358595,S1,3,137888,138143
44.3419356883565,44.3419356883565,45.3266370536587,9.396635887580294,64.72896375080926,25.42297414837717,39.30598960243209,279.87138817228436,-16.508494658585914,32.70355496191799,39.72887560388282,36.13659033246268,171.76015856954544,-54.994413434331754,226.7545720038772,408.0609880562371,S1,3,138016,138271
-91.21197330620386,120.34644128737979,125.09969185576288,85.61722272998105,78.35965397682266,-152.28693333732355,230.6465873141462,532.0821963763372,-9.351056982609421,11.29340095570219,12.939125807825587,8.943081682436413,19.15677361790949,-26.909949110617596,46.06672272852708,346.4142811479997,S1,1,138397,138652
-13.237700551722554,38.233891272192665,66.77412744626007,65.44881496491978,26.676442818912744,-180.10553101705062,206.78197383596336,447.08647074315996,-32.06774445967729,32.06774445967729,33.60459923162286,10.046335390918639,-7.051971597075693,-50.68306261203297,43.63109101495728,313.1781912569596,S1,2,138662,138917
-20.561961809446686,20.629484305705304,22.942364647520687,10.176336382346207,2.004158879229614,-36.46426350636272,38.46842238559233,371.97193540488297,70.03553370580602,106.34252542876166,229.85847319160516,218.92907919351134,851.4156972536322,-41.78665415852413,893.2023514121563,1904.9144082087369,S1,3,138926,139181
-31.266664983658668,31.266664983658668,31.905886625800377,6.354625258666347,-17.76959601297603,-45.80566835172455,28.036072338748518,249.20761193264374,-6.946458398077448,36.6440352369988,57.858609823922805,57.440103120387214,333.7225943117635,-45.60623117431102,379.3288254860745,636.6259554507333,S1,3,139054,139309
159.20225128765725,175.2424118796534,192.35679505726293,107.96193676311796,242.94104286663293,-44.92661784095099,287.8676607075839,533.8040580512767,-25.03610120437702,26.99308514652414,29.50234739385427,15.607118191128416,25.422952241798782,-51.099202733017,76.52215497481578,403.3194518131609,S1,1,139436,139691
9.955552688407536,96.62568361834656,115.05051576613619,114.61896941048761,214.80323387524263,-78.18750810450534,292.99074197974795,523.0100218317077,-12.180525915277986,12.803011667869077,14.523369786502476,7.909681307279982,6.7961541755960955,-30.46060663444755,37.256760810043644,364.88986171053006,S1,2,139700,139955
-73.39743891641845,73.39743891641845,74.13202140928617,10.410214154256602,-56.92123920396245,-102.1894867582243,45.268247554261855,294.4454722841565,121.78541896657411,148.12106959588135,292.55172081684424,265.9977839757933,931.3408761318502,-50.778342563880074,982.1192186957303,2027.2815121432086,S1,3,139964,140219
-66.64369463071574,66.64369463071574,67.15233042572585,8.249451349864199,-51.05550101571839,-86.58166083897305,35.52615982325466,271.5420672790202,-15.248541286091186,36.62044173272641,41.37720822755984,38.464988617614566,124.75057547523103,-52.30325445413723,177.05382992936825,392.11843880896794,S1,3,140092,140347
-62.72419810545527,62.72419810545527,62.88348446523691,4.472984520126823,-51.05550101571839,-77.90785179056411,26.852350774845718,237.54849313475225,-34.85065806868971,34.85065806868971,35.429524262966936,6.378308684865856,-14.618058316082397,-52.30325445413723,37.685196138054835,316.07021730338215,S1,3,140220,140475
-7.480270503976865,69.33714991902346,77.51228301189363,77.15049948576632,136.1954130203385,-68.98420128346497,205.17961430380348,412.1256511727554,-21.337420338203252,32.2329669785183,52.3144341707634,47.76520193527887,26.779533751137844,-114.80431563988427,141.5838493910221,444.9853925698322,S1,2,140737,140992
-66.94961096440288,66.94961096440288,67.42630414765907,8.003504402930753,-51.74470798438639,-81.92540355119662,30.180695566810236,251.92239042425646,134.69005980204932,134.69005980204932,268.11123861608183,231.82369176330957,971.7751429935693,12.755174634173665,959.0199683593956,2084.155656243857,S1,3,141001,141256
-72.42423226841119,72.42423226841119,72.60321206678692,5.094799578595855,-58.769737906053,-84.83065776601805,26.060919859965047,287.81725156135815,24.24841894262727,26.38460127067827,39.048419919688946,30.607078870862466,139.03919099199507,-14.56369659036815,153.60288758236322,388.0552108110919,S1,3,141129,141384
-71.9952237663941,71.9952237663941,72.19014292511804,5.301366840335742,-59.73387275970819,-84.83065776601805,25.096785006309858,269.35297651154565,-1.807871514686349,7.711539451816336,8.906786331606588,8.721378523105141,16.8842269787351,-17.708346400801783,34.59257337953689,346.9639439135432,S1,3,141257,141512
164.83881562883232,185.44701455604434,194.01138126037682,102.31608339182615,229.10969950328916,-76.53898774844635,305.6486872517355,555.7830745433134,-97.44646290801549,97.44646290801549,105.1109644636348,39.401798400482384,-2.146998205619641,-128.2208574848041,126.07385927918446,368.60263580871344,S1,1,141532,141787
-20.173718978067463,20.507634148491093,23.435588470759917,11.92677112905148,5.574574391871135,-40.147202175983814,45.721776567854945,301.96258026070757,100.8893849108643,107.75181599765844,248.9390055289038,227.57847105125538,893.4892677273939,-21.833856473243983,915.3231242006378,2066.6980190904796,S1,3,142039,142294
2.6899504310838136,14.16411068172749,16.004059105599083,15.776377104196673,26.92795361194226,-29.313481176973905,56.241434788916166,241.62372925023575,-4.447452897198131,22.11482539658728,31.11465299708346,30.79515861066669,144.55832325093235,-35.14805444283149,179.70637769376384,400.0238933186249,S1,3,142167,142422
18.749353098811877,18.758723017847625,19.697699431306532,6.038304502272734,34.6400644389673,-0.6122863670554237,35.252350806022726,208.8353419419533,-29.425428581605043,29.425428581605043,31.158840311753124,10.247803782381503,-11.086577007912618,-56.06584692043795,44.97926991252533,305.85067813975763,S1,3,142295,142550
-98.12311022502024,104.59271348453274,109.80412395524894,49.28286596118576,33.55851265958638,-136.21099808021128,169.76951073979765,430.13547824397705,-31.263699810003814,31.263699810003814,34.88853789537426,15.485191334527768,-11.628960874071966,-73.78326680992107,62.15430593584911,372.7641470208466,S1,1,142570,142825
-19.842294042819063,48.76416997277538,68.0079779908724,65.04896953469203,31.18298365226416,-136.33951026737566,167.52249391963983,401.64829163491675,-25.43099701962462,25.43099701962462,28.2345946683198,12.266080330413489,-5.70498919441426,-58.7416804488467,53.03669125443244,361.0861798725616,S1,2,142833,143088
19.75539027022989,19.817894694576637,22.001736469962015,9.685089724135905,55.787204927836775,-2.930943867130507,58.718148794967284,327.79955290755,115.92605900360182,127.65936786650038,275.7427212502204,250.19032188789834,939.2925511031692,-34.58605200552434,973.8786031086936,2138.6327726315167,S1,3,143097,143352
13.223485204651006,13.363898237544612,15.231740047504024,7.559453943051296,29.311161808979573,-4.0257565365948516,33.336918345574425,266.3413825230456,-3.3667001977890845,9.832071462803395,12.320400757811674,11.851481114666363,36.52455058597719,-25.254698223956577,61.77924880993376,439.4564647200632,S1,3,143225,143480
76.078966463119,80.79222495163069,86.75320692448769,41.69064371758482,113.48125965365858,-28.536598984604055,142.01785863826262,378.1322785633681,-88.45719380843512,88.45719380843512,92.34403047648732,26.509334736642618,-23.931660772813437,-117.85583386176661,93.92417308895318,407.50612286383034,S1,1,143607,143862
-8.127886388633346,53.9813768046823,60.987166065102954,60.44312936559385,113.49828713145693,-55.44244995852614,168.9407370899831,397.247006941676,-26.642652682857943,27.554525739215258,40.98533288537546,31.14428630978148,10.66730266344619,-93.93655809031507,104.60386075376127,452.4610754215818,S1,2,143872,144127
-59.68568696125852,59.68568696125852,60.361187398110495,9.005093895816348,-43.359337655354565,-82.48150325067625,39.12216559532169,298.3994010997848,109.5240026153808,112.40658665079812,235.96343207328633,209.0053447328811,894.9927478866302,-17.857343472953623,912.8500913595839,1932.4634291073946,S1,3,144136,144391
-51.70439779140638,51.70439779140638,52.1035152561544,6.436734504104238,-38.28416695980743,-65.9395734554429,27.655406495635468,290.580040640838,13.970336291917215,14.4236297913757,18.00629564614879,11.360298710300611,46.816314337732344,-8.284216736882541,55.100531074614885,355.03603289976775,S1,3,144264,144519
61.709822011882636,75.18623961598871,78.93359935203664,49.217994411897834,104.69906772931084,-40.76819526950839,145.46726299881922,357.52675087964013,-106.62812111389795,113.71310489489365,124.5797325509239,64.42478987299562,28.406299671061202,-169.53079037615132,197.9370900472125,419.9121157776683,S1,1,144646,144901
18.81228286276056,22.511914247004643,43.92101691484972,39.68820656474667,109.0303649959191,-12.952221272137074,121.98258626805617,365.25121124765747,-29.115160559635697,33.74601641859385,67.48512679902215,60.881440231541276,28.100409727881996,-170.4345825492258,198.5349922771078,507.575054199996,S1,2,144910,145165
22.86104876700186,23.20291512563571,26.12616847342991,12.647099603261053,46.012456775396736,-7.474600992972191,53.48705776836893,270.1247952493528,137.60102750776508,138.03980226603997,279.49058575941166,243.27133977710224,970.8939439322363,-5.288454725751494,976.1823986579878,1896.1832634550562,S1,3,145175,145430
40.30107149822398,40.30107149822398,41.24112393126757,8.75522353850601,60.08234238184587,18.40777450062492,41.67456788122095,258.4460044813118,4.163673549110042,7.722802188850441,9.756716298741654,8.823680383523216,22.523636638671103,-12.148968303505628,34.67260494217673,326.4926670155028,S1,3,145303,145558
-144.05028367121741,165.18938507587706,176.76010605755198,102.43852238156705,60.539671243659974,-210.08920718146567,270.62887842512566,483.24749569080757,-86.1940521898413,87.19802844608643,98.35804619551476,47.38027668232774,9.903757218582019,-138.935923354112,148.83968057269402,416.6155173873516,S1,1,145684,145939
-9.966559572309848,74.94133939972102,98.42149745467988,97.91557001577,57.066629016346056,-211.68608452266167,268.75271353900774,511.2771597361923,-31.56302563606161,32.03361749709441,52.28250079296714,41.68015477255245,8.815192094490513,-123.96431270260983,132.77950479710034,473.12506984086946,S1,2,145948,146203
39.06349155980868,39.06349155980868,40.130898258706054,9.194162398357571,54.34768005030957,12.733865783924216,41.613814266385354,266.1488834714254,110.55507098858271,113.82718862076845,245.4400174277202,219.1309618324828,929.7728863967458,-18.187013649629073,947.9599000463749,1997.2251110904813,S1,3,146215,146470
41.8457093582835,41.8457093582835,42.00229475935735,3.623447716471443,49.617062222168286,32.065524044826674,17.551538177341612,210.81752641207268,12.730159230172179,14.377337304192825,18.06027833864005,12.810804020185973,45.13032561609399,-15.133363373853925,60.263688989947916,329.093319853057,S1,3,146343,146598
-19.278689628853027,31.784382244776054,32.22719784365614,25.824879613436924,39.189877396023135,-43.59529568823564,82.78517308425877,317.3922078507078,-54.13827663425952,54.331873138574686,60.31881268919658,26.59710825083757,3.466332862787432,-82.49145933190196,85.9577921946894,358.3275370024997,S1,1,146724,146979
18.845233303212208,28.76728722474543,29.232576189546787,22.347274832183878,39.03281436548671,-39.49229562869511,78.52510999418182,302.41226753532254,-40.09057990764686,40.89668475477331,44.1801025384027,18.564128392476658,22.46848017263196,-80.43760369702726,102.90608386965921,439.5592238491974,S1,2,146988,147243
35.59230545656773,35.59230545656773,36.297751239910994,7.121414000101344,56.23981086752902,18.34603044669587,37.89378042083315,293.6974622200109,77.09127994275525,115.8867239923928,238.2299634105297,225.41173444026836,869.1628316139531,-54.840715428525094,924.0035470424782,1975.6169687437932,S1,3,147252,147507
33.60991219194581,33.60991219194581,34.169819837141866,6.16038879880369,47.84814947329914,18.34603044669587,29.502119026603268,272.3957054877712,-40.81268155264096,42.24887362438062,46.617986626331465,22.529130066994146,24.737995788131823,-68.70307112521519,93.44106691334702,302.8069132091456,S1,3,147380,147635
29.642186900399324,29.642186900399324,30.452201927425506,6.976916080224297,47.73734011759718,17.45259703491578,30.2847430826814,216.4230589124403,-58.38203191000656,58.38203191000656,58.846244245888016,7.376910729138911,-42.50729986246796,-74.84016522343505,32.33286536096709,287.04854332345496,S1,3,147508,147763
-23.273625750865335,30.532980345299283,61.20449935774358,56.60679363857921,13.698717367775597,-155.25846864078915,168.95718600856475,399.8198920982915,-27.114859913976794,54.24300587757325,56.30379183416565,49.34471954272791,82.16710644711443,-70.28233696948307,152.4494434165975,374.9894762866412,S1,2,148026,148281
2.3817246507315066,9.430594213791345,11.569801668811069,11.32200063344466,34.33817800727601,-23.280483253059682,57.618661260335685,323.49376055345823,78.89665967984904,132.80801956609184,254.56408475313356,242.0293171034506,871.7933213263568,-63.036327796103905,934.8296491224608,2042.5639512565388,S1,3,148290,148545
-15.762520700200657,15.859312877582088,19.16435681935808,10.90025290878255,2.3534598159504934,-37.74294414434735,40.09640396029784,303.40442132783295,-38.46249722699176,45.86294824199243,49.235538905858,30.73718592216777,77.05357689080265,-72.7371912870145,149.79076817781714,470.82082015668107,S1,3,148418,148673
-23.53668235053365,23.53668235053365,24.07721798789254,5.07316567505674,-8.273738561940885,-37.74294414434735,29.469205582406463,265.1938497256938,-59.0483604088876,59.0483604088876,59.38135300391108,6.27982623941265,-41.07722495050844,-73.4794953536084,32.40227040309996,422.9782765998007,S1,3,148546,148801
92.73239511276674,101.03852229062235,107.01143319110075,53.405521533481306,132.1982274416818,-32.79975342443802,164.99798086611983,379.59171183585363,-29.634187255911556,29.695331971509,34.613236186982846,17.885498735495972,3.3791283896710462,-70.99453291117868,74.37366130084973,393.9772404045668,S1,1,148820,149075
6.654389140538287,12.5017405417281,14.257018207161106,12.608793492067726,28.157641052788684,-23.877895720798957,52.03553677358764,304.496652438142,120.63783625436866,152.76291341779995,297.3506941832583,271.7792262023161,929.5829759264109,-51.90500902941195,981.4879849558229,2109.5827996323655,S1,3,149328,149583
17.116338487628695,17.13066856841889,18.074612922093714,5.807115382049649,29.066657799930244,-1.0781340546560674,30.144791854586312,240.60943199179522,-17.240042671917287,28.654866873691333,32.02075649055761,26.983509313987646,86.18101446819884,-47.04063635107457,133.2216508192734,441.86040488496917,S1,3,149456,149711
20.291382365946795,20.291382365946795,20.91864554517536,5.084243613717621,34.584819377405786,10.50749236799925,24.077327009406538,218.83027811027725,-30.25875996715407,30.25875996715407,30.909697817826395,6.310060573361864,-8.57999611259451,-47.04063635107457,38.46064023848006,367.7169253107387,S1,3,149584,149839
-92.30721072235654,99.49347965546087,104.54736049825594,49.086957899331594,33.0839171765909,-122.30939288648133,155.39331006307225,380.82000460751135,-51.77862349283037,51.77862349283037,52.70478392297909,9.83709294230924,-27.632759279215602,-72.16420882801485,44.531449548799245,322.29773876763926,S1,1,149859,150114
-3.598318012694433,6.377954199805709,8.05643398976957,7.208206164576124,16.904859528163794,-16.352478067912916,33.25733759607671,324.0655092380481,135.70918151775433,153.22702128980072,297.9168958366509,265.2121695486976,940.2854628174647,-32.3568039737908,972.6422667912555,2027.6976249051997,S1,3,150366,150621
-14.65938878615887,15.42474789464481,20.04622212348923,13.673088233479245,11.676852356282641,-47.925016629037756,59.601868985320394,280.0161556524056,3.9538265981681207,37.073534258751636,50.65448699785504,50.499943645983244,204.96174731552247,-40.55820067101783,245.5199479865403,452.2783947550626,S1,3,150494,150749
-30.575478214056385,30.575478214056385,32.43981635313891,10.838902942970845,-6.49415234936935,-47.925016629037756,41.430864279668405,274.80281150917995,-27.0912227569439,27.0912227569439,27.913570723316084,6.725554256655257,-14.484762307704663,-41.22807264592915,26.74331033822449,344.5310516000687,S1,3,150622,150877
122.58451853764038,148.324457476567,163.03415734462158,107.48568405125275,220.15759075133525,-59.33726007679947,279.4948508281347,550.1785885996704,-45.70931122896671,45.70931122896671,47.21354808517262,11.822774199161744,-16.15106036698382,-69.5883625719231,53.43730220493928,273.33250420009136,S1,1,150897,151152
-9.816077691756394,80.22768437933141,96.49489303485953,95.99431754306285,206.10716776396583,-71.03413910524691,277.1413068692127,461.10675649708867,-56.98303313198203,56.98303313198203,57.59076059448989,8.344437724094321,-32.364677941240366,-71.62661929222953,39.26194135098917,340.8745342490045,S1,2,151160,151415
-65.63080290636918,65.63080290636918,66.1567201887455,8.325222879736573,-46.931896447153555,-87.87956989213122,40.94767344497766,318.42660265460876,79.24958820965762,136.49237958163133,263.7928289901467,251.60715290949992,902.9408702615137,-77.08876089431286,980.0296311558266,2064.9645925238956,S1,3,151424,151679
-61.835827982865965,61.835827982865965,62.11524795088541,5.885100311242305,-46.931896447153555,-74.88505463012864,27.95315818297508,299.6619652229632,-40.96675261423124,42.80705875930829,46.32648989281589,21.630276143256957,28.282807398824517,-63.61567166191645,91.89847906074097,339.452570920069,S1,3,151552,151807
100.33627085494516,126.78696309257721,133.32584456147183,87.79757160054503,169.46340822436431,-67.50003859539632,236.96344681976063,411.2738472543557,14.844767599550476,40.03432696954226,44.27023646092157,41.70715419710683,87.21428951776048,-64.36961801772037,151.58390753548085,467.34710788242955,S1,1,151934,152189
28.681288689942264,62.14943751540613,89.87518099758955,85.17588765861893,178.96390581718762,-33.96364158815164,212.92754740533925,431.0885242859604,-10.386080462261038,45.126456335559254,48.18568151113542,47.05304703548981,80.18589710090885,-60.2682544299685,140.45415153087734,388.1769366770402,S1,2,152198,152453
-30.31216944771265,30.31216944771265,31.635717880758662,9.054889795249249,-15.238581616549947,-52.03407330968816,36.79549169313822,318.2410688523621,81.70428426280773,123.60773065509339,251.55233165798458,237.91381947182256,881.7599633678539,-56.5088259344453,938.2687893022992,2019.9417274747755,S1,3,152462,152717
-19.6121299828025,19.887042416978367,22.11347501483744,10.216170259422013,4.388381925703115,-36.99681598445825,41.38519791016137,281.7095710816684,-31.95308949913123,44.29256764815441,50.22899159987427,38.755021205009676,120.894081817667,-75.93048331164896,196.82456512931594,375.82553773958216,S1,3,152590,152845
-45.07427728120072,45.880185272717746,50.56359021044723,22.912576951261226,8.4999974878643,-69.9689841792023,78.4689816670666,313.46035259712926,10.013515308081832,29.413701808603033,33.1360291108638,31.586800034362838,42.25568636462355,-67.82816251285254,110.0838488774761,425.6380113129576,S1,1,152972,153227
1.0561066326211144,23.059475848455968,27.721902892923204,27.70177862133039,25.287118119898764,-57.440189560265694,82.72730768016446,335.88433052389314,-34.715947657089906,55.16521621223353,56.129209957892094,44.10545531753784,61.572408479479606,-74.31822409714235,135.89063257662195,435.9655697088556,S1,2,153236,153491
11.589069662084661,12.664636837609073,14.776504785294215,9.167254661956965,30.46351599240125,-12.504558948824597,42.968074941225844,246.28976180202648,99.0017817504355,126.46300049342321,254.92743286889578,234.9183756953987,888.4153227594092,-47.743572787956914,936.1588955473661,2000.4751416770225,S1,3,153500,153755
16.985108882726756,17.704973608927574,19.265772455384628,9.092637931017244,30.46351599240125,-12.504558948824597,42.968074941225844,225.46658696103412,40.26186572201754,48.920927281611405,113.99693371218359,106.65028393943547,600.4041390882785,-16.509605236673977,616.9137443249525,860.3806391958419,S1,3,153628,153883
17.74399502917809,17.74399502917809,18.507271113665936,5.260201942819003,27.655343241503882,5.631119113154638,22.024224128349246,216.39702991954331,-4.627726158992821,5.766315230614339,7.1900269633837945,5.502784597961248,7.736480095345853,-16.509605236673977,24.24608533201983,351.70944672090155,S1,3,153756,154011
13.21345846489386,13.21345846489386,14.081637739728418,4.867960232938275,25.81372947837332,2.132458846312772,23.68127063206055,230.3651278519887,-78.6444761412294,79.35030222948251,91.76123025111157,47.277581893209295,9.86536647267169,-130.4907886286275,140.3561551012992,375.84893207695103,S1,1,154012,154267
-7.582307843494462,8.262139686782268,9.928724155907958,6.410005548405752,11.552072788479899,-22.72029112497819,34.272363913458086,217.00597732610566,-65.85925180713811,65.85925180713811,72.12240555422545,29.39728447207574,-11.132347069249635,-131.3890684758607,120.25672140661108,425.93866976927285,S1,2,154276,154531
-10.306334975251358,13.028608338376857,15.809927166090292,11.988880530516196,12.702510071208277,-33.6924279900895,46.39493806129778,304.7459052610036,93.75771333323804,139.92182103826798,262.7614470752046,245.4650061812843,853.2071399612115,-65.88739202585182,919.0945319870633,1933.134999804759,S1,3,154540,154795
-19.20455602638974,19.20455602638974,20.484246286825798,7.126666385386223,-3.369202029847477,-33.6924279900895,30.32322596024202,282.82792159487593,18.25826790043089,76.93839668398844,135.72421726472737,134.49051567080488,629.2520853475601,-67.80102760866933,697.0531129562294,849.8127562377699,S1,3,154668,154923
-17.705613178189996,17.705613178189996,18.64045279170817,5.829042997285715,-3.369202029847477,-29.836566096962787,26.467364067115312,246.12499124091119,-53.4982969974166,53.4982969974166,54.26269930751271,9.075943725792163,-32.96587723397414,-77.03854206913715,44.07266483516301,315.5130926810066,S1,3,154796,155051
-11.12535573804265,47.93969755508745,52.436321113435284,51.242504150493076,93.30149562026331,-49.5319698753069,142.8334654955702,357.4816249917317,-6.986752840141661,43.479224378653925,50.27834312359201,49.79053195141045,94.09348018492744,-59.40375846414658,153.497238649074,400.38245752386996,S1,2,155313,155568
-53.9554138872228,53.9554138872228,54.59818733288619,8.35316540572615,-36.62728200736204,-77.16969285432349,40.542410846961445,269.31413230144017,111.99284628264101,130.65597521423058,281.9360990531581,258.73841294022213,949.1386428744586,-30.76908868313059,979.9077315575892,2127.7664120227473,S1,3,155578,155833
-49.8427188499363,49.8427188499363,50.22487860498855,6.1839961620332575,-36.62728200736204,-62.856024184296615,26.228742176934574,277.91823591673267,-5.750964749654866,15.084446538657723,17.913582216221307,16.965342091026262,54.24446675460319,-27.292848710639426,81.53731546524261,343.66078660966923,S1,3,155706,155961
-52.99632187656975,52.99632187656975,53.3580408689965,6.202450558651396,-37.24289313704701,-65.1850563876145,27.942163250567482,276.7816072266782,-15.360521536965866,15.360521536965866,16.869899668645445,6.974804150839755,-2.324899117680227,-32.465886936974485,30.140987819294256,324.1323887932384,S1,3,155834,156089
14.20709075922619,73.20916066728941,94.67747935329756,93.6054681567973,188.75730646764293,-51.83971401678744,240.59702048443037,468.2526146258553,-59.336354118579635,59.336354118579635,76.56747807701875,48.39189786513093,-15.755424081717122,-155.24367936661255,139.48825528489544,514.9678892744898,S1,2,156352,156607
-46.203773446127414,46.203773446127414,46.555744932939945,5.713904584423395,-32.12467925291204,-61.83963781463482,29.71495856172278,263.67256058577664,120.82417925961036,149.21537520434163,300.8903842474654,275.5658560831311,970.496579264449,-46.035793415659505,1016.5323726801086,2199.37602917952,S1,3,156616,156871
-38.263395746762306,38.263395746762306,39.32413737318836,9.071952715487521,-17.86738339876691,-51.123462380132985,33.25607898136607,202.0856988856399,-27.750702969825355,35.11318134303991,39.23666701076133,27.738322277922514,61.553650543822265,-68.81507064452134,130.3687211883436,434.7781511473074,S1,3,156744,156999
-29.825720922055133,29.825720922055133,30.753569047438045,7.4972248622555115,-17.59456089221217,-48.683694814689154,31.089133922476986,242.78635929454677,-55.60103641738846,55.60103641738846,56.74318321110597,11.327558882715259,-35.09207104589025,-79.09511289412333,44.00304184823308,364.9822560510079,S1,3,156872,157127
24.576377602553897,35.17060861003887,36.12423897415641,26.47569272745565,51.31970831454963,-37.91579007614964,89.23549839069926,274.7059763438791,22.602628543881107,49.146057914926416,51.64459662590861,46.43582177112991,78.39206382593737,-85.71566018244197,164.10772400837934,521.7229050097928,S1,1,157146,157401
-11.571989868433851,13.492804394254819,15.047263038489584,9.618169027125644,21.92313273346317,-29.393868933245887,51.31700166670906,378.4935560528331,138.68000945165892,177.96785829411954,332.4366380822016,302.12906731707307,979.2745959744942,-58.3024340180106,1037.5770299925048,2207.3612521012997,S1,3,157653,157908
-8.020353294092239,8.180823993069563,9.878527835261812,5.767082904726285,4.175208841537039,-21.659011243103002,25.83422008464004,291.9286984373821,-20.211954986058345,39.43092907591298,45.726864619931554,41.017350275354204,156.20578050567443,-56.49974456795587,212.7055250736303,470.1686708022316,S1,3,157781,158036
-7.795970924948614,7.953947540420442,9.23704856751246,4.954382259771627,4.175208841537039,-19.685986880189482,23.86119572172652,283.1034308661269,-42.37222510209221,42.37222510209221,43.178680538501006,8.306202076975495,-24.2545146594067,-64.56246754079758,40.30795288139089,354.05629571743646,S1,3,157909,158164
30.22962962596404,36.74639686992392,37.75479337072161,22.618441925626122,54.94065030846916,-32.820288313206895,87.76093862167605,304.46988180533367,-66.01512797769826,66.01512797769826,69.57265973207244,21.962646932527406,-8.27792939253812,-90.16346887125464,81.88553947871651,374.19074875720486,S1,1,158184,158439
5.6538274058335025,9.317365286026703,16.776819975091048,15.795439979363032,56.33298701236385,-11.996110321649388,68.32909733401324,313.8177325306124,-41.931057871354,41.931057871354,45.57357048928448,17.85319895511566,-20.562270731029162,-94.20087252170572,73.63860179067656,396.64966663798714,S1,2,158449,158704
4.861125368439097,8.629084832255412,14.489538443323076,13.649768659316361,65.94592787139838,-18.414521107804443,84.36044897920283,397.11053464391773,123.4718886932055,167.59203712203316,312.06562506263447,286.60015186364683,942.9114991175793,-64.43371316647456,1007.3452122840539,2137.4805067074053,S1,3,158712,158967
4.557934372760499,5.447640018088361,6.2230773733409075,4.236971353242305,15.989449730282034,-8.77388709382357,24.763336824105604,252.69088142707028,-38.11069378177398,40.48045321279291,42.49449858673283,18.797803850707993,29.066814674767194,-57.78225359599518,86.84906827076237,351.98603076393476,S1,3,158840,159095
-72.98598819456654,77.57125940169772,85.47190609836603,44.48024572043743,16.097518786578174,-114.79480447182607,130.89232325840425,356.94780203055484,-28.50469573400213,28.50469573400213,29.166879610130064,6.179740067655075,-15.403544054472217,-41.11387248902656,25.710328434554345,336.8769769393865,S1,1,159222,159477
18.234878009535695,34.987055684192754,39.05371786454242,34.53522988226126,43.86583733228677,-87.97672272326164,131.8425600555484,346.464111248884,-39.51595346969096,39.51595346969096,40.6457178967701,9.516501706248777,-20.251141228802737,-60.49584885639777,40.244707627595034,371.90978683740303,S1,2,159487,159742
40.754728300137515,40.754728300137515,41.48579857972096,7.753941254558736,62.46557288020842,19.11495720316463,43.35061567704379,346.5845957699469,90.96420977200724,132.5149406241865,268.0784254884257,252.173659910998,896.7495638642055,-55.86602066069268,952.6155845248982,2037.4633871999408,S1,3,159751,160006
45.35286804788222,45.35286804788222,45.62503289200627,4.976041220492286,55.285989082846704,30.231442356245598,25.054546726601107,269.01410470818666,-32.404181866716044,32.83285854454026,35.051997113215215,13.364561316168903,8.620602037368734,-51.8676445981086,60.48824663547733,361.2574964350826,S1,3,159879,160134
-40.17066137948562,40.42841076832191,43.960184463895786,17.85541325297308,8.584617046842721,-62.26120528711334,70.84582233395606,321.49320661330245,12.777823671082793,23.959907090437344,26.830259808886105,23.592161063434723,73.24155209534646,-39.85473241140696,113.09628450675342,418.2322548601186,S1,1,160259,160514
-14.943326229556755,15.051064598973618,20.317134501194985,13.765280801229189,3.4743809987859917,-44.45201455617755,47.92639555496354,279.6966704015325,-25.52608031012643,35.78366027792645,37.001283119993055,26.78645509444762,40.58207853032906,-52.862126190214475,93.44420472054354,426.91722379529756,S1,2,160524,160779
-13.514853233425507,14.162450693778602,16.373027131684136,9.242551570526016,15.881709967059862,-42.61873128487788,58.500441251937744,402.7360567347214,109.30819817099669,139.8838687879285,278.8553559255159,256.53854942475266,931.713856446418,-59.638240831501136,991.3520972779191,2060.1120198417148,S1,3,160788,161043
-9.486046109760736,9.486046109760736,10.496729290479097,4.494024365876869,-1.3272321794316861,-22.125184994602144,20.797952815170458,299.63495365948125,-33.20184489852101,42.76408812513269,46.59858006314577,32.69656188708471,41.56954715515206,-67.98634637122731,109.55589352637938,334.9596801653595,S1,3,160916,161171
81.32425602170406,90.71938263202748,98.07235447217641,54.81379474395612,122.76009063343412,-28.398846275010893,151.158936908445,451.00885952561595,-59.83623467187654,59.83623467187654,60.28289122853162,7.3247522253721735,-41.649352339221174,-74.81391691269383,33.16456457347265,332.3036840885887,S1,1,161298,161553
-7.044821819495148,53.64880220205479,61.33879135917692,60.93289596708992,119.86747941684379,-51.07983387656628,170.94731329341008,395.1806521003101,-52.33218079334563,52.33218079334563,53.277315211640605,9.990754204418117,-21.771514163178907,-71.47726429036362,49.705750127184714,415.07486429996754,S1,2,161562,161817
-50.451788442816294,50.451788442816294,51.269756908032505,9.121678372429884,-22.112240877848652,-69.95087172232385,47.838630844475205,330.34263616715776,109.1830336716896,140.43775653709264,283.84329437455676,262.00397119060614,924.4474835108732,-56.44766990814461,980.8951534190178,2085.592628210803,S1,3,161826,162081
-61.288235078664584,61.288235078664584,61.89099887383596,8.61672690431299,-43.336555684647486,-77.02140874008707,33.68485305543958,260.0765302819034,-24.445476663454592,29.689836142639557,32.67253880268139,21.677487458402975,53.06084329295294,-51.73388748368639,104.79473077663933,332.4401793147883,S1,3,161954,162209
-68.74428789951766,68.74428789951766,68.9023144606881,4.66388456415682,-56.36416117652941,-79.98006685291705,23.61590567638764,268.20337578543445,-37.04379493655109,37.04379493655109,37.63316480605496,6.634180433063759,-21.77743286115704,-51.73388748368639,29.95645462252935,308.6191993640341,S1,3,162082,162337
-9.348059609381231,75.78140536592801,90.07007640806405,89.5836617117985,191.86365801688976,-68.05370437844515,259.9173623953349,455.08831363538235,-9.177882913750087,28.323312979287948,31.83883254540174,30.487337093875997,61.76303149950454,-44.67224022022211,106.43527171972664,325.8232180233275,S1,2,162599,162854
-61.54030130457967,61.54030130457967,62.277702344151024,9.555287782595734,-47.00659051441432,-89.852253777048,42.845663262633686,282.5799152203386,103.87483627356067,130.5527733853082,273.6877959036902,253.20945483089872,948.7888008355043,-51.08099099048961,999.8697918259938,2162.5140450779995,S1,3,162864,163119
-55.91766705244427,55.91766705244427,56.15002603965495,5.102934025236545,-46.44684420583565,-73.3198573043606,26.873013098524943,245.30348074862033,-24.55663128092717,28.266119454038048,34.012241562564896,23.533049871252473,42.04113073188486,-66.98167865474821,109.02280938663307,359.4268658972644,S1,3,162992,163247
-49.14493180425296,49.14493180425296,49.77287342370398,7.88128205353569,-33.25030887057477,-70.90475201338329,37.65444314280852,253.84608604037786,-49.153936058373716,49.153936058373716,51.169624852583844,14.220445756848648,-18.597564439693382,-74.50747647002821,55.90991203033482,295.8999138978561,S1,3,163120,163375
26.44308786896385,34.77570645806105,62.14959366373058,56.24353381964078,141.82627239488914,-17.418659058693887,159.24493145358304,377.7603982901938,-55.81797923859434,55.81797923859434,64.98022523786977,33.268346302215534,-14.151497258162035,-124.48353161845068,110.33203436028865,347.9644171056448,S1,2,163640,163895
30.18275564818788,30.18275564818788,32.187233786170296,11.18120209491652,54.222945793249494,9.384715134309262,44.83823065894023,290.13141278549824,148.23648925944715,150.30447007268214,297.9983920800889,258.51302662409915,938.1638289377577,-12.153668862890639,950.3174978006483,2033.9582790230465,S1,3,163904,164159
45.00932609467132,45.00932609467132,46.01357105508553,9.560820348952424,65.49895320862325,26.00556077594328,39.49339243267997,249.8889264158447,24.15660908097005,38.2083241025361,64.82374225582346,60.15459914053645,284.84761088553046,-23.99716437575816,308.84477526128865,576.7105317100809,S1,3,164032,164287
54.70308265546091,54.70308265546091,55.1481257364277,6.99203262511345,67.79308933954178,37.34131974869874,30.451769590843043,251.46731169569856,-14.815805922293825,14.89261839257497,15.742762755723199,5.322262118301643,3.789060789130994,-24.40548284495771,28.194543634088703,377.189863056909,S1,3,164160,164415
-200.51004035647577,221.8337257355725,234.76257962731498,122.10320433762526,74.26438077273009,-273.7100385660635,347.97441933879355,558.3074028894175,-51.52088829325151,51.52088829325151,52.93063383412341,12.13466388312217,-20.17057213870859,-68.88181725765867,48.711245118950075,303.3659358018058,S1,1,164434,164689
32.69105926295146,32.69105926295146,34.23683841174004,10.171319909323152,61.93837431393649,17.41280505200583,44.52556926193066,338.02760496318933,115.87141195173683,138.85818933891784,285.91476535448936,261.38299282857633,942.3913411339655,-45.84840344010653,988.239744574072,2113.050212781093,S1,3,164942,165197
27.099982324181994,27.099982324181994,27.86283106722351,6.475207572708307,50.079046152229694,17.07730778555958,33.00173836667011,270.7458849746936,-9.608985614170834,27.53004583802381,33.04525180570959,31.617338002580336,98.30207056303738,-48.800485687627216,147.10255625066458,395.4723104423289,S1,3,165070,165325
19.793751284710776,19.793751284710776,22.645720270613378,11.001638816734543,50.079046152229694,0.49317674630883435,49.58586940592086,277.1124273319699,-46.3549520492177,46.3549520492177,48.959841126084534,15.757044888118028,-12.367959934630647,-78.08676942860825,65.7188094939776,309.6004361978995,S1,3,165198,165453
80.42399491309637,81.98373522026363,90.36645521793847,41.20773314408263,114.43273091302007,-12.491475459386715,126.92420637240679,328.9260313803129,2.112715376658986,24.791831390504285,32.74651737601114,32.67829300919234,74.2171975657273,-68.54921637268973,142.76641393841703,504.6119663278808,S1,1,165472,165727
8.596722815095529,22.33949407743845,40.486619242419145,39.56340094735336,113.25007039800845,-19.40374661698542,132.65381701499388,330.35222857345934,-69.85964659283547,71.78293936620605,76.43612268683857,31.01790820351317,10.961641526567192,-99.97518221802133,110.93682374458852,392.62107307891483,S1,2,165736,165991
-16.350435961374977,16.350435961374977,17.756614051013692,6.925358216701334,-2.6663706744325224,-36.36026393669629,33.69389326226377,237.21837115897995,72.89990110529276,158.07338334208362,273.00455892756105,263.0914168384645,881.9243787049506,-89.16394317927082,971.0883218842215,2084.417843179517,S1,3,166000,166255
-12.580744834125792,12.716839870031807,13.435225775212942,4.71488611204591,5.174205693040437,-23.081277533446357,28.255483226486795,242.80319536864272,-60.149273571905184,62.07261743327923,65.14765248080535,25.025617125895046,37.17310720046458,-91.75151741236517,128.92462461282975,393.64982915710914,S1,3,166128,166383
-44.254347610963194,44.254347610963194,46.43811574129132,14.073070422960498,-7.710927326813858,-58.971669656802554,51.260742329988695,281.3336905235516,53.466321799847975,67.35292352742192,70.82152705194298,46.44395684224365,105.84765045422535,-46.70571647931254,152.5533669335379,480.57738788398945,S1,1,166510,166765
-3.02218494787348,11.544815937740143,17.299769371213618,17.033743523900664,15.779715303045105,-45.27750127544656,61.05721657849166,275.2287614275994,-22.004849656449043,45.69756203786378,48.280832094868465,42.97470580899834,85.3700535650955,-56.9585854892878,142.3286390543833,397.1711558389079,S1,2,166774,167029
7.345701458102067,9.271020832776404,10.81814123098996,7.941841712227848,19.508505926901783,-13.893223261339559,33.40172918824134,287.7540910783275,91.57778605578685,150.94566132176377,287.6411226223274,272.6736593889356,904.7433228309764,-65.38020600060904,970.1235288315854,2110.901230511933,S1,3,167038,167293
9.588603072025679,9.625840018266636,10.82878711896269,5.032029570158742,19.508505926901783,-1.2770492498626216,20.785555176764404,228.78076047198036,-50.37733386998393,53.413296054249514,56.2524595808398,25.02925170767566,51.66818798027401,-79.2738641316419,130.94205211191593,354.6012594124792,S1,3,167166,167421
-18.165706121691287,20.921892468027714,22.990349053821138,14.091248018429106,15.087292008142215,-41.13725126631309,56.22454327445531,332.7076821593764,-15.445792681108593,23.329843943170246,37.342479740100224,33.99835704253968,34.382201315306865,-99.67673074511842,134.0589320604253,461.7046613246113,S1,1,167549,167804
26.848931062103482,32.63122720669179,34.96095282552004,22.39203258506588,53.89610933069702,-18.64198126882146,72.53809059951848,310.64729462714,-46.47240647495062,56.69255194958059,59.81726348927217,37.661923049307795,40.593644680148635,-83.65200901882727,124.2456536989759,456.78821893529494,S1,2,167813,168068
57.52660379444328,57.52660379444328,58.235840435831726,9.061068763937136,84.82843096545133,35.275304454639496,49.553126510811836,272.1184084134502,87.82646317763763,134.72954590273463,271.4487140351126,256.8480420735642,911.6243404225103,-75.13627400718853,986.7606144296988,2189.3781258990857,S1,3,168077,168332
72.23191924636647,72.23191924636647,72.81800577030984,9.220184724357223,89.58593690111756,57.380240061861045,32.20569683925652,209.43738726266338,-41.95409152024038,41.95409152024038,45.31555733025874,17.127578371248525,-5.296000907328778,-76.28340526174314,70.98740435441437,375.77725044037464,S1,3,168205,168460
-155.96242755750941,174.96475773790598,187.7168264977415,104.46687580640963,63.54566001842633,-228.25315274339025,291.7988127618166,458.11084453174925,59.11316085330465,85.28550596523482,87.41230047704353,64.39366807862613,162.34949934880984,-76.06743767456098,238.41693702337082,592.8771615730498,S1,1,168586,168841
-27.47358231485574,57.67166411187145,98.46965213007489,94.55937111363849,33.191540684032525,-233.1369509095728,266.3284915936053,449.56042687130616,-20.324392452451022,58.68412257603052,63.63946460698423,60.306720412424596,107.34673277447611,-70.55620546753299,177.9029382420091,384.440042496146,S1,2,168851,169106
-2.9884157946561842,9.740429033828176,11.05632444502489,10.644795971361047,19.863949261160162,-20.419751005757725,40.28370026691789,256.4331588663547,66.58299114045911,136.70505590973406,256.3616818576101,247.56416787502195,888.3617372462278,-66.92294037182936,955.2846776180571,2069.9951270746133,S1,3,169115,169370
-9.378168813062862,9.415860571591512,10.468209895466252,4.651168469237883,1.7825090595831612,-20.419751005757725,22.202260065340887,236.00250513825313,-54.23431943602367,58.58545583158249,61.715030747792554,29.451377141185198,72.95187977237143,-84.88180779613108,157.8336875685025,362.1430372760067,S1,3,169243,169498
127.36730410277548,140.24920292280842,152.52409415132507,83.91167464824778,185.73705919355723,-38.443816431157245,224.18087562471447,387.7746884090409,-55.30545305647287,55.30545305647287,56.87352922092723,13.26292532821999,-26.90192024895689,-77.71834204604518,50.81642179708829,303.8305535782032,S1,1,169624,169879
5.971465559126001,49.61691897667886,72.639092382579,72.39322717796892,180.50571903126666,-43.15132650572875,223.6570455369954,469.9928927955922,9.3108938899294,15.655607813787856,19.17784556738864,16.76594809657609,39.55366513585329,-24.70013004225222,64.2537951781055,323.38559836787414,S1,2,169888,170143
-15.202108604410874,15.682313567238698,17.89792631397798,9.446251125196818,8.290444120341418,-34.93035943638909,43.22080355673051,298.66805747160424,152.53640670175486,156.5367990897666,315.977357098943,276.7206801627767,987.5380613816906,-30.373775892604478,1017.9118372742951,2215.078171973351,S1,3,170152,170407
-3.5855259569780147,8.076052104210905,9.762161827435094,9.079857221171917,14.460888855132847,-27.230812372867263,41.69170122800011,254.7120903701857,7.108795556799189,30.904857757540363,47.51050453983552,46.97566462926697,206.9117073751868,-36.329879744479754,243.24158711966658,570.1617761975035,S1,3,170280,170535
2.7055288254762395,4.3892835206176555,5.304243201934431,4.5623579122844795,14.460888855132847,-8.317115117199052,22.7780039723319,237.24271330169046,-22.233071292743332,22.233071292743332,23.261904149133247,6.841544089988376,-3.905704712277503,-36.329879744479754,32.42417503220225,360.9604162130677,S1,3,170408,170663
-7.429798428059096,45.84512251529655,54.78372183796929,54.27756694748212,40.00423439043863,-100.78726246317478,140.7914968536134,310.2174702021292,-60.26927663309925,60.26927663309925,75.02570462394887,44.68188277638913,-5.084714533622846,-139.0962469660735,134.01153243245065,432.9132805240629,S1,2,170926,171181
40.63882806614242,40.63882806614242,41.46846655326732,8.253446049376311,68.72379782194973,24.738834550166118,43.98496327178361,320.15117605097646,152.4789520731493,167.23180109955058,317.9859386958544,279.04341307932333,977.6199099954682,-34.56796053775299,1012.1878705332213,2101.6799630266737,S1,3,171188,171443
45.21641836916338,45.21641836916338,45.61325881530717,6.003739636008644,61.340258115159244,33.09894224015073,28.241315875008517,271.0276327336794,-4.9066743494004506,34.8869396071581,41.049103996454505,40.75479708869463,128.4530462486103,-53.24662096158366,181.69966721019395,383.84388586590933,S1,3,171316,171571
46.778052595903475,46.778052595903475,47.06845740253148,5.220486336425783,61.340258115159244,33.680573283225904,27.65968483193334,284.8039502952777,-32.94123768280776,32.94123768280776,33.9464058705886,8.199593371350671,-16.928978188762148,-53.24662096158366,36.317642772821515,298.5686532684234,S1,3,171444,171699
-98.7373040675725,111.8717061798919,116.10585765216081,61.08612744814946,52.40188487588171,-139.63677556401908,192.03866043990078,410.2934565735163,-58.72116920012921,58.72116920012921,60.38878028008293,14.09358263487072,-24.589060056337804,-84.93824786331798,60.34918780698018,316.1273625116859,S1,1,171720,171975
39.59471246924706,39.59471246924706,41.869621637985134,13.613374327685422,89.8488448849095,10.555226311957266,79.29361857295223,369.7329698235507,129.59714873388472,163.87239427336422,319.11172287915576,291.610820647915,994.7894768867877,-53.29307830097716,1048.082555187765,2175.251821168457,S1,3,172228,172483
40.282847777083205,40.282847777083205,41.11060153381601,8.208150427504258,60.53627629653877,21.12732390284791,39.40895239369087,285.16597038270163,-6.612841772735976,35.95110643368486,46.66093904255707,46.189972461801545,185.02537796841108,-51.94013706480238,236.96551503321345,431.5063726092224,S1,3,172356,172611
40.352434986191604,40.352434986191604,40.99194091344283,7.212503763352076,60.53627629653877,24.81836641342151,35.71790988311726,281.04013568881203,-28.136920727232496,28.136920727232496,29.336936924276117,8.304791393430067,-9.27412512636629,-51.94013706480238,42.666011938436085,343.1246694823018,S1,3,172484,172739
-56.791681326099976,67.67421141493156,69.54708620955952,40.14351918298411,44.986576542573204,-89.61040933885653,134.59698588142973,390.2465453038949,-30.504707603384283,30.504707603384283,32.949989027848105,12.456507976449076,-7.1906038913866945,-58.278995977357276,51.08839208597058,367.12914573298303,S1,1,172758,173013
-0.7308913954878529,18.13510972081963,30.25678597505177,30.247956878243716,20.79066363985975,-94.40289223175785,115.1935558716176,350.593048038115,-35.484780120685144,35.484780120685144,36.796557665557145,9.737403956974374,-16.219080911983585,-55.485030751039524,39.265949839055935,380.423584750843,S1,2,173022,173277
25.13837027047498,25.159369395957025,29.59349883557835,15.615297418745406,90.92376782282179,-1.4545854865567711,92.37835330937855,399.4662731548927,140.79137161324476,177.27253424490382,330.92928148223217,299.4861917044051,998.4001103360916,-54.78764510550044,1053.1877554415921,2216.9074230449346,S1,3,173286,173541
26.945722637099454,26.945722637099454,27.314927802066084,4.475858844578181,38.43664144438277,13.563962933826584,24.872678510556188,251.06010431216177,-30.741626964185528,35.86400248171116,38.375820702459,22.970763726575193,45.30244179092494,-59.65358235185239,104.95602414277732,399.96503844978207,S1,3,173414,173669
-58.70330251744436,60.05863541780897,60.97596375720454,16.492132356530895,24.447322766294825,-74.70194536956183,99.14926813585666,352.6568244993112,-119.58362486454797,119.58362486454797,120.72536732557504,16.564147432031753,-44.52974236293724,-145.78361602896825,101.25387366603101,448.88701162107395,S1,1,173788,174043
13.546228272733664,13.601354281743891,16.311622904010875,9.086734360904547,44.60497477648694,-2.263850686615781,46.86882546310272,278.2965981309001,127.87132212929096,141.93599691267872,294.104908814487,264.852076385451,991.7773556836544,-47.051759753835384,1038.8291154374897,2165.834443934214,S1,3,174283,174538
7.715525876600589,7.73986868084021,9.209180663646539,5.027889114050549,27.356330348452094,-0.7698274297855174,28.126157778237612,221.07058309690422,-25.403844736668276,39.815150824693234,45.32852498726462,37.54090902091111,87.68233998636052,-74.84885167500174,162.53119166136224,371.1030136433266,S1,3,174411,174666
5.142522970590244,5.537468102573638,6.500826122569364,3.9768326307291235,14.528645032301407,-6.283382091984432,20.81202712428584,233.2183247460626,-60.76661929056179,60.76661929056179,61.7523086711369,10.989340572176943,-34.95327970548131,-78.59205922025362,43.63877951477231,354.3952658102612,S1,3,174539,174794
14.337420534467489,15.493196383082385,16.700327956925427,8.563838291717971,25.90878256269006,-7.127781162296238,33.0365637249863,244.44309026359258,37.2637860183248,53.011554380070905,54.15881411203933,39.301239135718504,96.17818149686371,-58.60811528940112,154.78629678626484,582.3064045363506,S1,1,174816,175071
-20.880419258911957,21.19236818163408,22.34972621034798,7.969840227355511,8.037736260253652,-36.739363193800564,44.777099454054216,300.2791337259712,127.956295974382,157.35896906883488,314.0669864301595,286.81920836275657,974.8215409571288,-52.26917405961319,1027.090715016742,2172.139049434503,S1,3,175324,175579
-15.03552061455024,15.03552061455024,16.287419876988327,6.262041687720483,-1.488547446623567,-33.90730501823749,32.418757571613924,223.05730517005082,-18.82399467747949,37.588086518092496,43.151785623239846,38.829548373066004,145.74131246236766,-52.62850008416596,198.3698125465336,486.25838874160905,S1,3,175452,175707
-11.821757083868366,11.828493932354888,12.795170409023155,4.895145068938187,0.474871857951927,-22.89611639266434,23.370988250616268,244.56843894035853,-39.18087292826671,39.18087292826671,40.19788678800798,8.984948458423306,-15.955811254447033,-54.68831938382836,38.73250812938132,408.97835504671133,S1,3,175580,175835
33.24282175121243,38.671563188795844,40.50634377058541,23.144733476062346,54.759544594086236,-20.91626220635205,75.6758068004383,246.07254627585655,-129.57666382768178,129.57666382768178,136.06752013787016,41.52418846597297,-31.837892437132496,-164.70202064297405,132.86412820584155,434.0870977118308,S1,1,175855,176110
5.599004225049383,12.647691076644971,19.436133453600362,18.612211994119406,50.220673403371016,-11.006377963903528,61.22705136727454,286.3149198807939,-56.372528660020095,56.387750092406755,69.1940819007925,40.12429416910398,1.5065990682918624,-156.12944821764427,157.63604728593612,491.8587546064137,S1,2,176119,176374
5.042879706308257,9.34634398868498,10.69767188837476,9.43448716672125,20.58024009460946,-22.25139295287929,42.83163304748875,336.08129872179904,115.12779448123399,148.88818549056265,300.8030639763003,277.89939588890246,966.605810462556,-42.140579476176505,1008.7463899387325,2161.0078864858087,S1,3,176382,176637
12.599419435037976,12.63435127926412,14.084328811510233,6.294676160909674,27.863111095460095,-2.3045540471896886,30.167665142649785,354.12231277835826,-26.836422598609627,28.045390414447002,29.601752606316087,12.49280510831638,24.252363685348623,-49.023714341562176,73.2760780269108,373.18525535478625,S1,3,176510,176765
-45.669062280924635,48.12124772099584,53.38380731982126,27.643582154649,17.732879927571357,-76.75676515654307,94.48964508411443,287.93484360759794,30.216438686748894,48.98363164525556,50.687010006699346,40.69569776412717,94.48636851182752,-57.243718137293904,151.73008664912143,497.4440657033355,S1,1,176892,177147
4.189612436234679,32.05444145047146,36.776066605930296,36.53664219161319,35.84686302463299,-70.72673222127806,106.57359524591104,311.1875277185662,-35.313637477806424,58.33088312955388,59.6720711935047,48.10096764732243,59.907964457238485,-76.53403492912517,136.44199938636365,401.06600352060747,S1,2,177158,177413
23.5775314505125,23.5775314505125,24.928085474293503,8.09379120769597,40.27888846451056,4.3807447222332065,35.898143742277355,330.2606736412755,127.34683405384223,162.72396342322838,305.6905802724515,277.90198762112385,936.2863146007982,-72.35438750599296,1008.6407021067911,2119.888764171103,S1,3,177423,177678
20.427524643636044,20.427524643636044,21.17630370114702,5.581404426921154,32.95482557951488,6.809239806571494,26.145585772943388,265.38797874530917,10.08668569490309,41.51963862444669,69.04087458347216,68.3000815149072,311.6415344111494,-43.11533867294609,354.7568730840955,549.6856713089105,S1,3,177551,177806
-43.12812465806727,46.752218034205114,49.519758522463,24.33457103795456,16.891724931894874,-63.92624892992454,80.81797386181941,283.22895816703056,-48.60294323083201,48.60294323083201,48.91938869381063,5.555222720705975,-36.740042544148345,-60.94060026111664,24.200557716968298,308.28247760792283,S1,1,177933,178188
8.82159362259078,14.457578600707894,17.586581119985823,15.214050132943148,25.883520242726902,-52.31340191859018,78.19692216131708,316.9538799771754,-51.92130802616448,51.92130802616448,52.62101906976224,8.552743465837693,-33.04806996766504,-69.24396194349112,36.19589197582607,260.5986700322876,S1,2,178197,178452
3.1413185436730613,8.328973355119832,16.579176762907764,16.278858066305403,69.83635755124321,-11.654826138112497,81.49118368935571,356.3085512899083,92.49778044214013,179.98118587287138,318.55858881780404,304.83394680197347,967.2387149589675,-101.91913897159583,1069.1578539305633,2229.3718139016564,S1,3,178461,178716
10.94785383369842,13.423531380134591,27.778990436170545,25.53070320396266,82.5884143000418,-9.300831340505816,91.88924564054761,381.9312662729285,-81.57261415794652,81.57261415794652,82.88321445088617,14.681139504492414,-38.27725028288006,-103.40325795019783,65.12600766731777,374.996861328678,S1,3,178589,178844
6.981552014356217,9.554528304124677,10.606189159003623,7.984308357484989,21.043506918989866,-11.818605207019145,32.86211212600901,255.32639243253976,15.151866815132315,39.72145359895617,41.805719824782244,38.96330507137046,68.91332094154588,-70.46482058070296,139.37814152224882,493.7341109469603,S1,1,178970,179225
-1.050281957672683,4.797203953854083,6.051654965555986,5.959818422697596,10.516551606357798,-18.039008405071463,28.55556001142926,212.92453594958837,-37.5802286951654,50.196194941971946,51.1966527594865,34.768141523447916,53.651273985364355,-70.06461556903167,123.71588955439603,412.2514134398783,S1,2,179234,179489
-5.422855758270563,15.196211911924458,20.645337328945324,19.920406342515584,75.43076624631674,-25.272327848129596,100.70309409444633,403.0070837104119,129.55778284956062,161.68054492587427,316.0016376009225,288.22181712974276,984.0603868175039,-53.36248927582143,1037.4228760933254,2177.2478441810586,S1,3,179498,179753
-10.098240721729148,10.227220811967424,11.966900029892793,6.421232798416462,3.2032252137626367,-25.272327848129596,28.47555306189223,246.3636100097754,-19.697112906494844,26.023419985115893,28.44304167434307,20.519024412413255,64.53839537516792,-44.34617196831971,108.88456734348763,373.71603493161166,S1,3,179626,179881
65.98035028557577,68.10660963432008,75.94298339861479,37.6022619489174,95.93470740319023,-16.73748026878953,112.67218767197976,392.2850889839332,-46.45211223435675,46.45211223435675,47.694135201013886,10.81350089190897,-18.895704414380415,-64.19891744142377,45.303213027043356,333.35759068587606,S1,1,180008,180263
-36.058965386680754,36.058965386680754,36.57826841591259,6.141720894725483,-20.00722417168535,-47.525462299053174,27.518238127367823,218.8854867957706,-37.973609024984576,37.973609024984576,38.484058897789325,6.247223932766285,-23.886334268597228,-51.0989532316985,27.212618963101274,296.82046421377504,S1,2,180272,180527
-47.52825278376045,47.58055656419089,49.00938008782249,11.95761363799731,2.849718999811799,-61.89107958519024,64.74079858500204,310.8011378121312,106.38535743714735,154.40157212408246,298.86487670088064,279.28904426848356,963.3284092655124,-56.9514274841108,1020.2798367496232,2200.629097347573,S1,3,180536,180791
-49.60597484780086,49.60597484780086,50.02278931647015,6.444122158937492,-25.523913755055585,-62.797361144957634,37.273447389902046,273.83404188960475,-48.56308327724679,51.42531231977117,55.6166794985077,27.107968958350988,24.778174640336175,-80.1631193904868,104.94129403082297,348.0945577353458,S1,3,180664,180919
-55.85105049946574,55.85105049946574,56.90733887383611,10.913540938107406,-25.523913755055585,-79.89821997158283,54.374306216527245,269.50504970341535,-67.28237167714502,67.28237167714502,67.84659538983678,8.73172190869205,-39.84931267853159,-82.43139588372601,42.58208320519442,359.5436890480604,S1,3,180792,181047
21.508232578429215,112.84684301660891,131.98762469070323,130.22338116807646,225.18317881740597,-83.15043584731795,308.33361466472394,513.5625585239823,7.0793578412372185,48.9963153239041,53.92414378354287,53.457422079108134,97.50652887175777,-54.68398512532834,152.1905139970861,406.169317807831,S1,2,181310,181565
-72.94883340680701,72.94883340680701,73.4245406050623,8.344511228967248,-52.90529709109841,-89.98451402940394,37.07921693830553,273.5118282451324,-21.110468777552008,27.758777103858904,32.099921790491706,24.18166840703276,170.41826346995032,-44.184372507307344,214.60263597725765,434.72491194405904,S1,3,181574,181829
-66.35299060552546,66.35299060552546,66.79187877510856,7.644325216253271,-50.711290559634406,-88.00291172089237,37.291621161257964,299.22451621654227,110.02331007284499,128.8468874417477,266.92485915978625,243.1948841527846,981.4928838392124,-35.560710676524884,1017.0535945157372,2111.855213635428,S1,3,181702,181957
-41.30593300978741,43.77076255189,52.020432687355274,31.621911946791197,11.038275579899764,-88.00291172089237,99.04118730079213,289.21384250690903,67.7326298449374,169.48970166166546,281.2736886742818,272.996664438827,981.4928838392124,-182.86157818877328,1164.3544620279856,2080.9362253281415,S1,3,181830,182085
93.70486467986592,93.70486467986592,102.8969260657714,42.510889535657114,139.66248301899364,7.564408974203373,132.09807404479028,420.7073629196175,-102.74187895435156,102.74187895435156,117.339020824757,56.67937999874491,-12.137446417237387,-236.25728105689458,224.1198346396572,595.6274477346267,S1,1,182106,182361
-7.69144621986285,8.786208016954282,11.829984076544932,8.98833568010586,5.298871293935302,-34.23392543320475,39.53279672714005,248.92877644993376,146.89147466246268,152.92963931812034,313.3405330823804,276.776415801342,1022.2342234505866,-18.99585406840121,1041.2300775189879,2233.054590077898,S1,3,182613,182868
-1.0874798474168017,5.498862434298584,7.724472864225641,7.647540036614428,16.52976983181266,-26.174649242877045,42.70441907468971,232.94607944406044,36.86513568794131,42.27235820243964,83.4777620461087,74.89658554925198,402.4544402019585,-16.019116601972378,418.4735568039309,583.6134546081182,S1,3,182741,182996
2.9957389778071195,4.2434661434982495,5.27583572749734,4.342809067917279,16.52976983181266,-6.23652724562778,22.76629707744044,230.29083012754208,4.887563085904006,10.76421451279538,13.588673125546876,12.679265136208345,30.920144906402776,-16.019116601972378,46.939261508375154,279.0260946620219,S1,3,182869,183124
-55.13162278233425,56.64988166345436,60.836152543267204,25.72045150564198,12.132356560128637,-77.8127586197222,89.94511517985084,283.1520031882093,-92.05971102451099,94.1634731112459,101.39774869976888,42.50309456339636,12.532166303663743,-123.48039681410573,136.01256311776947,423.7389910667995,S1,1,183144,183399
-25.85809448920971,26.71751073907948,38.113008902547584,27.999292794511334,8.980793438004751,-75.52532480277296,84.50611824077771,330.9563034257329,-43.19215768525988,45.61025898838527,60.653338474796705,42.58244923239973,34.90637921498391,-115.09530773597426,150.00168695095817,428.9933877888633,S1,2,183408,183663
-19.296524276702456,19.296524276702456,20.844289194738607,7.882166128199125,-1.4329862135497675,-33.13635108274864,31.70336486919887,298.8268928880682,154.21186120547725,155.67347677039356,313.84011895760824,273.33920708685076,1006.9328029916556,-9.55671112833384,1016.4895141199895,2185.4572686392644,S1,3,183672,183927
-28.72651821041911,28.72651821041911,29.834839437756894,8.056351269848752,-11.921638214897271,-46.177021788739665,34.255383573842394,334.1379239181548,19.912877050167992,31.77515124829172,44.771647036319955,40.099597328772646,149.76497738197622,-26.73080138861782,176.49577877059403,430.7998370170834,S1,3,183800,184055
-34.52278669290611,34.52278669290611,34.95129971006018,5.45623958221754,-17.662107913438547,-46.177021788739665,28.51491387530112,312.5517630809769,-11.841277705908421,12.79111190488158,14.30873258451829,8.03268139955841,8.869333741298554,-26.73080138861782,35.600135129916374,347.7958462065141,S1,3,183928,184183
146.39978495939064,159.0879760647605,171.55545686963305,89.43364996237548,203.43115906222337,-38.87671102136152,242.3078700835849,504.0457013227193,-125.46154254490824,126.60119066903073,140.61641619995203,63.501006662653076,14.620030407849898,-177.90082638399235,192.52085679184225,468.751990927763,S1,1,184184,184439
11.812981223098781,51.59148865433873,80.35140183938827,79.47830680240719,202.37420246504962,-35.97776818708788,238.3519706521375,459.2396408954159,-33.64950710580976,36.29025396397011,60.16899204669019,49.88003884772671,40.842411066160274,-160.1213480105239,200.96375907668417,524.3046473771109,S1,2,184448,184703
-11.986611886236204,16.168896968303656,18.81121918378073,14.49769301195818,16.330563998692472,-44.99548858583374,61.32605258452621,306.68816257705816,135.07340137671954,141.80679088391517,298.63897594700154,266.34641765039265,984.5646244469946,-17.888016025958358,1002.4526404729529,2148.0673859562744,S1,3,184712,184967
8.977081066055074,14.868066601706982,16.831928338192196,14.238182015816239,34.22785303743264,-22.69043212948673,56.91828516691937,280.033224487619,22.84693822783865,22.85742483156456,33.75902960479684,24.85335980246683,138.70209117531903,-0.9084759658255838,139.6105671411446,468.4451440600626,S1,3,184840,185095
-148.88083118508814,160.98319961113438,173.24048401438313,88.58195870026256,41.67067411880001,-209.93667968921295,251.60735380801296,529.2430868105916,-108.53216250756465,117.78772877146213,127.63625216687865,67.16980399434416,39.50394360031707,-157.68604107889706,197.18998467921415,429.2185747200917,S1,1,185221,185476
1.8618267146866785,91.67710198405322,105.59267336264834,105.57625807517249,74.9296174590027,-194.6318135105343,269.561430969537,443.2535962912896,-28.015765921618957,40.70483294492152,70.06452805858257,64.21958386580341,48.96126375933706,-158.69137321126394,207.652636970601,531.4660928119149,S1,2,185485,185740
71.38424955209636,71.38424955209636,71.82355759638514,7.931730056254035,90.4380082508405,48.75373429927575,41.68427395156475,299.20109506651977,151.3890448279976,151.49771533298735,309.4567866724496,269.89786943157685,1040.4445215535065,-3.282406591193606,1043.7269281447002,2189.718811071288,S1,3,185749,186004
82.43791902700929,82.43791902700929,82.81930966489735,7.938989851764367,102.02264454111189,68.41740460506809,33.6052399360438,278.32533660323503,14.3714918983964,28.336316643480927,41.00265379850214,38.40153433307253,142.52161941410705,-30.42923880209122,172.95085821619827,408.4196111101512,S1,3,185877,186132
-155.9722699762022,188.56746930873842,196.2291607220552,119.07365164532779,99.33452196319578,-229.61326853590631,328.9477904991021,509.3100773791754,-45.816974991835515,45.816974991835515,46.6022623576873,8.519134900460097,-25.758926378445658,-62.18960629914242,36.43067992069676,397.322584302573,S1,1,186259,186514
14.656655206695781,87.13371626952105,105.15438554886474,104.1279369732798,76.68521064595522,-231.3551747566229,308.0403854025781,540.7855358066297,-52.14366076882479,52.14366076882479,52.93821068767378,9.137439052505963,-23.994206713113154,-70.30928257553947,46.31507586242631,290.8842281853441,S1,2,186523,186778
65.54463081898629,65.54463081898629,65.9891483892852,7.646507434502102,93.30966943988847,40.64542393166637,52.664245508222095,328.4522588199409,86.45491215250856,126.04531488352849,267.77721589015874,253.43674854800895,930.9668580564413,-71.53825288333717,1002.5051109397784,2123.607433947372,S1,3,186788,187043
68.6375939870533,68.6375939870533,69.0053840086273,7.115034353152621,89.52374787288835,52.856487124198665,36.667260748689685,265.46838037349534,-32.87997959289608,32.87997959289608,37.05032182054166,17.077274049930885,-1.7506664410578487,-61.2719640456935,59.52129760463565,279.576544406372,S1,3,186916,187171
-123.59581963080504,165.77566413195314,174.62888869297223,123.36661678076445,98.15740239559354,-213.61359943787912,311.77100183347267,500.7311985258793,4.966749219415972,28.98075276352986,32.656818935564864,32.27691474075083,57.157194076887,-63.347799225295795,120.5049933021828,391.61543729012385,S1,1,187298,187553
-0.009971282805722126,84.0618803731656,105.47013522860092,105.47013475725194,68.89426119623414,-231.75799338872656,300.6522545849607,482.44988315264516,-34.63517900155137,47.14935511973126,49.00290095534183,34.66538154368903,41.981566752047556,-67.50151973014847,109.48308648219603,328.38934511953244,S1,2,187561,187816
47.76913047032025,47.76913047032025,48.1711010622641,6.21008467417175,61.11452320529029,30.06828715022901,31.04623605506128,272.6806959662706,87.96076187778459,155.78633781109886,289.4351430603732,275.74554648853064,962.5530869187837,-80.9651936344105,1043.5182805531942,2159.1212535433206,S1,3,187825,188080
51.22323653109534,51.22323653109534,51.42949660155743,4.601430209083622,61.5320208070197,39.73552193981977,21.79649886719993,227.3272158942243,-56.55368308324026,57.7542832914253,61.080636395447584,23.07650476552504,25.367255092130982,-85.71930360323604,111.08655869536702,332.3362957647364,S1,3,187953,188208
51.37120849368947,51.37120849368947,51.57209818617347,4.54755420222831,61.5320208070197,41.56586008737297,19.96616071964673,219.25218683096193,-64.39503968768148,64.39503968768148,64.85594892993765,7.7183531419991995,-49.24433478200255,-85.71930360323604,36.474968821233496,288.42841206377125,S1,3,188081,188336
27.690875311982197,41.278027423889476,48.373340829604565,39.66352893368595,46.36062620166888,-190.1208620330054,236.4814882346743,476.89181152874664,-37.06351306959355,42.30264627888974,43.235854030517935,22.26286308380667,78.13246293589205,-52.47266641666402,130.60512935255608,331.5065457900798,S1,2,188599,188854
39.82065732722111,39.82065732722111,40.78772378506668,8.829137080990764,56.396888332387284,15.812597257736439,40.58429107465085,290.6183642964269,81.1319488250645,129.2990772180649,259.8655419354605,246.87589344700643,921.6789695035219,-60.5272153558983,982.2061848594202,2099.244241049709,S1,3,188864,189119
46.740544586632836,46.740544586632836,47.04357917608834,5.331025552544336,57.613186728186584,34.33199783525001,23.281188892936576,233.36346288290423,-44.53326903074241,46.69309602108228,50.384098579259756,23.565766252767688,24.362425612149504,-76.30470144711994,100.66712705926945,296.8664800895665,S1,3,188992,189247
40.59568883422905,40.59568883422905,41.703719073931424,9.549357709911293,57.613186728186584,23.41081540772316,34.20237132046343,246.17445057859868,-65.39701851969838,65.39701851969838,66.1304696534159,9.821862619462282,-31.73760515191462,-81.47723984539206,49.73963469347744,295.00668903761846,S1,3,189120,189375
-3.5059299746301456,37.47004830129093,49.34679579382712,49.2220957511021,36.255396713691916,-107.00954444696713,143.26494116065905,355.2783908636546,-17.022220780824384,17.022220780824384,18.970090321351417,8.373071508658049,-1.3764820550873946,-35.5037675530105,34.127285497923104,338.58123619583876,S1,2,189638,189893
17.734277379951422,17.764428340011634,18.51093661351953,5.30567433232395,29.015019666946856,-2.0002749897026657,31.015294656649523,358.3936066606254,121.74795250713143,125.37873719617883,264.045894806545,234.3025194583069,942.8410691043413,-14.708782953267862,957.5498520576091,2063.681272542266,S1,3,189899,190154
21.352986764114455,21.352986764114455,21.996963198709295,5.283592169814398,33.68037503650186,10.93570244470149,22.744672591800366,262.0600279579674,8.910295726871018,17.762053934395237,28.23049693332064,26.78745204684332,110.58240664656778,-22.652257480411034,133.2346641269788,398.6416023159236,S1,3,190027,190282
19.671183425653346,19.671183425653346,20.630185372055383,6.216839319112972,33.68037503650186,3.1744244791630343,30.505950557338824,270.7833787764923,-13.065269077074872,13.200914544610729,16.95479400387278,10.805729205259196,3.027336115152836,-37.40940783538835,40.436743950541185,308.0310109341025,S1,3,190155,190410
-68.89532337321535,78.57567844400818,85.78218190594181,51.10789713776313,30.42406259152686,-114.99861464839995,145.4226772399268,461.9816335978172,-45.38334633244928,45.38334633244928,46.73633038686308,11.16406976415791,-15.827454214517868,-67.33543936135824,51.50798514684037,342.4010493748218,S1,1,190435,190690
49.448781698381055,49.448781698381055,50.727875770827126,11.319689428881265,66.05370381325223,22.66371236072194,43.38999145253028,261.89313711520305,-29.99918631826126,29.99918631826126,33.12312879195975,14.042452820323076,-1.046090630856336,-53.010206801997676,51.96411617114134,344.3843151964038,S1,2,190699,190954
61.10160409957281,61.10160409957281,61.70578171180693,8.613795512097644,78.93711222337043,42.083313860876856,36.85379836249358,270.03885765658276,87.77693534133145,97.89762990226511,231.7412124020727,214.4742388905164,904.6633440511498,-25.98104477511234,930.6443888262621,2019.5674063195897,S1,3,190963,191218
68.23018430715058,68.23018430715058,68.57689479808712,6.88712200851505,81.46672640219798,50.752195503354365,30.714530898843613,252.5020602248988,-5.212372210217524,7.002733678078546,8.20574106680875,6.337614882403608,12.657126882787944,-17.797190559684456,30.4543174424724,275.4382302532595,S1,3,191091,191346
-191.22446733575373,216.71467786006687,234.72106406658858,136.1145877880429,64.56199906690546,-285.4570236134605,350.01902268036594,536.5823260529628,-82.82801675563732,82.82801675563732,89.90954640646457,34.974936387991725,-15.114365380383317,-119.94676074260089,104.83239536221757,348.3218580979511,S1,1,191473,191728
-21.79919075306786,94.77745112560885,129.55415734167303,127.70698871644548,60.961269808435645,-274.9809713989614,335.94224120739705,552.5732463432452,-43.93997285344634,43.93997285344634,54.81770878379329,32.775905509126154,-7.884429190858113,-122.83430505334472,114.9498758624866,405.18875400493096,S1,2,191737,191992
38.191547070214774,38.191547070214774,39.02959236645835,8.04455173862865,55.02450117291391,21.39665961996506,33.62784155294885,296.3240503234282,113.6443137247572,133.47153758165283,275.3975526434487,250.85609811210503,949.5403766647431,-42.08677833332926,991.6271549980723,2114.6203055862666,S1,3,192001,192256
28.981146596670733,28.981146596670733,30.187777581069874,8.44955958771965,45.8984232295785,9.074686655284447,36.82373657429405,234.67591890144948,-16.69499509439721,25.356263321894136,28.590515391916778,23.209797697814672,59.02290096178819,-48.4977699551243,107.52067091691248,340.3809418518948,S1,3,192129,192384
18.886398137558366,18.886398137558366,19.573304099627073,5.139863691393961,30.31709515148761,7.086669646850804,23.230425504636806,239.20564497590487,-38.82609080257879,38.82609080257879,39.736919696596644,8.45916425917344,-21.55907056251732,-56.370348697235116,34.811278134717796,279.5130060781431,S1,3,192257,192512
27.59253359067607,27.59253359067607,29.308118487066984,9.880177088462048,53.15087569577806,16.499568931956077,36.651306763821985,292.52579118559584,-41.16031123417781,59.86086895291568,61.39383936082498,45.55252232937709,80.09420824414411,-84.7958283185207,164.89003656266482,512.1911306818174,S1,2,192778,193033
21.915087252101678,21.915087252101678,23.47253928223235,8.40767810330006,42.16034716786936,6.033801863094449,36.126545304774915,319.9044735142656,97.19347553526617,134.937030875687,272.0437630192318,254.08903422036843,976.1998568906135,-58.4329675811851,1034.6328244717986,2208.6871281342887,S1,3,193042,193297
30.5593452718369,30.5593452718369,31.692579554523782,8.399167540683928,46.55099576068999,12.101917501356946,34.44907825933305,320.2369609943454,-31.467768201448255,33.611126488501846,35.786218776662935,17.042095491784586,21.235429549466993,-51.59209873676443,72.82752828623143,382.99383342558156,S1,3,193170,193425
37.57810970450842,37.57810970450842,38.04078972422464,5.9150108942085255,48.430012995588164,22.412912464832637,26.017100530755528,277.7490095666974,-39.28345100115715,39.28345100115715,39.681580675137035,5.606988703136012,-25.93675849746921,-51.59209873676443,25.655340239295217,366.0079043264481,S1,3,193298,193553
2.7515633125274377,98.17489237970132,117.22385328356842,117.19155548922765,79.57320431417088,-230.69853658390824,310.2717408980791,549.2689824637253,-29.521453842132317,29.521453842132317,37.64246771930869,23.354638491016036,-3.7581726782549025,-86.99475011291915,83.23657743466424,372.93309787074213,S1,2,193816,194071
66.47705051178727,66.47705051178727,66.96161407459475,8.041114022835986,81.66297581809916,49.28841867198172,32.37455714611744,241.83606473238552,103.47367742186752,116.79838437705504,243.08659279025468,219.9642918184004,878.2463200418186,-24.368922284829384,902.6152423266481,1920.7711583641767,S1,3,194079,194334
77.74872451193599,77.74872451193599,78.25590723437058,8.895102801064116,108.04793585360056,62.42123343935987,45.6267024142407,256.4831959657384,-13.832313693956152,14.31432785287316,15.853024738201542,7.745030098199957,6.692481841736241,-29.461049123847925,36.15353096558417,297.4250453362431,S1,3,194207,194462
85.3139769668865,85.3139769668865,85.79588537555581,9.080709304292917,110.17134846470462,71.99253660072738,38.178811863977245,302.0447704141701,-19.764345914914642,19.764345914914642,20.557389918043413,5.654813064820962,-4.480573498491533,-33.75696374979517,29.276390251303635,308.6430592096319,S1,3,194335,194590
-134.9897151965217,157.2358387823376,163.50936579659376,92.26640501486041,77.30183421589467,-191.4234863848409,268.7253206007356,475.10217270409635,-11.601054657117713,12.039970834304778,14.201701060996916,8.191693589758367,6.828090075251335,-32.62526750692199,39.453357582173325,293.9754343847177,S1,1,194610,194865
17.457052291010566,17.537993367080926,20.193052100113817,10.149417639787702,41.7713342543075,-2.987870184264948,44.759204438572446,353.51500552731466,91.02792471970007,129.70668247625468,265.2427112953016,249.13372476745764,956.6867363071271,-54.85618749267704,1011.5429237998042,2164.4909725074926,S1,3,195117,195372
9.679349547987984,9.737747259157004,10.971587872397894,5.1658428905274825,23.738299195947178,-2.987870184264948,26.726169380212127,242.6085440663007,-38.096952042653626,41.5703328865509,46.52152454969249,26.699709576836046,37.25102319929634,-75.64144467715289,112.89246787644923,352.4731414089557,S1,3,195245,195500
3.973213270791996,6.151242278040012,7.277499089196063,6.097177158165236,18.565329802216493,-8.86988104060576,27.43521084282225,213.6537108985346,-62.0409612860238,62.0409612860238,62.96614378440284,10.754272908206737,-36.97333758754075,-82.7847746299114,45.81143704237065,318.15073770522054,S1,3,195373,195628
59.727023219923936,61.970697870921384,67.02415434711243,30.41249682667008,90.79700704236262,-12.609342561030877,103.4063496033935,303.6109073373452,-1.9789750931251717,18.59645652282984,27.465233246524416,27.393844105323744,33.91952252912992,-67.1917099921768,101.11123252130672,454.87569480017453,S1,1,195648,195903
-25.44450984352453,38.74841734170208,40.89577733066599,32.01626965001073,71.70761708960485,-60.5634505453026,132.27106763490747,342.6128520467197,-34.31202981133578,40.75429559773346,42.29155296145677,24.7236741225431,45.58978888233372,-61.0251001682546,106.61488905058832,359.23207111822603,S1,2,195912,196167
-59.91128637307075,59.91128637307075,61.00829462496983,11.517368543683475,-27.986114383695234,-83.76160807401759,55.77549369032235,318.1625318694663,152.09813875251322,178.15293074857956,355.85103690365315,321.70812338737477,1055.3788046400646,-54.30908281627449,1109.687887456339,2282.4536119134555,S1,3,196176,196431
-58.17494679632423,58.17494679632423,58.45775911728402,5.743271390004835,-44.85253098820161,-71.70629032370067,26.853759335499063,217.41042644124005,-22.922310413234648,25.22003762688392,26.81887136525313,13.921908871462579,26.59940292764842,-46.367624428825756,72.96702735647418,279.61970849836257,S1,3,196304,196559
140.76644583085888,161.1392007121301,169.57134235384868,94.54759582260155,203.51229929087793,-69.47959510808188,272.9918943989598,476.7994919571912,-139.67995163776868,139.67995163776868,149.4583469649354,53.17244199735066,-21.61781996667435,-202.14658286839753,180.52876290172318,394.4832550663824,S1,1,196685,196940
-19.31377318859194,78.85633714934059,91.85146412183016,89.79793776331103,194.9413464129057,-74.7655953894997,269.70694180240537,486.65872119464643,-50.95909817094062,50.95909817094062,76.33945673138396,56.840856499944486,-5.348000610389682,-193.69616862961487,188.3481680192252,524.2445552237762,S1,2,196949,197204
-70.58618261252093,70.58618261252093,71.98545501066299,14.124325020475602,-19.649600476335934,-96.58536093954888,76.93576046321294,392.23932165514907,210.4155677762671,214.05547576829886,386.6490230804173,324.3805726094463,1078.4142122547812,-25.675970148707744,1104.090182403489,2342.1680978139048,S1,3,197213,197468
-74.1610222926644,74.1610222926644,74.39120593081624,5.847588592577401,-61.34236525619168,-87.97247768872458,26.630112432532904,257.98744054910094,8.172664996698096,24.916873494215473,36.97254621716252,36.05796334559072,141.39856586510467,-29.64470618063997,171.04327204574463,408.2026316196372,S1,3,197341,197596
194.03362716389623,216.56370116578012,228.2664268058736,120.23524082540598,277.3724139059202,-76.39883487696635,353.7712487828866,524.7794404649438,-95.0121423813627,95.0121423813627,98.67777936391423,26.64576777458283,-38.42136515838146,-124.29319802869246,85.871832870311,383.0120057721217,S1,1,197723,197978
-32.484880973225096,38.275791738162226,40.51030017346676,24.20365526733058,161.71301411806786,-48.23459203420654,209.9476061522744,444.05231017576807,-53.253657441941066,53.253657441941066,54.230073213236594,10.244452633957394,-35.28565659127011,-94.19593550208603,58.91027891081592,356.95978579739756,S1,2,197987,198242
-27.880444672274905,27.880444672274905,30.26814727330852,11.783104185014743,-0.5197405671358156,-54.298665031722244,53.77892446458643,327.8720563234471,156.1090677263316,190.70256497322248,347.5724698949901,310.54239775354256,1003.3299506947444,-61.271630613678134,1064.6015813084225,2241.3267664165946,S1,3,198251,198506
-19.008578979595917,19.008578979595917,20.4151317245411,7.446578308648126,-3.575773114030185,-38.83550534665334,35.25973223262316,240.30893196283898,-38.39100284933496,47.350650640754594,53.0440579502942,36.60331930380802,75.64082917337404,-79.05786152831773,154.69869070169176,347.7569455163492,S1,3,198379,198634
2.928448036273652,18.415527292912145,20.795831287394012,20.588608283043335,26.58314363515954,-47.361026741606835,73.94417037676638,340.9650949527833,-23.352558103894644,23.352558103894644,25.85237024960099,11.09067525115938,-6.740662954050395,-52.45631498584349,45.7156520317931,435.82540271945373,S1,1,198761,199016
-34.67337933602061,34.67337933602061,35.049436233647576,5.120522016059124,-25.410528346565346,-61.520200332934614,36.109671986369264,260.3724001940082,-6.518491483762383,16.746975334545485,35.91875735861664,35.32232153983221,357.3007972937489,-28.36094999923028,385.66174729297916,666.0897283132554,S1,2,199025,199280
-50.110945199953704,50.110945199953704,50.54135154550119,6.581898450536324,-36.03547662194735,-65.11705324469513,29.081576622747775,248.31777479051215,78.5166789393036,92.22797700216586,205.48701586852226,189.89482567698533,947.5859553132204,-31.223203982742625,978.809159295963,1135.6267318988237,S1,3,199291,199546
-50.93542236769731,50.93542236769731,51.3611969912713,6.599644278327124,-36.03547662194735,-65.3492409774754,29.31376435552805,222.7828261556652,-20.57172151689356,21.807540636568923,24.30804708469299,12.949340790288515,8.18483051458591,-48.36418422456535,56.54901473915126,401.6798874527291,S1,3,199419,199674
196.18918740523378,220.78965584046495,240.59184369688793,139.2631968566779,286.8671876940512,-63.151998760217474,350.01918645426866,570.5558495327101,-130.99851143245036,130.99851143245036,146.63149170714973,65.88007561278366,-4.064924751752455,-182.66827193379754,178.6033471820451,366.941345190997,S1,1,199801,200056
19.054712515919274,87.39235638644975,125.09913247699014,123.63943900483856,285.2277080582233,-58.92741825430292,344.15512631252625,555.8981488179174,-46.48906146753952,46.69238743829096,72.07894575521519,55.083042627024376,4.378569027938061,-168.45467256190182,172.83324158983987,440.9475164748847,S1,2,200066,200321
-54.22748438165351,54.22748438165351,56.162421130420405,14.614974679013898,-2.2858526323963346,-78.88894950513333,76.60309687273698,398.25031478327,209.33724345542947,213.23859435793764,399.37329016923394,340.11313324110466,1142.2026248225993,-35.835779136214995,1178.0384039588143,2406.820947717878,S1,3,200330,200585
-53.59116981938084,53.59116981938084,53.765421774105995,4.325170047269265,-42.05046179161276,-65.67898241371078,23.628520622098023,260.7858578810247,-4.176682630584418,37.63278701765431,43.42229099345177,43.22095183268616,133.1183286601286,-51.74249756169877,184.86082622182738,321.6044228780058,S1,3,200458,200713
-48.817273219694144,48.817273219694144,49.67461886759143,9.18921079495965,-21.059987668008134,-62.36387997287433,41.303892304866196,263.1650842849864,-30.25376549584694,30.25376549584694,32.055248820466225,10.59474635205122,-2.268707645676939,-51.74249756169877,49.47378991602183,280.67535716620097,S1,3,200586,200841
-7.968911715317748,14.018304648817569,15.31689499203474,13.080661996645675,25.652967891944915,-28.72008963942566,54.37305753137058,361.07548630161426,-45.432158289876796,45.432158289876796,49.92889443947978,20.70781236809659,-16.792184807742508,-88.3077477659425,71.51556295819998,369.84834452178956,S1,2,201102,201357
-4.938112877072216,6.18628609352082,7.387076634311052,5.4939914829273135,6.323675460051875,-15.62307004916341,21.946745509215283,274.44782621445324,97.38863071192888,127.09561707817836,262.36307656655885,243.6182229504303,937.5111697462705,-60.59973833553014,998.1109080818006,2106.17545956723,S1,3,201367,201622
-4.839457280823462,6.272018115733946,7.742938368505862,6.044232606838109,10.85638384202725,-19.675809185503635,30.532193027530887,273.92016356502455,-13.393430382102618,29.52931289568848,34.58070981171989,31.881679906839143,77.96345129253046,-56.371211379531296,134.33466267206177,350.2399858463665,S1,3,201495,201750
-5.176318041327036,6.230060497511335,8.00118217826076,6.101200519959153,10.85638384202725,-19.675809185503635,30.532193027530887,243.29428750809222,-39.58304568928823,39.58304568928823,41.262923529258686,11.653812772701057,-8.506168721624691,-57.56346741358449,49.0572986919598,296.46932786120385,S1,3,201623,201878
13.801950649578968,15.096554825207802,17.221212105037516,10.29933515491546,28.83988009911008,-11.225980626505516,40.06586072561559,250.44973307063526,-31.815044953431975,31.815044953431975,32.97730372380795,8.677872752200303,-12.48676026315573,-56.21007624816714,43.72331598501141,346.753543831866,S1,1,201897,202152
15.770363245400153,15.770363245400153,18.027592618266347,8.734399734286454,37.12710600434993,0.4911921309531729,36.63591387339676,248.12416862603763,131.9933285924455,143.98172971345605,308.8731650014006,279.24969698294956,1001.5478301777991,-42.65548073905528,1044.2033109168544,2199.386764953594,S1,3,202405,202660
24.745877079699248,24.745877079699248,26.513728675227423,9.519420981340849,42.9580807433704,7.500031854590663,35.45804888877974,215.83304817146302,-10.183107917361419,14.584180706730649,17.31491141451723,14.003944816941765,21.78487536789211,-34.452205178691614,56.23708054658373,303.3879521805091,S1,3,202533,202788
29.211259283010357,29.211259283010357,29.668580165455886,5.189121325891648,42.9580807433704,19.592040390591432,23.36604035277897,223.34182597457192,-20.481128337437543,20.481128337437543,21.162479712719175,5.32671846605989,-10.560642321287133,-34.452205178691614,23.89156285740448,292.4426890616041,S1,3,202661,202916
-67.09631079616453,76.46477692245348,80.33656955746362,44.18200409449175,36.13095019227903,-98.49558125268801,134.62653144496704,337.2662252261794,-94.44120722778663,94.44120722778663,101.75599228687699,37.88324621313792,-9.91426017459731,-127.17708301809833,117.26282284350103,364.58100765203267,S1,1,202936,203191
15.112368604115053,15.950505739229474,18.45227801724827,10.587864713868477,36.37764158364203,-11.13687735954581,47.51451894318784,255.76300641503343,131.27271620668944,150.50011525681475,290.3442398618979,258.973457328548,953.91079525299,-56.99487743134671,1010.9056726843368,2120.4812373730065,S1,3,203443,203698
17.41666253017672,17.417940711196522,18.163910489225874,5.15630784288022,27.558099308455866,-0.1636071705349595,27.721706478990825,238.70998112445898,6.2849526482531495,21.755767345683235,28.90612823927203,28.214599412262718,93.08790745564053,-31.7091316879699,124.79703914361043,397.0222726841319,S1,3,203571,203826
17.203089421724982,17.203089421724982,18.050200347948657,5.464745826588814,27.163957613934553,3.679687119515804,23.484270494418748,215.94842433657192,-18.6028784351796,18.777620066159592,20.36740354660081,8.292408646226797,4.041533723460472,-31.7091316879699,35.750665411430376,394.63586972139177,S1,3,203699,203954
-29.243241236090334,32.07852881168789,34.364606991034634,18.04879651544924,18.320855461245163,-49.56005835617242,67.88091381741758,303.56753641752675,-39.21709010019363,39.21709010019363,40.12562414868131,8.490321395243598,-19.959927034101103,-58.64221411435012,38.68228708024901,270.2225901295253,S1,1,203975,204230
-4.71089841031535,7.2461134314314535,14.40131517459092,13.609015942587142,8.677872267456276,-48.07257931315856,56.750451580614836,306.7539594206511,-37.407925709862276,37.407925709862276,37.895589169257,6.05993172985744,-15.236079598173896,-49.82294087526179,34.5868612770879,329.3586052738325,S1,2,204240,204495
-3.472072979633747,7.894478577444667,10.20200031398759,9.592993257096563,35.444899017177974,-21.939757658850652,57.38465667602863,270.1338644573771,123.26264327573566,155.65924511559305,318.8888406922568,294.1027260851729,1023.2337578988507,-47.912194954217455,1071.1459528530681,2291.8783778499974,S1,3,204504,204759
-2.016108627405371,5.745746389650385,6.706787765707271,6.3965856624251,12.686633331157164,-19.032755734880702,31.719389066037866,196.9578422091408,-38.87645940143474,40.911993923794775,44.2645782034209,21.165391277634384,20.20623625697058,-64.25873526853937,84.46497152550995,340.06304945536635,S1,3,204632,204887
18.0810938827885,18.0810938827885,18.495162825494134,3.8916695573144966,28.94122252534786,7.1791755956762575,21.762046929671605,212.23721916826227,-62.05003370715139,62.05003370715139,62.5567976610282,7.946461510898939,-47.220594036840914,-79.45159934447734,32.23100530763643,318.59156758655956,S1,1,205014,205269
32.26670246303901,32.26670246303901,32.82966759481004,6.05367545772256,47.41811190879535,14.517916564617256,32.9001953441781,327.6687098901074,-79.6898588664277,79.6898588664277,79.88452491227609,5.573483139733524,-65.61572271665425,-94.0565084960742,28.440785779419954,294.98830380673775,S1,2,205279,205534
37.96734549004593,37.96734549004593,46.34291301161149,26.573412705960045,129.53939132180827,9.200874756034272,120.338516565774,461.65527351519347,244.35463192666504,281.8127732780501,468.21696977243903,399.39697625153497,1098.9160475091157,-71.79462426049126,1170.710671769607,2396.9355867154245,S1,3,205543,205798
33.76702518574743,33.76702518574743,34.614423567520305,7.612248617642767,48.36610825201822,17.43618090447123,30.929927347546993,249.8974208891579,-31.459126181833494,51.20483339224828,57.82201615829941,48.515038209673875,170.6052507180584,-67.43297597881427,238.03822669687264,422.5098122473497,S1,3,205671,205926
-183.8414027230873,196.93515144559984,225.45555265362037,130.50879229828544,45.95237213913068,-288.1005019372353,334.052874076366,788.8490174148449,-76.09371762675615,76.09371762675615,80.05813393090146,24.880734439273628,-20.012991794301488,-101.63299377004964,81.62000197574815,330.0541893677714,S1,1,206052,206307
3.47829917951841,6.319894365710658,8.086345071277096,7.3000281800503295,23.108981834041114,-12.057385898963236,35.16636773300435,281.6538245633946,-58.09437652701496,58.09437652701496,58.826178926929124,9.25001313947678,-37.84200897222569,-77.20909304267722,39.36708407045153,372.0898595950058,S1,2,206316,206571
-1.039246966272377,9.15046570095293,13.822147556765929,13.783023210606009,52.001448015935786,-15.94771861350869,67.94916662944448,348.7770167775802,133.44998220615224,163.0910224643691,325.1463027866518,296.49826384821665,1018.866786802717,-48.37001879567126,1067.2368055983882,2248.8302266423807,S1,3,206580,206835
-6.9177221019017985,7.875036952804907,9.251514518976592,6.142934300128404,6.883334741667332,-18.756630064414423,25.639964806081757,237.25367856396076,-30.556132353036993,36.77530092940017,40.75457398935371,26.96772286785431,47.11948880206786,-65.26396333019369,112.38345213226155,363.14047977253784,S1,3,206708,206963
168.54269078800036,180.29917990982298,195.99318543436462,100.0334450004084,230.40892680693622,-37.483033432042895,267.8919602389791,446.44900285709735,-43.65128863618341,43.65128863618341,45.834427348448315,13.977114536297998,-2.7282141507578794,-68.07763298828677,65.34941883752889,339.77805188534694,S1,1,207090,207345
12.499864952906005,73.80425028737793,101.53481408372824,100.76245256630254,224.57978351462162,-51.81980238779839,276.39958590242003,483.3830456369767,-19.53798519443912,19.53798519443912,20.999080861275594,7.696007507810061,-7.579119091247228,-39.20553532294074,31.62641623169351,372.6240531576058,S1,2,207355,207610
-46.5041230851802,46.5041230851802,47.545410440368805,9.89608963285705,-25.617686729226953,-70.32548075531375,44.707794026086795,349.53778066545283,150.69161311155318,166.50622795213704,325.76941308398887,288.82130849181567,1026.047846530977,-35.152904563872276,1061.2007510948492,2238.41802524712,S1,3,207619,207874
-56.21627385199524,56.21627385199524,60.67603916973939,22.832264091088835,-28.014023826268833,-104.85604784346523,76.8420240171964,402.05098401031125,-8.59768684583928,29.539998711274762,33.08429414741803,31.947618066669087,70.90396365888017,-49.325482066814345,120.22944572569452,336.640714028445,S1,3,207747,208002
-79.00948401943009,79.00948401943009,79.33038398956568,7.128201660682685,-58.80958240737135,-95.15145299419866,36.34187058682731,380.25805721953293,82.72295375379497,125.10748818914038,251.91010210499113,237.94035484716449,884.3197732404964,-61.00935465890519,945.3291278994016,2021.6474561723066,S1,3,208576,208831
-84.6279672425925,84.6279672425925,84.83090901412845,5.864323025723379,-69.28754771043543,-96.70651525253429,27.418967542098855,335.1769916573456,-41.14938694848831,42.53879439053092,47.23287665348033,23.18776812732237,18.85318058748663,-74.42110317522864,93.27428376271527,341.3712456743525,S1,3,208704,208959
-82.97486966722533,82.97486966722533,83.218792494921,6.366979505204027,-67.34058332880488,-96.70651525253429,29.365931923729406,271.96827111360574,-59.50955527377333,59.50955527377333,59.935520522167394,7.132983343655432,-40.50881010280732,-74.42110317522864,33.91229307242132,312.0673958052997,S1,3,208832,209087
189.97053292029693,212.58629432238837,225.15829702338868,120.86130621688193,264.96131693586926,-79.04255883454415,344.0038757704134,532.9168580755564,8.724822329788072,29.297381470804453,35.07524331080492,33.97278570599998,71.2207846591252,-68.89002047190638,140.11080513103158,510.6550537631317,S1,1,209106,209361
-17.673098575014777,17.791640791431078,20.387519988851135,10.164278530895107,3.1510658902801794,-40.21516875849805,43.36623464877823,303.5191618830864,101.15115031020956,109.65093158617398,255.2499098115623,234.35221622534763,927.9945828705348,-20.171184592892146,948.165767463427,2105.272934514708,S1,3,209614,209869
-2.4418264663144713,9.861974353667286,11.994305523472985,11.743119198016375,19.08053898427466,-27.566804332780816,46.64734331705547,253.42738125313107,-2.027328550294425,10.21808413370279,13.039405947286758,12.880840283432535,51.7429256526182,-25.698196880430615,77.44112253304881,457.89755548364406,S1,3,209742,209997
15.67046149713908,16.471378924928594,19.243678344286344,11.169413265030393,34.95024335643682,-6.7538651728579175,41.70410852929474,224.2476029842046,-1.2552286011401592,7.434296346007688,9.083457272036313,8.996310197619303,12.00265353197011,-25.698196880430615,37.700850412400726,429.337277944917,S1,3,209870,210125
-148.42448864176768,157.4677531673056,168.24156840792656,79.21740030945732,34.626961084752566,-199.8172656970773,234.44422678182985,497.2249451417721,-107.5218494760375,109.51677991105309,119.3109361532632,51.71219750716826,14.604660134558678,-160.0166252780959,174.62128541265457,553.0247007377935,S1,1,210145,210400
73.80317040512725,73.80317040512725,74.25804067385427,8.206621891591151,92.44515833593464,60.15778073329926,32.287377602635374,329.8689255760374,86.66261420731337,117.44969644038204,248.35067995367694,232.73944988378753,883.3238994962983,-42.20030072329049,925.5242002195888,2042.3450544212355,S1,3,210652,210907
67.83269729866346,67.83269729866346,68.46865837608645,9.310336030945887,91.25483012403517,52.92633829802243,38.32849182601274,321.0405556245689,-26.065133295262356,31.41938010471165,33.89922874826488,21.674098274839356,48.08405785922843,-60.54095035342614,108.62500821265456,348.24349617328676,S1,3,210780,211035
58.66674362924272,58.66674362924272,58.95262164766001,5.798688737366417,74.53901499169612,46.3274625536127,28.211552438083423,302.3161545997049,-49.840996014757124,49.840996014757124,50.978915116273285,10.710971136603886,-26.021485323224113,-68.48349359064362,42.462008267419506,315.7223369792624,S1,3,210908,211163
-97.9806340033772,116.51856717872455,121.74829245351437,72.26646577523151,58.4135425026026,-146.63349105720124,205.04703355980385,417.5644658583127,54.316853448821675,71.27901821735537,73.28577414915992,49.19841586942516,135.5073639918409,-62.751542719522085,198.25890671136298,540.2578380806272,S1,1,211182,211437
-17.31405027703276,38.72463889418786,64.93437667051091,62.58351968843055,27.555305868970446,-155.24578940444536,182.8010952734158,448.35187541340576,-43.816916721635764,72.69807747366431,74.48975099095638,60.239528647756885,90.33058594249384,-97.29651379255564,187.62709973504948,483.80800375087347,S1,2,211446,211701
-2.1610706940301623,10.11508814767818,12.135408826281513,11.941437134465652,28.10571746737349,-31.081692747224075,59.18741021459756,372.14093632813587,70.71288149965903,151.00721215101132,267.59159865377967,258.0793522544969,855.8931425656958,-82.91550354597541,938.8086461116712,2022.6180469316548,S1,3,211710,211965
-7.748952649473928,8.379704096579822,10.566298637703808,7.183341822393831,3.9973081705968254,-31.081692747224075,35.0790009178209,302.69986143119013,-43.93617887787385,45.09811388478002,47.73880447641977,18.67098386398822,25.829556490822206,-74.24629379590634,100.07585028672855,372.81625484245296,S1,3,211838,212093
93.35313560380979,99.46757530228645,106.48466789577402,51.226717343686865,132.84630585613854,-26.65250344833775,159.49880930447628,361.0319765966059,-7.328726310886203,13.976455003887342,21.64327446050172,20.364702306508935,44.978591040018756,-59.96415317880296,104.94274421882172,487.91766693598385,S1,1,212220,212475
9.685182341485556,29.104136811368207,47.950813878995866,46.9625147822205,122.85863273815654,-22.68001112870903,145.53864386686558,390.6964104206345,-45.98329709757111,46.227188989134234,50.783525654127295,21.552328549368248,6.965111934490017,-71.68078122616932,78.64589316065933,431.2779769533191,S1,2,212485,212740
-11.4457976859578,11.970680817499332,15.331320482058592,10.200152109439953,5.882045152333094,-35.19763052818976,41.079675680522854,271.19341701398196,73.73231007104569,122.07725824107894,250.39128393098784,239.28924238292814,897.3428124598341,-54.92997544694723,952.2727879067813,2062.74023335916,S1,3,212749,213004
-0.03789818271743073,4.9023158081932445,6.127772692703953,6.127655497920471,12.980004743589587,-14.067660996305401,27.04766573989499,229.40299477773254,-44.0118771968892,44.0118771968892,44.78892079881691,8.30674978127056,-19.327153432115868,-60.25093252452697,40.923779092411095,371.26434789765534,S1,3,212877,213132
-66.66557789791125,68.47798895236076,74.82231158197537,33.97173875455497,12.559666176022777,-93.4174937634983,105.97715993952107,328.7571841905637,8.838052892687475,28.725967782068174,33.153437854198536,31.953704990474314,62.58167497147311,-62.02580680833126,124.60748177980437,438.9569130975312,S1,1,213258,213513
-12.27990993735201,15.366820142612065,31.51569220186548,29.02486290912066,9.577650877805084,-87.19541270388615,96.77306358169123,312.2766087478973,-29.544628649022314,37.501310028350204,38.88226742436419,25.277374033928897,41.22327053246905,-57.601392028875495,98.82466256134455,394.28584169791935,S1,2,213523,213778
-25.528129778215504,25.563898388273564,27.26593107513711,9.578391692800762,1.756852741964468,-41.626611948613615,43.38346469057808,319.7728763413393,121.13657842466611,131.76125499394075,276.03972313258294,248.04003329034967,922.077073051199,-34.51170955485813,956.5887826060572,2088.367663100093,S1,3,213787,214042
-33.09095120645432,33.09095120645432,33.72521800183448,6.509936829441595,-14.982473308588494,-49.37895611933234,34.39648281074384,302.1638594825313,-3.3765869657222556,17.976874145035026,20.624048008989575,20.345761640696114,59.916966462937495,-30.154194410995814,90.07116087393331,358.7534179229179,S1,3,213915,214170
180.50021500762853,208.58129419887538,224.50825441865956,133.5051635118037,270.2060390804554,-76.34474357409766,346.5507826545531,548.1668579981692,-101.36761212934222,101.36761212934222,112.83790593474573,49.568137214684185,-1.7945764846396064,-148.02720292092877,146.23262643628917,471.1393592179092,S1,1,214297,214552
-0.5471030457826629,108.32737814460172,128.89191108847322,128.89074994853658,255.32670405286441,-90.00051595726075,345.3272200101252,573.1561399985508,-42.76004664548161,43.57963563904255,65.46169867030905,49.566242581807415,13.868334065584296,-146.61597808651845,160.48431215210275,481.49560021831763,S1,2,214561,214816
-88.5566521177598,88.5566521177598,88.99326104580987,8.80453731105326,-70.43788367276342,-106.04033547275935,35.60245179999593,318.9615195207856,110.3972270555608,121.0779271201618,264.7253172258335,240.60745175235357,927.776335748893,-37.303721076526486,965.0800568254194,2106.630894725732,S1,3,214825,215080
-92.93741638221626,92.93741638221626,93.44125494581098,9.690446947721497,-70.43788367276342,-114.07829731691795,43.640413644154535,279.9503304493599,-10.36122242753257,18.214745981472944,21.14188201755159,18.42889701125022,42.53461688328202,-36.50850127325538,79.0431181565374,408.17704123398363,S1,3,214953,215208
-95.96928874043444,95.96928874043444,96.44760500608103,9.593546271538676,-72.63350492984979,-115.25128363567357,42.61777870582378,268.11505314972896,-32.34409396375996,32.34409396375996,33.64076964231508,9.249917177508914,-10.976833336706248,-47.88757706255352,36.91074372584727,370.47736555500677,S1,3,215081,215336
18.376309371013853,97.39864671704225,123.7557013178313,122.38376061622334,247.51297263222216,-69.19260973432235,316.7055823665445,531.8566200355737,-5.367528925688557,19.397891979379118,20.78097318621513,20.07581828464506,35.944149993498044,-33.502690078515876,69.44684007201391,331.8929554261554,S1,2,215598,215853
-51.76866400687202,51.76866400687202,52.523551222367495,8.872928487948917,-31.51578275651912,-66.34406074856328,34.828277992044164,256.83941856495136,112.55487469205775,135.39830915862433,278.1182366043658,254.32489794547672,932.9365615823896,-50.260316212310514,983.1968777947001,2038.7485946240881,S1,3,215863,216118
-38.51755097043241,38.51755097043241,40.373055631110255,12.098838300963655,-19.625131867864457,-59.42539804354946,39.800266175684996,224.1463513498969,-33.06406221881553,40.26794986572641,45.28951686644849,30.950090914028298,46.82425589539715,-77.65420607318912,124.47846196858626,337.94192193538106,S1,3,215991,216246
-26.250449693041446,26.250449693041446,26.747871689321805,5.13444552230552,-14.798867578454377,-42.01512836898953,27.216260790535152,229.41696748756522,-61.45445304785568,61.45445304785568,62.187716026667395,9.52167134500693,-33.9595799400147,-77.65420607318912,43.69462613317442,321.1955793247687,S1,3,216119,216374
-28.313924092473464,28.313924092473464,29.31293300233561,7.587472812805787,-13.52476831022286,-43.73636513403364,30.21159682381078,275.9812686398457,-19.952795524236706,20.180726614980358,22.405055926533425,10.191785017311258,8.056484810259821,-41.46599957256111,49.522484382820934,317.50369179237094,S1,2,216638,216893
-39.335010258691,39.335010258691,40.09537688945271,7.771500231997174,-24.25044023058888,-57.544176972022356,33.29373674143348,305.5194626318479,96.94774886858323,104.26079716054043,237.1323531803646,216.4090730865305,868.9172792356447,-27.03608247436431,895.9533617100091,1956.0174371544292,S1,3,216902,217157
-39.06954165911833,39.06954165911833,39.73223430980623,7.226434653116383,-25.471243744437658,-58.35617732528489,32.88493358084723,252.43093462778174,-11.106939674297541,13.336528607903109,15.601753126620805,10.956760091173727,14.773473268620034,-29.222369816263008,43.99584308488304,312.0725963901075,S1,3,217030,217285
-45.531637569883955,45.531637569883955,45.989400903458325,6.472632823182933,-29.549020379875458,-58.384056122624806,28.835035742749348,226.83321569262435,-15.457888470361807,15.459417218881004,16.95964546989928,6.9773389270215755,0.1956798104570806,-29.222369816263008,29.418049626720087,299.6027205336015,S1,3,217158,217413
147.55673336852027,166.34070862182566,176.21505984588836,96.32630873287648,213.06903054068334,-60.23272020011014,273.30175074079347,442.6141685259387,-55.10293865376033,57.908357888390746,63.71089759099505,31.98037872774783,14.911994652898697,-89.96299057272189,104.87498522562059,312.2684924051579,S1,1,217433,217688
-31.727036169689086,31.727036169689086,32.489428914125085,6.997011294347572,-12.769327327848092,-46.158622769887664,33.38929544203957,257.4871488453422,113.88617849020913,133.32599859746756,279.153816511323,254.8662229910696,924.9698024164317,-34.00793640558622,958.9777388220178,2027.1637324313674,S1,3,217940,218195
-22.65894966060069,22.65894966060069,23.81022710146095,7.31429524298202,-7.366955235137602,-39.99625295982184,32.629297724684236,218.1996872030162,-21.65373805942936,30.498305588056436,32.030920741860804,23.60287083439193,58.194413319433124,-49.16692303822193,107.36133635765506,368.0134203375886,S1,3,218068,218323
-10.221245120504285,11.316071533835606,13.48311431668225,8.793208735341679,6.991858925961384,-25.621693318239057,32.61355224420044,200.71455927465058,-32.63473072712716,32.63473072712716,33.23071711169916,6.265373901506369,-16.83206831696949,-49.16692303822193,32.33485472125244,348.3438986682569,S1,3,218196,218451
-50.208515327114185,50.307495093326466,54.413658677824515,20.97501464489902,2.0642484227120277,-78.99310159974422,81.05735002245625,307.92029184040325,-58.21873806013025,58.21873806013025,61.173628045368964,18.782739601003218,-6.630334330999811,-81.76108073764199,75.13074640664217,337.51481709700937,S1,1,218471,218726
13.742571407178453,26.853608092400705,28.69352339449744,25.18848975046287,34.76512030932498,-55.43430682820779,90.19942713753277,314.06678831822643,-13.81743287593481,14.432063687844568,19.80399665427343,14.187206638429886,7.947454948437863,-54.74051374007926,62.687968688517124,428.7170631296798,S1,2,218735,218990
19.519753538273,19.519753538273,20.63579120976116,6.69440816338044,38.2135086793415,9.390594062729061,28.82291461661244,237.45899187130155,110.36002634267895,113.84475194863728,252.74202760602023,227.37457444500143,872.4830334175622,-11.5308823433546,884.0139157609168,1911.3115258450696,S1,3,218999,219254
9.298248068868153,9.97155323938484,11.704035356968408,7.108236524409993,21.310346231794085,-6.451209425260261,27.761555657054345,223.3849540592524,-0.8424918071157498,5.5034863648529395,7.243166374586789,7.19400213267188,18.364089818632927,-14.164611659888232,32.52870147852116,307.18192362407973,S1,3,219127,219382
47.14416743112626,56.66732261119668,59.40949468727179,36.15128678516033,76.6715461487371,-30.349316027977647,107.02086217671474,302.5732338725046,-100.39383033048719,100.85155184239734,111.87090644261798,49.35765938399361,6.44159443767705,-145.67175171058923,152.1133461482663,450.0973801132219,S1,1,219509,219764
-36.10068470607866,41.911917212376295,42.58981728008663,22.597192296908567,63.65665420618873,-53.34127069712541,116.99792490331414,350.87046893808224,-29.115153336682155,29.2793208013764,40.37468787887004,27.971829891833345,5.7414719440801845,-151.3743002655347,157.1157722096149,513.8942495310025,S1,2,219774,220029
-58.998594440024995,58.998594440024995,59.90486128625892,10.380667600273796,-30.303988669889694,-73.15630765717202,42.85231898728233,288.7147369037897,91.0344869328865,136.60048440315722,267.3965260912839,251.42319772557337,913.0671797511241,-56.65400749044378,969.7211872415678,2102.5286630000387,S1,3,220037,220292
-65.5048011255246,65.5048011255246,65.83913199124696,6.626637976101601,-47.64181673953472,-77.93736734069412,30.295550601159405,232.18344173576878,-45.288683891845125,45.50417659750478,48.124469178695236,16.275737927225162,9.15303056395587,-68.89368110025782,78.04671166421369,358.0834252684805,S1,3,220165,220420
165.34738459481952,195.87185794043694,211.8553738798407,132.44977104328996,257.7346637892975,-75.22374597633713,332.9584097656346,570.0503331041215,17.58175146110476,54.87997135246316,58.04856861076367,55.32195164054209,94.84857480252735,-88.31874814328073,183.16732294580808,537.6102441923958,S1,1,220547,220802
15.563603625935826,87.74050703158771,118.8369733603811,117.81341383573726,257.94039553145217,-58.80450712375108,316.74490265520325,513.1990144271573,8.001407987417851,19.132153118020437,29.972803720313234,28.885055531802408,73.06509596210016,-17.38556662587702,90.45066258797718,428.2113428442163,S1,2,220811,221066
-46.26226023747646,46.26226023747646,47.513476689189694,10.832070199836052,-28.30360275306805,-73.74309173312535,45.439488980057305,307.9165135023741,130.88301403269023,148.75336607913567,299.02613950667177,268.8610584409392,945.6269902477997,-30.423612079519383,976.050602327319,2051.0186341831195,S1,3,221076,221331
-36.11007336722209,36.11007336722209,36.4449626163513,4.929290164017637,-24.623954244524384,-54.48531598838737,29.861361743862986,275.51418679375234,-24.050941415201024,33.101403830676816,36.99720239134355,28.113078839369496,52.95151133233222,-67.21709092610318,120.1686022584354,337.81245215626166,S1,3,221204,221459
10.412493397528575,20.440094954977333,21.644239126336892,18.975064389995534,44.320243522457,-27.40277754308637,71.72302106554336,270.39788888213843,-105.82113733720075,105.82113733720075,112.95233692404854,39.49832033473167,-20.82925766184234,-141.5904711948402,120.76121353299786,411.5067787676477,S1,1,221584,221839
-10.901161628523738,20.81224400355648,21.67882146432201,18.738622554252764,32.3763454625333,-31.526480642431913,63.902826104965214,281.7484484782218,-54.95720691504091,54.95720691504091,69.18934864393694,42.03416912310313,-9.158907776836227,-149.65972910005448,140.50082132321825,442.76275268180393,S1,2,221845,222100
-33.16571509883754,33.16571509883754,33.58928363934923,5.317454032466508,-22.017953696146023,-50.02890852379604,28.010954827650018,267.50619461967176,115.03958370430158,121.05145867223094,256.92977534838616,229.73637857708383,898.3181413910028,-27.59456187629575,925.9127032672985,1983.134946195626,S1,3,222113,222368
-44.550040068779836,44.550040068779836,46.175066678682235,12.142104951402043,-24.125256358487448,-69.80657570292506,45.68131934443761,227.63471093879917,-1.372792873932159,16.173168628389877,19.02843934699245,18.978855173783572,52.97543724191047,-27.59456187629575,80.56999911820623,327.08138887585966,S1,3,222241,222496
-60.99671062250512,60.99671062250512,61.78459979448157,9.835551077526079,-40.12489643715143,-81.88122674432445,41.75633030717302,228.1896724955016,-11.803869576622837,11.890999483085665,13.185842193466714,5.87665698923162,4.313436195324916,-26.89630240619796,31.209738601522876,292.834609026194,S1,3,222369,222624
4.178519826995483,89.2626401737192,114.12013753196926,114.043613422107,244.836694083589,-70.95068801674944,315.78738210033845,522.9087770024187,-16.407547763149026,16.50306599268059,19.618823944208042,10.755957853850779,3.152947078605935,-45.17613596905219,48.32908304765812,402.6620208793243,S1,2,222887,223142
-72.930328769865,72.930328769865,73.20138299711478,6.293617259548426,-61.14178067814541,-86.95006182735166,25.808281149206252,272.6346408529313,121.72077780440206,136.49264619091284,272.35061967267757,243.63684509282015,888.6850922368972,-28.589726423800872,917.2748186606981,1954.2179979771224,S1,3,223151,223406
-64.74781479004047,64.74781479004047,65.00661500108946,5.794866160187384,-53.41011979576907,-75.71316774700892,22.303047951239854,256.97360691002194,-15.794933158497498,18.799968321960193,20.682452680929277,13.352300753708139,25.731274281641873,-36.45837048649768,62.18964476813955,385.0510965183161,S1,3,223279,223534
-54.20935019705003,54.20935019705003,54.7616639170562,7.757975649498126,-37.733777577340824,-69.52074091751945,31.786963340178623,265.49874799526486,-23.346016490266766,23.346016490266766,24.50255383047204,7.4389957824542465,-1.791913633934461,-36.54276819643699,34.750854562502525,372.8150872692666,S1,3,223407,223662
-10.154448881838377,12.356067290056078,15.041475426141915,11.096537788939502,73.41147103115998,-27.188535095171517,100.6000061263315,338.10616378607216,-29.923289894461945,29.923289894461945,31.133276321182873,8.595208920271686,-12.048397806900633,-49.64225039909747,37.59385259219684,467.0040631004481,S1,2,223925,224180
-4.363043907753395,7.222491379718598,8.630333241920798,7.446240643816123,23.1910203270294,-19.575274439116356,42.766294766145755,286.2596765887754,99.41600842342446,119.21641644199396,264.1871123320429,244.767823848432,934.8007920944556,-43.13651952166676,977.9373116161223,2097.5807728829036,S1,3,224189,224444
-0.4088283948056559,4.734231017150789,5.889802217252117,5.875596097584363,14.54784256797423,-12.611293490095411,27.15913605806964,233.72372435340202,-17.843413172523334,21.448822842483086,25.030665119626228,17.554110706199097,31.390051309919453,-44.072262963644626,75.46231427356408,344.8782451883904,S1,3,224317,224572
1.9609611390160453,4.519199913626562,5.427947641468992,5.06134833910863,12.117631494046762,-12.364990116988077,24.482621611034837,260.1042685527252,-39.924088969055305,39.924088969055305,41.56164564777237,11.55151543919467,-15.31864602994858,-57.01952531433026,41.70087928438168,371.1899472408648,S1,3,224445,224700
-12.431885954939247,12.48083415997963,14.097120473247857,6.646579363902018,2.0431877515122205,-27.699227656243522,29.742415407755743,250.4762137982707,18.6227209874011,38.153664298568614,39.4680542950441,34.79829841906008,52.36981587371595,-61.55831075704642,113.92812663076236,467.5397892592589,S1,1,224719,224974
-0.7912397515588814,4.934146014152869,6.004319259724846,5.951956773049999,9.618717375024362,-16.020164430130983,25.638881805155343,293.933823793024,81.44434770522872,119.44733501993738,245.46057976887172,231.55499227470878,894.0844859484225,-55.6815626385072,949.7660485869297,2029.1273807522384,S1,3,225226,225481
-1.8319664722770044,4.50305478201783,5.399351318772239,5.079064235465078,8.12646391215733,-15.552993295834407,23.67945720799174,271.79419581446365,-6.1486782596168155,28.059186403927402,35.316873067301486,34.77751110864032,147.41423872272628,-40.587482013270936,188.00172073599722,400.0646354463638,S1,3,225354,225609
-4.439231227483645,5.784506575460377,6.8071888889975405,5.1605277520255255,7.163296709437273,-15.66906613255317,22.83236284199044,268.6015523631812,-36.015257097944215,36.015257097944215,38.36396857552066,13.217236512694882,-10.851260775029042,-58.78710347643126,47.93584270140222,359.8998667218405,S1,3,225482,225737
58.7153204235987,63.644902754749936,68.22377875050002,34.74183550924319,90.0773145762066,-18.666389933419428,108.74370450962603,317.2874429190041,-52.60789140930552,52.60789140930552,53.61744144025543,10.355664540044701,-28.715554514566065,-75.15901399263483,46.44345947806876,326.23714972577216,S1,1,225757,226012
-28.961432871642632,45.007591660565645,45.68713587913039,35.33482405304236,66.70972223566424,-53.28610129616194,119.99582353182618,308.94721156246464,-30.900983639043055,30.900983639043055,32.02775828444437,8.420600386337542,-7.183011891789367,-53.59920868029925,46.41619678850988,420.176176390632,S1,2,226020,226275
-61.57700200162143,61.57700200162143,61.804012333535695,5.292330773500737,-45.76965939966936,-72.4635828834553,26.693923483785944,232.9276744386179,127.43941396656554,134.19393739629007,280.75877900862497,250.16931817925285,909.6809009802076,-25.705582343526245,935.3864833237338,1994.2992998231273,S1,3,226284,226539
-60.73237340874364,60.73237340874364,60.939278969323716,5.017423785369186,-48.46957632230121,-72.4635828834553,23.994006561154094,230.3799347734843,-11.083544899435603,21.796161563669894,24.114722340425878,21.416695964084422,38.472908972859344,-40.45989564877042,78.93280462162977,355.98758496096195,S1,3,226412,226667
-60.29710145923623,60.29710145923623,60.51172956787261,5.092049774886298,-48.46957632230121,-71.65729700378003,23.187720681478822,246.5597432798774,-30.753488987488712,30.753488987488712,31.181547123051725,5.148960679933946,-17.37035614545261,-42.71017351204209,25.33981736658948,383.2488203558617,S1,3,226540,226795
151.65856643674243,173.781811194834,183.19687553267883,102.76562864736438,220.1650257680845,-68.78673031983175,288.95175608791624,512.2554208832095,-75.49196696207412,75.49196696207412,81.98007022124875,31.96396154543408,-0.5331587456608831,-107.6779805782517,107.14482183259082,369.47779590622554,S1,1,226800,227055
-22.04562419134347,22.923993755634523,24.556475937059975,10.817160646928432,13.132400858343738,-37.38758266156029,50.519983519904024,296.59978800816896,132.07923195949635,137.55161910192425,276.0854298049558,242.4422426797293,915.3931244198855,-21.2272246413263,936.6203490612118,2060.2457002216684,S1,3,227310,227565
-5.009223182548271,12.806835182104322,15.71159015774495,14.89166707902003,13.565614915834095,-35.99515180726629,49.560766723100386,270.4830759971421,17.27162311097875,17.610111284299492,25.157626813395083,18.291998851802937,81.6175501476141,-5.291398648346284,86.90894879596038,412.29766789139364,S1,3,227438,227693
10.34910514740195,10.374260600738971,12.240682315132881,6.53684374817276,27.209066292978793,-1.4565782127585751,28.66564450573737,278.04778159981254,11.098769388476583,11.281980374383656,12.269063051241206,5.229457545171137,26.022657898745273,-5.291398648346284,31.314056547091557,318.2828005525577,S1,3,227566,227821
-119.24315226150759,126.81606883946094,136.53144916178,66.49742287453424,32.19422358685605,-162.28550189962286,194.4797254864789,424.90448579616805,-107.87060717204494,115.3556889076248,124.77644325120824,62.71437553509048,29.062021916738484,-159.53591318908795,188.59793510582642,447.5426123659106,S1,1,227840,228095
16.759054801967935,60.196333071710214,70.75213159053382,68.7386223803536,56.48929560365528,-161.65106757012472,218.14036317378,419.31461046947095,-31.52352734284436,32.989816643043994,55.69799335078179,45.91877270973906,27.034047773544053,-154.74752147364438,181.78156924718843,571.8726437999521,S1,2,228104,228359
51.85816430646176,51.85816430646176,52.443961347322535,7.816641002596651,79.76680320764217,40.79801314135414,38.96879006628803,319.33237043374663,116.42754534817018,132.28855454143476,281.07679536782734,255.8296143499561,927.7187685108827,-32.22261743405726,959.94138594494,2043.3077162381664,S1,3,228368,228623
49.59100889555555,49.59100889555555,49.80565900493661,4.619037306295823,61.026692601498006,38.62723626058207,22.399456340915933,255.83869975070775,-18.386596662113718,21.14541139607158,22.81747621190241,13.511857158269583,23.71426453234239,-34.151519793053026,57.86578432539542,367.5665298342102,S1,3,228496,228751
-27.389407810340124,37.459038932870115,38.40092705963736,26.915637440686194,40.725917014521585,-61.13397340709733,101.85989042161891,315.38959686765565,-29.76462435470428,29.76462435470428,31.074610060973647,8.927403175891031,-5.525059051562615,-51.942549263583395,46.41749021202078,374.447627692649,S1,1,228879,229134
-14.639760407793668,18.70277465355013,25.300128792854977,20.63429020192957,15.002055496786177,-64.37474258534792,79.37679808213409,312.23258726968334,-23.59233397139967,30.360908023467978,39.42460493116208,31.586409288808856,314.278536481865,-49.17378412063225,363.45232060249725,598.8216045190644,S1,2,229145,229400
-42.6206773878648,42.6206773878648,44.85054576226004,13.966005662755972,-8.633617702937041,-62.562540205114466,53.92892250217743,261.2008387676475,60.16277824109365,97.51070808000837,211.49977077247797,202.762405665162,889.1592214343493,-55.16735943364984,944.3265808679992,1079.5455992177529,S1,3,229409,229664
-60.32943254893007,60.32943254893007,60.81716308089052,7.686799953929421,-43.62057977750644,-79.42909863429718,35.808518856790734,232.70838322859072,-43.481772707976674,43.481772707976674,45.073712972893254,11.873291175349022,-11.453830762117194,-63.54153010524721,52.08769934313002,324.7645261805458,S1,3,229537,229792
-67.56126642577007,67.56126642577007,67.79592947986882,5.635896821754132,-52.75686995832587,-79.42909863429718,26.672228675971304,251.4661269401144,-55.574150135431964,55.574150135431964,55.98253675073615,6.749685753573407,-38.6556246520253,-68.37647354630919,29.720848894283883,331.25573717596137,S1,3,229665,229920
180.47000528191205,204.5956298374855,216.18531378277493,119.02380891613028,255.07826378507866,-79.41874802530745,334.4970118103861,491.4046550827422,-12.629933914400027,21.373898000847717,31.549878075445047,28.911582037192915,60.66325140780648,-75.3455108477496,136.00876225555606,505.36917857718896,S1,1,229925,230180
-37.42885761866435,37.42885761866435,39.72692579893012,13.315751980096774,-10.123956411259098,-57.60497772614598,47.48102131488689,241.17333167013967,159.09312493689401,225.7348151386016,380.66234680674927,345.8224976403872,933.5506141015541,-82.77515718823255,1016.3257712897866,2154.360539924077,S1,3,230432,230687
-20.229220760384152,20.229220760384152,23.45154103088538,11.863953984694284,-4.347557402934097,-46.00626784350187,41.65871044056777,205.00213865420193,-54.6488951000309,66.11433350586813,70.21147219115758,44.08116481668235,136.7129959559679,-93.84931439003313,230.56231034600103,511.9269919659154,S1,3,230560,230815
-9.604698217389979,9.617048410927717,10.659976674403707,4.6243783205634115,0.7658607342148072,-19.223984228686724,19.989844962901532,199.40212913383561,-89.95371808456741,89.95371808456741,90.42424709655013,9.212657908558576,-72.9302632522285,-110.18734557865452,37.257082326426016,354.1404958747145,S1,3,230688,230943
-58.95433587162811,58.95433587162811,63.31364668539298,23.08688239104701,-2.8862404879722,-82.86393379674986,79.97769330877766,297.9294467803033,-13.66024801155581,25.961728151570426,42.26853868367569,40.00033733252976,61.21153492453193,-97.04087792154651,158.25241284607844,483.57086283863816,S1,1,230963,231218
-0.26817869521430815,20.34148743716574,27.940522056787415,27.93923501088133,25.014452642181134,-67.80876291495615,92.82321555713727,294.2075271848348,-55.931109015892915,62.06403934623526,65.57680171576935,34.234894004825435,30.08068259732367,-88.81540598226141,118.89608857958508,413.17547352760516,S1,2,231226,231481
20.481566658246514,21.543279527319363,27.400665420362415,18.201700269547604,74.43588976729416,-11.292911341267695,85.72880110856185,406.61735033585796,154.83935116479807,205.52210345216133,363.01367618672634,328.3347444750034,937.7507938820571,-89.62303345427286,1027.37382733633,2133.009956371671,S1,3,231490,231745
2.034123106377552,10.189458208315937,12.435665947550675,12.268175526424962,26.710377475865556,-15.492176133747659,42.20255360961322,338.76677050662465,-37.67668328804834,39.13596170972214,42.395320027472074,19.437867595080323,35.58761804812918,-69.3730033961208,104.96062144424997,348.3672613297259,S1,3,231618,231873
69.13050176608022,73.59501490938177,79.39110697688157,39.037438345575836,101.85989259009992,-19.520636573309528,121.38052916340945,409.0368431719714,-77.15943070807687,77.20111949574385,79.7292435467922,20.07920639241474,4.91359883713373,-104.56054819870721,109.47414703584094,388.4068146263236,S1,1,232001,232256
-28.26790926407993,28.26790926407993,28.81827334725464,5.605192642080332,-17.618631948622735,-41.20991514778667,23.591283199163932,261.37334347717797,-11.27326222791756,17.61970078969724,19.930827714173947,16.436284620092568,26.186967756430032,-33.72545869429694,59.91242645072697,371.5809867612231,S1,2,232265,232520
-36.94431383548118,36.94431383548118,38.20046273707104,9.715607472094913,-13.27236482851892,-58.24956128918414,44.977196460665226,307.9641121464007,114.83067730177719,127.43831449393191,283.7898061033037,259.51988285787627,932.9630321141171,-31.85481108480382,964.817843198921,2090.018720850748,S1,3,232529,232784
-46.361801507402575,46.361801507402575,46.90675106657782,7.129281633524043,-32.35682306334937,-64.57981993724744,32.22299687389807,243.2671308286315,-6.264808726048123,8.308369044235237,9.84947281929403,7.600281997665822,16.359525917823774,-23.833065229640475,40.19259114746425,336.0277245216173,S1,3,232657,232912
156.6965080455513,175.171777122717,185.77792245985225,99.79800017950936,222.15373096885898,-59.69284044156884,281.8465714104278,485.0708894502686,-85.0896236462462,91.08634672555577,98.50056369164322,49.61972385364154,25.203321933173225,-126.19852883739638,151.4018507705696,365.65228687566423,S1,1,233040,233295
-26.59353614538649,94.74646876598902,105.5549979864813,102.15009268331622,202.44261698308065,-92.25044348074648,294.6930604638271,462.57828694737236,-33.714162660619195,33.728789511813254,50.336681778013656,37.378292744777994,1.0006746797207469,-122.71957668479415,123.7202513645149,450.4824016207722,S1,2,233304,233559
-89.90971733002189,89.90971733002189,90.3647457392945,9.057041578954188,-70.01324067344478,-117.45021643755594,47.43697576411115,274.67478605967426,142.85569174706222,151.58340059748133,312.7169793450734,278.18008646589965,962.6251455324688,-36.755873336840196,999.381018869309,2082.6608418812702,S1,3,233568,233823
-89.74733155428476,89.74733155428476,89.85436035653899,4.384353312411335,-78.48857009971708,-100.01599915040633,21.52742905068925,255.37065886776173,-0.3931590266248648,7.9637906646844385,11.823564890365711,11.81702638976795,40.279534541466745,-26.812265302945175,67.09179984441192,281.2717186912706,S1,3,233696,233951
168.68002479075497,201.18080638205993,211.78291992104187,128.05879277454054,244.67887438373089,-92.54113105068585,337.22000543441675,543.8525444064546,-94.14032060295133,94.14032060295133,100.47275496243311,35.10519230134862,-22.23087322187783,-126.20765264505295,103.97677942317512,331.4745688737677,S1,1,234076,234331
-5.42565312043293,100.28313308562373,123.09879103276388,122.97916344627168,256.11737898652945,-87.21632730510815,343.3337062916376,537.0972798672817,-40.467391270117716,40.467391270117716,50.691546546509564,30.52905394977294,-15.456148895824976,-115.2562088407651,99.80005994494012,364.9050794178692,S1,2,234342,234597
-57.64417944644484,57.64417944644484,59.29227178857372,13.88243745875209,-2.0863525338437454,-72.48009470177185,70.3937421679281,309.63519818071774,140.50113536193206,166.02271626015695,334.39921684093036,303.4506008987882,1010.8914038572004,-41.57311394392031,1052.4645178011208,2196.1972574422252,S1,3,234606,234861
-57.48987051207365,57.48987051207365,57.937160295707855,7.185355359030736,-41.358720370528665,-72.48009470177185,31.12137433124318,197.90752994856365,-31.16359587982881,34.28412506787482,39.12283531536971,23.652199368182576,34.73091802510379,-65.19774432158576,99.92866234668955,337.3298948108194,S1,3,234734,234989
45.55651220218479,60.443171408830366,62.49363301906668,42.779181430854536,84.405840245999,-49.71646915405572,134.12230940005472,357.7724850335322,-30.342580535383515,31.79416635606149,38.50697818435121,23.708968247139417,14.708221711758847,-79.57829242593365,94.2865141376925,459.59666306706606,S1,1,235116,235371
2.666372212318387,18.12456411946031,29.87868590228907,29.7594746336864,89.60193279791027,-24.265075101970098,113.86700789988036,318.70278844188425,-33.771603897592875,34.91224305640826,36.813537133609465,14.653166431585115,11.934099517907862,-50.179012561262084,62.113112079169944,396.52328588960876,S1,2,235380,235635
13.96189623236528,14.374797243276962,17.656299003488694,10.807883608609972,49.543409981534914,-5.8962460102283405,55.43965599176325,311.36029282374056,167.9221780972985,175.92594260917178,337.9024509509551,293.22381973796354,1001.4379358739225,-36.54686474230628,1037.9848006162288,2178.5431156536606,S1,3,235644,235899
27.96148308542307,27.96148308542307,31.085489961122025,13.581721164367107,55.820855572357296,5.501896832606387,50.31895873975091,246.92019308292595,11.148349890934693,17.087563631633582,23.409407012812984,20.584329753500214,73.13603685116455,-22.436820138942526,95.57285699010707,405.3077955836542,S1,3,235772,236027
43.057637107027766,43.057637107027766,43.93898355065346,8.756378373739928,61.14066660427208,25.504536213862018,35.63613039041006,289.0135124171678,-8.582787921599586,11.169064676390438,12.575317676474041,9.190993752423333,13.468577177468276,-25.310708889400633,38.779286066868906,372.7255836020531,S1,3,235900,236155
32.04796054359767,99.76399513773836,106.84605991647724,101.92648696325922,97.25513961262713,-182.48877491060063,279.7439145232278,458.90833881657886,-86.39188809116567,86.39188809116567,101.98845458302736,54.204119218724905,-38.02675873578661,-211.13927801399726,173.11251927821064,569.7256165689182,S1,2,236418,236673
86.61099433481627,86.61099433481627,87.56455118494924,12.887446781888963,120.17553518822186,62.797262978988634,57.378272209233224,332.0535353330131,155.9164773851753,178.28172386534615,342.19597083137876,304.61144846021125,966.8395383891395,-47.932331403360784,1014.7718697925003,2134.315028567055,S1,3,236682,236937
72.10422981614553,72.10422981614553,72.52024466875315,7.7566699966085935,89.43549906002846,56.06767869513081,33.36782036489765,222.52903647334227,18.771377760667015,41.44637562066244,75.20339653353295,72.822978702784,384.5798162065759,-46.330684014127904,430.9105002207038,696.3479003470381,S1,3,236810,237065
67.10731122668979,67.10731122668979,67.20635253353728,3.6472730616570708,74.4898854184223,56.06767869513081,18.422206723291495,185.9215570624511,-21.982310746449254,21.982310746449254,24.661581063801165,11.179069496741569,-0.16846467631550288,-46.330684014127904,46.1622193378124,405.2409916412025,S1,3,236938,237193
-195.15862702818828,214.47076638011865,227.9869092506395,117.86068507408156,66.45877860187608,-264.47506483435853,330.9338434362346,567.5028461349717,-13.20544220581978,13.876489673747464,17.11616427352936,10.889415759681343,7.467096646705012,-35.779084809964075,43.246181456669085,424.7853867753592,S1,1,237213,237468
33.572721779063144,33.572721779063144,34.18289315334661,6.4298162243356405,50.94237609964322,16.508458221297154,34.433917878346065,293.45425298915666,126.8696439791271,160.03428154034998,324.26378185515523,298.4142986849277,983.4710988563359,-54.091325876269096,1037.562424732605,2200.837901638448,S1,3,237721,237976
30.711949942462688,30.711949942462688,31.183795615610943,5.404187240266728,45.055783609871206,17.233615989555425,27.82216762031578,276.44323319599005,-3.7351428413484156,15.23919042650885,22.820753032106325,22.513006838428172,113.5613906649573,-29.862896226317872,143.4242868912752,378.07502253124505,S1,3,237849,238104
24.04680847635479,24.04680847635479,24.763065085249856,5.912731561455487,39.00060824672448,9.142470248294465,29.858137998430017,261.4288400460631,-16.458117345914722,16.707582503934265,18.937745786923152,9.368489148108495,5.928402664327664,-30.98289158330701,36.91129424763467,299.2762981464746,S1,3,237977,238232
64.1650799674762,65.41243454691701,73.05215210414447,34.920759439256784,96.68090327357218,-8.39632264798478,105.07722592155696,286.87914323273935,-119.27559903699328,119.27559903699328,132.1583495231576,56.913625987556756,-7.269249580642761,-166.5131485030471,159.24389892240433,424.0080619816201,S1,1,238251,238506
0.022298687239924675,24.810368331713782,32.962750042338556,32.96274250001413,77.41059546405891,-25.66610711685713,103.07670258091605,286.6892842618732,-50.78386918710464,50.78386918710464,66.08524251407195,42.28779857749452,-13.58050226021119,-155.92775185559188,142.34724959538067,526.5327545659522,S1,2,238515,238770
-23.155992979088325,23.408468627242872,25.0615193021941,9.58539195268818,7.909589691421258,-47.36350795916118,55.27309765058244,307.8601480966822,144.57284962371753,150.8962313458621,314.17232170955515,278.93178176760387,960.3391256759893,-28.619388418209038,988.9585140941983,2063.0093502122213,S1,3,238778,239033
-24.508758678409816,24.508758678409816,24.91064093071584,4.456543461307971,-12.753380549955969,-37.67898817945997,24.925607629504,242.2392627385134,-6.837586232464996,17.03633663961221,24.96925968132034,24.014815084585074,49.604977372069584,-62.83996101462787,112.44493838669746,371.8204148750568,S1,3,238906,239161
12.143747678860038,19.147393605574912,19.953529049983725,15.83264708950231,30.986407734622038,-23.697922300128322,54.68433003475036,229.77540137285828,2.4611864096832097,30.113701262342296,36.918184460719374,36.83605442134774,63.16117821927507,-74.8387563009143,137.99993452018936,484.0319472318113,S1,1,239289,239544
-15.365647031633596,21.03592178964946,21.660043261555497,15.266118216223315,27.673849726307758,-34.890221586294224,62.56407131260198,298.7923057672389,-39.549472634383434,46.966040160081356,48.27220695622565,27.677521181761126,37.30123157421145,-63.38036578569,100.68159735990145,339.98811754778666,S1,2,239553,239808
-34.3493270871564,34.3493270871564,36.47514687266536,12.270292092776494,-4.771275635058663,-56.18033578861333,51.40906015355466,297.63529152460796,72.7230520135099,129.05773990988644,257.2134508026948,246.71870010129072,893.2021221632352,-68.21120508340046,961.4133272466357,2061.9502577628477,S1,3,239817,240072
-45.5494695505738,45.5494695505738,45.944838791467106,6.014485450581146,-28.955808320032578,-56.18033578861333,27.22452746858075,209.67637625574903,-42.68090317300134,42.68090317300134,43.810148865433675,9.88279555330093,-14.33971821602888,-58.254985414981405,43.91526719895253,301.5635402311266,S1,3,239945,240200
138.46611105728027,171.160033749987,183.8140820119703,120.89149198589733,234.94718238666104,-76.39857122788057,311.3457536145416,545.1224939122309,-44.69886795765797,47.08667999231295,49.41153870771811,21.059709417942646,32.11170606612362,-69.96786317220658,102.0795692383302,433.07038038587626,S1,1,240326,240581
11.961104193959393,119.45442166041491,136.48778592040244,135.96267021471317,238.29343410643577,-96.38043102941975,334.6738651358555,543.6781358418789,55.45843826377509,94.95946128771934,202.5894413140663,194.85082334259857,838.616454054388,-47.600633680491555,886.2170877348796,1946.8946180381174,S1,2,240590,240845
-68.61907333596471,68.61907333596471,69.19475886116403,8.90715602019722,-51.8235131250572,-88.0166617650502,36.193148639993005,267.1619327694026,94.27256077366651,150.7164383814754,292.460064323615,276.8493697109465,917.5929388355623,-69.79351638635464,987.386455221917,2142.1885082605254,S1,3,240854,241109
-56.20713223632653,56.20713223632653,56.59018971529522,6.573268424551701,-41.58867190378558,-72.82062615320585,31.23195424942027,237.93033873278227,-45.722489635814256,46.690382383121204,49.510501465605785,18.99325398341766,18.633678344040266,-69.79351638635464,88.4271947303949,385.25459177997436,S1,3,240982,241237
94.61641635994295,108.2310737969754,115.87220950375907,66.88873365885286,144.32530160358604,-42.52324197249557,186.84854357608162,419.52908017390007,-109.38653205581225,109.38653205581225,115.97667860113116,38.53798884416303,-25.283671042104537,-142.78770214901778,117.50403110691323,350.4330717433727,S1,1,241364,241619
-12.861009989529375,23.62443321673068,31.375565741894825,28.618535037160612,137.93495700451936,-30.41493645776637,168.34989346228573,383.4195365598824,-27.183669517746466,27.904831827212007,35.8246296328468,23.33349952065884,16.187768065397393,-136.48800058780972,152.67576865320711,429.2963949431493,S1,2,241628,241883
-37.96805960895463,37.96805960895463,42.181967863018585,18.37783617098598,-7.836473182412192,-71.94989862447942,64.11342544206722,327.92736001703963,155.46632135848296,155.59219446048175,310.8628731003505,269.19500143105466,991.2356430753831,-3.5283092822216977,994.7639523576048,2154.2372494048363,S1,3,241892,242147
-44.72180348682949,44.72180348682949,46.85342472835297,13.971531829432424,-22.067349303080174,-71.94989862447942,49.88254932139924,273.81977677591976,16.713433491349594,21.5996970032158,29.503200756855552,24.31254811469904,101.13624027564828,-14.391757167726928,115.5279974433752,348.23425171559177,S1,3,242020,242275
-36.55264652524309,36.55264652524309,37.1930007021693,6.871923546737105,-25.11768954926372,-53.72621285617749,28.60852330691377,236.82054602269872,-3.026494138023261,6.476380838805864,7.730031499471886,7.11292627652912,17.880723359400758,-16.105131984791072,33.98585534419183,289.96180481215106,S1,3,242148,242403
-14.16876679028124,14.16876679028124,15.407025654404114,6.051651605808942,-4.267411399054664,-35.51637073627422,31.248959337219553,219.47969640883153,-40.69120980365148,40.69120980365148,42.56394480943722,12.486586501363583,-21.240564884139605,-73.47333728186243,52.232772397722826,273.48250883034564,S1,2,242666,242921
-16.84023724805842,17.290745572973645,18.379579333268627,7.363107081729903,8.182430801795437,-31.132161033614775,39.31459183541021,296.9854171987623,150.79082503387474,158.5103378442166,319.0674919154838,281.1871111605948,968.7553688022364,-28.470790031542613,997.226158833779,2136.5327747875294,S1,3,242930,243185
-11.579513867022984,11.735351350322919,13.211747963715736,6.3612218056100875,3.770046763604559,-29.341647532090164,33.111694295694726,273.4504156383054,4.69586167505655,17.01453211526849,22.942652406663367,22.456940632724475,81.93799169939781,-20.361823042444193,102.299814741842,353.09384398927796,S1,3,243058,243313
-4.155534894143991,5.580017709778105,6.957610151179104,5.580310812073303,5.2568762323867295,-16.347802769285888,21.60467900167262,224.16833064661392,-13.77321794954595,13.77321794954595,14.850286504994923,5.552429791968519,-2.9837758473275446,-30.443354319711,27.459578472383456,322.8262034843069,S1,3,243186,243441
14.578747004921418,14.99952552500093,17.15513745397897,9.042061536585935,32.54311948059505,-4.042404393022896,36.58552387361795,205.65513032937164,-15.019127280407384,15.642531613864888,22.631335374671433,16.929357831169416,10.942705773677536,-113.67109645427273,124.61380222795026,469.9537440252455,S1,2,243704,243959
24.472746061724955,24.472746061724955,25.49068240465016,7.131590962265499,41.0313246402365,2.989487973523553,38.041836666712946,276.4419180157522,114.92069217132473,133.13435257737635,281.8030744421234,257.3056689540605,912.0424391339814,-30.885063627258102,942.9275027612395,1994.316972552906,S1,3,243968,244223
33.508500415109765,33.508500415109765,34.5139864654338,8.270166967282872,50.33102466742664,15.513373663912864,34.817651003513774,261.1568341352363,-27.472585870613095,35.66568284451118,40.17521709111885,29.313906152205618,55.772802394311626,-67.18795785566442,122.96076024997605,328.53150627444575,S1,3,244096,244351
38.99604697543767,38.99604697543767,39.21689143033205,4.1560671009873715,50.33102466742664,27.052508486415032,23.278516181011607,228.25556293293866,-48.06268805739154,48.06268805739154,49.048322940596634,9.783455421420904,-30.069002077028262,-67.18795785566442,37.11895577863616,318.43335983783265,S1,3,244224,244479
-99.14415553428987,110.74318323076358,116.07404767864053,60.36241353603956,48.71359820556104,-137.6461681278221,186.35976633338316,350.5555432989189,-15.92916328095723,18.558127072449846,23.332581473563344,17.04907960533575,37.73003910069546,-59.93136901651266,97.66140811720811,354.0192556169936,S1,1,244499,244754
-25.23850503940183,25.240495477710006,27.36032123095428,10.564328716823244,0.25477610344665197,-44.626283936658815,44.88106004010547,341.82776300772775,109.72852383005633,135.34528893844626,274.6908875253942,251.82282411958914,885.8901371175635,-35.050090820859,920.9402279384226,1998.4507747035614,S1,3,245006,245261
-41.112979050194824,41.114969488503,43.122001250252055,13.008841049262676,0.25477610344665197,-68.51867348185297,68.77344958529963,336.3611792512625,61.54918288541708,109.27759437712892,221.17351696210787,212.4368675431016,884.7855377505962,-61.91862810414061,946.7041658547367,1100.0067990317373,S1,3,245134,245389
-55.481057000314856,55.481057000314856,55.87022190480351,6.582857268679034,-40.75944877789565,-68.51867348185297,27.759224703957322,319.2927565770183,-53.46683634342516,53.46683634342516,55.06532490831845,13.171462283439418,-25.81230325096936,-85.076274114717,59.26397086374763,327.2527409955221,S1,3,245262,245517
164.70722393658423,185.67069230764776,196.61495770599512,107.37305051470854,228.26644175808045,-66.56711477207445,294.8335565301549,540.7868569699559,-13.735229176211426,21.336456603257076,29.271022244274075,25.848331139586904,53.336759264618614,-69.81408515496935,123.15084441958797,472.86012172880004,S1,1,245537,245792
-54.952597121029754,54.952597121029754,55.54498396619859,8.090569415007336,-36.45143242382905,-71.83335728973283,35.381924865903784,245.24210402159434,99.7014192430864,116.15709320261269,246.15275400305308,225.0573378146153,852.59174651911,-30.912287882423637,883.5040344015335,1898.6859482295079,S1,3,246047,246302
-43.517834387620354,43.517834387620354,44.59200204236953,9.728552634299513,-24.90184183096677,-63.27372000178503,38.37187817081826,240.03513209076078,-7.200314242827867,16.409521499108628,18.67687574801653,17.233141399970528,57.36588981417784,-30.912287882423637,88.27817769660147,338.88080221020334,S1,3,246175,246430
-28.626519372568602,28.626519372568602,30.74774884945599,11.222586507627234,-6.734725373928265,-44.140300616247515,37.40557524231925,254.91521831844653,-22.87638818835205,22.87638818835205,24.645768015121224,9.169773416557204,-7.4292784587475715,-42.61869773315995,35.18941927441237,332.4352120535669,S1,3,246303,246558
14.471953563888075,18.76548531988315,20.801874456031804,14.942574775759892,32.7899182432512,-20.52409126442513,53.31400950767633,256.50486895601415,-99.9316832350759,99.9316832350759,109.04538910140892,43.64121412245678,-16.222861378122168,-145.56436495997642,129.34150358185425,467.50319170803704,S1,1,246577,246832
21.61721015852075,21.61721015852075,23.465186537322293,9.127497148379662,40.040675153687914,0.12321214279361933,39.917463010894295,269.3532026651957,-24.455940575689752,24.455940575689752,26.750867536467297,10.840474367478187,-4.604595544406777,-46.34359135289939,41.73899580849261,284.37320389912657,S1,2,246841,247096
44.67702839789797,44.67702839789797,45.8557898413814,10.33037247684495,65.42201989081181,26.177702548896274,39.24431734191553,247.3478892340146,143.72006893180603,152.71720867467624,306.8091472095222,271.0652958194228,954.6031869589565,-25.429507850619494,980.032694809576,2087.902181335894,S1,3,247105,247360
50.96415420475439,50.96415420475439,51.42509653567117,6.8699010107217084,65.42201989081181,36.39780618916931,29.024213701642502,236.30300525074455,-1.7658662727887258,18.135742104444454,21.70624566738853,21.63429724487603,55.088009180792234,-31.17759357076363,86.26560275155586,296.7538261730673,S1,3,247233,247488
-183.3380009878665,203.59941303040893,219.3997610487107,120.51320484496466,59.30177980314294,-260.7498252502224,320.05160505336534,499.23483750992966,-85.08036977382676,85.39101810743637,95.40259741045537,43.16232468033127,5.741667262098459,-126.22669399142096,131.96836125351942,426.6258188375725,S1,1,247615,247870
17.360151066076767,64.70642565253878,86.44191568994219,84.68075308539755,60.58174994060916,-260.21935690616215,320.8011068467713,518.1253243044562,-39.12690264283855,39.12690264283855,47.02182156126916,26.079440034587993,-4.65463758778178,-120.77154430437355,116.11690671659177,479.3091490423352,S1,2,247879,248134
31.439654097450106,31.439654097450106,33.693731602341146,12.116752845679882,71.43629015897606,12.735338709326946,58.70095144964912,282.037260924063,131.86921730734065,151.99991668670728,283.74461484837684,251.2399569777926,909.4289108790999,-43.20163867444633,952.6305495535463,2014.8126731787147,S1,3,248143,248398
16.768935278473897,16.768935278473897,18.917393871184114,8.756174992761846,35.62784271930052,1.1822643781823636,34.44557834111815,199.57190085469585,-24.997905179052097,36.573505863840666,39.350740686611374,30.390549999038388,56.69789052894066,-64.53065214621441,121.22854267515507,317.8092183672651,S1,3,248271,248526
79.64164790112392,85.04438474786448,91.7772588585111,45.61001165506932,112.82355252496012,-21.518795795798944,134.34234832075907,341.546005427224,-18.538474631184926,20.047373449244347,26.228173718866614,18.55376120833612,28.49136191538322,-63.135211359339145,91.62657327472236,355.32287179427874,S1,1,248653,248908
-11.681388857509026,42.11667964256046,48.503646876266984,47.07599085157175,109.81740675604098,-42.0517151459294,151.86912190197037,318.3698380456101,-35.61679462248069,36.90053302084546,39.95431646017295,18.105008826832353,13.012761416650072,-57.14898180524188,70.16174322189195,355.7136989355888,S1,2,248917,249172
-37.853085190878204,37.853085190878204,40.22025314094884,13.594583636659209,-12.836452367244807,-66.17288940064911,53.33643703340431,279.54700697032763,129.4934878299727,170.3409993733905,308.1577711939583,279.62948441975254,897.5150584019007,-57.84285605092014,955.3579144528208,2000.612975629927,S1,3,249181,249436
-30.0194230238124,30.0194230238124,31.312116312914164,8.904092840422729,-12.836452367244807,-51.98544187861091,39.148989511366096,242.0964303638258,-35.160449909480334,44.73379681223456,47.55250926232692,32.01536973559125,69.92196021522537,-67.09186358052557,137.01382379575094,371.5007708658351,S1,3,249309,249564
1.524549100825177,10.31265313873084,12.530705195414122,12.437617245017295,20.149672084729456,-31.31891724613305,51.46858933086251,295.9743435597867,-21.837793544846324,24.544117572769988,32.81181198619249,24.489299273558505,13.862651726616107,-76.14265795001178,90.00530967662789,540.0720560434412,S1,1,249692,249947
24.757724185405195,24.757724185405195,26.428281301357288,9.247115534212487,45.885167216488405,4.857686809729103,41.0274804067593,291.98446657636555,-55.28720445638021,61.88259960099127,64.30257178991056,32.835130001189476,33.66758195957463,-80.26960376955677,113.9371857291314,349.8558880341945,S1,2,249956,250211
49.825931513799475,49.825931513799475,50.94075391588509,10.598913071675119,67.7533281170419,24.042681119619363,43.71064699742254,309.5648736509439,88.62898348608365,140.55931554281045,267.6153664227731,252.5131434833019,866.3862124897848,-73.75672552472409,940.1429380145089,1988.6196133769722,S1,3,250220,250475
62.81399592166831,62.81399592166831,63.17318555706359,6.727056546501163,77.49831461555351,44.82100954403093,32.67730507152258,281.24807235340324,-42.91453948969205,43.34666746872512,46.148232016217506,16.970610437173548,9.11093968787447,-70.68595541072447,79.79689509859895,382.25426407515357,S1,3,250348,250603
65.59208822904036,65.59208822904036,65.81802958292687,5.448943010605187,77.49831461555351,53.03063595907728,24.46767865647623,250.87747804567553,-55.88327752341556,55.88327752341556,56.13830259327643,5.344933235802313,-39.889821991912946,-70.68595541072447,30.79613341881153,344.8610819939605,S1,3,250476,250731
-21.892306323462407,78.20808662960883,111.54252689893912,109.37304160916548,47.04615686026565,-240.78062069487274,287.8267775551384,434.8336143222205,-6.2918691455680955,12.876044474360977,14.682628580027473,13.26619631522494,22.18483477580343,-32.01556714579992,54.20040192160335,394.05499679200125,S1,2,250993,251248
21.98469319492649,22.747654596286903,28.568154191886837,18.243154854804423,78.6857112142063,-9.39049450274207,88.07620571694837,360.12969067311485,154.50041215546247,166.13094744160324,313.45699180468756,272.7359682092485,919.5199407247806,-32.55724055609547,952.0771812808761,1987.262943339998,S1,3,251258,251513
1.3105560635463114,11.429842024001513,14.771133812084747,14.71287996616622,33.75689643789728,-24.00765349924264,57.76454993713992,213.928650096587,-9.982602541263457,20.54283180338876,23.11797636238771,20.85158213649692,68.19648023410892,-32.55724055609547,100.7537207902044,346.371522304549,S1,3,251386,251641
-24.304259901799025,24.380576096900572,29.90412241922823,17.422958654889605,2.256433160998977,-56.59364367357294,58.85007683457192,224.57105673577433,-22.763400166712575,22.763400166712575,23.400972068397955,5.425228713708879,-9.744314374325889,-36.636528190283535,26.892213815957646,341.1386171129411,S1,3,251514,251769
9.929594873568135,77.97206328750654,98.36361919938047,97.86115024690616,195.7056244465771,-54.380170366843025,250.08579481342014,450.8120392148402,-71.39708139570224,71.39708139570224,87.07069374618003,49.837360259312916,-22.480714309817113,-169.9087975128535,147.4280832030364,438.3436901165089,S1,2,252032,252287
-33.72014914185807,33.72014914185807,34.729632648731275,8.312576361554175,-13.848338141117354,-50.60736584786258,36.75902770674523,222.09900525679802,164.59316647479707,174.43636129327297,338.37251581327183,295.64344912005515,953.288167904535,-24.441043100601107,977.7292110051361,2111.890185758461,S1,3,252296,252551
-19.991440625937585,19.991440625937585,22.57362601360712,10.483839616372066,-1.5243106792458614,-41.98310263669233,40.458791957446465,216.85725992129528,100.39473957843086,109.7470199341401,248.29764191017784,227.09604849740109,934.50351529754,-18.480001442482397,952.9835167400224,1167.152926691021,S1,3,252424,252679
-9.480496515197716,9.480513871599559,10.833133755108534,5.2418482218961575,0.002221619435860689,-21.792394532227412,21.794616151663273,211.08415778027864,-11.07089332143008,11.122000805757779,12.438094784025113,5.669349426689762,2.862039651283216,-29.531562412457042,32.39360206374026,351.9459307289792,S1,3,252552,252807
-67.44296048703251,69.4997075513197,82.02604928539311,46.687469861990955,10.773412491289292,-113.03252189143633,123.80593438272562,259.07034859470656,-75.67132724086429,76.03894890160241,89.57653084732364,47.935426484465054,7.168773147801554,-119.60331742209242,126.77209056989398,350.4306993278992,S1,1,252827,253082
35.12055265154506,35.12055265154506,35.91832424210178,7.528133753514699,50.6159785658899,14.311085602855055,36.304892963034845,247.2053035326739,134.29650234377124,141.89458110397928,296.63605197034536,264.4946063472427,929.8287115445968,-22.65646467543809,952.4851762200349,2042.6959009073125,S1,3,253334,253589
42.936675685635485,42.936675685635485,43.19546843429317,4.721268296186468,55.58219897178622,33.63603474777969,21.94616422400653,256.71941543792195,9.91639450780312,23.576964567640147,39.35883006366794,38.089140498917835,178.69006962483405,-26.390466510366252,205.0805361352003,433.72271848532307,S1,3,253462,253717
46.350776648135636,46.350776648135636,46.52373891602027,4.007965424085249,57.083118203625276,35.003614047720724,22.07950415590455,274.0426459697735,-19.86252248101593,20.756943663997806,22.605839328771648,10.793709855715777,10.558070283851995,-37.649368382877626,48.20743866672962,378.0526807197503,S1,3,253590,253845
-96.49839438318902,112.60732681098386,117.77146701943721,67.51428238067037,52.114748999456694,-144.46031926802578,196.5750682674825,407.48018169851343,-48.79787369221022,48.79787369221022,50.14119202418818,11.528515113648005,-27.97373290013414,-72.86033823417175,44.88660533403761,385.1627774659147,S1,1,253864,254119
32.00770145918731,60.689832721262775,64.55783623388893,56.064438519449766,62.643902930049755,-126.09290571393957,188.73680864398932,461.55902797007167,-42.734818246848285,42.734818246848285,44.714115398108156,13.156269427317746,-22.388898370373123,-68.5649134099846,46.17601503961147,407.1989141568712,S1,2,254128,254383
58.966763855936215,58.966763855936215,59.507689649695514,8.005366187922496,77.22815766131225,30.343299102001613,46.88485855931064,294.8568244013942,100.31577819453716,128.18708340134813,262.0785783978301,242.11965203232057,829.9932911663971,-48.778847006508585,878.7721381729057,1912.5130675602074,S1,3,254392,254647
60.513096965137734,60.513096965137734,60.73731196926952,5.214034996066769,71.10428222107676,49.022628178610326,22.081654042466432,226.174790027534,-19.610566933453573,20.509933880454824,22.1421160210377,10.281000264450531,20.068547544281937,-42.34726988733374,62.41581743161568,295.09600279045196,S1,3,254520,254775
-155.12280848080073,173.42240966654563,184.5323026915556,99.94541022816763,56.99488654179206,-221.74316839589133,278.7380549376834,454.6364485913002,-55.29376325454554,55.29376325454554,56.326319642551596,10.735642953506032,-25.961733232200675,-80.91409083723318,54.9523576050325,367.51743610750515,S1,1,254903,255158
15.998558066321353,54.20652819991656,72.00072064576027,70.20078285394938,52.36225090372291,-217.00429987275848,269.3665507764814,474.57647546150463,-36.49773328089034,36.49773328089034,38.329725503868495,11.708258733001113,-16.326435924618302,-60.656500951090884,44.33006502647258,344.38805916497597,S1,2,255166,255421
41.70149733222729,41.70149733222729,42.53520014275688,8.38023695575638,68.8976868425625,25.931160589915155,42.966526252647355,256.95584148002513,124.92126039226534,147.83494506051315,286.9825988274955,258.36735616519184,894.8358512820316,-42.706348965310234,937.5422002473418,2017.1270560649752,S1,3,255431,255686
40.37082147385276,40.37082147385276,40.716910709486456,5.297508022702977,50.96801515127639,25.931160589915155,25.036854561361235,230.94799008343304,-25.91389225218656,30.521014500261156,33.29804971852427,20.910052687628017,25.65601365861575,-54.26874656329543,79.92476022191119,395.5981384288448,S1,3,255559,255814
-61.14476596905371,80.17493751336329,82.90396373950672,55.98557669892397,60.43054894450852,-116.66649648729609,177.09704543180462,434.53972533592446,-1.1798718333838458,18.10324290267976,24.559007933332303,24.53064966783934,29.443235739531087,-56.622282286012286,86.06551802554337,409.92502439794794,S1,1,255941,256196
25.515181078878562,36.79139839068354,40.96209614472463,32.04479450833944,47.7239186820017,-110.24513612315444,157.96905480515613,367.46043613813066,-42.227646722615276,43.817192359834024,44.892791737234184,15.23773612557589,20.338796695486295,-59.57912861723091,79.9179253127172,395.1641278287746,S1,2,256205,256460
39.13253095409136,39.13253095409136,39.914487330228475,7.862017550352515,70.2139445044386,22.534231612200983,47.67971289223762,264.7906968973661,103.2098336369713,132.6334023721963,266.4920659995839,245.69442704578236,862.67442284003,-65.98175171202035,928.6561745520504,1998.593178537699,S1,3,256469,256724
35.90592004123407,35.90592004123407,36.15429079631913,4.230561307594019,48.24489669816387,25.06953770128979,23.17535899687408,232.7906445790282,-23.892059333056455,27.25591170435556,31.589985824038422,20.666318133345822,36.98086363045484,-58.61101608487388,95.59187971532873,395.97806339836677,S1,3,256597,256852
-95.34274361158714,111.89283851154477,122.88926768138816,77.53407864857256,40.84802620777684,-164.8166938002625,205.66472000803935,352.61965372798693,-68.40356554931259,68.40356554931259,71.0800589797747,19.321671892182245,-30.05180903896584,-94.00404798845184,63.952238949486,312.0962653773205,S1,1,256979,257234
-24.34545755705942,26.919230716322133,59.17470337979065,53.9346291024943,18.04704528454309,-162.91311255510902,180.9601578396521,395.83625409184435,-13.848875808240694,14.793198461497044,25.988351327259416,21.990976412087573,9.598120403202033,-78.7033670225309,88.30148742573293,389.46478392478315,S1,2,257244,257499
2.380582882680031,6.362994171694307,9.07543854925652,8.757648657032442,37.28110664299839,-18.115421712640913,55.396528355639305,343.4328723410705,116.7250119836091,119.57453096942803,260.8612172920088,233.28919020069267,913.7692829521844,-12.555045536695289,926.3243284888797,2012.328592245469,S1,3,257509,257764
1.9614099653694774,4.586186837011808,5.562252585116598,5.204951946789286,13.871757952443541,-8.567000091244793,22.438758043688335,262.8015663675519,0.828595860716072,5.804988087546635,7.290037175841028,7.242794414088282,21.26676707630802,-12.668396748710958,33.935163825018975,303.60691556879124,S1,3,257637,257892
72.35431824495718,74.34806295691897,82.1942561668258,38.99677394510011,101.3167665288499,-11.744295990346624,113.06106251919653,343.0191987846964,-84.18785697496006,84.18785697496006,92.54978808621703,38.44304895253954,-0.21870586010371046,-121.75901018632838,121.54030432622467,350.8170225727906,S1,1,258018,258273
11.02453658753633,15.14000977857908,31.86367686666797,29.895710335991424,95.59928934684598,-13.584642653964726,109.1839320008107,326.60733552237537,-26.86902655762372,26.94071094562073,39.22971198315277,28.583661664084104,4.681802853035534,-110.87057355076968,115.55237640380521,423.1354516881241,S1,2,258283,258538
-5.500297575814024,8.456471443897865,11.104259574188207,9.646310552146081,9.0113133099858,-29.249309431315275,38.26062274130108,284.24150833117494,151.4180120060471,162.91185976180634,309.93547600397636,270.4303698291817,908.8464936733183,-27.699767803360437,936.5462614766788,2012.3010696467459,S1,3,258547,258802
5.004396208756678,8.738465339335498,10.352084431479913,9.062100786366845,21.2381980760506,-19.481974802197076,40.72017287824768,203.9865944410399,-11.861840096707347,33.68691434292329,38.9230681296727,37.071579169861224,106.27090658805017,-56.50309909649044,162.7740056845406,361.4024227540684,S1,3,258675,258930
40.229663638732745,40.229663638732745,56.29282298211354,39.375831201512355,109.45015930734044,2.2789270764153082,107.17123223092513,268.89852220246036,-62.39823701347839,62.39823701347839,69.8707047354525,31.43843822200079,-22.408891038625462,-127.32686896058182,104.91797792195635,363.34379384860483,S1,3,258803,259058
-8.7155458449719,87.07322610893692,111.57102774104028,111.23009256409065,63.65722212820247,-233.70926786903757,297.36648999724,496.84871343227155,-30.109066467535012,30.312390311151113,33.011930978508964,13.536310552857394,8.181113022271932,-50.02871868242615,58.20983170469808,344.79990505168456,S1,2,259321,259576
47.50699320909875,47.50699320909875,47.88339124704898,5.992057538826892,63.28884526105276,33.788646143361696,29.50019911769106,252.38955760403013,107.20614306667431,125.44976481047566,258.2817198102141,234.98146666681973,855.705477148102,-35.47014224753785,891.1756193956398,1943.2865242869175,S1,3,259585,259840
54.431186077462996,54.431186077462996,54.78112964223883,6.182082746160504,66.1972428181026,42.47607863217005,23.721164185932544,167.60010847911354,-19.83716430297418,25.029348452015288,28.91460640721223,21.036667419075805,40.54314393199189,-53.114387091464984,93.65753102345687,359.6524582480689,S1,3,259713,259968
57.33793698962475,57.33793698962475,57.50128574267893,4.33114809664053,66.1972428181026,45.50541562244297,20.691827195659627,172.43836316688007,-34.11313249178758,34.11313249178758,34.92630956937689,7.492749277381009,-14.948472293489568,-53.114387091464984,38.16591479797542,320.04469311184624,S1,3,259841,260096
-70.92109811419701,87.26695592816068,90.30191187544239,55.89841796184042,58.05227054891799,-108.15380925412654,166.20607980304453,429.8963321773499,-35.94101745621252,35.94101745621252,36.75023745506811,7.669629535780616,-3.3860714900055253,-63.73798715196572,60.35191566196019,355.2847598512442,S1,1,260115,260370
35.596339282708854,35.596339282708854,36.06319394263649,5.783994036519334,55.86218647528399,21.694763439999708,34.16742303528429,240.88968015806077,57.65929931773906,65.03925812593761,159.30172618167026,148.50065712530443,820.7742082340758,-28.807424903903893,849.5816331379797,1027.0025781592321,S1,3,260622,260877
31.088680137202097,31.088680137202097,31.789646236994653,6.6389438316650935,47.57029123535493,16.752302808194106,30.817988427160824,198.11688023973556,-17.47095145066282,18.577926557205014,22.461032967772958,14.116085058824437,8.599564275071515,-46.89381321511118,55.493377490182695,344.2335279480019,S1,3,260750,261005
22.21521189706668,22.21521189706668,22.888878283051355,5.512268990603313,34.115179626086565,12.328216141547909,21.786963484538656,217.64320317191485,-29.563436485108962,29.563436485108962,30.10185554531246,5.667885889975804,-17.718781185633915,-46.89381321511118,29.175032029477265,371.6042738644531,S1,3,260878,261133
-103.51259477729946,106.92355669991316,115.04767465683089,50.210657896651824,16.296838866713827,-136.41332434730333,152.71016321401714,437.6540211427132,-24.348163007885937,24.348163007885937,26.209309582862,9.700250870555708,-2.3772316603256582,-46.640903365194404,44.26367170486875,424.48683251812946,S1,1,261153,261408
-0.08463666368389089,5.109280573588042,6.356193460428964,6.355629940577125,11.724714050842982,-17.212784003400568,28.937498054243548,310.24297910071175,-57.268276085501086,57.268276085501086,57.764002092182395,7.551456276803555,-40.684509925544596,-74.66532235874342,33.98081243319883,369.0083992940552,S1,2,261417,261672
-9.873736929312226,12.216903402711122,14.099713253509115,10.065348125222327,28.81343970793683,-33.038551017493674,61.851990725430504,313.9701028245405,108.44300675221582,131.99071638795604,266.71018891212265,243.66870779006285,874.6506120633604,-47.4206084720291,922.0712205353896,1939.956805834393,S1,3,261681,261936
-13.931667999130084,13.931667999130084,15.179329996495309,6.026664575411262,-3.2600847118723846,-26.85390974617073,23.593825034298344,246.10313191406468,-23.902636872922837,28.448657624249932,32.54263666766889,22.083639912955853,40.397395025235205,-54.233141821020446,94.63053684625565,333.0784816687528,S1,3,261809,262064
134.6873669303111,152.1821442933187,163.04002224124588,91.87688524218532,198.51817049023083,-50.75024376685836,249.2684142570892,461.1616375168903,-6.400841052061169,12.719983939670914,19.011120555669063,17.90117143117822,34.79117177556365,-45.299167766217835,80.09033954178147,387.01849921768496,S1,1,262191,262446
8.185852854936115e-05,75.93552137091845,93.62126969544504,93.62126969540925,196.25644656631414,-61.773926421114886,258.030372987429,443.16331236722283,-29.37419961663273,33.18795651026639,35.626858052828915,20.16009453347464,16.056192788352874,-52.77279856177758,68.82899135013045,339.96626387226576,S1,2,262455,262710
-41.43396682044046,41.43396682044046,42.338737044745805,8.706035151937453,-4.835175024734368,-59.03190569136033,54.19673066662596,296.54692900955354,100.33192617647576,134.01091499932573,273.61411851198676,254.55488688848573,890.0976374360001,-41.51145141541315,931.6090888514133,2022.304551289449,S1,3,262719,262974
-22.55235872509872,44.875942915827586,46.34779199765495,40.4908500650746,70.92599964908277,-52.33170488794357,123.25770453702634,288.68885466446267,-27.534695997089308,28.194106683915486,29.954218042645262,11.793883791788387,16.13079289001065,-43.81907469067801,59.94986758068866,376.92535435353295,S1,3,262847,263102
-13.831291756005314,36.7243539255072,39.82573085731296,37.346809859469786,70.92599964908277,-51.49503458721199,122.42103423629476,366.0467239895347,-34.76266560990859,34.76266560990859,35.60258180893163,7.687711698245993,-14.828039836735508,-51.48069813454637,36.652658297810866,347.342600692004,S1,3,262975,263230
-9.369528023909085,9.695372083239132,12.160658851275317,7.752004147720964,4.951224816955594,-34.52016440947139,39.471389226426986,245.58250831349022,-26.18368095705952,26.18368095705952,28.177072372782124,10.409719450586573,-11.867367784990392,-81.34267738535875,69.47530960036836,473.76391348543154,S1,2,263493,263748
5.745524548210511,6.5870199482374785,8.750774213809654,6.600378550279248,31.013288359041805,-8.13911325099116,39.15240161003297,298.37234125266485,113.73725158470383,126.1196767664898,270.21622999252776,245.11354216634467,920.2451266382066,-32.43072548751131,952.6758521257178,2067.6405557432254,S1,3,263757,264012
4.56720353992979,5.298004742661699,6.479763141635022,4.596518486479149,15.92071866177133,-4.680665282454851,20.601383944226182,243.6660982813581,2.2117737039147904,9.988185876676926,15.02094355236169,14.857213813023872,52.868278895540755,-16.181836274841107,69.05011517038186,374.6969041259733,S1,3,263885,264140
-2.76098639548701,7.097355270791445,9.581811208559103,9.175405176906603,15.92071866177133,-26.607499873864928,42.528218535636256,225.02141620944553,-6.828927221581254,8.402347384104214,9.937960316343696,7.220028272213943,12.940342009434339,-26.35639670940059,39.29673871883493,335.5410274998952,S1,3,264013,264268
92.38932182790377,104.58686074122193,114.70431529468544,67.98009384667421,143.2767280939614,-37.24680777372097,180.52353586768237,329.83160862083713,-99.24724004451768,99.24724004451768,111.18262658946254,50.11548462179877,-0.9480050467113026,-142.49486359999523,141.54685855328393,431.0169701383689,S1,1,264287,264542
-32.10825379586626,32.10825379586626,32.98106865716034,7.537302431809679,-6.707723557806763,-47.38393772260376,40.676214164796995,242.73500125712968,163.15607189749346,164.23712685214358,315.9627048134998,270.5781348077534,928.7303601264193,-12.02151705823399,940.7518771846533,2009.0712290923962,S1,3,264794,265049
-30.159793717574544,30.159793717574544,30.459269351571077,4.260743168146631,-19.398283408759756,-37.795320798904704,18.39703739014495,191.93286798485894,40.832308323091425,45.01431326469492,93.16537879132557,83.74073323263401,420.6099705251804,-14.21037697269181,434.8203474978722,611.1123613899717,S1,3,264922,265177
-30.688738760451216,30.688738760451216,31.03531580379544,4.625163817000884,-19.398283408759756,-39.848145477797694,20.449862069037938,188.43023582031435,-6.5553925960829,6.981295708069132,8.664682904160125,5.6660001536239175,4.070662983643053,-22.648357054644862,26.719020038287915,333.9508212900266,S1,3,265050,265305
25.860809089957456,40.1820570579302,41.09322767887626,31.935433522667818,56.371222792980404,-36.83788830632802,93.20911109930842,255.78928997300818,-112.79372356368832,112.79372356368832,122.86703396253749,48.722520043503565,-16.295244027281328,-154.52990306571792,138.23465903843658,371.67058087372453,S1,1,265325,265580
-22.83418329305369,26.320859628061694,27.44418000866452,15.224424116767404,55.644040969936896,-41.62230478880955,97.26634575874644,263.38638715909224,-31.462526578597767,31.462526578597767,39.52056812084192,23.916202162658188,-0.8114155552599424,-146.16554633472202,145.35413077946208,457.66847486763027,S1,2,265589,265844
-34.052598876736894,34.052598876736894,34.64360926951944,6.37182650102704,-21.17161750596503,-49.83372353697033,28.6621060310053,284.5892050006624,132.8199193290421,139.58871037162166,280.2195253161942,246.74247992159755,861.7278204996047,-19.205062173282112,880.9328826728869,1839.5320377707926,S1,3,265853,266108
-34.77265485118622,34.77265485118622,35.039852994743654,4.3190013305765325,-21.17161750596503,-45.987897629782964,24.816280123817933,246.02319778825103,2.0760718666664584,20.71159479462097,29.14551850191768,29.071483869077994,102.17338056773183,-34.54936631776633,136.72274688549817,393.4838178653573,S1,3,265981,266236
116.26340762937537,126.27948142602736,136.54798250908559,71.61125312202851,181.16766206857045,-37.079530068756995,218.24719213732743,527.4654377833926,-90.59065058660008,90.59065058660008,98.61868473624038,38.974081200234956,-5.607680447997183,-127.06066444365186,121.45298399565468,455.8357487937898,S1,1,266363,266618
1.2815235834362328,5.9763542564016365,7.373872719306681,7.261659327290978,16.509785117971408,-16.82942660282623,33.339211720797636,179.79891673256097,-26.401284428566484,26.401284428566484,27.506991906991246,7.720543005075164,-8.711823004997115,-47.11471767379528,38.40289466879817,316.9225923421367,S1,2,266628,266883
20.20697165539962,20.20697165539962,22.037427411083137,8.79354896595423,41.64738961527216,1.2828775206143588,40.364512094657805,219.93597958470653,110.79180056927858,128.6599829117373,276.23075788918675,253.03874906948883,933.9432262208818,-48.64085367269405,982.5840798935758,2081.688327817469,S1,3,266892,267147
33.49919567851559,33.49919567851559,34.78349994135615,9.36460127623411,56.28029475924261,15.545883304689433,40.734411454553175,218.69973075783656,-16.512696771487224,19.368458544497464,23.191848845192748,16.284738198423195,39.64702914185204,-43.719436502937064,83.3664656447891,336.07368960033347,S1,3,267020,267275
-142.64009247199266,163.21382817337656,174.91980129754995,101.2459426621914,55.00945761362945,-216.61290794926916,271.6223655628986,426.631130656981,-0.5490570345035253,18.60126437180365,26.398046253851636,26.392335675217392,68.04928913716799,-56.53524080127962,124.58452993844762,448.33336022460526,S1,1,267402,267657
-20.497860775614043,48.35528574751602,84.63204611707148,82.11224594167219,26.235127851066736,-214.0306409653427,240.26576881640943,417.8154287918955,-30.46485278067896,32.97718581537842,36.03757340359842,19.250959505211735,15.88226541188127,-54.22781286768984,70.11007827957111,333.9939291541883,S1,2,267666,267921
4.4438689349136204,8.948325254969657,11.710068977035139,10.834100993447978,33.396963691229985,-12.850967967165682,46.247931658395665,261.4980669255866,103.4228412908275,115.53002051190012,257.99204821822417,236.3548451865686,891.3780903948787,-20.540999367949674,911.9190897628283,1985.285230763453,S1,3,267930,268185
-8.910756531147674,10.014271430026705,12.837763179457276,9.241568129621621,9.256019411223775,-32.75895469328046,42.01497410450423,204.11572949289442,-9.40902211505422,15.011788635000809,17.624306645882655,14.902566476500754,41.64203975694191,-33.1645499043166,74.80658966125851,357.03646249797373,S1,3,268058,268313
188.29397300839597,205.86833894477687,225.05917852660195,123.27616788245143,269.7138499739784,-47.928103032906904,317.64195300688533,487.603663461085,-79.05584762224794,79.05584762224794,87.48780728682274,37.47384928965998,-5.3251381998388805,-118.55258979216357,113.2274515923247,375.79459759208,S1,1,268440,268695
-43.60031808526757,66.34440565788029,76.99546048954198,63.461115644622176,259.27196386140923,-82.69613231093474,341.96809617234396,483.23010076091487,-26.550280394077454,26.550280394077454,32.55874558321151,18.845543901627288,-4.135666865152363,-106.4077959631026,102.27212909795024,347.96501616047874,S1,2,268704,268959
-82.4975501253551,82.4975501253551,82.71842680980495,6.040890431350349,-67.17312928770222,-93.83925169390137,26.66612240619915,220.79540070004538,86.25094060179504,106.03248825126641,231.3176603338672,214.63605295392475,847.6151518905649,-34.5015826039411,882.116734494506,1909.900982969514,S1,3,268968,269223
-81.83724242884917,81.83724242884917,82.10203731724441,6.588648061929409,-61.19746757063384,-91.84992298569674,30.652455415062896,206.0527630511299,-22.71874987323684,26.843290417899787,29.06285615966706,18.12478999477784,42.23017433217793,-50.37814883254442,92.60832316472235,364.98067061876685,S1,3,269096,269351
100.38428968357704,129.2181660626694,134.54663036927002,89.58677429424871,167.7763779178563,-76.7535935271732,244.5299714450295,366.5822491687045,-0.652378448365952,15.96961834411951,23.798967859468952,23.79002466447111,84.42881341031232,-40.569585192312424,124.99839860262475,484.7800478295837,S1,1,269478,269733
29.413216851931278,39.43584534039423,73.95015149800695,67.84900574805386,182.77278257474657,-20.74536514092084,203.5181477156674,414.11204474032235,-40.30480850633192,41.91779487739855,45.39246777723313,20.880578109215783,8.74177604805316,-59.83703923711705,68.57881528517021,314.4407936237616,S1,2,269741,269996
23.894784021151924,24.276507900163868,26.426617815038103,11.287401194455349,42.44104747443078,-8.723858784079807,51.16490625851059,242.2353557723755,100.33895779831859,131.66834341588387,268.5999156090808,249.15458697995626,878.8747505471672,-45.38839519566499,924.2631457428322,2034.3773601951048,S1,3,270005,270260
35.46195696900713,35.46195696900713,36.06648350494772,6.5757767861258944,52.67548839124465,22.558232516885543,30.117255874359106,202.43295058025188,-31.207212406329,33.61746500473485,37.86052999442694,21.43664211776573,23.985092829297784,-62.59027623139326,86.57536906069105,395.5005847062958,S1,3,270133,270388
44.19014411743527,44.19014411743527,44.89525321768134,7.925586688695576,57.33530987036545,27.248056257221286,30.087253613144163,219.48802982640427,-46.57622633585586,46.57622633585586,46.820435647421846,4.775807211927393,-37.74046018011263,-62.59027623139326,24.849816051280634,347.33824583269745,S1,3,270261,270516
-191.2451017658438,207.32197913172317,219.98915534943134,108.7223046202033,61.89864323696652,-259.47429870788085,321.37294194484735,473.694508624374,20.528529692451315,35.87606963814245,38.98170883016866,33.1383930205765,87.16844014036292,-60.280247272207575,147.4486874125705,494.4033977898812,S1,1,270537,270792
46.73267969303183,46.73267969303183,47.2385239155097,6.894547876740934,69.7977388228698,34.59295217433786,35.20478664853194,234.64792090326222,71.99325929027916,131.27180732552125,243.94902198802205,233.08388178009025,815.8815293104813,-75.33502242605466,891.216551736536,1876.9725512374732,S1,3,271044,271299
41.076686985028715,41.076686985028715,41.685914095064284,7.100790116251236,57.89585925046791,27.438927062594743,30.456932187873164,190.09765619729578,-40.22802848402128,41.52171250159135,43.99675564625918,17.81629118771389,23.604200202144145,-63.822468392323195,87.42666859446734,321.41366016606963,S1,3,271172,271427
36.41232165394281,36.41232165394281,36.66108753585695,4.263586645252239,47.728737437854605,27.438927062594743,20.28981037525986,176.84246647158574,-48.94506885678095,48.94506885678095,49.31067960116997,5.99360970819859,-36.83427169912842,-63.822468392323195,26.988196693194773,332.7839987405162,S1,3,271300,271555
12.310479081660628,13.095317134177048,18.292995134341623,13.530919250555092,44.804411209709535,-7.1567957576588705,51.961206967368405,253.0523322714717,6.707736842279945,28.499366694872403,32.13288672423699,31.424968984668322,52.607211471198596,-59.619848143203306,112.2270596144019,508.4141559337304,S1,1,271575,271830
18.375470952588575,18.375470952588575,19.037835727487444,4.978077586515796,28.85615031290451,7.9521191965858575,20.904031116318652,226.0224749308695,-48.96900242669861,48.96900242669861,49.67878467224644,8.367702662344842,-30.311478441820285,-67.11156710546571,36.800088663645425,339.29171194499213,S1,2,271839,272094
14.744777934916554,14.82947246293168,16.66359264765287,7.76317226247806,46.69653954330921,-3.661464729273985,50.358004272583194,322.46707919266,86.31145758009464,131.2944634528078,258.2287422961217,243.37710582188373,856.9688095186426,-59.77435364707387,916.7431631657165,1992.7559331780117,S1,3,272103,272358
13.467908935143857,13.467908935143857,14.093132736336086,4.15112264799055,25.0885222362732,2.486070325984203,22.602451910289,246.20812079318264,-37.51688700393094,37.51688700393094,39.74807935047533,13.129851544703799,-2.017654684479018,-60.59605090648142,58.578396222002404,331.2220417489207,S1,3,272231,272486
-74.03435269839221,81.71160119048481,86.6622707073459,45.04735047351139,27.570526010260018,-114.99301994527514,142.56354595553515,343.445041310744,32.17402580985609,47.217732990285356,49.26176926537511,37.30353836222203,107.94264807817382,-55.08199190481463,163.02463998298845,442.0799709111749,S1,1,272613,272868
-16.226700834279107,31.42850829280772,51.73249724095937,49.12174112163244,18.613161971401304,-119.64642898627174,138.25959095767305,345.82873019258415,-35.31088477973244,54.702556265568546,55.56698207172638,42.904905461171,54.99103115654369,-75.93665018659821,130.9276813431419,343.3345101839634,S1,2,272878,273133
0.20143702913167916,6.346452545828731,8.594113490891106,8.591752429953456,28.20420024063776,-17.51656880234986,45.72076904298762,267.36146760687427,92.09077191215471,133.1300916950091,259.78772106089394,242.9175780849058,844.8021005934202,-60.36697528196398,905.1690758753841,1957.5235091482323,S1,3,273142,273397
-7.732602846164534,8.549215204155583,10.100032675315136,6.497500539893904,7.778701537980735,-20.457420321536134,28.23612185951687,240.4983426769908,-30.80162100098554,34.03526129311578,36.641362505212136,19.845644105193774,34.86049400784748,-57.68335304877097,92.54384705661845,398.2099337011618,S1,3,273270,273525
61.71131077415557,64.2737914222325,69.26144962491601,31.446184612451276,86.73305315827754,-20.990597363305827,107.72365052158337,344.1750442540569,-64.45993730582182,64.45993730582182,66.21543065907845,15.145947969564237,-24.544691658629542,-85.48135742713042,60.93666576850087,394.486398718274,S1,1,273652,273907
7.502871599277577,8.860025595830866,11.578490690870161,8.818637334833593,60.52392608486901,-8.599526306098342,69.12345239096736,306.460944424049,-29.09706689891121,29.09706689891121,30.513116684630255,9.18754524833195,-12.686301896018378,-64.15127631549257,51.46497441947419,480.6692072116053,S1,2,273916,274171
10.604594279363631,11.541522256013716,13.369202788479178,8.141140176263246,29.477581462928228,-6.940693927439301,36.418275390367526,257.4687009180609,101.24074183778369,123.68086075618974,254.17357580620592,233.14055595337405,841.5618231179936,-36.92091518748532,878.482738305479,1947.7044280112855,S1,3,274180,274435
21.384431739562274,21.384431739562274,23.604725849845632,9.994456544623743,37.384873496369806,1.2173581004861143,36.16751539588369,246.15437133367595,-23.27932775745412,31.12637227738972,34.380727585782275,25.30034245793515,55.195177888424276,-54.40444127055275,109.59961915897702,443.32987048830967,S1,3,274308,274563
-97.10689387873819,110.75040872496766,119.80678530558187,70.1706275195061,36.36549419164602,-146.86576356975118,183.23125776139722,380.1347870627868,38.151446514341586,61.76246501000722,63.26594290310996,50.46827379931775,117.76995584753877,-59.39089588725999,177.16085173479877,477.27833273007525,S1,1,274690,274945
-1.5694218219382563,47.43045005430388,62.960508634304695,62.940945040849044,53.32426606801003,-142.53726942203582,195.86153549004587,415.04987773353355,-29.187217822779555,50.83848048838364,52.21535485581304,43.29606908812968,67.02215981722287,-73.42780805161044,140.4499678688333,455.8406194799153,S1,2,274954,275209
7.950236011245485,9.132509908123462,11.543001476836316,8.368669575251545,25.83042434664259,-10.438624834853789,36.26904918149638,268.28569921746043,81.4164146815994,117.69526785709111,237.4091356560597,223.0122532807361,821.9994540438682,-62.66592057995973,884.665374623828,1895.8785530822904,S1,3,275218,275473
1.456798941121722,4.887538519284446,5.899575999787767,5.716881477030852,13.757642026130195,-9.69179250997187,23.449434536102068,210.57249306801796,-22.638512004993622,27.913810621692846,30.667690059495925,20.688281412071543,54.51193866662559,-54.243604704229455,108.75554337085504,361.37953638616546,S1,3,275346,275601
43.500646906064006,44.952727812930206,49.39383572725909,23.39753676362962,69.93048427592201,-9.90461402947881,79.83509830540082,273.32416082528925,-95.83477130102347,95.83477130102347,103.14237914106725,38.13196801320635,-10.8657657006405,-131.2389710253376,120.37320532469711,465.72240790327606,S1,1,275727,275982
8.15923317010783,10.489198086776787,20.406362620064378,18.704185345996038,68.33201035010684,-7.157247380881216,75.48925773098806,253.90058819416305,-21.193270952587028,26.707730119939985,40.956121983451034,35.04638632232361,16.1732693592336,-111.96271935724987,128.13598871648347,412.2489468045806,S1,2,275992,276247
-15.263354881466071,15.682605834338553,17.34781425896441,8.244795772240499,7.707913743651933,-35.950624296694365,43.6585380403463,257.60698945984706,113.4149292612914,117.25320044818889,243.48572729868906,215.45847214446647,855.6081913765931,-19.82886701608711,875.4370583926802,1741.6788262853183,S1,3,276256,276511
-22.146616108216012,22.146616108216012,22.896545768942556,5.811987878909283,-8.756962051001134,-35.950624296694365,27.193662245693233,215.10640211993692,-5.520168124675783,7.367328192198907,8.699163921705736,6.7233322699402684,18.394070460328056,-19.82886701608711,38.22293747641517,318.3159318501693,S1,3,276384,276639
-19.65009675173087,19.65009675173087,20.69722543286114,6.4999106352541425,-6.800639160098834,-31.85855206983838,25.05791290973955,186.8357551307029,-8.790850550371047,8.790850550371047,9.579637826832249,3.8066267868437427,-0.2992952504561069,-20.155435770201194,19.856140519745086,307.222354446018,S1,3,276512,276767
-18.229230866841487,18.229230866841487,18.676636711971803,4.063483834638259,-9.496299023729753,-30.561722062153276,21.065423038423525,249.4832066667259,-14.527389208171218,15.363587122251102,19.171789818995506,12.51049510043668,5.900033490478632,-37.31780964608814,43.21784313656678,354.7264382621161,S1,2,277029,277284
-16.759073697752367,16.759073697752367,18.34797074575585,7.468699972580051,-3.4440190203914933,-36.490803656878924,33.04678463648743,193.74494045587397,131.41698720850056,137.73836655005468,279.26497269178986,246.4112425308288,932.2362945482653,-26.524296855049087,958.7605914033144,2022.934124662018,S1,3,277293,277548
-15.978871648277627,15.978871648277627,17.06235834774066,5.983287828158094,-3.4440190203914933,-28.194239561630535,24.75022054123904,203.87602148229047,5.780073047559194,17.846901157068974,21.910552112323295,21.134404402104984,57.932054388556445,-33.266461026656145,91.1985154152126,317.75743217114484,S1,3,277421,277676
-18.01670957845132,18.01670957845132,18.653241544043514,4.831314113796732,-8.914575388415699,-28.388861832965254,19.474286444549556,251.09437528009886,-14.52763085859824,14.809624292903074,17.46973332934306,9.702552459773871,6.59818618146567,-35.62023797794413,42.2184241594098,365.8106144877421,S1,3,277549,277804
40.72433108263001,47.31865814255143,50.18325157346997,29.323840068424033,73.80891462962613,-21.40654175978555,95.21545638941168,314.65695087499944,-99.93683706817554,100.96204357479927,112.15386218597735,50.90301955719458,13.010278524576403,-141.02836089280603,154.03863941738243,426.1079830550358,S1,1,277824,278079
-20.826438193656514,20.90004587894513,22.625484185525167,8.841493470859694,3.016271935734855,-36.93506943499787,39.95134137073273,282.2906740338607,120.52569831195652,126.29320506645506,273.5083013275188,245.52056317441122,927.6494994984438,-23.188216918172337,950.8377164166161,2019.3520163959565,S1,3,278330,278585
-21.6914945161433,21.6914945161433,22.553458152376344,6.175559916891432,-5.996438120283591,-36.93506943499787,30.93863131471428,274.9773755193394,-2.4515100496419038,12.847630437453889,17.12978585376352,16.95345575015022,56.35275923116231,-31.78233668724984,88.13509591841215,348.10684350880626,S1,3,278458,278713
-13.042792708886925,13.074801151654032,15.186775709602554,7.779698889210314,1.8768580859379238,-31.250248548465475,33.1271066344034,254.10677712132437,-26.380327343312608,26.47755954239898,30.003710191247404,14.293388489089514,3.7558940390621443,-47.2449440395431,51.00083807860524,324.9722514098901,S1,3,278586,278841
-18.881156261121603,19.213130588205203,22.44396442674802,12.133980279868554,4.659596665276266,-38.98207581168057,43.64167247695684,276.78908679407164,-41.749386867023645,41.749386867023645,42.148464009216596,5.786338614687166,-27.331610742371236,-54.443444834349386,27.11183409197815,363.20975048649507,S1,1,278862,279117
32.20308719076164,32.20308719076164,32.728067794533466,5.838458439329877,50.146500583426715,19.144549908829713,31.001950674597,288.94412665965035,-41.88122862878281,41.88122862878281,42.184786569821526,5.051624143284857,-28.99124743259702,-54.99021199074891,25.99896455815189,364.1764036722532,S1,2,279126,279381
45.31438928521344,45.31438928521344,46.36687326026817,9.823088090916464,74.63559647115115,27.30947826275106,47.32611820840009,281.9986366228479,122.3252457380596,152.00697739990514,295.5593645684258,269.05737722503534,919.5171521359855,-45.8299215504183,965.3470736864037,2031.0022037736958,S1,3,279390,279645
54.66892041183218,54.66892041183218,55.136776364949206,7.167513440739427,67.32221530294207,37.612120094986174,29.710095207955895,192.19908507023646,-28.677196463408922,32.53695618677143,35.02238095152548,20.10436695130741,37.43829640765535,-53.69386921803591,91.13216562569126,394.4764588256967,S1,3,279518,279773
-175.48602597712966,199.34535931499403,210.49366550725455,116.24215201653033,76.92695179357831,-248.26327064284555,325.1902224364239,491.49668910693634,-57.47577048537525,57.47577048537525,62.43697979250915,24.39082312515638,-0.31093136223696966,-82.93544176924149,82.62451040700452,285.4986165934341,S1,1,279900,280155
22.21923182400547,66.60227879387254,85.91823682873587,82.99547672560142,62.62081043309644,-252.91602318487344,315.5368336179699,532.4698553284225,-30.468533903772244,30.468533903772244,35.67307624332572,18.55361987367455,-3.595214025587156,-83.75406061001453,80.15884658442738,357.4487458941891,S1,2,280164,280419
29.706841879911153,29.706841879911153,32.7744545078849,13.844436204171458,82.53079878658697,13.50171386507458,69.02908492151239,311.18995123596096,141.95419336847664,150.97606099115413,295.537360847036,259.2129214401479,923.3859399446872,-32.201871176689785,955.587811121377,2005.8399055550206,S1,3,280428,280683
19.462266215492207,19.462266215492207,20.639030722323767,6.86948199752607,38.950685110765406,4.912671860998288,34.03801324976712,212.15473381079477,15.175377655109902,25.847905759306283,36.8966585942945,33.63140390243496,131.89594075809302,-24.244972221694592,156.1409129797876,361.34673570468857,S1,3,280556,280811
13.169787023734035,13.297703488744915,15.134051998579361,7.456288597230565,26.01347005719079,-2.395086190489022,28.40855624767981,225.80477478698617,-113.89002968216658,113.89002968216658,126.28791789303351,54.568299815486164,-6.615296458821862,-170.20861792858784,163.59332146976598,487.55104375738995,S1,1,280937,281192
9.241320940873221,9.267129922100072,10.181589721866592,4.273494651008412,17.51176400726646,-1.1480754689074066,18.659839476173868,198.09925917338123,-22.89082458721224,23.98007902125051,34.47224904851175,25.774912302083568,7.577789716014311,-150.4065637816735,157.9843534976878,357.5971855699492,S1,2,281201,281456
-5.608585951012852,10.59514716251578,12.300646290961927,10.947587076861124,18.53074509177173,-23.005473130169865,41.536218221941596,304.7800734178927,145.34964844144793,155.53863192971286,309.27052753366945,272.986700956112,952.7682574084721,-28.730021437050073,981.4982788455221,2040.0817165995336,S1,3,281465,281720
-10.868927903933269,10.868927903933269,12.194171667910878,5.528492460479721,-0.4425213765520694,-23.005473130169865,22.562951753617796,240.18511088704696,-9.808365630548323,27.21039676692954,31.9444607831523,30.401390402148284,91.12213406777384,-39.18283855499744,130.3049726227713,306.07864989399917,S1,3,281593,281848
-38.29055042168152,40.75988089677794,44.057432699083215,21.791996797882287,10.751061462222488,-63.21783384315173,73.96889530537422,255.24967156508595,-40.647496202990666,40.647496202990666,41.03991287153,5.661757759798011,-25.429961066602623,-51.113769867257304,25.68380880065468,305.8462928114603,S1,1,281975,282230
19.16492204747786,30.50048014755975,31.06486759825603,24.44855336847713,43.136752226142804,-39.64099525691976,82.77774748306257,253.7419138846207,-45.779497343027316,45.779497343027316,46.9416182479799,10.380421318946315,-21.986605128474753,-63.22821589294511,41.24161076447035,385.6580404305863,S1,2,282239,282494
45.52207262639407,45.52207262639407,46.33167096166726,8.62349336971417,75.17122431152998,31.127338143540243,44.04388616798974,286.2532471454088,78.29985445407864,126.9833684678778,249.86329369557242,237.27789262565105,843.7152349305518,-59.697309383620045,903.4125443141718,1922.7222834494694,S1,3,282503,282758
50.88468042052217,50.88468042052217,51.58190382509479,8.452342913219717,63.67113262030754,31.127338143540243,32.543794476767296,241.99609005652349,-49.11980582027405,49.32757174490773,53.99806907327364,22.428467175012273,8.057819108344525,-85.97362995640593,94.03144906475046,389.13202886245665,S1,3,282631,282886
56.188794947090656,56.188794947090656,56.38874157259621,4.744417618089608,68.37248112570047,44.13339940282117,24.239081722879305,225.29498888384228,-69.42189057379544,69.42189057379544,70.44628541759675,11.969972359929587,-43.22290506999188,-90.72625036739339,47.50334529740151,386.89724058909405,S1,3,282759,283014
-23.317273656148544,93.94267056051092,112.50371869215913,110.06085348028496,60.34746769160423,-199.76605617732318,260.1135238689274,424.5141534568866,0.03420160015012552,23.617664571861262,27.069331558602133,27.06930995204866,44.712648602407874,-43.3392225982948,88.05187120070268,333.4136927634032,S1,2,283278,283533
45.353895885483745,45.353895885483745,46.91460264957959,12.000169572828591,89.05240787416295,29.60707776952992,59.44533010463303,257.9256586486294,119.01167711706826,124.04014845104733,265.2070666390855,237.00423815850007,903.7833218991417,-18.507454081173037,922.2907759803147,2019.0761825333354,S1,3,283542,283797
33.78240492068499,33.78240492068499,34.46232270913883,6.811813582571422,48.56838766302613,10.692617686193902,37.87576997683223,197.42884659936198,17.094764337398892,17.094764337398892,18.44232932537498,6.92015485335271,36.24517283808423,4.7775756355512655,31.467597202532964,349.55806688656946,S1,3,283670,283925
27.62778646515045,27.62778646515045,28.412683532371048,6.632194248264925,42.20792250237521,10.692617686193902,31.51530481618131,210.69306072646737,15.893265060209618,15.893265060209618,17.324488375644307,6.895072385679125,30.234106337343356,2.6083094635036765,27.62579687383968,292.228015140756,S1,3,283798,284053
8.675988337526267,10.318819447322108,11.210771765863955,7.099903517189556,21.204643531190843,-14.579899181653966,35.78454271284481,228.10536179730252,-63.104944637918805,63.104944637918805,82.94023229357371,53.82237541355055,-3.6864935963162555,-175.03125718465515,171.34476358833888,476.1031282811949,S1,2,284316,284571
7.11905087654028,7.647928106229247,8.676804382961242,4.960448459303503,19.91770959996716,-6.068195457730863,25.985905057698023,216.4790197807175,86.72018179378264,121.4208084300691,248.78542531936841,233.18189878503077,858.3011593892861,-44.09687070335237,902.3980300926385,1977.7958223309136,S1,3,284580,284835
1.9096208818409193,5.752060771969502,6.519760148607075,6.233828717810754,14.315550701639594,-8.945069718141626,23.26062041978122,254.5950290470849,-35.12932847586717,36.004311518400776,37.98607494951264,14.452410556880137,17.013763933048974,-54.00430453860465,71.01806847165362,352.84673977922176,S1,3,284708,284963
-4.228947482540253,6.513337752442542,7.322473682285424,5.977844429029507,12.220378141941103,-14.194232662074956,26.414610804016057,250.38175303372753,-47.19947222547612,47.19947222547612,47.39478637780875,4.298324956844661,-36.32378072862919,-57.671860356077936,21.348079627448747,327.70482698132884,S1,3,284836,285091
-31.964265310839785,31.964265310839785,34.47101931328253,12.904918273082615,-0.9608857118436565,-50.44050334354704,49.479617631703384,236.53922830840241,43.84469291708501,62.745532159237584,63.80887783736888,46.35963539406647,104.63243188784674,-64.88910780233529,169.521539690182,544.2121098980347,S1,1,285111,285366
-1.1202166609388202,6.450119954345428,7.376420635536371,7.290863873706728,14.50164511528781,-18.885497612323455,33.38714272761126,217.51765465882414,80.06574842932885,120.34366535290292,240.64581418574159,226.93585836876878,836.9131567423639,-55.22823447025998,892.1413912126238,1913.7351010817258,S1,3,285619,285874
1.9429650666386329,7.966967439158599,8.6740581195861,8.45364838467862,18.099322583988208,-13.025750247325128,31.125072831313336,227.70965907540153,1.7700521304630676,76.23200952162195,122.26336045736967,122.25054693449903,630.8491256567776,-70.69660724203261,701.5457328988102,874.0927952241625,S1,3,285747,286002
8.806374393624461,8.806374393624461,9.529515449275925,3.641350674860076,19.331380645342843,0.37668407057283243,18.95469657477001,224.85933656480591,-59.79447826645722,59.79447826645722,60.1646359822425,6.663617014649394,-36.17532119244785,-73.31854916696733,37.143227974519476,316.67429731791594,S1,3,285875,286130
19.10639937609843,19.207587272512512,21.764746754969696,10.423516881983225,35.70564718511538,-2.6496460198368954,38.355293204952275,242.61617640546737,-9.883358325887553,19.202641206631533,27.384008115147473,25.53826792585143,27.86534481010771,-62.354086627044744,90.21943143715245,382.2245736763814,S1,1,286149,286404
-15.43133119741962,18.685728589073335,19.92795234356694,12.609413233097685,18.223471818606516,-37.2409092670513,55.46438108565782,280.33974445986024,-10.932416574151414,18.126575782062034,21.370850053973964,18.362883757151504,37.254405235913445,-43.742437407718676,80.99684264363212,397.9511071955743,S1,2,286413,286668
-30.873566519422198,30.873566519422198,31.877407022961833,7.936748003961653,-16.307153050633815,-48.16083233206832,31.853679281434502,285.12696156552875,91.53614959943741,116.76760404555318,234.36275544631306,215.74761749993385,829.1443504285295,-40.640326389170184,869.7846768176996,1873.0652934037612,S1,3,286677,286932
-32.84478618151729,32.84478618151729,33.81283070761637,8.032903656358345,-18.360441957662843,-48.352428590738576,29.991986633075733,259.221135894918,-15.41576313822774,21.49312585396168,23.20120591505256,17.339267654048395,43.432737349242494,-41.29235005040647,84.72508739964897,336.24148911534166,S1,3,286805,287060
122.89315794920746,134.1775018453754,144.35875825397036,75.74115667125375,171.67631340526302,-36.067845594223556,207.74415899948656,386.9033975486565,-124.30802223053541,124.30802223053541,136.06269701050817,55.32244686296928,-4.181780472526459,-168.76025326512797,164.5784727926015,494.7885911612889,S1,1,287187,287442
-10.225589604699792,41.32494873036264,56.00150941415095,55.060025189782586,165.71256268912214,-40.236638934537034,205.94920162365918,391.6658182652625,-28.313628882265238,28.740190942814223,48.156979499506235,38.954243594674246,7.831946041393008,-161.53951373578707,169.37145977718006,463.23230910826084,S1,2,287451,287706
-39.57831262755646,39.57831262755646,40.50584021550723,8.618599719189195,-20.97982612004243,-54.08803009333852,33.108203973296085,238.6189268480661,116.98412140984864,126.56434516820067,267.6118457341578,240.68821183267045,909.9439507451003,-26.217992605136804,936.1619433502372,1977.7956063038673,S1,3,287716,287971
-39.1729797572665,39.1729797572665,39.54183329768376,5.388342739525829,-25.309916171682232,-53.49735564659815,28.18743947491592,255.18071322657656,-7.625558600931791,16.951160712030166,18.239905255408896,16.569399498776296,40.768477221183495,-27.52299165813214,68.29146887931563,336.35068570292776,S1,3,287844,288099
56.32527842563354,74.41906787552057,76.15747918337588,51.258410488828005,93.93167656910784,-53.412916081731424,147.34459265083927,321.2391483688601,15.22921228316212,15.263569219249362,17.760070793324143,9.137352341803897,58.0819271305431,-2.0826578543747214,60.16458498491782,310.9894285080673,S1,1,288226,288481
-31.12343422527725,48.855188372445774,50.556375860499145,39.840669951356254,85.7952214722415,-57.75969869456836,143.55492016680984,342.9051779897488,-19.615446811578636,21.242106485711368,23.185996013631613,12.36222704557195,14.466007288035499,-41.48597467343137,55.95198196146687,358.7131523626868,S1,2,288490,288745
-56.31910907405833,56.31910907405833,56.603619309024616,5.6681277319151775,-37.9951300216504,-68.13855335757626,30.14342333592586,208.7071681794833,67.6936229424164,105.6104919983236,216.85987229304968,206.023730729952,805.9268987523969,-50.84703711861465,856.7739358710116,1868.7703590307776,S1,3,288754,289009
-55.02113125650908,55.02113125650908,55.18712871785472,4.277182644576302,-44.769050545327566,-65.81714232802248,21.048091782694918,194.59670634142253,-34.95980868283278,35.68966543481267,38.15135606972113,15.275396781045563,11.965075690773507,-56.96454071066765,68.92961640144115,327.40329831024815,S1,3,288882,289137
143.67909456934615,161.20200759673563,171.58485594886824,93.79595180351203,203.37540114846684,-56.56493410501187,259.9403352534787,443.1043020298688,-45.924221267544716,45.924221267544716,48.076310233106426,14.223132798349578,-9.841372189480483,-75.92157472607018,66.0802025365897,404.4476920769151,S1,1,289264,289519
27.091487414056882,44.31153628824043,84.39014996861049,79.9233928297502,213.26561579249903,-25.328120116279134,238.59373590877817,418.69329095050387,-32.84246146576505,32.84246146576505,33.822342835374336,8.082301636497832,-17.11246432286108,-58.51773818627525,41.40527386341417,341.75070863976225,S1,2,289528,289783
-1.3333057419727714,10.869616518529986,12.981279469999054,12.912626087540882,24.82894850323433,-23.87953637492618,48.708484878160505,247.71127709327854,66.05944152830699,98.6813811933577,209.44496022389464,198.75447554245667,792.8986440974455,-45.32355754626577,838.2222016437113,1816.4227804832058,S1,3,289792,290047
14.041827396357089,15.61383071056951,17.983824404149594,11.23588107672033,35.709691072796474,-14.293787023760604,50.003478096557075,241.1330687124422,-31.59779954923419,31.744760099423274,34.41383297322401,13.634183640958327,4.3821887326838125,-53.563994463618265,57.94618319630208,294.4713488888865,S1,3,289920,290175
-176.62822010115812,189.00383599841518,208.91230849290955,111.56533737560895,37.496696091175025,-252.2684721417749,289.7651682329499,520.3813680547897,51.61540353523989,68.4223784219609,71.09475961167237,48.890847427057636,102.20780587010967,-50.28657292729395,152.4943787974036,471.0466997112335,S1,1,290302,290557
13.626215163585556,84.7590852075767,105.39302868959204,104.5084530393635,80.37184860788713,-240.5136652948536,320.88551390274074,472.2654174266321,-8.098701103542652,33.925567965521864,40.64064520157214,39.825533051492805,97.97041571197984,-42.799593845030046,140.77000955700987,429.57784669586965,S1,2,290566,290821
66.96399113827685,66.96399113827685,67.26880589410356,6.396572304864628,81.05826768402352,54.57493307559231,26.483334608431207,253.41948814524585,95.72952637576421,110.90397876176323,244.90086328875003,225.4158171456628,842.0317816986037,-29.83475467592649,871.8665363745301,1916.8420301306112,S1,3,290831,291086
61.27014024305958,61.27014024305958,61.52286892239696,5.570755338214697,74.90545260495307,50.38575886749089,24.519693737462177,218.66329807180304,-13.50967396381978,16.0591446497968,18.755317623793452,13.009636757445124,19.1867071402356,-42.91228366294072,62.09899080317632,328.8278221571717,S1,3,290959,291214
59.289479299291614,59.289479299291614,59.444893915921405,4.29570216542315,70.11742512353773,50.38575886749089,19.731666256046836,252.0315207795612,-28.398960292007764,28.398960292007764,29.989943032983934,9.638243483881693,-10.640603091424468,-46.62042087774712,35.979817786322656,307.7272225811215,S1,3,291087,291342
25.30154913387277,49.43428509456465,54.83265501931408,48.646188626585456,53.66450035070663,-126.79455238859975,180.4590527393064,372.3785559913696,-36.23318712781441,36.23318712781441,56.13963801799084,42.88140747867106,-2.7582294436120653,-173.82400454968538,171.06577510607332,430.9658744737196,S1,2,291606,291861
28.884292606209556,28.884292606209556,29.920235244047202,7.805005938370079,50.000515565435734,15.028919992456402,34.97159557297933,218.15196552821544,102.42213021977213,107.8873649593066,234.67298982548962,211.14241495937853,857.4254681475504,-19.923928101080097,877.3493962486306,1881.746932823307,S1,3,291870,292125
20.92582982115035,20.92582982115035,22.03112658912409,6.890586700874253,35.491451689347855,11.505450515031049,23.986001174316804,179.69995880251741,14.140042749746947,14.55152182958876,18.323014611656003,11.652984831977088,52.92627516364073,-8.011977104973402,60.938252268614136,312.37017342373287,S1,3,291998,292253
13.883254767893781,13.883254767893781,14.726653217154247,4.912184038497962,27.135298520517342,2.310073394876496,24.825225125640845,181.7002899366555,-2.340220243435689,9.814278286455876,11.466265397029822,11.2249103055364,15.423567224044666,-26.849839742691238,42.273406966735905,316.5191366637729,S1,3,292126,292381
-18.02201696797288,21.664812618934583,24.462453479513684,16.541418761504975,15.816520721412152,-44.01928707450497,59.83580779591713,241.7852016333443,27.07154015019229,35.237101315256865,37.04977606268378,25.294616427049107,84.46931231024249,-35.59464876622152,120.06396107646401,420.2614825116343,S1,1,292400,292655
-35.2264136617698,35.2264136617698,36.84564195799763,10.8028288807531,-2.0875402987099143,-55.22992966505011,53.1423893663402,260.06820069075354,61.73687479162124,121.883455456398,232.33307906654278,223.980396283925,824.6828756637002,-71.71078726929406,896.3936629329943,1965.067246617538,S1,3,292905,293160
-42.92326339190359,42.92326339190359,43.327711408253535,5.906270876464449,-30.288232320427703,-55.22992966505011,24.941697344622405,198.47100021933332,-45.67701430572845,45.92000222526633,48.565638967636204,16.499444004240356,6.000226283459902,-70.02615916121893,76.02638544467882,386.47696332997066,S1,3,293033,293288
-44.10200838044635,44.10200838044635,44.23127634335528,3.3791513392124224,-34.99238448922947,-53.441919049088604,18.44953455985913,205.11169386922487,-53.79871839414082,53.79871839414082,54.085499295341386,5.562295674836759,-40.512832305998856,-70.02615916121893,29.513326855220072,339.8768725597338,S1,3,293161,293416
152.82026606685838,172.6140998366516,183.63878343219451,101.82911695439107,214.84749429423084,-60.483737990144654,275.3312322843755,454.25071205541406,-25.58966776681801,28.682018229013266,33.69545455630073,21.921509102696447,15.520735639549923,-55.77307482190624,71.29381046145616,399.2215829069978,S1,1,293438,293693
-63.81236987418823,63.81236987418823,64.44641538447277,9.017865986351879,-41.61387689743686,-77.61133006954742,35.99745317211056,260.144984408017,115.03357215380353,126.55560848496074,261.61492002714186,234.96732466099095,867.2347054768579,-35.66149630685056,902.8962017837085,1935.9381516954977,S1,3,293946,294201
-57.145195723826234,57.145195723826234,57.7077013901707,8.03774877827746,-41.61387689743686,-77.61133006954742,35.99745317211056,274.7360688664288,-8.783467181862333,19.839906657818545,23.736002273420677,22.051043244911998,60.70655767440599,-35.66149630685056,96.36805398125655,336.04656380378174,S1,3,294074,294329
-50.77561617849378,50.77561617849378,51.288401122672504,7.234424055475001,-33.86145936147267,-63.09807326227161,29.236613900798943,201.2979572734902,-9.735025690013657,13.975438649684538,16.80013270451328,13.692104794516835,13.716222069690374,-34.16944771625137,47.885669785941744,267.88634904625167,S1,3,294202,294457
-19.849804544323284,19.849804544323284,20.592757602610227,5.4815075692754425,-7.088463234030545,-33.35935446199074,26.270891227960195,251.58150065514457,-4.95684569893823,8.90099068518957,11.047006769560547,9.872489011573228,16.07427526427236,-23.603738183319503,39.678013447591866,284.2248837523078,S1,2,294739,294994
-11.837366440765493,12.109947506862019,13.52667903866044,6.545823214995546,4.81297396393796,-23.901661564047,28.71463552798496,260.5790005265851,90.81294226938962,104.69240989538615,235.4225014122193,217.20212634217677,815.4621447158689,-31.86221007098401,847.324354786853,1844.6326802927774,S1,3,295002,295257
-17.018788256992224,17.223523142473866,18.177831165617643,6.387048782447473,4.81297396393796,-28.774873532458038,33.587847496395995,287.92321941870205,80.09278363441572,114.99900648396635,236.44141444416766,222.46277997464952,815.4621447158689,-51.68733195112661,867.1494766669955,1787.1076925075079,S1,3,295130,295385
-15.710996647756813,15.8424195497367,17.48496695756979,7.673894307421845,2.33318502482525,-28.774873532458038,31.10805855728329,262.72889016623515,-40.870772491967124,40.870772491967124,42.70758067479184,12.390214001530296,-8.313181258872465,-59.001319879864376,50.68813862099191,319.591573186957,S1,3,295258,295513
-29.69784724573131,29.736414228073663,31.836162984228928,11.47079520031621,2.2830262871890863,-47.44204336965847,49.72506965684756,217.15004217306011,-29.677848879656114,29.677848879656114,30.777824725762134,8.154739770589202,-12.598983674981813,-48.61179421006036,36.01281053507854,343.26068811773456,S1,1,295532,295787
5.13537812844583,7.985820903841456,9.866181344791569,8.424335333199492,22.447789149158332,-10.14128334897874,32.58907249813707,275.72843522769574,120.10584451856187,134.64614705682703,270.6576613208677,242.54928518584543,889.5144217904887,-35.135094748122505,924.6495165386111,1990.849105919589,S1,3,296040,296295
29.464309546632602,29.47996700832317,50.49764879039177,41.01057176263177,128.19585822782327,-1.6027012732921107,129.79855950111536,271.4841337053291,-20.981701776583336,23.468091660665106,27.24122949472345,17.373910755575743,31.34699391010699,-57.820652740839,89.16764665094598,334.8215588421502,S1,3,296168,296423
43.49054934906448,43.49054934906448,58.84501516228916,39.639726623257985,131.51481175848178,5.116490570006143,126.39832118847563,400.12304336602256,-34.03392406805942,34.03392406805942,35.8511962150361,11.269440206974991,-16.940106385389274,-57.96583323031026,41.02572684492098,298.08763309322546,S1,3,296296,296551
-51.96760469353571,60.342927294285865,62.180240652515124,34.14308700192617,34.74198050814137,-80.491865108696,115.23384561683737,296.95340743893905,-61.22554906342207,61.22554906342207,63.54060001054093,16.995293218478196,-11.357292049720058,-82.72521448275522,71.36792243303516,359.1244145291675,S1,1,296571,296826
47.94574879256469,59.92784231412474,61.21216146384228,38.05435433423855,79.05978930826683,-66.81128620450018,145.871075512767,367.53118208101046,-54.570829291821,54.570829291821,55.75032362607323,11.407154545057711,-35.46708499128121,-87.84759152352426,52.38050653224305,379.2627422547911,S1,2,296835,297090
80.01384192715649,80.01384192715649,85.69621365344528,30.6859273054108,157.61509705650286,3.4742941421212272,154.14080291438162,450.19165418748355,127.12809744689012,148.96316145979895,296.7478745979902,268.13755409856054,917.0255165472737,-54.93802033919629,971.96353688647,2034.809084355262,S1,3,297100,297355
40.717377493698955,40.738501935076265,52.3964205140826,32.976962454480145,102.0182817222849,-1.4274556230610658,103.44573734534596,264.6395917159922,-24.604332254648373,26.31548112047883,30.101695908181128,17.341826052970266,28.919543102769016,-50.21537478384904,79.13491788661806,323.8643126855698,S1,3,297228,297483
-187.2676144529256,198.71849548013077,212.7342128900577,100.92911329771411,41.47992455810286,-256.4280817763701,297.908006334473,457.1650321994594,-36.83108658388689,36.83108658388689,37.6286061651712,7.7060406814256535,-8.830018635683578,-48.836603621310296,40.006584985626716,259.8362423941985,S1,1,297610,297865
-4.8828250069526185,58.037488491887096,91.47118870582449,91.34077065148965,44.43731826545055,-258.7485709252883,303.1858891907388,473.0252685967501,-17.292560841906585,17.311770602759346,20.025299434926826,10.098512612629621,1.2005086414643429,-40.32219380820298,41.52270244966733,350.54445653284927,S1,2,297874,298129
25.164758514756876,25.164758514756876,27.757073530211876,11.712816051469439,72.6281758471877,10.285488215899537,62.34268763128817,314.7179580289951,122.35456395236776,132.7083798816107,264.70378243776497,234.72846677999146,882.2729101286338,-33.19943638128764,915.4723465099215,1979.551369260119,S1,3,298137,298392
21.881215364908037,21.881215364908037,22.49747209490436,5.229595090971452,31.725632634124633,8.773998693139319,22.951633940985314,218.48850877153927,-2.588990218396832,23.22741802676473,26.329864510418382,26.202268886225003,51.84379294847573,-37.398651000887696,89.24244394936343,373.83274518308747,S1,3,298265,298520
113.09802079486994,113.68741131336465,126.32487769656264,56.27443840088212,154.07331353158287,-6.760032226091943,160.8333457576748,358.4020822810352,-87.96909834539817,87.96909834539817,93.92458364413457,32.912993619871436,-15.698606294351558,-122.49043668773876,106.7918303933872,377.5282427748219,S1,1,298647,298902
-22.24448314675087,42.62181397165567,48.83618298598601,43.47592136084784,129.14052596299783,-50.09166167278275,179.23218763578058,351.6886048013547,-43.50422764501225,43.50422764501225,47.80717709368855,19.821916120250624,-25.705484912580932,-114.19975645040391,88.49427153782298,413.80107436705964,S1,2,298912,299167
-42.17106431553369,42.17106431553369,42.56252532699031,5.759331272449288,-31.08500567543819,-55.29229026051865,24.20728458508046,198.4845833471285,107.0213441516471,134.87676378219263,265.11968656132916,242.55902394747577,844.623617012312,-46.37673498534712,891.0003519976591,1865.3240646935637,S1,3,299176,299431
-32.103969704698926,32.103969704698926,33.147858491678626,8.25322069159212,-16.610476516333076,-46.87972183197555,30.269245315642475,187.72719471030948,-29.84261736946929,36.350017248287934,41.09855815838738,28.257913426822572,49.24973675614598,-66.16536220883857,115.41509896498455,290.8862217999489,S1,3,299304,299559
-1.7363367965206669,9.3347920486495,10.506840899494913,10.362376185815078,12.740615706993967,-25.224484632179998,37.965100339173965,237.42441061274448,43.48777495702382,56.52310765951802,59.147459249873535,40.090340045984924,116.57587898748278,-38.216791944650275,154.79267093213306,552.6737024904852,S1,1,299682,299937
13.026297820210054,13.026297820210054,13.66523126620255,4.129662293455794,22.681569043574356,4.145525062836955,18.5360439807374,211.81280246081275,-36.94080190152486,36.94080190152486,37.52876236076318,6.61703552982245,-19.67876812502858,-52.27905259397361,32.600284468945034,362.4833947303805,S1,2,299949,300204
21.87555112806784,21.87555112806784,23.649267848724293,8.985996473624619,42.59488746973616,0.4311690441376268,42.16371842559853,310.80661228443256,78.36770466388026,120.12258330316763,250.38030726897134,237.7999182796734,858.9316762498036,-58.88008885417188,917.8117651039754,1968.1492047446309,S1,3,300213,300468
28.610052051882377,28.610052051882377,29.699441094051714,7.970051623899862,47.30815268705867,12.864911236163087,34.443241450895584,281.3041235352599,-25.656358795079438,25.89358594881152,27.388816746378446,9.58637241843077,7.814422391164783,-38.00665646695885,45.821078858123634,306.92744627841967,S1,3,300341,300596
-112.51586233051363,126.2268649365576,135.0408225836285,74.67398802852261,43.75457609267057,-165.49206738318804,209.2466434758586,393.17727380731947,-53.13086573593436,53.13086573593436,54.132952045575664,10.367622838370915,-30.776037391863163,-68.79488428364293,38.018846891779766,314.69197077841636,S1,1,300723,300978
2.7022770984344113,63.196073540598306,76.78053463814524,76.73296682523555,55.22644890322128,-157.62489878716065,212.85134769038194,416.3417368305768,-56.45052841811614,56.45052841811614,57.50848913540529,10.98017139904886,-32.0046953014728,-79.21474168565379,47.21004638418099,294.1368364864038,S1,2,300987,301242
43.792161462752304,43.792161462752304,44.292896865955896,6.641333239526365,67.19424824531377,29.823970208105308,37.370278037208465,251.7897586075129,100.89814038725584,162.14427321601215,297.2113829395987,279.5606757311593,880.424931153882,-61.554312885027535,941.9792440389095,2007.0522008754729,S1,3,301252,301507
36.16189169514628,36.16189169514628,36.985342598801815,7.761002266412166,49.62229989950952,19.99571026375421,29.626589635755312,214.09506982806207,-46.65856704286256,47.19058518563895,49.08025268358549,15.226599258905496,17.39761714857972,-62.70109835500982,80.09871550358955,359.93729339415586,S1,3,301380,301635
27.42196634192542,27.42196634192542,28.377435613382538,7.301685691262059,41.22745708310571,4.572276474411316,36.655180608694394,232.537332513939,-51.33180113773524,51.33180113773524,51.63676119022023,5.603686123600815,-34.806706631843205,-62.70109835500982,27.894391723166613,305.56146869617083,S1,3,301508,301763
13.801693313992896,23.68035069671334,24.695099343719107,20.47831031268546,37.66127737902396,-32.921826926332336,70.5831043053563,268.45004942791456,-16.651514190577007,43.43780642594079,48.36685432995213,45.41012742699388,70.6063316319421,-71.23952496488837,141.84585659683046,379.81469315870106,S1,2,302026,302281
37.26084715369144,37.26084715369144,37.92333679760002,7.057530960148066,64.88399586784878,23.915723493930727,40.968272373918055,234.41783453589338,95.89828303725311,131.94649904892958,261.6497452545192,243.44220772549212,845.2525218898211,-63.365434119351846,908.617956009173,2019.6417642201545,S1,3,302290,302545
32.142568698453545,32.142568698453545,32.69530607016832,5.986511211647405,45.625245134382304,16.571831451060014,29.05341368332229,196.50637350335893,-15.68944723213687,19.90788643655923,22.517724916390303,16.15206429408382,49.82991974246079,-39.555666540775405,89.3855862832362,404.295126600902,S1,3,302418,302673
30.632716483002234,30.632716483002234,31.12181567538157,5.495824943029841,42.482217516912094,16.571831451060014,25.91038606585208,188.45549988073293,-24.272911641752636,24.272911641752636,25.101328341919483,6.395501931867403,-12.894056308675498,-39.555666540775405,26.661610232099907,323.54620779210677,S1,3,302546,302801
-10.772431486398972,47.86394793793055,73.02242223329266,72.22346480672408,35.55267341675086,-177.67882165022073,213.23149506697158,411.8099250228944,-35.7023751276482,36.699390112132214,59.284114912866684,47.32807508495004,10.673272664712595,-144.73793914151,155.41121180622258,505.12236555768885,S1,2,303065,303320
8.135196207376127,9.51770757793938,13.156531089317738,10.33986909838211,46.62389839571868,-11.30443869486623,57.92833709058491,343.1745979804911,122.72633154730491,137.5535882254992,271.69218091574265,242.39407731150038,867.621713292317,-39.261281468998206,906.8829947613152,2124.067645231785,S1,3,303329,303584
5.533575329489345,6.650840032531939,7.804039480498973,5.502960683673249,16.822339567697707,-7.5674465545293526,24.389786122227058,201.65683491663705,0.06340673932669105,20.603140837699627,27.024034353300056,27.023959967291052,97.93471625230968,-29.6026845291577,127.53740078146738,535.4160971573904,S1,3,303457,303712
1.6213118792862922,6.162529878268685,7.2639462942046835,7.080696544491587,16.822339567697707,-12.426068184445716,29.24840775214342,198.79928718269295,-14.868198672807718,14.868198672807718,15.699928180110172,5.0422626951138,-4.180219674036216,-29.6026845291577,25.422464855121483,326.6320985381775,S1,3,303585,303840
129.904814332841,130.12421216208935,140.7536119896294,54.18780768103881,164.70892734855883,-2.735366230712821,167.44429357927166,430.93124949040737,-1.736337293862001,8.057206719879025,10.890918951322531,10.75161608346486,32.71430408573648,-33.178540420908014,65.8928445066445,469.5540914041639,S1,1,303860,304115
-11.422695341253368,18.387764888568707,20.531019692832498,17.06003519247204,50.33476226453814,-32.43503484639282,82.76979711093097,325.7072339545517,120.53458109112354,165.6411555014419,291.89021252768043,265.8407623571709,874.3077649954915,-63.87277317657809,938.1805381720696,1978.65652019007,S1,3,304368,304623
-13.582949512715121,13.590897096719463,16.184018966161283,8.799201806533372,0.5886838503950647,-32.43503484639282,33.02371869678788,229.90702117455356,-32.55799105931438,49.46540535688805,53.9125117993694,42.97134099255863,128.09489037685012,-71.24825854177664,199.34314891862675,424.05847990769314,S1,3,304496,304751
-4.759502760737206,6.102609644869197,6.861338075950782,4.942174993161097,10.87412542983193,-12.832791452870374,23.706916882702302,213.06144461427795,-48.26383845164953,48.26383845164953,50.496354533168564,14.84869418678054,-10.320951262057509,-71.24825854177664,60.92730727971913,369.68183900263807,S1,3,304624,304879
-65.36405602067867,66.23202043054485,74.78407204948284,36.33452370443049,6.726761284877992,-99.19992016096558,105.92668144584357,361.6349920783405,-105.39144258903947,105.39144258903947,115.24469957156568,46.626007853360385,-17.83151839504748,-153.15136630044532,135.31984790539784,543.2127488447662,S1,1,304899,305154
-17.065298675149894,17.065298675149894,18.67256741452168,7.578941547325989,-2.9662852700427855,-31.848607755587484,28.882322485544698,174.30126265166643,-9.510774988028274,12.7395603281029,16.665007083514553,13.68457599711025,15.442686653158539,-45.1880465356379,60.63073318879644,332.2449167199138,S1,2,305163,305418
-35.4241513372789,35.4241513372789,36.616309503103636,9.267341779638828,-18.393633653788363,-51.15183212082221,32.75819846703385,220.28888738428674,118.19928881872697,128.14184746197984,257.2613605500718,228.50018764723413,852.1134213564076,-22.41276139555172,874.5261827519593,1862.2077687619828,S1,3,305427,305682
-42.86413427504328,42.86413427504328,43.35400043428879,6.498872710507037,-27.925587618724705,-57.941125595095016,30.01553797637031,226.3883125748318,-6.772845733143119,14.096804212680869,15.889013335302764,14.373214861139246,40.6188336778077,-27.932543824617376,68.55137750242508,338.33580710362196,S1,3,305555,305810
169.95820941201478,188.21506949974963,199.51006429405768,104.49149634339037,234.9634733539449,-59.55172818630349,294.51520154024837,491.9661231415999,-17.681726560900792,21.521292482721414,23.750380528096386,15.856768934903336,43.579819435015956,-44.515939148861285,88.09575858387724,449.3815400816055,S1,1,305937,306192
25.73041789534712,58.07008146516139,97.45123756780809,93.99302792456562,241.22608263225382,-36.6889541279752,277.91503676022904,514.8184035207202,-43.657929870563365,44.302250402529516,48.724457881696424,21.63464710325036,10.011191723287993,-69.29614812720625,79.30733985049424,425.78962492212867,S1,2,306201,306456
10.896203247803806,12.063917637262236,13.947314501432759,8.706338873741725,31.56270908028706,-9.851007121107688,41.41371620139475,223.03317203621015,104.83219308600351,130.98447434786715,260.9339546824869,238.94924146985903,842.1362356010915,-51.62680354205706,893.7630391431485,1885.9383861370147,S1,3,306465,306720
24.953807158616897,24.953807158616897,27.018476719729094,10.358841274249887,45.08626210255049,4.827675467421853,40.25858663512864,230.25158032811288,-26.563321290058475,29.389962935488327,32.869181865899044,19.359056758392768,23.41741467820816,-55.56109616623371,78.97851084444187,280.6538526858328,S1,3,306593,306848
-219.13835368645144,229.74135458610186,249.54288826678757,119.37351057970164,37.214488660910696,-295.2280635600482,332.44255222095893,608.1397345928241,-64.13594185180081,64.13594185180081,65.93907729625036,15.314792765927487,-24.861046326516284,-87.07847961911673,62.21743329260045,463.7333995586867,S1,1,306974,307229
19.606124125544525,20.72989890773524,22.792235970607198,11.622646743043575,37.7309111485317,-31.305146917639835,69.03605806617153,263.6072583545059,-20.33021366550504,20.33021366550504,21.182903192378646,5.949605026604495,-4.022989873595722,-34.18128107105333,30.158291197457604,310.58540993042027,S1,2,307238,307493
9.577289545639857,9.819693265264766,14.34573059702017,10.680613808262995,48.851865145974436,-2.7763674871294137,51.62823263310385,283.940086869919,152.67987430019062,155.58049420347783,301.50360936339865,259.98708129988864,908.3944718771593,-24.844183911005466,933.2386557881647,1967.691734993383,S1,3,307502,307757
-0.7620995687645569,5.373729563530814,6.169039933189386,6.121785519321481,12.36078581582989,-12.156869317278648,24.51765513310854,222.03640458482383,3.898918123749332,9.41647570164817,14.745052687691633,14.220232636180791,56.04309152939232,-15.483119795691259,71.52621132508358,305.9516623384091,S1,3,307630,307885
150.2004705988356,153.64041207515314,170.27640238917024,80.21141965136226,204.7211392025471,-14.26197382296936,218.98311302551647,434.60852483699296,-119.13973330661162,119.13973330661162,129.74444688197025,51.37456028364487,-7.020781960547912,-157.49534950926682,150.4745675487189,460.2988419850541,S1,1,308013,308268
-11.680509909553283,39.47928468630591,55.845039629948246,54.6098355566405,192.18835614344647,-37.41623695653135,229.60459309997782,398.8788760660901,-24.943410031904648,24.943410031904648,41.12737287102099,32.69995558486696,-2.3359031392217164,-155.65659300845044,153.32068986922872,456.64437628394853,S1,2,308277,308532
-43.78515593080692,43.78515593080692,44.94639758998865,10.150801763026447,-4.161645878704555,-58.41089753490994,54.24925165620539,281.27687476842425,117.15363058345737,139.34560012033032,276.3592020337147,250.2986923454183,897.7677635234171,-42.90774194123837,940.6755054646554,1991.153123661241,S1,3,308541,308796
-43.17991961895463,43.17991961895463,43.555687959181526,5.708983736025826,-30.790863558528816,-54.83672215433348,24.045858595804663,242.24373687035177,-29.7385927108679,37.731167885455946,42.99699977410119,31.0541155589911,44.089139504739094,-68.80303872980026,112.89217823453936,307.38986289048944,S1,3,308669,308924
-39.75340697017633,39.75340697017633,39.99141088927543,4.356555884915685,-30.790863558528816,-50.83007213375547,20.039208575226656,231.3775333258745,-59.85540993615396,59.85540993615396,60.651499578050036,9.794605782836069,-39.49832173093516,-84.93767092572597,45.43934919479081,326.38524807144154,S1,3,308797,309052
-2.8256865886603997,20.601907204825736,25.9887818430005,25.8347107006395,61.85975180203354,-28.64312349543206,90.50287529746561,293.167645367685,-56.74519928011203,65.53106483021989,68.05982703978091,37.57821729865942,37.669834038803415,-91.44860255297259,129.118436591776,405.41538421197447,S1,2,309314,309569
-10.327850321067931,16.296797316811443,18.256484100380074,15.054392031996759,44.38060467067889,-30.52880289363727,74.90940756431615,346.894320497012,137.58638837222261,165.3302875132227,315.02412920884177,283.39052157487015,923.5829310236085,-71.08061198348237,994.6635430070909,2115.0028529511546,S1,3,309578,309833
-13.562820568032071,13.562820568032071,14.521603664675167,5.189110832625703,-0.5905378019251751,-23.68967057748779,23.099132775562612,224.2080121866461,-8.751075784829856,18.40435102947492,25.319181775282487,23.758780237587146,79.00709628193573,-56.816367608767116,135.82346389070284,439.7559721238868,S1,3,309706,309961
-4.951608391125652,8.094463277593752,9.632842430286226,8.262761501317625,13.872732358576949,-21.24859432253363,35.12132668111058,245.59131523079867,-38.922302903013296,39.36855767198949,43.73392183760037,19.942674244529524,7.944670836720672,-66.38593423590203,74.3306050726227,377.4399797989652,S1,3,309834,310089
-8.470117459678733,12.708448519383658,13.965409967698697,11.103593372649398,28.602945384612912,-21.567682406094487,50.1706277907074,226.28022903482747,-54.90578520711155,58.74536983195822,60.63135206921831,25.719945655697533,29.69218304532524,-84.27825273481334,113.97043578013857,481.7949446626992,S1,2,310354,310609
-19.353375958273485,19.353375958273485,20.39117024005893,6.422356481602902,-6.22989730558297,-41.6391820925111,35.409284786928126,270.2345477932204,73.42323543600519,132.66925624272972,247.63820379475533,236.5030834403681,836.3795519907238,-67.31085427270416,903.690406263428,1949.9913199077894,S1,3,310617,310872
-20.75209389080529,20.75209389080529,21.647288252977535,6.160818764961419,-8.288214257808251,-32.90429432177537,24.616080063967118,236.16750679744632,-48.7518685215133,52.788490357852204,56.62852934635303,28.81051286582463,47.6086604848044,-86.44614858921851,134.0548090740229,377.4157958111839,S1,3,310745,311000
-21.942512504033488,21.942512504033488,22.47433923000051,4.86025398878226,-12.652886001612382,-32.01011543743959,19.357229435827207,234.30918601322526,-71.83838611066338,71.83838611066338,72.23537780094118,7.562809468706348,-57.81376247814932,-89.93751335786446,32.12375087971514,359.950398598112,S1,3,310873,311128
56.58921201880777,61.46324589890281,66.34032761559264,34.622249367055645,88.1661234260432,-20.63246305640891,108.79858648245211,311.388879108667,10.047087239705078,34.585311637904766,41.525597034182645,40.291826057440915,89.02627182133011,-70.13944124483216,159.16571306616225,509.00731980090836,S1,1,311148,311403
-10.804823903460079,10.95975716665096,12.298939132684929,5.875345454073868,4.037597081879734,-30.80358283351452,34.84117991539425,253.07599131663713,75.09605669785313,118.32328346708545,238.3362788525282,226.19629547298715,817.8430801137877,-62.52466284204747,880.3677429558352,1926.6601601772952,S1,3,311655,311910
-4.539254200522826,6.953757718273067,8.117291552121603,6.729457143424026,13.612404155246281,-16.846089359635442,30.458493514881724,226.22946317117916,-39.37013643768387,40.24151135373836,42.81079250640596,16.815359404565264,17.810390997775635,-62.52466284204747,80.3350538398231,386.9152270819924,S1,3,311783,312038
-3.6186387088654466,6.092145499887421,7.068899209927166,6.072461604226866,13.612404155246281,-14.512074987994934,28.124479143241217,178.2396295035249,-31.0713355315713,31.407734655010294,34.86832858912289,15.823161722094587,8.716878180327155,-59.2471041166534,67.96398229698055,370.2542080976689,S1,3,311911,312166
