EOGh_mean,EOGh_mav,EOGh_rms,EOGh_std,EOGh_max,EOGh_min,EOGh_ptp,EOGh_wl,EOGv_mean,EOGv_mav,EOGv_rms,EOGv_std,EOGv_max,EOGv_min,EOGv_ptp,EOGv_wl,subject_id,label,start_idx,end_idx
-133.3127658850401,157.86617850653917,172.67211694095957,109.74227271636444,53.59778020800476,-228.8313175064761,282.42909771448086,533.526534548553,-181.7617765171142,185.05813782218092,214.36696043371654,113.64792265120037,17.351991383905446,-266.7751530974719,284.12714448137734,488.1326445498455,S1,1,0,255
33.221261773674186,95.53582587747019,104.22725616938712,98.79103549798462,93.4433285164034,-197.00035168464086,290.44368020104423,515.2301577715053,-73.36627454511628,73.86047086291649,98.88805775815688,66.30413053913908,19.938639693372586,-232.73903985577275,252.67767954914532,564.1625494440432,S1,2,261,516
85.29735405645786,85.29735405645786,86.53925249640163,14.608340549262568,125.11213147995149,45.44366861611733,79.66846286383415,340.32455698327226,235.18363953915272,272.00694715038134,490.8758559348562,430.8686129586322,1240.2225597171775,-66.02728977159558,1306.2498494887732,2655.758068019003,S1,3,524,779
73.33619246305196,73.33619246305196,74.07479243764247,10.43445013893956,93.58315465249797,53.44405236986018,40.139102282637786,255.40911761029503,9.855386976786775,54.673084702423125,106.23940073428224,105.7812914267792,581.9787247744451,-56.70613107175502,638.6848558462002,775.8771925474189,S1,3,652,907
-179.6419526000065,206.29195977654678,218.37218874789718,124.15789014236772,76.40473809449183,-263.4885248128817,339.8932629073735,561.2079265040151,3.182795255697462,26.2358134858695,33.37309315716914,33.220974718352245,92.48963762790656,-62.12857674472083,154.6182143726274,437.33654866482254,S1,1,1034,1289
20.10066286584613,92.74323247410584,112.1465282413926,110.33044524949159,94.08005581476239,-253.8631370724757,347.94319288723807,564.8007616760874,-88.7674638813211,94.52260442617043,99.92458349414,45.88310955630306,28.312415771000584,-126.88855001528361,155.2009657862842,381.4967574857665,S1,2,1298,1553
50.337280805800646,50.56999880079407,52.44526755324889,14.719519347106234,80.3850982539208,-9.945938496726775,90.33103675064757,374.9667032987612,190.69650096797346,227.92608890045935,427.6808937626243,382.81299796136597,1188.1867721596536,-102.31541156960385,1290.5021837292575,2580.6139166865955,S1,3,1562,1817
44.84509626150016,44.84509626150016,45.70426036509781,8.820246981657284,64.14842534038185,29.903621700366706,34.24480364001514,253.11245245424567,-17.6953751561084,31.681445997956494,36.011909129525584,31.364491024688885,67.01112879464547,-55.13258630077306,122.14371509541854,289.658901575459,S1,3,1690,1945
-85.28120467464352,110.54838949403481,122.1795585409141,87.49263200118175,52.53913729023412,-163.8439256578619,216.383062948096,627.8956909582481,-153.99658765874335,153.99658765874335,176.30738332589002,85.84488572236143,-0.6194668962232219,-255.55696575728902,254.9374988610658,679.6187071571076,S1,1,2072,2327
44.925794745732084,44.925794745732084,46.30171983365848,11.203670203060913,65.4657478690343,24.518299716239824,40.94744815279448,209.3757349518312,-60.245172225586515,60.245172225586515,63.461022963625226,19.94544206326818,-22.52896142679363,-88.26255130431619,65.73358987752256,248.5198758823757,S1,2,2336,2591
42.741918600810244,42.741918600810244,48.18694851534486,22.25107641311331,117.0427387580938,5.798068023372477,111.24467073472132,377.6982153418744,119.63493332714285,163.6892985859366,331.01218454707316,308.6365970626875,1096.1822316360203,-89.07057575750898,1185.2528073935293,2368.755259838899,S1,3,2602,2857
27.911215290396914,27.911215290396914,29.750711981020878,10.298976861357291,51.80210592246188,10.210962168196763,41.59114375426511,244.5319655184529,-4.3352146152487965,15.081109780676375,17.76443234714302,17.22733208758555,52.55078813741512,-29.846452197200367,82.39724033461549,229.13973218800214,S1,3,2730,2985
-41.87985744768061,47.550589594154346,51.13951309607759,29.34837882858,19.390205091080485,-68.843495739089,88.23370083016948,271.5371364050417,86.07379791626543,100.71672406737487,106.59903074122006,62.88604509139911,206.0928827564173,-50.547535413605665,256.640418170023,596.6616417483925,S1,1,3113,3368
-40.49816119822255,40.49816119822255,47.280757707989515,24.400184200214387,-14.364018427007728,-88.8676144353163,74.50359600830856,266.56706959191956,-53.99337593484502,106.15015650769591,107.23448635793136,92.64961100624149,113.63166328566642,-138.31220506002123,251.94386834568763,456.4779895598384,S1,2,3378,3633
-33.340770621887415,33.340770621887415,39.36425575660553,20.926959779436217,-4.842405897260141,-90.82576219341689,85.98335629615676,280.8274936762157,99.81950799563249,214.57389402365513,368.55213542139956,354.77703187661893,1118.986333574428,-136.987756020479,1255.9740895949071,2584.8254429396097,S1,3,3642,3897
-28.78451418482524,28.78451418482524,30.96675950264797,11.418928900664582,-4.842405897260141,-50.84249054166322,46.000084644403074,222.96456810652273,-75.94621678997196,77.76184641988938,82.85503943492711,33.12294846558664,38.448720992005484,-114.18866344395555,152.63738443596102,359.669175225422,S1,3,3770,4025
163.9693721692035,186.0941273700335,200.84685087656484,115.9892344033286,251.89825482780205,-58.41408735080861,310.31234217861066,513.5806627417317,-79.37615216968659,79.37615216968659,84.28159416774857,28.333965168889215,-39.98612193404104,-136.97305633190584,96.9869343978648,355.38217897104073,S1,1,4152,4407
2.6313235086510645,83.51939416008433,107.72218789949241,107.69004551232378,238.93535748957268,-67.4504327601452,306.3857902497179,525.3769497124383,-77.6949213582033,77.6949213582033,82.25757454397932,27.014954469717647,-19.674360422569286,-111.29752341788569,91.62316299531639,322.8238628146593,S1,2,4418,4673
-65.33362219318867,65.33362219318867,73.60899319915835,33.908725881569524,-25.391719770345592,-149.21572996077555,123.82401019042996,328.0976044022058,287.9939815314431,314.3849046268859,513.5430575659599,425.18929734397307,1286.6680616955705,-68.73467036970908,1355.4027320652795,2646.5109289108714,S1,3,4682,4937
-36.84193118422844,36.84193118422844,41.78655847309198,19.717722374597688,-11.803724308332267,-85.42983016014495,73.62610585181268,231.72397795411834,78.55505981335813,78.55505981335813,99.05338825800979,60.338017063139866,362.2804281178888,29.073060406444146,333.20736771144465,503.14801168057045,S1,3,4810,5065
7.256548522362877,13.282373087035204,15.927510209681863,14.178437326522028,32.707710550393735,-18.557643239575665,51.265353789969396,259.06334111291676,-148.2094276719817,148.52590534245266,168.55390779848065,80.27692933391475,6.346614399253195,-223.09134266780092,229.4379570670541,490.6982736965396,S1,1,5192,5447
12.125631567892828,12.979345696990526,15.491016766296733,9.640573610185623,33.12210233972496,-14.884254107241258,48.00635644696622,221.21597557125224,-122.41905327233317,122.41905327233317,127.34936425252256,35.09182200210363,-35.6132968950618,-198.61466657988132,163.0013696848195,481.13040302087813,S1,2,5456,5711
10.723006327771797,21.81561611682971,25.419136647720162,23.04668399596862,47.72585135521668,-43.72334595958764,91.44919731480432,357.73943381087724,173.66901253254508,253.08134451292844,446.9939409842514,411.87699299985564,1192.2729743527007,-123.37930008014217,1315.652274432843,2674.963113737874,S1,3,5720,5975
34.433636039383245,34.49982327131287,37.9927328211666,16.055293716648023,56.252334338322626,-2.9317806440317513,59.18411498235438,259.93023904672077,-35.1696952874272,53.941392635509246,63.80578096519756,53.23786451359867,263.5407063919683,-76.69092302657978,340.2316294185481,520.4253444455981,S1,3,5848,6103
48.19919556327845,48.19919556327845,48.81350758121703,7.71984905515458,64.85044840502756,29.802341469438776,35.04810693558879,241.38634698066824,-77.24155451154279,77.24155451154279,79.64003424547809,19.397868729870513,-49.84884360500333,-116.23382631756466,66.38498271256134,265.3479261399093,S1,3,5976,6231
-33.20442436751642,41.4943970262793,61.69875308083106,52.00194548429167,20.506972117385125,-124.27868447522953,144.78565659261466,437.3438811679342,-35.72671102429598,60.11760013556995,68.77544803491972,58.76788554806435,232.00861183598462,-83.2216391229859,315.23025095897054,791.8730388443411,S1,2,6495,6750
-52.64788849490858,52.64788849490858,55.361179419925,17.11899599254584,-11.310398424920837,-82.6353407598255,71.32494233490466,265.84348122929066,253.61694226687405,266.3568477012626,434.3080598331372,352.56479891110087,1197.7968945832604,-40.85322256278898,1238.6501171460493,2420.973838317872,S1,3,6759,7014
-54.58916655880298,54.58916655880298,55.956415719435945,12.294037358882763,-25.889035246594755,-74.05865848531053,48.16962323871577,216.31670323225697,105.80336484502327,105.80336484502327,121.55057089851873,59.83468286225576,375.748389045671,19.02492930538894,356.72345974028207,459.2783823830975,S1,3,6887,7142
-38.12651880523072,38.12651880523072,40.813852697534934,14.564996938223786,-14.169039912663315,-64.44369160009387,50.274651687430556,234.43988392177954,37.65004958590387,38.93615670059054,47.89973558045618,29.611795535843477,96.51409848386415,-15.267720259340622,111.78181874320477,250.3807177900377,S1,3,7015,7270
249.94365403308143,275.21985405939915,330.2673258401084,215.8811625088387,463.78552895502855,-44.378749608091105,508.16427856311964,811.365064019976,-75.61584808750612,77.91161000246781,87.62497817521019,44.27618229040595,50.40186130856771,-157.0312106487013,207.433071957269,505.784054194527,S1,1,7289,7544
-129.1313787791987,129.1313787791987,130.53436138625915,19.086815268703635,-94.31819463145254,-174.81186316004957,80.49366852859703,360.91809767082003,158.34744362506692,227.42830526429526,419.2930913026354,388.2432015007171,1202.1202830329157,-138.69528085993804,1340.8155638928538,2652.8713786109497,S1,3,7796,8051
-121.81310263449177,121.81310263449177,122.40236487035688,11.996122390787342,-99.5033563515905,-147.4230824909352,47.919726139344704,251.9536489516442,-49.36814105281718,59.75098401400666,65.53831689857368,43.10519262092463,57.89891341313037,-99.05512120581896,156.95403461894932,272.34631992838916,S1,3,7924,8179
-121.48275180284662,121.48275180284662,121.8624426748528,9.612281159524505,-99.5033563515905,-138.323982132759,38.8206257811685,226.83953575287256,-81.67878389760136,81.67878389760136,82.02474286335544,7.525603152473451,-66.78618970392274,-100.54900678051885,33.76281707659611,225.2048747610941,S1,3,8052,8307
211.11394160740966,305.14933212496146,333.7858491803775,258.54186657493,432.91895722382054,-154.89122130606432,587.8101785298849,926.8943474902862,-57.78898514287019,57.78898514287019,58.7774752984311,10.734281467094455,-25.239961961737468,-77.58822584105795,52.348263879320484,316.87284754677944,S1,1,8327,8582
-97.43185139052176,97.43185139052176,98.46158484550702,14.202747090061896,-68.58716366893427,-134.51675181433444,65.92958814540017,308.351972931754,208.83993033165854,270.4816364301687,473.3744164099461,424.8166917748466,1198.609317137713,-90.45992850882479,1289.0692456465379,2627.9188640332823,S1,3,8834,9089
-77.84090477177719,77.84090477177719,78.71484217895487,11.69700489736107,-57.7901736457181,-113.20235180038307,55.41217815466497,277.8867947860647,22.701002230168378,86.29122323837672,170.15234498452492,168.63121004570496,817.5569855767458,-73.32469068264253,890.8816762593883,993.3748545331729,S1,3,8962,9217
-64.18948077798353,64.18948077798353,64.72887709415906,8.338950013258884,-40.15794155595592,-80.84584189981068,40.68790034385476,239.5006477915016,-57.97933065300344,57.97933065300344,60.068268043792685,15.703313115728841,-25.062478699400774,-81.71182602014221,56.64934732074144,241.01260061370067,S1,3,9090,9345
85.60561934699405,104.08511722813255,112.87321769072253,73.56657670487864,153.9608133876037,-50.65405375075384,204.61486713835754,426.88194729853996,59.61645386876246,92.60261925605829,97.62630734154003,77.309600395155,238.64036066606457,-81.28692652016248,319.92728718622703,680.6948454657324,S1,1,9364,9619
29.76695115417264,32.018326358587686,57.90806071414924,49.67164296315046,141.167525149625,-14.673537675552977,155.84106282517797,359.70610700144516,-125.32548030898784,149.39613314244218,155.24783134878084,91.62648702106283,81.29732370913652,-189.37920529881333,270.67652900794985,449.23219715480667,S1,2,9628,9883
3.979306388109972,21.167044064341347,27.85746788279934,27.57179061125236,73.86128783058969,-60.810119069219645,134.67140689980934,363.85361188627394,218.07390196660646,315.85152046541015,528.368350200012,481.2659210604273,1280.331574175723,-165.897466474716,1446.229040650439,2865.914713861386,S1,3,9893,10148
46.79402326399847,46.87038823957181,55.97052992100459,30.708624300128456,81.86103847988973,-7.39014911102427,89.251187590914,299.1547028717042,-4.773033785455564,68.91124739290396,117.83536558557333,117.73865776017924,687.5940179448188,-70.32192834873875,757.9159462935576,889.8384409475194,S1,3,10021,10276
-188.90611792424778,245.88223830099247,283.1245738167238,210.88860308155972,89.8493193700866,-382.456630275066,472.3059496451526,718.8417986270501,-108.09314797620627,108.09314797620627,115.02139243144558,39.3165623810448,-45.56630310518229,-161.57377015102063,116.00746704583833,322.50582249604906,S1,1,10402,10657
-33.34765273701731,133.7923326019904,183.67751683691333,180.62492698491502,83.77907974301691,-378.490885623832,462.2699653668489,700.3736034704621,-115.80114340231985,115.80114340231985,116.72051165680315,14.620979041817892,-50.636295622723665,-133.78775474531642,83.15145912259275,349.5659941911478,S1,2,10666,10921
37.84317123217749,37.84317123217749,40.042878136854775,13.08917417467946,60.23443138864145,3.2299655111138352,57.004465877527615,301.9414989000356,183.76055020951185,233.16050763573884,431.9886575780705,390.9555735154583,1189.3130478673147,-117.78547571978548,1307.0985235871,2636.236973668987,S1,3,10931,11186
33.682911676311086,33.682911676311086,34.78982215544977,8.705928245376818,48.768149069758856,16.144247945186255,32.6239011245726,200.48104450113277,-32.68085804059267,37.12132735318021,41.61029822000703,25.75613394297657,37.10174142374337,-62.74917777715808,99.85091920090144,237.76705677519772,S1,3,11059,11314
120.04622550183112,120.04622550183112,134.89670538271864,61.530682312773855,191.58008303601704,18.201520985067145,173.3785620509499,415.2063673905536,-72.00402711616215,72.00402711616215,75.74493951198943,23.50991154236704,-25.96849317648458,-110.86339536156332,84.89490218507873,317.5242771989237,S1,1,11441,11696
25.963618883611964,27.517603284479684,55.73499016847096,49.31814700032943,156.21004927600288,-9.126936166554575,165.33698544255745,351.46994838567207,-28.38623190528758,29.117753251749193,31.774861571549323,14.278083418664952,8.14288677987085,-60.57976436396456,68.7226511438354,282.6987621078855,S1,2,11707,11962
-28.668561198498878,28.668561198498878,37.557369462859846,24.262514292168518,-3.212321587288163,-97.03436804933953,93.82204646205138,322.43195271410923,271.781846929223,305.92623739984094,537.426313522328,463.6395907878661,1326.857893360402,-60.78841294097153,1387.6463063013734,2851.8561458488775,S1,3,11971,12226
-19.159915154133504,19.159915154133504,21.95930576921425,10.728875111224449,-4.847008295682835,-63.65391684331371,58.806908547630876,239.70177231068632,94.98650120252876,158.9405887710115,319.0829771327455,304.61699047360804,1276.780182001883,-84.1955999641038,1360.975781965987,1464.9168180614602,S1,3,12099,12354
-107.69495482085821,107.69704476219448,122.32305567539079,58.006263936734165,0.18090924725442725,-161.33035400783464,161.51126325508906,351.62974525069455,-47.1013190008956,77.89207394333135,82.95259782274445,68.28322805724594,146.56441119227546,-126.74231896647473,273.30673015875016,674.0361542329929,S1,1,12481,12736
-47.04194949354016,47.13673395437877,68.5767590342413,49.89816497114512,5.210687728000993,-145.43119656791674,150.64188429591775,385.1152004171041,-109.89931160472432,109.89931160472432,112.67248144841744,24.84410160484134,-19.926910571272643,-138.33556525775293,118.40865468648029,391.1585479639672,S1,2,12745,13000
-44.835420048149714,44.835420048149714,48.62603936528831,18.822242519438102,-14.725139020839912,-76.69210445550667,61.966965434666754,295.08035698173046,187.886970552645,326.0147332977807,518.9731402772971,483.7681331235332,1282.7372424297594,-151.02316606331087,1433.7604084930701,2889.6193404209453,S1,3,13009,13264
-55.47049199244176,55.47049199244176,56.0556949340834,8.078703649687732,-37.73613614881214,-76.69210445550667,38.95596830669452,260.51851758649644,61.05070910055713,216.02892461143497,375.86119145830406,370.86985070611365,1282.7372424297594,-146.26334705862826,1429.0005894883875,1541.8648359883332,S1,3,13137,13392
310.8441415071908,359.56366175899336,406.5618120315559,262.0466116801356,523.778772039596,-95.68920022563987,619.4679722652359,892.7060065001956,-33.64463487432576,38.029259660587456,61.210798995975175,51.13511961361759,34.22095139360901,-117.00946447430273,151.23041586791174,369.76158065815673,S1,1,13519,13774
41.20480661516519,162.53940873101257,228.67016408803045,224.92711676419458,492.6810803090115,-96.03850032330982,588.7195806323214,817.0476236163753,-92.03599630932014,92.991981262905,103.73452379575575,47.856314217488865,19.649822966967086,-138.09731702888556,157.74713999585265,387.3685470021334,S1,2,13783,14038
-61.084758761654136,61.084758761654136,63.671678948461484,17.964825274587895,-35.04589272772316,-112.41128317642324,77.36539044870008,338.23966584128874,207.54758486655535,267.04675749804727,476.8523465368064,429.31592145379204,1298.1013145332795,-117.01003996324367,1415.111354496523,2823.6348117419916,S1,3,14047,14302
-37.55682446305871,37.55682446305871,39.39561123633747,11.895340303481634,-17.261811062181078,-60.580246691159,43.31843562897792,271.73453064034936,16.865873922735542,39.83872695683908,77.12514413723353,75.25842248553604,445.14963936505956,-34.6729069483278,479.82254631338736,625.1175642078175,S1,3,14175,14430
-20.84389755788605,20.84389755788605,23.66119719459012,11.197508083392101,-2.3895898233918733,-57.41156482649253,55.02197500310066,248.4220056890505,-12.273260431298715,14.759655207329235,17.079562450638893,11.877648415860408,11.836583549533817,-34.6729069483278,46.50949049786162,238.9948560307249,S1,3,14303,14558
13.995479693414723,16.563191146957465,19.17429859687231,13.106497428116924,35.1895359344795,-11.06822501648351,46.25776095096301,278.5619962945575,-66.3807310894392,66.3807310894392,68.6168807173821,17.374546308177507,-39.30070444299106,-97.19061682061171,57.88991237762065,241.6039517727658,S1,2,14823,15078
5.644876054997763,9.981142848310629,12.456781228480352,11.104358283932187,26.4010279783648,-27.99633544931427,54.39736342767907,305.3312309759013,133.04555376429454,191.00856391840364,373.0887988519067,348.56008442205587,1171.439742751911,-76.04914505723544,1247.4888878091463,2568.9396918872044,S1,3,15087,15342
-8.045921470402103,9.858762931570357,12.55355770131553,9.63612778310774,13.491199199893087,-25.51172224450131,39.002921444394396,236.37549851765402,-53.75673269685085,53.75673269685085,57.1281098303333,19.334803400757693,-1.5590013677485801,-82.03421043590404,80.47520906815546,257.04752033009265,S1,3,15215,15470
-17.907465124643966,17.907465124643966,19.415581751882858,7.502500088217709,-2.9226526570308606,-37.57205585113125,34.649403194100394,245.7037829064929,-58.65682659571245,58.65682659571245,59.57028439296089,10.392087200305825,-40.1199585573099,-82.03421043590404,41.91425187859414,251.16055895346528,S1,3,15343,15598
115.16833154363833,125.4847108008099,160.42478269360097,111.679748888255,234.248558178621,-22.689945627521364,256.93850380614236,481.14304940279914,-97.48049314360054,97.48049314360054,102.64986359483021,32.1643895094823,-50.891728944191506,-141.37555614627655,90.48382720208505,358.27689221508945,S1,1,15617,15872
-40.90652071339983,40.90652071339983,41.93522851194787,9.231465402279097,-14.011705352147157,-63.275229781214556,49.2635244290674,276.6925247572427,247.47287556302723,262.00665882486555,458.46830693449874,385.94088190285333,1296.8820186458631,-40.591144127255916,1337.473162773119,2676.7185598465326,S1,3,16124,16379
-39.60994682631722,39.60994682631722,40.349670162512794,7.690773344722741,-25.49790693556312,-54.37799713182164,28.880090196258518,223.7071766993323,62.44438120402889,62.44438120402889,75.27510347750429,42.03618036400193,218.1216230262748,10.105210370090331,208.01641265618446,367.1637713854285,S1,3,16252,16507
-39.76601242566741,39.76601242566741,40.42589141514949,7.2744039254857356,-23.677335487137338,-54.37799713182164,30.7006616446843,257.7096942966035,10.329792351747164,24.22771947275186,29.328186900717476,27.44882396120464,71.32738135474463,-26.010712119061697,97.33809347380632,241.0171018997333,S1,3,16380,16635
24.85764045110725,38.817568994757785,41.093198410412306,32.722296172502766,58.88967575537993,-36.09265496452748,94.98233071990742,243.89621034279608,-189.9973595833992,189.9973595833992,215.51626794150854,101.72642281517918,-28.253465531945956,-283.6718151373276,255.41834960538165,487.00842356223063,S1,1,16655,16910
37.93286573647575,39.07947221057135,44.61387146945784,23.48393545621791,69.14682321411838,-10.535753419873567,79.68257663399196,348.55556988453156,351.36059948957995,448.455948047657,675.9909412071145,577.502798019545,1377.9483216122053,-173.98807688547703,1551.9363984976824,3029.1045675321866,S1,3,17162,17417
58.407433253074934,59.13322965642902,62.67600185156311,22.73440012150612,90.69474622401096,-10.535753419873567,101.23049964388453,303.8862217210775,112.61873368178436,187.82233550420648,386.9052268196996,370.1522326885447,1377.8249552997925,-90.61235409691646,1468.437309396709,1567.13832981248,S1,3,17290,17545
75.70956109344507,75.70956109344507,76.15885893870532,8.26039671465743,92.68825640888902,58.093780014844086,34.59447639404493,240.76325601827205,-59.91513770088611,59.91513770088611,61.42292574994438,13.525978041052543,-39.28854496031256,-90.61235409691646,51.323809136603906,260.0629766651648,S1,3,17418,17673
-204.49699116468878,232.83192099050376,246.8220116128878,138.2102963647127,85.30455462554696,-299.8023023411923,385.1068569667392,662.7350556883869,30.04133312883227,59.748755016289074,61.576189700266745,53.75077154651606,103.36950728668137,-98.80964834262667,202.17915562930804,426.6932121583291,S1,1,17692,17947
-55.74145988427558,103.64164221841642,153.04039178859315,142.52807151145979,49.866133661312354,-302.38176077811045,352.2478944394228,506.4327000803846,-104.95688929729486,139.17389538604505,153.44490359457757,111.93475701579284,240.79003645922614,-191.67360511351595,432.46364157274206,799.0413086172227,S1,2,17956,18211
6.411926361037818,21.54654308937988,26.588754423602023,25.80405127376793,35.667939094131654,-69.55670488947659,105.22464398360825,412.4084523738504,57.4274417645717,291.3009169966469,426.25015998438636,422.3639281698802,1149.0670423996246,-202.57250361615283,1351.6395460157773,2796.052821981505,S1,3,18220,18475
12.43235435896529,13.057600583186169,15.54791749748616,9.336718031607955,30.32312930030411,-5.38504759123342,35.70817689153753,284.9255449844946,-132.07934668031228,132.07934668031228,133.50634155609364,19.467650505241092,-89.62389603455759,-158.53541923856233,68.91152320400474,267.27469595734897,S1,3,18348,18603
135.30369508593094,146.86400040079758,157.19961638047602,80.02892905857392,198.53871369348713,-39.17850118764736,237.71721488113448,473.00688194626093,15.807231016495184,58.58411604467332,68.92618061943062,67.08911850943882,126.3545452809867,-125.16972562035626,251.52427090134296,579.3724391618779,S1,1,18731,18986
28.57617921803508,62.401607161362705,91.44704077742219,86.86750398305603,191.91870214806534,-86.6770191528443,278.59572130090964,552.9588177348301,15.298100518743041,88.40030952027288,123.40807255832988,122.45619826321756,505.6101198325103,-85.09637993540335,590.7064997679137,1150.699538722993,S1,2,18996,19251
20.775502201417098,39.25966756833065,42.7631822606653,37.37737638382064,54.57794593008328,-97.29054308430042,151.8684890143837,423.93834626352594,227.37222588417964,303.66754496010736,520.0733579889531,467.7372858628862,1304.349933858898,-104.1865037645681,1408.536437623466,2867.464235769621,S1,3,19259,19514
53.73486895963698,53.73486895963698,56.73005775247584,18.189648443273626,103.12117749666713,18.800748157387513,84.32042933927961,283.7693783207049,-44.393255801549586,91.45425975794831,111.72844240346176,102.53040369198715,463.387400928476,-123.71565679796272,587.1030577264387,723.6904089157554,S1,3,19387,19642
-233.85117721875739,319.15799929525684,345.56031967941124,254.412188093138,150.3988048483668,-457.7455377696307,608.1443426179975,828.7123502717147,-132.75345669435026,132.75345669435026,139.84427314460476,43.965218833119586,-60.74282604352147,-191.86732568518855,131.1244996416671,357.862435502344,S1,1,19770,20025
-43.12303684140062,145.95001033516374,212.46014821447258,208.03778087859635,104.5794022260716,-471.1668925077824,575.746294733854,875.6559169409732,-32.66248567419865,47.15720299783489,60.721013267044285,51.18792320224894,182.74801065263247,-114.10777301063492,296.8557836632674,749.3195749864229,S1,2,20034,20289
58.055344754852115,58.055344754852115,59.928933443397966,14.867885157563228,82.34811725965025,2.062576783831482,80.28554047581876,354.23434238243664,145.25029571274916,185.0259943118873,348.0499325876012,316.2927554807297,1147.6269532800554,-68.69115519022753,1216.318108470283,2449.0899609777402,S1,3,20298,20553
68.97054938406606,68.97054938406606,69.88173648751958,11.248129274294046,86.2328350383091,25.95234740786567,60.28048763044343,289.50057001316657,138.75516873046053,138.75516873046053,310.5592582904509,277.83818322990885,1147.6269532800554,4.073084380899911,1143.5538688991555,1355.5250418609107,S1,3,20426,20681
-165.60242604402936,206.985798199582,219.20932905662826,143.62648235541005,103.78611884092186,-282.1161213228112,385.90224016373304,631.0191198056606,-115.82318866611018,117.53645524778872,133.73528975638865,66.85893129148774,17.840164516305897,-170.66079786904558,188.50096238535147,424.2769471489386,S1,1,20808,21063
79.62395501839663,148.59056736656765,154.08164126385807,131.9135245598138,154.20443089772715,-248.0229516458322,402.2273825435593,620.3242428165353,-73.4998705615717,73.4998705615717,79.26614132216203,29.679794263727153,-1.7943381515993728,-148.20439739377952,146.41005924218015,452.35285208107507,S1,2,21071,21326
128.9019669153136,128.9019669153136,129.24031275465714,9.345660291546746,142.86414329533113,93.00391878993507,49.86022450539606,316.70462314307053,221.6708991058462,245.9866413272403,419.72275541798473,356.4115653360188,1238.3856252770847,-62.058058821586066,1300.4436840986707,2569.2243539360957,S1,3,21335,21590
113.44217364985941,113.44217364985941,114.34441693657953,14.33593115781049,139.36696661132055,88.86121681537195,50.5057497959486,210.89466053424096,69.0645353447375,69.0645353447375,80.85310171328071,42.039434038455184,213.19498747346924,10.11015138604981,203.08483608741943,341.06559578381126,S1,3,21463,21718
98.28130642961264,98.28130642961264,98.49542118920223,6.490978487634211,116.04614036119463,79.98899154933304,36.057148811861595,260.73637867521086,27.26192422801395,27.26192422801395,31.778854082772295,16.330433374536003,72.01305948756611,1.3809980021661845,70.63206148539993,275.12737083648335,S1,3,21591,21846
-32.898995108826,119.98098982630862,187.82765058434546,184.92399099323055,85.10054899268012,-455.5549549002851,540.6555038929653,809.0110323155559,-117.22487208948682,117.30318143792861,139.95643629962578,76.46001193627073,5.075934238983864,-294.9798008799329,300.05573511891674,590.5368646140198,S1,2,22110,22365
-0.3022638995161282,21.80423947962184,26.81244982800201,26.810746023081386,56.05052251917641,-49.77072055265078,105.82124307182718,384.34843110005215,136.81866822589734,184.2685489015331,353.24118717728294,325.6685252573667,1123.3319935311117,-102.4810826126195,1225.8130761437312,2442.347693923207,S1,3,22375,22630
-38.58750174560457,38.88630122248726,45.85582585865106,24.774209860495947,5.060590105619596,-86.31238970303345,91.37297980865304,262.01022853200743,-7.472018452895664,26.387001331218173,32.307092792600415,31.431149914523974,91.17908790560504,-56.53544436171707,147.7145322673221,244.61043907361557,S1,3,22503,22758
-80.37098121429088,80.37098121429088,83.14210391021362,21.286493869795965,-43.780839152673124,-112.23856743035441,68.45772827768128,218.71473027925202,-51.41926604824062,51.41926604824062,56.14978752644524,22.557874862787806,-6.71773225674006,-83.68534063415699,76.96760837741692,195.75587367008438,S1,3,22631,22886
-64.15701558041793,196.3618392536526,199.96900949030984,189.39768242602554,255.68732196794974,-208.92509758633165,464.61241955428136,727.7671879609935,-15.066880333625813,68.6650882297947,72.39065165011216,70.80533569823737,137.43193544629125,-82.39245783234209,219.82439327863335,477.3734332303081,S1,2,23148,23403
-190.86035692472413,190.86035692472413,191.15884975227954,10.678482719070857,-170.1133340754711,-233.2710785548443,63.15774447937321,355.09447589008107,148.10464642673526,180.38494544640355,361.4998514550472,329.7683373352162,1173.5166012895095,-69.60366379813239,1243.1202650876419,2551.23855268087,S1,3,23412,23667
-170.43714603288424,170.43714603288424,172.76183521087918,28.245901607069694,-96.2697198858495,-206.85417285816192,110.58445297231242,288.56796439673576,10.668450170216186,46.25148643109669,76.85168167397273,76.10758928703007,398.1086056649136,-77.96513230679386,476.0737379717075,579.9726640916349,S1,3,23540,23795
-106.69690074215939,106.69690074215939,116.44208644513562,46.631865368160284,-32.11702336922709,-189.8375468233279,157.7205234541008,238.68931286079194,-67.9279940132107,67.9279940132107,78.02623114078386,38.39114970115174,-2.890478529902982,-115.28494684791563,112.39446831801266,260.5052625061504,S1,3,23668,23923
361.5209503425258,363.4904859286561,402.8148847861356,177.6581939250333,484.0373937326145,-15.612427592741321,499.6498213253558,815.1518986668435,-105.13635745894732,105.13635745894732,108.28388774018815,25.918076402274203,-36.824150431084014,-159.92335225077395,123.09920181968994,496.5384771819083,S1,1,23943,24198
-73.33217950023919,73.33217950023919,81.99150147148745,36.67421114753023,-22.49387280719515,-152.43038204334843,129.93650923615328,338.7566987682521,217.01189096047037,217.01189096047037,419.3924471761336,358.8814064982287,1256.9866158309799,10.605954842293555,1246.3806609886863,2635.0052912180713,S1,3,24450,24705
-24.185318261414626,25.333173312165155,31.782562503659136,20.62041851886338,12.945411708893111,-69.94976078918376,82.89517249807687,285.0700659999011,45.99871218496709,45.99871218496709,53.806514391736734,27.915219295444064,212.8588557488745,10.605954842293555,202.25290090658095,476.70367029839133,S1,3,24578,24833
8.7397208249917,17.818871900006478,21.53555292502718,19.682411429696643,36.85543829907705,-41.6199720283024,78.47541032737945,248.22489880459955,19.836180687366102,33.44120460494797,36.29812108907345,30.39867645696442,61.95203322312409,-52.16793405036714,114.11996727349123,365.5360099819411,S1,3,24706,24961
-318.7025326780726,333.13757106443654,362.7015005981317,173.15043806100692,49.947150391264564,-458.01158627257126,507.95873666383585,772.0597218734006,-173.1129361078132,173.1129361078132,180.66639160701067,51.6938720587839,-56.477699400481775,-211.83230324763767,155.3546038471559,393.72738635233696,S1,1,24980,25235
44.8843607919447,165.24404647821905,187.39691270118342,181.94229042812862,171.22294300200778,-368.21560374800004,539.4385467500078,731.4138846818308,-131.89497182685062,131.89497182685062,134.71354493126142,27.4126903958966,-51.39531470145984,-193.30195910814973,141.9066444066899,475.52309424589527,S1,2,25244,25499
72.55194184222434,79.90821478630383,106.02941292033839,77.3204509761429,179.36200074846298,-25.092398483312643,204.45439923177562,462.11781378793455,210.70726362937177,271.362748943968,471.9068414576748,422.2540894631826,1273.607763898291,-131.3301073637732,1404.9378712620642,2750.594817754754,S1,3,25509,25764
5.862773183960518,13.219046128040008,17.164725302174702,16.13244201268208,82.98847286657254,-25.092398483312643,108.08087134988517,285.48849614246717,27.614919266233915,33.33846512338819,57.88218187542936,50.870062046155056,284.3673745451944,-24.404489828656217,308.77186437385063,493.31781361644613,S1,3,25637,25892
-40.125364122491234,45.623762596697304,49.56356001599165,29.09470115839478,23.220892214518354,-93.2895251842831,116.51041739880145,420.029463861282,-26.175792076603546,29.31015306418405,31.0152932034785,16.63659585552761,45.303789801378514,-50.27918997924989,95.5829797806284,368.92636283250897,S1,1,26018,26273
61.64407494526147,70.03061332002252,73.51156976345304,40.049455841871456,106.0085165256566,-37.97306990077489,143.98158642643148,307.75175664401655,-79.79674015669352,79.79674015669352,85.23108132724538,29.946911102426782,-13.458710430154383,-115.84609328132382,102.38738285116943,384.71610915918933,S1,2,26282,26537
74.08261913472786,74.08261913472786,74.84680667309847,10.668177505976756,92.40143486286726,43.49332675239002,48.908108110477244,297.2206001303431,195.21639453225032,236.66381270566154,399.5413706051719,348.60273396932513,1198.3176340633672,-94.9001245018494,1293.2177585652166,2569.7192407448683,S1,3,26546,26801
78.25454460787357,78.25454460787357,79.33045297029008,13.02102210603037,114.14110447080022,55.73428685726419,58.40681761353603,342.63250772612787,60.87993885628397,60.87993885628397,71.80927449685672,38.08155654145508,221.60415651235616,23.93475327898802,197.66940323336814,376.6196268508619,S1,3,26674,26929
-228.04661974677919,275.54257120458755,293.9633873047809,185.497202937857,109.55478044126875,-368.05254181566283,477.6073222569316,771.0866327878028,-154.36747154169407,172.59275059388625,188.52239988156296,108.21912486676372,61.49643867305175,-233.8475948274714,295.34403350052315,466.2213541272773,S1,1,27056,27311
31.8706934268038,93.86011870548006,121.11554687362347,116.84705642416316,99.48575938409223,-366.06867516360734,465.55443454769954,670.1223905524251,-118.53725304580021,118.53725304580021,122.17830877904632,29.605046469544877,-72.22825500322499,-234.5403212001813,162.31206619695632,448.9680967446496,S1,2,27321,27576
44.94091939662002,44.94091939662002,46.30204649496644,11.144203578925508,62.562371062418975,21.646069788647562,40.91630127377141,255.57283904858915,118.56815868539348,164.82785074824537,323.50919410056133,300.9979907134764,1098.2502598149354,-125.73729034286276,1223.987550157798,2451.8995739905713,S1,3,27585,27840
28.69530993966751,28.69530993966751,31.03696979369955,11.826778151357939,54.66065003469015,6.983146548367554,47.67750348632259,266.1181610512361,3.125246878104591,12.059489676892625,16.47445223649158,16.17530242200559,53.660521045701614,-24.592722776927022,78.25324382262863,300.79820205461573,S1,3,27713,27968
24.44180319510102,33.21976813092374,37.71260457518975,28.720006971039766,71.62545016684805,-30.281265031755755,101.9067151986038,300.39677970134187,-14.92962086353397,36.30474202451789,44.0751243739483,41.46954315458687,122.4514754585311,-82.91044044188044,205.36191590041153,534.7556613356957,S1,1,28096,28351
-60.924304772396184,65.64814513889604,72.1629230200458,38.67449478399477,17.482928182281473,-126.72901379625822,144.2119419785397,407.59231752479144,-55.63958225741196,109.5591534517311,129.79631804680858,117.26602689922164,459.9365277077071,-132.53723129695237,592.4737590046595,1316.2308813127675,S1,2,28360,28615
-106.30867107045283,106.30867107045283,107.83856614393886,18.100353676515315,-84.51020523905461,-166.98058471733515,82.47037947828053,354.4198852174461,146.32570216898512,198.79469494785818,392.7876180018525,364.5146111479246,1208.3800886036283,-92.90933577754629,1301.2894243811747,2652.6416328620076,S1,3,28624,28879
-93.76763842753654,93.76763842753654,94.23257622011121,9.349246215703335,-75.30240556557597,-118.04398670865088,42.74158114307491,262.3710676619763,-32.223504204397734,36.385098847056106,38.9777855083732,21.92974099085326,37.375788544274045,-55.09491748093013,92.47070602520418,275.54512201092655,S1,3,28752,29007
316.6986896117466,354.65215221959033,391.55309165959295,230.25152244097785,483.5551226336046,-94.32978626277313,577.8849088963777,864.9275310259899,61.13283456910226,88.06392236119541,92.34997742146545,69.21917990912601,212.3892519141365,-69.68342185317525,282.07267376731176,655.3731419692028,S1,1,29134,29389
60.87162355796093,135.025760499081,214.69187546946455,205.88163307593513,471.33845792112095,-76.04722740543052,547.3856853265514,758.722284455188,-82.44506568353064,124.24562232874013,126.26263294373042,95.62982600800609,117.71759970342947,-159.49295745619622,277.2105571596257,461.04644424428034,S1,2,29398,29653
-40.73084445197828,40.88617583364137,46.226141244849295,21.859882081509667,11.74049483031948,-91.80054552382599,103.54104035414547,368.8677397730389,102.64226071688827,186.44694662327268,348.0917633297688,332.6145547220598,1107.1386057746975,-144.14151447916151,1251.280120253859,2510.8144227885173,S1,3,29662,29917
-8.354164136649658,16.367439172377615,20.3887006102254,18.598576670039087,27.03900876214229,-43.50114123947091,70.5401500016132,308.5642345758198,-26.566438521703837,27.698068676664978,28.691566761157876,10.836528387011668,34.168641806791406,-43.03990505109699,77.2085468578884,315.9453317997715,S1,3,29790,30045
4.90085497073034,6.472724775206899,8.569566105603437,7.029870823434453,27.03900876214229,-5.892157418355154,32.93116618049744,251.52450867076305,-30.484141242582716,30.484141242582716,30.86043422273225,4.804532559765964,-19.528608465188054,-43.03990505109699,23.511296585908934,285.74778824269526,S1,3,29918,30173
-73.51049773863345,91.1448266274141,150.02356441294953,130.77949610464472,30.426117052043885,-291.8297992435275,322.25591629557135,559.5495245618968,-93.68671537189752,94.03950214103082,100.24377558749973,35.659695832439,11.835067199684564,-155.20348554890833,167.0385527485929,481.5590177149368,S1,2,30437,30692
-21.907539545288902,22.78750157408207,27.99191683931112,17.424325508050874,7.71713672673445,-55.536240814651016,63.25337754138547,339.72075408661794,229.84732077415214,270.01744146780726,487.643064062243,430.07669904443424,1324.3661496781938,-88.53490349050847,1412.9010531687022,2827.874899102146,S1,3,30701,30956
-44.56332129990383,44.56332129990383,49.42701273204362,21.38083212447868,-9.347921619328547,-78.71175876373253,69.36383714440399,267.23397397142,27.934337150370173,49.64611937922746,98.59861935422153,94.5587676872331,538.7757546633691,-46.272935278104335,585.0486899414734,697.5213615457867,S1,3,30829,31084
-61.26687620694966,61.26687620694966,62.22539858650604,10.879802805743005,-40.515254600714584,-78.71175876373253,38.19650416301795,235.41506689032616,-36.84291389602912,36.84291389602912,41.77894077562557,19.69973573383698,-2.1546309461053497,-75.09285580543784,72.93822485933248,257.5354217573714,S1,3,30957,31212
356.15372926165696,384.57411477602653,423.6462595755983,229.41376241500757,503.91774146992157,-76.73895630366015,580.6566977735818,894.8124567963304,-0.4133388125313786,32.26924524553593,42.71778416330198,42.71578437590148,94.87168635975915,-83.73630321432084,178.60798957408,402.531982905171,S1,1,31231,31486
-95.79840802917036,95.79840802917036,96.955213269056,14.932461254753665,-72.58513256677942,-139.957524522085,67.37239195530559,309.9952108402436,105.34173929865602,176.39369408691863,332.4221128867297,315.2896748985156,1054.132779272354,-93.75396081010561,1147.8867400824595,2340.0802510245217,S1,3,31738,31993
-72.87251860515939,72.87251860515939,75.23379048232532,18.700782402860124,-39.83533815799532,-100.0572252328908,60.221887074895484,247.11848199160727,-35.97971388595859,38.03078859981042,40.93792755607441,19.528801839103078,44.18487838008512,-60.870007282997804,105.05488566308293,277.6280039868927,S1,3,31866,32121
-48.92069306852245,48.92069306852245,51.33008802192696,15.541677066333277,-21.54966837623468,-83.00055269384843,61.450884317613756,223.20081016360223,-33.821588507446805,33.821588507446805,36.18279350758543,12.856698520440961,-12.043053948343644,-60.870007282997804,48.82695333465416,199.4321796170169,S1,3,31994,32249
-128.33260813331788,128.74698535977234,141.73340989111134,60.15896582440607,10.084646817432874,-180.40763519076685,190.49228200819974,527.6695324291328,-150.34766981163105,151.21183441649936,170.90214127585716,81.25958451091053,24.49673009193544,-211.26372801331283,235.76045810524826,649.920386243079,S1,1,32271,32526
69.87583532878489,69.87583532878489,70.55744673600746,9.783707222166226,84.62395589593608,33.040008305305356,51.58394759063072,316.4667636638426,238.06704410519305,256.0145889977214,440.50869011157204,370.6372735908102,1271.3588104955047,-49.002545263224235,1320.361355758729,2600.9430372876404,S1,3,32780,33035
73.07582722261554,73.07582722261554,73.50514986069375,7.932876639245613,88.61059203076029,53.36808275177838,35.242509278981906,276.5139581494185,66.55379906122215,66.55379906122215,77.70573009211242,40.10950410646701,213.9588226280604,2.0591708479901145,211.8996517800703,330.07458232230493,S1,3,32908,33163
82.2467541388412,82.2467541388412,82.84581983495875,9.944913159573227,100.02784215000425,58.29046922582515,41.7373729241791,283.6317094148917,22.45346700754624,22.74716727478429,33.42327783791069,24.757974892369617,68.58322696456446,-4.087831520172993,72.67105848473746,236.84541334003023,S1,3,33036,33291
-179.4557681270374,210.91248587835426,221.38334789282445,129.6387828166028,93.74034761415113,-263.78409210137465,357.5244397155258,615.1776540365247,-129.940487259225,130.54243961845117,147.92236845870968,70.68590284681562,4.791733100129143,-193.6159281108441,198.40766121097323,338.7246577552313,S1,1,33310,33565
29.59704019781265,83.51605887070451,100.99234207483101,96.55810877025682,83.48361561173756,-252.83328352255242,336.31689913429,547.0877593453147,-44.357442903216786,44.44388232902517,62.20344782846704,43.60832696672373,5.657593198678436,-181.74194311575346,187.39953631443188,447.7126757946305,S1,2,33574,33829
27.643145728878594,27.67390613702611,32.24932286066425,16.609494850336144,65.07145188682296,-1.6206946190914309,66.6921465059144,331.6837407291114,150.24907939490043,175.233153162092,364.4330754730479,332.0190967997611,1174.0978073604995,-50.68289063009967,1224.780697990599,2518.394243398414,S1,3,33838,34093
12.81117723675261,13.602918736578774,16.149482626499246,9.832574785482834,30.474367665264218,-6.139596951423966,36.613964616688186,252.40617754242646,-15.307977350674095,25.046015088784827,29.505697138370948,25.22403601830049,72.29557859254686,-55.5791544016296,127.87473299417647,271.63394522737605,S1,3,33966,34221
147.3989660111555,147.8389018653411,163.31878717020894,70.33186377162365,212.7355714750907,-5.301512081039847,218.03708355613054,463.7417469488753,-36.85332363410028,36.85332363410028,43.129958497664106,22.405933525084244,-10.067996812549332,-87.88758797930926,77.81959116675992,297.47992541262744,S1,1,34347,34602
-37.331132341577565,93.17088277983859,98.83306585491725,91.51153732933368,174.28922102490674,-115.38627251276313,289.67549353766987,440.42231738271687,-98.85744159745417,98.85744159745417,104.5893628590829,34.14880765231562,-12.339664629303249,-130.28074088265106,117.94107625334782,346.163448413384,S1,2,34611,34866
-136.04073199965651,136.04073199965651,136.85499268471105,14.90665152641419,-104.64009255683452,-167.80738913510967,63.167296578275156,333.5587396331915,145.5848484436396,210.4020649246263,377.0860059877166,347.84897271001205,1114.439185258966,-128.83947828822167,1243.2786635471878,2493.1126894635618,S1,3,34875,35130
-155.89178723106943,155.89178723106943,156.65856661844467,15.480864602748966,-123.04924409925674,-179.9470725018508,56.89782840259407,300.21112196054986,-43.428102891544484,50.53439826208186,57.60875523753198,37.85192939942816,72.52093304331883,-101.43548791922427,173.95642096254312,288.94250647512024,S1,3,35003,35258
265.71050329106583,327.4431946438715,342.7146479951559,216.4515151050047,411.99576479869495,-162.04512788606198,574.040892684757,810.081734903064,44.591085564514785,78.27521572597482,82.12934837117402,68.97002937545979,175.45886216296736,-97.35033996833997,272.8092021313073,674.2690424967592,S1,1,35385,35640
5.904980703521375,186.0557495498962,219.6245787980646,219.54518171692658,397.5225540450184,-230.25100386557463,627.773557910593,916.3148968948734,34.4427255429818,147.99344759439398,226.96554763313395,224.33693068591992,816.341386239153,-123.5958970703394,939.9372833094925,1841.8795155548833,S1,2,35649,35904
-86.42518235083787,86.42518235083787,89.8820895131093,24.68760561227059,-25.17557351437361,-127.92481094743809,102.74923743306448,368.82410442583597,62.8382604994554,209.50653348567963,330.1618985176393,324.12687677848396,1023.119555002332,-140.68150705778126,1163.8010620601133,2426.549565099362,S1,3,35914,36169
-47.59385476513829,47.59385476513829,55.067539534519746,27.699438604073176,-6.70782651878095,-99.29493581525145,92.5871092964705,350.2804992841803,-113.3936652205143,113.3936652205143,116.19047617062516,25.339760074131327,-42.76051789792524,-142.0636895706643,99.30317167273907,266.4212097002712,S1,3,36042,36297
61.3705422646799,72.4033710634378,77.02188688715586,46.540601648420605,113.09426809622767,-34.189879190515796,147.28414728674346,387.66649469335283,15.508742782237476,56.591661025234764,63.709274473710536,61.79280339393077,147.7195320196083,-108.08247977186248,255.80201179147076,534.4622211530061,S1,1,36423,36678
16.883167809343767,38.33395440333739,50.062092774819774,47.12930911562571,89.50840224951183,-32.69933274068564,122.20773499019748,369.56220423051354,-70.22174916961545,100.35499160339212,108.61644338381686,82.86397116304228,56.731003603278815,-143.2269684293221,199.95797203260094,446.9231622178429,S1,2,36688,36943
27.984659674433573,32.19496151334508,39.94508441465241,28.503834685877596,71.78123498506258,-27.964758127749132,99.74599311281172,333.42719583418136,161.96602071049722,216.88068081585288,392.62167056347477,357.65735604242855,1129.6397766030445,-129.0509726149099,1258.6907492179544,2478.6329957183207,S1,3,36955,37210
65.08455189813908,65.08455189813908,67.65659247483738,18.477435144647718,99.14582093310457,19.12572772809383,80.02009320501074,247.40528247381417,-13.167107593301273,30.20330161448573,36.51835743971029,34.061968641299515,119.68026447076852,-57.19397723137675,176.87424170214527,336.2114881021911,S1,3,37083,37338
-268.83619863431477,321.90356570408017,341.26414859430963,210.21017439612734,141.0356050277381,-416.278596318159,557.3142013458971,890.7292245582844,-36.56287718287886,38.10916688724591,43.83217777965432,24.174693814336905,24.383728764637365,-91.01745338313698,115.40118214777435,323.571764555508,S1,1,37465,37720
-50.256328900618094,207.38767824377842,246.13344561921292,240.94807419404486,135.27241755042988,-431.1648621636308,566.4372797140607,800.8684346255085,-82.06737820964013,92.18601486695277,99.41457997242644,56.10885977178521,133.6679053559196,-150.6638822220168,284.33178757793644,622.5794198088512,S1,2,37729,37984
61.6736210061902,61.6736210061902,68.32876214274071,29.414013801996674,115.58899741399333,14.139690587805337,101.44930682618799,365.69347903138635,130.6629613245656,180.90032062117825,349.04791146356933,323.6690208144344,1089.2631878740635,-100.72608614337217,1189.9892740174357,2407.2371653300615,S1,3,37993,38248
72.03288378495176,72.03288378495176,75.27604879272634,21.857428381869394,106.19630694392265,27.37407241822369,78.82223452569896,310.05426753821183,33.67190103525177,51.13421261485024,71.72152667280507,63.32598573216292,212.1569640692926,-35.147571377830154,247.30453544712276,432.2058826640597,S1,3,38121,38376
104.07188996093782,104.07188996093782,105.47792134683036,17.16489474498989,130.02481502700488,69.94493767623749,60.07987735076739,272.4613968510927,97.65259327321897,97.65259327321897,118.56337631040411,67.24020545133519,212.77714597975597,5.922245749023271,206.8549002307327,501.03565320852783,S1,3,38249,38504
28.640826275238542,61.23736946343401,76.78772476527429,71.24645777088939,129.96489908543094,-50.34649990918655,180.3113989946175,371.9542778811118,-184.34110503816086,185.26452952724432,223.93768806970252,127.1473363123,10.906098426921934,-300.3705798352169,311.27667826213883,494.10861190239837,S1,1,38505,38760
75.69197091595592,75.69197091595592,78.10899747606396,19.28058675387887,104.12001665741786,21.261570473567858,82.85844618385,392.9372888126177,-88.63759775391617,88.63759775391617,89.41712054600146,11.781244040979304,-24.767407155600413,-122.5205793996387,97.7531722440383,346.6196166248329,S1,2,38768,39023
10.449546151697161,12.83757516380243,16.058799112691574,12.193933498479264,37.33479852646028,-13.968613357268662,51.30341188372894,347.6413592303374,207.79971892127318,235.0300281697993,412.08298792261786,355.8534329628875,1188.0970762115264,-88.97907922535381,1277.0761554368803,2517.1955673209977,S1,3,39034,39289
12.950730639137007,14.528835845725869,16.756977020063086,10.633666101746865,31.23469125711244,-10.074763357403839,41.309454614516284,238.76528566414655,31.731063337574337,31.731063337574337,39.835318313775936,24.083027314411662,120.88709579526423,0.3805932615767549,120.50650253368748,272.46581525975944,S1,3,39162,39417
-248.26529309142768,263.02663870850006,302.22901070969425,172.3563725563635,33.798402209314304,-375.27519922489523,409.07360143420954,671.7360087169325,-58.16839220000037,63.97448578144291,73.60558360400816,45.10232905908043,17.332168679233092,-99.95924201064041,117.2914106898735,309.5524852672785,S1,1,39544,39799
-37.097531767616104,133.49928613500344,181.12109390100971,177.28119977213913,92.55789073568987,-360.00373638553515,452.561627121225,640.0014134479829,-58.5206561050884,58.5206561050884,60.73536442677683,16.251686099705744,-34.13904663180223,-88.97369048554332,54.834643853741085,255.56761746834664,S1,2,39808,40063
82.44953668293594,82.44953668293594,87.17105462044015,28.299587707402342,114.27887775583153,1.3427095040233665,112.93616825180817,394.48623938555033,146.19001529884923,218.24466576515226,373.95763241933537,344.19876564508047,1125.0955030958937,-92.19274658212684,1217.2882496780205,2459.42638383157,S1,3,40072,40327
95.19325069878775,95.19325069878775,95.8140287081497,10.889128463007474,114.27887775583153,68.80717739584195,45.47170035998958,314.45926119002314,-59.46744931589238,76.95027680097701,80.26259174247305,53.90460189149599,150.85114074681468,-99.81400332676827,250.66514407358295,400.7858822476893,S1,3,40200,40455
109.96724171216033,109.96724171216033,111.18081236446409,16.38227054597374,134.8146041548896,82.48742247129154,52.327181683598056,280.7590097112932,-83.4626442643914,83.4626442643914,83.65049845702076,5.602937131869679,-70.38997619143743,-99.81400332676827,29.424027135330846,212.04417721541935,S1,3,40328,40583
60.647846512684545,137.14745449472287,138.96811652373415,125.03589933906186,143.10083850397615,-182.95823744799364,326.0590759519698,573.6016070590695,-79.87625187236218,79.90534403064896,88.7952224478439,38.78628515835253,1.2844760124204484,-117.24375534258589,118.52823135500634,284.2095985404439,S1,2,40845,41100
132.46823323223336,132.46823323223336,133.0882589429644,12.83167381132191,152.7964269104169,89.72380441191186,63.07262249850504,315.36200373286806,168.0479488476348,234.03638391735387,407.84483202132975,371.61444252694133,1181.1676698764663,-118.31604346177329,1299.4837133382396,2587.416436628975,S1,3,41109,41364
140.4860116963282,140.4860116963282,140.63979080564354,6.575049468582941,153.99000696459936,126.15199693341498,27.838010031184382,247.67168443627327,1.575376880926843,66.33744401751076,96.2202311088258,96.20733372419635,418.89811607016475,-80.04070024456003,498.93881631472476,585.7424931499992,S1,3,41237,41492
144.36741237280233,144.36741237280233,144.49673760287453,6.112071879095114,156.14234052651716,130.47962961300837,25.66271091350879,226.27854069598638,-65.48995068567709,65.48995068567709,66.44065607793952,11.199425844864791,-37.40981730734074,-82.4233937187976,45.01357641145686,255.26014493911254,S1,3,41365,41620
-318.0521940794452,360.3247617383038,378.7672060934785,205.68762299445856,134.02095618000195,-438.79411389518657,572.8150700751885,808.031378948074,-61.747814089915686,61.747814089915686,64.80586390919625,19.67250497863638,-1.8051731490148184,-86.64414499302613,84.83897184401131,299.87130535957033,S1,1,41639,41894
19.648623708436272,24.691649245294965,36.10682610367171,30.29248219682673,69.78534917953586,-17.698962959434386,87.48431213897024,326.5542764165837,266.1594409503782,345.66218437542295,552.6906882053854,484.38223421377114,1277.1984731337088,-137.92687968140737,1415.1253528151162,2786.6063692782277,S1,3,42147,42402
-8.637952564777823,10.79359845271984,15.314665280195356,12.6461356996147,15.119073258907227,-42.39901416600697,57.5180874249142,259.83030325509867,115.14054949356489,137.8460639572107,314.94452815525096,293.1428144731738,1258.4753022445218,-42.20989459542391,1300.6851968399458,1438.6240538861452,S1,3,42275,42530
-27.178939844047562,28.18391663471082,32.82144330240957,18.39979264575909,7.366457603727067,-65.16551376205187,72.53197136577894,225.9035798222879,-42.60821895557186,42.60821895557186,49.072812646855,24.345032727589,-3.40659874205704,-89.48974127382455,86.0831425317675,249.59785247022464,S1,3,42403,42658
276.3941480980388,301.5354684379208,322.8970437418585,166.9394373849124,446.0656018133984,-80.73821928857497,526.8038211019734,793.5330076658402,-88.00859740025146,88.00859740025146,88.92431321639725,12.728718107035464,-32.05379850256621,-108.12552253291054,76.07172403034433,333.4486797272681,S1,1,42677,42932
59.560620044718036,243.83972585777664,249.34875954021817,242.13082501848925,313.26062867966124,-229.32909797500767,542.5897266546689,692.5253892877176,-117.33255594984406,117.33255594984406,120.17829554282248,25.997962109648107,-63.735980420619796,-157.19926721707296,93.46328679645316,336.2230018459614,S1,2,42941,43196
-212.0479650976033,212.0479650976033,213.1183250144451,21.332626536089606,-164.83223965312786,-260.44181494103333,95.60957528790547,308.0344920217358,127.23771436033034,186.17508188646283,316.2169591344648,289.48873775780424,1061.5458397527264,-109.20672001285976,1170.752559765586,2271.716499581882,S1,3,43205,43460
-175.53174919025923,175.53174919025923,177.57394387469995,26.85350199551275,-135.5967291628504,-227.7384700257322,92.14174086288179,250.31105845335338,57.669032692055,57.669032692055,68.80534823916459,37.52943664212666,263.6832654095844,28.918889648288168,234.76437576129624,350.44053590991024,S1,3,43333,43588
173.81402495790968,220.6269853897068,241.10447973762896,167.09295280616678,323.11524515656214,-96.99068161419858,420.10592677076073,639.5334718755404,-92.90202949481619,106.68623586117982,125.50852538392617,84.38958975959027,39.10084531474514,-191.12891826435572,230.22976357910085,454.5246068524849,S1,1,43715,43970
38.01376137487145,71.46454165487233,131.31820058034256,125.69575867861818,323.2134130755807,-40.632168671782395,363.8455817473631,556.8344403543326,-91.04877484485965,91.04877484485965,98.98542695859449,38.836005837692625,-10.226293420214905,-180.377671380461,170.1513779602461,455.167527574666,S1,2,43979,44234
-12.18351886378368,16.01790500039462,21.585999277457496,17.81901324154126,40.07655963447036,-65.08593618918768,105.16249582365803,316.0421215771597,179.8230174687086,179.8230174687086,349.99085954092203,300.262025821851,1159.9062379170348,12.565135990018165,1147.3411019270166,2387.3923414720525,S1,3,44243,44498
5.150359733538289,12.12066194116344,14.847860453261658,13.925974100747098,40.07655963447036,-14.945431848840135,55.021991483310494,278.24614904530654,33.249996100092204,33.249996100092204,34.25570377694088,8.239599541080562,49.2650297532125,12.565135990018165,36.69989376319434,235.78678014332164,S1,3,44371,44626
6.284972054993357,8.467004290259052,11.733575296985963,9.908376028289995,26.801552974210733,-7.2874297931465195,34.08898276735725,248.20992763663904,34.56396701739004,34.56396701739004,35.76303408385135,9.182961989657063,50.67909490440964,11.038207916049021,39.64088698836062,209.11043486538384,S1,3,44499,44754
-84.37486771215293,88.36965603815754,101.90951311566427,57.15269514229787,19.758697019493734,-138.15523682289572,157.91393384238944,338.2550017628896,-115.3696426100816,126.08667136567797,143.31559818121914,85.02473902378479,29.799353208425348,-184.0167191694922,213.81607237791755,390.26763740225135,S1,1,44755,45010
-7.531123309145158,42.84871405854951,55.18971484543192,54.6734561411892,45.352628296101926,-115.31884230033616,160.6714705964381,346.9274042655256,-29.798061220740156,48.9631317383797,81.72438293051455,76.09829375786558,97.87896778069894,-167.64547814283628,265.5244459235352,533.0842404872699,S1,2,45019,45274
-1.1999896149390894,11.700472978725145,14.914200296585888,14.865846609282665,32.6493359741108,-39.73848747230123,72.38782344641203,265.7140795755719,159.28494300199281,170.08982670826484,362.22121902138065,325.3191024858315,1136.8753617487612,-29.694509771298925,1166.5698715200601,2422.6078170797996,S1,3,45283,45538
-20.328617417638082,20.363779341447568,24.345695268293284,13.396275302631684,1.210259790707111,-42.67410410627509,43.8843638969822,199.90664852510832,-17.451725417988598,23.65376753119912,27.798434061852724,21.63770358023939,48.20130941411749,-51.56319332366716,99.76450273778465,240.82710780128002,S1,3,45411,45666
218.99698715324183,247.16552344074853,265.41406361237586,149.94980753918003,356.4503789537863,-77.10031714048624,433.55069609427255,698.1364312012747,-82.02973520164,82.02973520164,82.7065391820497,10.559079799904318,-40.0016262436917,-107.14860274838922,67.14697650469752,290.14659644879765,S1,1,45793,46048
-63.80178449921076,147.88277352286465,156.40272629576987,142.79756681213365,270.466156894857,-145.24679578262385,415.71295267748087,636.8306310618011,-97.13159195471295,97.13159195471295,99.55587627197116,21.836353739193175,-29.549160993744295,-130.46349875810486,100.91433776436057,271.97267684174386,S1,2,46057,46312
-141.45351630259012,141.45351630259012,143.96975395409024,26.79911900108196,-107.45161736730574,-214.8132987339688,107.36168136666305,312.56075313675194,184.7282441291994,184.7282441291994,353.4973346580857,301.3898495824197,1117.8446526733542,12.724910427228085,1105.1197422461262,1945.2067180383385,S1,3,46322,46577
-95.15414055126973,95.15414055126973,99.55134058895383,29.26019393317632,-46.14086641684473,-135.71346365674717,89.57259723990244,223.36907902755252,29.284377118279743,29.284377118279743,30.215595402499087,7.443618899560746,49.90835716346354,12.724910427228085,37.18344673623545,198.01790755473826,S1,3,46450,46705
158.677134061778,178.71901548206012,199.9333288232562,121.63430067332497,262.07884327909693,-48.80141843945385,310.8802617185508,523.3239540830118,-67.96747699071778,69.59435944698441,79.75569553873522,41.730001706010974,11.985819189907657,-114.17941059751429,126.16522978742195,296.99929944032306,S1,1,46833,47088
26.247269080793174,60.735652677613345,103.9287207271516,100.55973278496074,251.08160373047087,-42.88232809665801,293.9639318271289,563.9397151855978,-78.97135763885345,78.97135763885345,81.37098388900826,19.6153432736097,-46.436309070109274,-111.28353046955456,64.84722139944529,314.3916082118645,S1,2,47097,47352
-68.07272954317631,68.07272954317631,72.41504286149697,24.69902680621271,-28.138009267352654,-131.70849567360176,103.5704864062491,343.6916070040903,173.1769045869567,192.30701565443843,364.99620613149284,321.2973548102494,1139.7408410803341,-63.14720795873304,1202.8880490390673,2472.8958692764763,S1,3,47361,47616
-46.70638010530145,46.70638010530145,49.53019101217368,16.484959179855778,-20.75245525569141,-73.2677497500924,52.515294494401,221.53588743057344,8.379054867614295,21.570045443197778,25.733652851530202,24.331303471219496,65.75733250200223,-20.677182217958023,86.43451471996025,287.4512083859735,S1,3,47489,47744
-31.408864329491294,31.408864329491294,31.88458668305487,5.487267943234566,-20.75245525569141,-45.85472943403073,25.10227417833932,179.30243476253005,-17.07113956258823,17.07113956258823,19.405177041221382,9.226976213027772,-2.9236203022893763,-38.127003153080686,35.20338285079131,229.59498597969042,S1,3,47617,47872
2.879776763099068,36.230141076613066,49.907571645624316,49.82441764193375,114.17176556580367,-37.80531430290113,151.9770798687048,384.8487702350089,-91.74149194158828,91.74149194158828,94.95655044068653,24.499900569719404,-27.461376629849656,-147.98800378366897,120.52662715381932,371.46027425721434,S1,2,48134,48389
1.5510886361570035,17.819750732125982,25.22360431553356,25.17586818184008,30.96650383621042,-79.93439703536023,110.90090087157066,369.93138390374804,123.31138215952954,164.7468053505787,323.1729607249817,298.72238880548775,1053.8874107679617,-88.85779915561903,1142.7452099235807,2309.0617343254726,S1,3,48398,48653
19.948442680873896,19.948442680873896,21.35706000281681,7.627820564997988,37.09815126182589,2.0401103896330124,35.058040872192876,289.41705993381703,-2.024003836335843,15.73212451991789,20.735564333306264,20.636546142491493,85.09959847166694,-23.587761701961266,108.6873601736282,243.683230175255,S1,3,48526,48781
24.184237509944165,24.184237509944165,24.97006623003475,6.215051375083824,37.09815126182589,9.255778454268984,27.842372807556906,255.11986480790355,-24.00059798069867,24.00059798069867,27.890892546282206,14.20820831762904,-1.0427331595287757,-55.05698094059021,54.014247781061435,208.13145420377373,S1,3,48654,48909
-33.79296145175176,60.6166821015046,78.43417254312124,70.78103685906653,44.085991473961904,-144.58731711498365,188.67330858894556,386.16219612045734,-52.799533867877855,134.13191469025847,137.32933752181853,126.77364145403561,119.04826482229491,-170.39893803156045,289.44720285385534,501.5460934053144,S1,2,49175,49430
12.488969718123036,22.373226800602154,24.508014908918263,21.087162686230826,33.622390388489045,-51.46614096367893,85.08853135216798,302.4233239811962,107.96075407144738,188.68145275557993,336.0238714677777,318.2082930668497,1064.2432537782067,-159.30214828008715,1223.5454020582938,2423.414398334274,S1,3,49438,49693
26.290477905790514,26.290477905790514,27.94867950230215,9.483641568909327,47.269286946871794,8.61094696192213,38.65833998494966,241.9533083131872,-38.033403616125405,45.64150854134141,51.04994589255238,34.05227136338227,61.70438699952761,-77.3497183743966,139.05410537392422,256.9492388330066,S1,3,49566,49821
38.620389537085856,38.620389537085856,40.22362751664586,11.243029956449428,64.78195413373992,8.61094696192213,56.171007171817784,266.3974713907033,-74.64695134747797,74.64695134747797,75.59622257140315,11.942425281004713,-51.05276345559901,-97.7151173569399,46.662353901340886,226.40444657141177,S1,3,49694,49949
-46.0786774608347,76.29128756113937,79.0642599064814,64.24883405961548,74.85215064704657,-119.70115996676937,194.55331061381594,532.6360414793905,-96.45569112864916,96.45569112864916,99.67728810097465,25.13685366268686,-69.97373246249639,-182.51007811353847,112.53634565104208,405.6067952392034,S1,1,49969,50224
82.75470927696277,82.75470927696277,84.21139416812322,15.595416000363299,104.53274970323528,41.36096540128585,63.17178430194943,264.8876665393188,141.92040971934097,181.63655208860425,358.72643905113176,329.4590344479868,1123.5767827412874,-73.80252942300078,1197.3793121642882,2454.9952683410406,S1,3,50476,50731
95.4356918017089,95.4356918017089,96.48535047341312,14.193364164516945,123.9985762242841,71.46308784896107,52.53548837532303,170.43738328446568,-13.333987503410615,31.90813560948761,42.3819304065036,40.22975021350001,203.5704593157326,-48.89989437417805,252.47035368991064,376.204709881044,S1,3,50604,50859
112.09931487190804,112.09931487190804,112.66908931159227,11.31668200279462,126.94230637730263,82.66028203524326,44.28202434205937,189.8020284361076,-42.283435721665796,42.283435721665796,43.40342445561585,9.796342074780197,-21.159475654682442,-66.87890193156932,45.71942627688688,207.58579157552418,S1,3,50732,50987
-285.0805965169081,323.3618352746527,340.53273367621586,186.25680174039388,119.21833759524917,-398.81019644859424,518.0285340438434,808.4940059711439,62.216844248483696,80.80897162434113,83.21407131751647,55.25980417081334,149.7149897613472,-60.87996520595144,210.59495496729863,437.2831706922928,S1,1,51008,51263
86.86098689088669,86.86098689088669,90.19771816184733,24.306322591977015,123.80932549448988,10.49715500409805,113.31217049039184,359.3838573966924,94.68678315167554,150.74950077194285,297.65781159852764,282.19600617657954,1014.6292365243698,-99.3182230730132,1113.947459597383,2267.1138715392353,S1,3,51516,51771
82.47742185690828,82.47742185690828,82.96705042394971,9.000352209097208,104.05486571085926,66.39639462438089,37.65847108647837,242.44190758365446,-20.914082947561027,23.784925849480345,26.656306840684252,16.527547575101604,46.46765810005818,-60.139992319475674,106.60765041953385,263.70779160468817,S1,3,51644,51899
68.15325161568562,68.15325161568562,69.05228821595253,11.106430662819728,87.8966130262631,44.96809153071479,42.92852149554831,223.6677948901493,-42.295644717581965,42.295644717581965,44.814420232281265,14.812518309847974,-18.318510193119884,-65.35247481864725,47.03396462552737,218.40398124312074,S1,3,51772,52027
-105.83744351016313,123.98068343846504,131.10557919960263,77.37640757037191,54.3367082072934,-167.03015032941144,221.36685853670485,497.4711937587879,-73.96246522802619,73.96246522802619,74.49661415353853,8.905013067604921,-55.57869937107886,-88.60044685827845,33.02174748719958,220.82638343224272,S1,1,52047,52302
11.763577650933064,17.491098377621356,21.258759276616377,17.707430271826315,41.277406375931726,-32.288170809465186,73.5655771853969,397.6399647154927,171.4070841334032,204.95692660947765,354.4762818128106,310.27898072012476,1085.5964572941127,-99.35807608404868,1184.9545333781614,2333.4262292527455,S1,3,52556,52811
-2.0767087302429528,9.783308269964722,11.816478019407528,11.63255920392731,24.892092694695656,-22.027875851334535,46.91996854603019,290.4506030744677,35.52745265563455,35.86513934023182,43.029490984299905,24.276268291679276,115.15032526081147,-6.383653155915039,121.53397841672651,273.6538139026972,S1,3,52684,52939
-9.70989560325117,9.83958297440776,12.099250734618014,7.218711499507247,2.8167671485212176,-30.318815783199177,33.13558293172039,307.9452629419003,3.064137544926595,14.70270124980937,18.20157012574977,17.941800805614744,42.841043524705476,-23.041883071544422,65.8829265962499,263.6124914219371,S1,3,52812,53067
33.272492080388155,38.075537295510635,40.893807945310115,23.77487747662259,65.85499805628187,-20.46373781358821,86.31873586987008,272.4560754250675,-37.32609413989117,37.32609413989117,38.73748059476736,10.36123057797479,-21.19224064680297,-56.248832942485315,35.05659229568235,206.04967938503262,S1,1,53087,53342
-10.849548948828648,12.524677906316104,17.224114844321576,13.377496767981299,10.83194084983164,-53.58095142551165,64.4128922753433,309.58175746146264,147.77674565147154,209.17109754691705,384.2069936837419,354.65059909742035,1124.809207453553,-109.66219921282435,1234.4714066663773,2483.0550973718864,S1,3,53597,53852
2.2475995865944522,10.84455812033668,12.66026586967787,12.459158398113045,30.044936589079562,-20.808012692436005,50.85294928151556,247.09014479007752,-41.347314094723735,45.557146493359284,50.10295117603568,28.296737156436865,53.00586302600428,-81.49911132855297,134.50497435455725,255.41962651959946,S1,3,53725,53980
17.108592407221973,17.108592407221973,18.68263144304124,7.505783335539325,30.79054154846319,1.5040072117603558,29.286534336702832,230.76339013025824,-71.29004228281794,71.29004228281794,72.34592310441828,12.31513138965363,-44.56395906097903,-93.52922259025499,48.96526352927596,230.31800415569631,S1,3,53853,54108
-15.073826748539526,33.23706529497742,34.59764443649792,31.141238699020146,44.337663982070524,-50.487541250052445,94.82520523212297,282.478974371801,38.84639317575078,87.60794308095902,89.85248086318913,81.02114572446352,161.63786633119526,-102.68352687468715,264.3213932058824,481.94299709823633,S1,1,54127,54382
-3.3661384677309463,19.16888335057357,22.962184437542977,22.71411512605769,32.02113996366931,-52.05441823746147,84.07555820113078,295.5363500878059,24.035112811998403,189.61032700924994,280.9535700935661,279.92360011337894,964.588564459865,-166.60038526053216,1131.1889497203972,2137.8097751253567,S1,2,54392,54647
-26.210573497433835,26.210573497433835,28.486791133209433,11.158095984652524,-6.2436692350309935,-51.78208048646249,45.5384112514315,307.1209646386864,-136.33119351604256,136.33119351604256,136.94048214666384,12.903539245188233,-117.21717510549142,-161.16869403018924,43.95151892469782,237.4488989461754,S1,3,54656,54911
-46.91040695438489,46.91040695438489,48.76951011669107,13.33712249310289,-21.675737513313134,-71.92703150594342,50.25129399263028,275.9090202505422,-112.74955421992769,112.74955421992769,114.10395000091287,17.528531855760463,-72.62702277085647,-139.17259998033413,66.54557720947766,246.05106577251945,S1,3,54784,55039
95.57905917896169,111.36020667948547,117.62854334666726,68.56469686597701,146.11879108771274,-52.710535524054364,198.8293266117671,452.37104350565227,131.75603701773466,145.9331507947059,156.59216331036697,84.62536451680417,259.17143428644766,-46.71595858095243,305.8873928674001,592.9680111991,S1,1,55166,55421
12.390522953495005,22.620294888926107,46.23602369003674,44.544863088851805,135.74163493724873,-19.96372830610336,155.70536324335208,376.41217535645507,-14.52169560818651,59.85925029859129,74.90031630083544,73.47909729051094,175.01175251421978,-88.30096778869681,263.3127203029166,499.9425478605626,S1,2,55430,55685
-6.16692855194921,15.577091034955119,21.371974579403798,20.462900323703767,18.927077563575796,-69.50011152489114,88.42718908846693,317.05035504544617,187.17911046548474,198.20371332621605,343.9579012188662,288.5671818073517,1087.3873143571052,-47.31450985983386,1134.701824216939,2238.2441074181447,S1,3,55694,55949
4.273279993178752,7.734360706001786,9.381228609646012,8.351438697993242,18.249266635929676,-19.198374233856132,37.44764086978581,208.51371084142295,45.17290495466652,45.17290495466652,49.71992050025882,20.772076268604515,92.27199641557154,2.3250679454442897,89.94692847012725,279.1899988310232,S1,3,55822,56077
-4.508574572514514,11.54346862964903,13.401698001473946,12.620549300517245,27.559950897144,-30.74207856265401,58.30202945979801,257.6318936475181,-192.04974575938894,193.0775322427903,225.1249128589265,117.46540573076535,7.571174418657407,-298.67877708768424,306.24995150634163,434.35003528003745,S1,1,56203,56458
-42.64628688604855,42.64628688604855,45.57231786247227,16.066436138454982,-3.3441002632585093,-66.122383686733,62.77828342347449,247.68962934445875,-136.63686641810563,136.63686641810563,149.50549450429057,60.68162508052344,-15.625788588144708,-269.98540953405785,254.35962094591315,603.1547085046636,S1,2,56467,56722
-76.27786052519303,76.27786052519303,78.67604713598583,19.277146745383817,-55.1348847197732,-129.96147699283102,74.82659227305783,314.3457145019517,198.80287739197445,226.00527250112674,400.5018286571205,347.67676180378965,1170.9775137461422,-66.73693711753775,1237.71445086368,2474.209143565593,S1,3,56731,56986
-68.77330667249285,68.77330667249285,69.22953090547271,7.934748812851589,-50.02644670429393,-89.29427304577699,39.26782634148306,267.38600976657165,38.73248873864446,38.867800373765284,56.778958770845726,41.51679750669817,216.5273090638636,-3.4243403687230236,219.95164943258663,335.84515767566825,S1,3,56859,57114
230.97404610976446,251.27934726630176,276.6804744870145,152.32555591903773,337.69602593893893,-56.49917267610269,394.1951986150416,729.9233342987885,-39.16182755872029,39.16182755872029,41.23512477204518,12.910723342523873,-13.693952410332319,-61.180437409467494,47.48648499913517,241.46839095697314,S1,1,57242,57497
9.434747467280156,21.7436846373867,28.86267589853951,27.277089292165765,59.90963160823179,-33.199531851238206,93.10916345947,328.3854822139924,-78.71169511466906,78.71169511466906,78.89595694940033,5.388977188392316,-67.71947345773147,-90.87417030970231,23.15469685197084,232.09542982067865,S1,2,57506,57761
24.704045084831268,28.511516805143103,32.75884065237259,21.51399073473267,53.25061144510813,-24.11093385729392,77.36154530240205,286.9457877625558,155.008498728897,194.33260231817007,354.6440608852916,318.9745683326869,1057.3334722359102,-91.46205736299429,1148.7955295989045,2304.5877228342642,S1,3,57770,58025
56.84695932950127,56.84695932950127,58.95496349988652,15.624049931531227,91.30021528015632,20.3870460581015,70.91316922205482,270.78945991737834,4.373413952273317,26.829462356670085,39.36029697818307,39.1165723014278,167.72409493959776,-31.145726312377825,198.8698212519756,326.5719151917277,S1,3,57898,58153
73.9357933154735,73.9357933154735,74.36457648037218,7.974252436229195,91.30021528015632,52.15213295084929,39.14808232930703,280.95285841602924,-19.22876250508271,19.22876250508271,20.486352216095998,7.067200269206097,-0.7938597365859603,-31.145726312377825,30.351866575791863,225.29658887747928,S1,3,58026,58281
-34.16304771377819,147.00917539459306,197.45484821552444,194.47699929483153,92.38374423538467,-399.99189474907,492.37563898445467,690.2100873716515,-105.47130565269215,105.47130565269215,115.06707752665261,46.00256530282924,-22.21740105580449,-172.0997966072619,149.88239555145742,301.358039475169,S1,2,58544,58799
54.065132298803185,54.065132298803185,56.69625853018045,17.071238995279998,81.41533152944719,14.296739372345584,67.1185921571016,387.9482169995721,142.68350341194196,177.559119364837,337.2488452691206,305.57847026492163,1059.1060031314955,-124.92903306175057,1184.035036193246,2311.727110327374,S1,3,58807,59062
50.17134637271111,50.17134637271111,50.942974022570546,8.833040553158597,75.56759447272925,36.72128170356169,38.84631276916757,317.8445816001206,0.24532365141184886,15.59244529131895,20.827014025750287,20.825569128714275,54.821629765495665,-29.664145054992233,84.4857748204879,204.2426001293872,S1,3,58935,59190
52.12782283613454,52.12782283613454,52.50905559665713,6.315932711595266,68.44136408481093,38.5299880572716,29.911376027539326,250.0344049022763,-14.291805391374785,14.291805391374785,15.843838597150715,6.838970693579068,-0.7634291799853968,-29.664145054992233,28.900715875006835,201.1077808851146,S1,3,59063,59318
11.256204961387812,16.908955175614153,18.23081702777245,14.340869547114158,30.4784936966796,-25.142189615310397,55.62068331198999,277.21346586139316,-77.50002731524094,77.50002731524094,85.59369983034972,36.33217880591415,-4.500723571649545,-115.18850251593113,110.68777894428159,266.0909797159059,S1,2,59583,59838
-14.21426105500643,15.476215211567375,20.923178222192742,15.35363701465448,12.168777297230491,-67.06931618723833,79.23809348446882,315.86369308707924,78.50941443717352,141.16597160348957,264.68456158509565,252.77299892636165,892.0898489894865,-108.99716221031876,1001.0870111998053,2024.0604722695807,S1,3,59847,60102
-17.81453768671924,17.81453768671924,19.16254512517349,7.060126251191991,-3.19338549022691,-33.10107088080348,29.907685390576574,241.2000156599952,-15.072472966444934,27.506485069460922,34.288476310148965,30.79805458705847,118.67957131952832,-58.579727713433144,177.25929903296145,329.08394086548924,S1,3,59975,60230
-25.15135758271267,25.15135758271267,26.335821696447134,7.809271167886135,-10.617538400416086,-40.19314378443338,29.575605384017294,209.16336343241983,-55.75608068809933,55.75608068809933,59.21650228761679,19.94626805899994,-11.477451786741161,-80.75244204051948,69.27499025377833,197.04287707753733,S1,3,60103,60358
62.190617432255166,66.71942371581721,71.46457989601691,35.206722129574395,93.05318537758843,-22.590444320727034,115.64362969831546,303.2290718041537,43.721492904257026,65.52352241297528,68.42543054619999,52.63526007968271,164.5738669617709,-73.1486365856586,237.72250354742948,511.10410835681887,S1,1,60377,60632
-10.47214375444229,18.602047087993288,26.62752176326746,24.481812033417327,30.463804866489596,-80.48540741465493,110.94921228114453,269.3935147127321,50.305933592733126,104.90890297328995,214.0778605389273,208.08326078348523,817.7244745307345,-59.77739776971891,877.5018723004534,1826.2976390841966,S1,3,60885,61140
28.495560771351805,30.093934407567055,39.877499423245325,27.896558507764485,97.22389967912284,-8.640485033221086,105.86438471234392,261.540689292902,-30.415164483749802,33.53616638043673,34.482265370203436,16.246365577801573,21.445064707704272,-48.108252227133974,69.55331693483825,194.03481107188384,S1,3,61013,61268
79.57774140431336,79.57774140431336,86.25138252708943,33.26686130103864,131.41411898338416,25.380026376017145,106.03409260736701,270.2323970524535,-5.087859735831426,22.210675647844447,24.815282804765705,24.288102931044364,23.61915214062327,-44.75261693003877,68.37176907066204,262.293387063934,S1,3,61141,61396
-221.9502827988344,265.5944093283508,277.8050247934076,167.07394699947466,124.20188550741084,-330.58208380823817,454.783969315649,663.7758022177854,78.83442324830376,78.83442324830376,85.96336260164787,34.27584310983021,141.07995866375765,4.771371747340657,136.308586916417,353.603535181353,S1,1,61416,61671
-9.21116145883585,94.81326241568085,133.5018724444331,133.1837244213757,76.7599996342178,-314.4213875721397,391.1813872063575,545.1340209094296,-98.17029984009346,128.53298234871824,131.07351988627778,86.84963928931772,101.7948539446297,-170.92814485116034,272.72299879579003,446.2581842395669,S1,2,61678,61933
19.76250723472095,20.592240893523403,22.495073045216703,10.745772150349971,46.03683543368602,-12.00494063979514,58.04177607348116,249.75412617963974,38.278819445091635,120.73976455313203,219.25683139928043,215.88953216203555,828.435941412087,-109.80869823149632,938.2446396435834,1941.0375953574858,S1,3,61944,62199
14.821268130881146,14.915546156233198,15.918782573207315,5.8084119693403125,26.10529896145174,-3.5132974973422684,29.61859645879401,186.00583870913724,-59.49849840616585,59.49849840616585,59.87334167976694,6.689225015919002,-47.22118819776285,-72.9871939988147,25.766005801051854,194.9246946557074,S1,3,62072,62327
108.28896526133295,110.11047304983452,120.25951310260018,52.3053581796769,151.08473017764769,-15.674825649002809,166.75955582665048,382.17354734991926,1.4612567947429103,22.668086530415184,29.32429135842797,29.28786083437626,33.04439850783383,-68.35143832226863,101.39583683010247,295.38558437901486,S1,1,62454,62709
34.27457806263735,34.27457806263735,52.64144230783374,39.95465863797571,146.90042875807978,1.8254266740887548,145.07500208399102,395.9205138379634,-71.26488981185733,74.76392295722758,79.17678349006894,34.500413387915906,25.805277118125723,-102.6824245014585,128.48770161958421,314.5256410392939,S1,2,62718,62973
22.792225111141533,34.260678035243465,36.11047194936198,28.008581879286716,49.5913097455096,-65.5937353713087,115.18504511681829,369.99467932341884,189.48644738896567,207.0949250070887,378.06059200823034,327.1462937059235,1131.5945549367616,-75.26507906124237,1206.859633998004,2372.3167644915834,S1,3,62982,63237
51.10136853693953,51.10136853693953,53.49931112535853,15.837500577420599,82.3952065200145,26.459395381116185,55.935811138898316,232.09861176359422,8.857983599475261,25.589609646752876,32.97268085773273,31.760570043645657,79.8247693475006,-35.408029312847155,115.23279866034775,217.84411695162873,S1,3,63110,63365
-270.01433241978856,322.4118250664725,357.9916694671291,235.053814467577,112.39873205847704,-447.29865937120127,559.6973914296783,777.440236780456,-18.589416569634558,18.61363725372984,21.397957072550057,10.597460001306498,0.8629296412934926,-45.50989407682264,46.37282371811613,259.879041042834,S1,1,63492,63747
8.659363893864729,129.26805436946427,175.9552632633105,175.74205554452396,97.9721388488727,-445.637386071956,543.6095249208287,741.9332730697765,-105.68319144390097,105.68319144390097,111.14407701942551,34.41030227608833,-18.854492564705527,-133.47824603604272,114.6237534713372,302.3042170549015,S1,2,63756,64011
66.70173522775679,66.70173522775679,67.83815067185236,12.36499915823579,88.32747497971963,24.835100639809156,63.49237433991047,327.37988637134896,109.53382810524995,156.45834398728138,312.29161651112224,292.45237944619186,1018.1568628247752,-125.09524087754176,1143.252103702317,2265.0028243150223,S1,3,64020,64275
53.027670935177795,53.027670935177795,55.31172501681388,15.730640149915546,81.71833932930852,26.407314525213557,55.31102480409496,236.069665224728,-10.06625645659601,10.66708668374196,12.546269433927668,7.488615203009619,8.329208782187546,-24.116194879144206,32.44540366133175,203.38138748366936,S1,3,64148,64403
76.02596836765734,76.02596836765734,85.1335703046661,38.31157692629591,145.8809546406457,11.232478099318268,134.64847654132745,380.67240730656033,-112.2919746628274,112.2919746628274,123.65034111133457,51.76793682649839,-11.69839388675715,-156.38248439065086,144.6840905038937,303.38148097589817,S1,1,64531,64786
-41.00165654738028,49.2688288781779,50.53805701731576,29.545885795760555,61.71192536385818,-80.09171813673122,141.8036435005894,341.5751537325043,-42.366262476691446,42.366262476691446,51.51605660318313,29.308768170949367,-6.833201340934723,-149.01906632744095,142.18586498650623,370.1376073809728,S1,2,64795,65050
-82.52963157395848,82.52963157395848,84.18723402287965,16.623786713314704,-53.73872990860391,-126.04831484032732,72.3095849317234,279.71834472891544,203.66629908360255,216.63888433313656,390.2321216662438,332.8680630485998,1133.597598619852,-39.93437614110205,1173.5319747609542,2343.3830406266834,S1,3,65059,65314
-90.66687953991759,90.66687953991759,91.11640155504915,9.039667407324051,-72.62820022710736,-113.11162027457641,40.48342004746905,230.8642697831821,32.8701933104117,32.89906178106846,46.53804564520895,32.944500060127154,164.92195335751128,-1.1465348384242693,166.06848819593554,286.27572296506855,S1,3,65187,65442
221.19811317957567,265.4671322072124,285.775946748758,180.9400079195991,360.29976237640943,-102.76532670485888,463.0650890812683,715.6147727359673,-35.92877780640215,35.989577315104455,37.808298837445115,11.77244181636664,3.391886617297095,-57.57399630707535,60.965882924372444,290.0833290024426,S1,1,65570,65825
9.743127828827522,119.74891145099298,154.71318952417627,154.40609597051153,321.7180595150596,-96.81062259932197,418.5286821143816,616.1529591887809,-81.41118184278588,81.41118184278588,85.88318546675639,27.352166584717278,-24.219639224766915,-104.74726290976999,80.52762368500308,263.2478964236359,S1,2,65834,66089
-62.24777780486845,62.24777780486845,66.68789898137156,23.926763861946437,-30.630739534757367,-122.23485588580033,91.60411635104296,293.76784573933986,170.15829962991853,231.33249899397654,408.1305852778045,370.96728657154955,1118.7463413282376,-105.77964732899842,1224.525988657236,2421.3113875940408,S1,3,66098,66353
-41.372519136121866,41.372519136121866,45.07038098999846,17.878867495309777,-7.464931857671479,-100.59511399163853,93.13018213396705,294.39957740790067,20.390024337333376,57.823508917725036,114.55313539870244,112.72385611394071,568.0245560520458,-53.88865561535032,621.9132116673961,716.3601456983473,S1,3,66226,66481
-20.897131691008173,20.918292630324142,24.54709175603302,12.879037260904484,0.972650632980699,-52.84824291258172,53.82089354556242,257.92261987648897,-49.29369600988319,49.29369600988319,52.522174248146584,18.130370140675517,-17.89779038729048,-79.5157553274588,61.61796494016832,200.4988848478,S1,3,66354,66609
-15.414174226229267,16.16782768922778,21.275655579051826,14.664813440405183,9.610202253997013,-43.08323658838619,52.6934388423832,248.41651928520506,-135.39955847153962,135.39955847153962,136.66647416080195,18.56568677041798,-103.21621806737242,-172.99207751561894,69.77585944824652,251.46384458174396,S1,2,66873,67128
-44.0701404913293,44.0701404913293,47.7223231716587,18.309638062362993,-20.449480646006798,-87.12334138044707,66.67386073444027,309.64378626342443,193.70537652006956,250.60526621548422,440.4366248449541,395.5535963836417,1196.3483984425557,-130.3950455388492,1326.7434439814049,2601.4956652575056,S1,3,67139,67394
-15.845506870934148,26.360477965232587,29.05632584076982,24.355491852314678,32.94709352386213,-49.871397593809874,82.81849111767201,241.4794852191436,-13.79385166217178,37.807124821686585,41.880445078829055,39.54366366844147,122.91137202133757,-50.41221433206909,173.32358635340665,288.6668662160173,S1,3,67267,67522
20.075636318669968,27.232614281993097,30.05172289895318,22.362353981546,53.38147787250751,-29.321186153017262,82.70266402552477,209.31988237336896,-43.33358278181829,43.33358278181829,44.06381126518262,7.988746241115477,-27.43968048645375,-65.35691880905937,37.91723832260561,239.77339733517329,S1,3,67395,67650
-16.63992189098543,32.15481125444848,33.7438811265721,29.355791812624176,55.35502504240577,-43.993004707713645,99.34802975011942,330.1041738636861,44.23373857427262,68.0663942248196,69.67458846060278,53.83237547143232,141.27767443384928,-71.77241053184234,213.0500849656916,498.1104674572304,S1,1,67657,67912
46.68156034012775,46.68156034012775,51.872601344898854,22.61854757710614,83.14383258316217,2.9581069290859663,80.1857256540762,307.4336065499153,230.54152142642528,288.25305127758634,472.36650403448164,412.287182716304,1249.739780532139,-129.60961467422618,1379.3493952063652,2670.9576969058494,S1,3,68172,68427
60.69394009536754,60.69394009536754,61.88846979761341,12.100757397371602,81.5486907695633,32.33680212790942,49.21188864165387,245.20883056449065,41.77843727733656,54.325983431678296,93.1316643625375,83.23502319096207,378.8293365938823,-26.904185208228714,405.73352180211106,515.2094410287758,S1,3,68300,68555
75.36405057541818,75.36405057541818,75.76403827283933,7.774919695667035,92.36149607651167,61.16306106061919,31.19843501589248,220.58430952781492,-11.989507400900674,12.010607812817048,13.925977597337763,7.084106459201557,0.9706542811495339,-26.904185208228714,27.87483948937825,208.20239412610553,S1,3,68428,68683
-197.06021189331457,240.49836429077953,265.8407122062116,178.43362114486104,84.8581269206482,-337.92502796852574,422.78315488917394,693.3291006627196,-176.18990076572365,176.18990076572365,207.40111011039596,109.41818561459081,-3.439340839736609,-266.6911598528098,263.2518190130732,415.5997229418158,S1,1,68702,68957
8.807770685945336,154.79386261104685,179.36668267336546,179.15030010801428,132.3717128916301,-331.2325721207478,463.6042850123779,634.0786562301842,-120.46998103868131,120.53164560191706,141.31139693952747,73.86402760167131,4.346490526118741,-256.3595687524281,260.70605927854683,634.5210685540239,S1,2,68966,69221
124.10990742705037,124.10990742705037,125.50067404910776,18.631963536604854,142.69601185564338,52.46701933876049,90.2289925168829,340.2335023182296,154.66666754674134,182.58001116221368,346.6482826164296,310.2309684588336,1149.1546077258354,-60.58468878422287,1209.7392965100582,2418.5202873871967,S1,3,69231,69486
131.3279470151991,131.3279470151991,131.53600545604354,7.395340702453783,152.37574849661885,110.65957405985957,41.71617443675929,251.37548236504648,40.51045727195658,40.51045727195658,44.34865426045872,18.047326293129522,127.4519932376324,25.10906170673305,102.34293153089934,275.6591627558905,S1,3,69359,69614
-274.3403495255486,334.4631684682726,353.5817052744179,223.0636566699406,149.61649928323865,-416.4273051889374,566.043804472176,817.9908012410242,-68.62661065168848,76.33967610353756,83.66225358674758,47.851447059360886,22.458128812539893,-113.22106010827001,135.6791889208099,349.31751265229366,S1,1,69741,69996
5.540398937606703,169.8396005244732,207.7403387198904,207.66644483658632,164.74003176498084,-417.4060428205559,582.1460745855368,821.2951441116786,-25.51841705063309,29.320624951284845,42.38574720975681,33.843196624423136,35.935859408458,-98.50885574765344,134.44471515611144,387.8944656237383,S1,2,70005,70260
48.255733762482365,48.255733762482365,51.491581903839226,17.96572197280705,88.44307452290131,14.649959445324708,73.7931150775766,324.29776772132413,217.69900275243526,223.69606916625267,407.5990150031138,344.5926598639381,1178.1805895696968,-26.334916113499983,1204.5155056831968,2420.2777393317106,S1,3,70269,70524
26.226036894611084,26.37180386621427,30.945410298558627,16.42599791028346,56.731206048269485,-3.1431734493175023,59.874379497586986,233.21711954315083,26.515526892915084,34.276728027317276,44.95590479768038,36.30372170686085,128.879347314063,-42.454976596018845,171.33432391008185,241.5331107028516,S1,3,70397,70652
194.23389154865575,205.10338230327235,222.42830583923092,108.38609971936197,281.433080321905,-39.46963579298555,320.90271611489055,574.3413172629655,-182.11404001193876,182.11404001193876,191.5246027959118,59.297132364573606,-57.37040805377337,-235.38599704263999,178.01558898886663,375.72551536700763,S1,1,70779,71034
-63.51795168956828,117.54722017433296,122.03339999379158,104.19990656044946,204.2795088009555,-122.81598200602195,327.09549080697747,563.8106348301751,-137.38549787992343,137.38549787992343,139.84965676973493,26.13716646651312,-84.13924959157441,-209.80944660717014,125.67019701559573,358.306826453159,S1,2,71043,71298
-148.56491778676727,148.56491778676727,150.2675874014713,22.55688423674459,-98.88700003828994,-199.15614715732394,100.269147119034,387.8164126213543,316.8599474543078,382.1813534143198,603.0512562549541,513.0990073757029,1311.01407133104,-135.71232520141308,1446.726396532453,2835.9382382210943,S1,3,71307,71562
-133.72403391413224,133.72403391413224,136.4248243073253,27.01139465145374,-99.2116195150328,-199.15614715732394,99.94452764229115,332.8640391303249,101.36880242716697,131.01830108543686,296.69972333334863,278.8460000081902,1249.6936515506272,-52.24537528007315,1301.9390268307004,1383.5908981707755,S1,3,71435,71690
192.77768544351525,235.06970909634936,247.53773245879026,155.27940296729867,299.3532760525359,-109.83552069606087,409.18879674859676,624.1425573216593,-82.64441041227853,82.64441041227853,84.15762409846553,15.887325813537538,-64.73425844396772,-113.49017960294289,48.75592115897517,285.8474619283741,S1,1,71817,72072
49.08525165042205,92.00568973112429,146.97731738201682,138.5386945774676,313.6220679711847,-62.24739915348211,375.8694671246668,638.3377882181193,-70.57515842969728,70.57515842969728,71.89354498058283,13.705065578034102,-19.931291138493126,-94.3158484512931,74.38455731279998,293.51367838082206,S1,2,72081,72336
-35.061315747393635,35.91312913496546,49.3091878012923,34.671315805499525,10.830069422234043,-102.99092545754779,113.82099487978184,349.3936789027998,226.63888220962824,267.84642305401775,471.340650518431,413.2757262432769,1209.4408559056667,-92.20662250768618,1301.647478413353,2659.3750399477585,S1,3,72345,72600
-9.335709077691,14.293127788607917,23.643679257719786,21.722525287328974,12.29407745234826,-59.280634760149375,71.57471221249763,241.79942141691012,12.960444248509557,36.31619886856955,72.16128251421546,70.9878692381853,387.4904804823579,-29.410403849823204,416.9008843321811,596.3912057518521,S1,3,72473,72728
5.265332005759552,5.949911491251704,7.117829004934366,4.789547850539655,15.830089394082746,-6.326315670185835,22.156405064268583,211.04114906770974,-32.6087704064694,32.6087704064694,36.038911502217175,15.345072005135943,-12.056726853774387,-60.43944490923139,48.382718055457005,205.16798798254558,S1,3,72601,72856
-130.3869466779023,143.37294515127667,160.29023328021373,93.2319849678167,36.366943101173916,-203.20029804432133,239.56724114549525,460.87962564293787,-220.25857891031694,220.25857891031694,244.23676934460394,105.53557654315892,-39.881751152355996,-311.40382914965676,271.52207799730076,459.02417135306575,S1,1,72857,73112
33.88146950455122,89.79570258659194,97.1787339941838,91.08102088209431,96.86006165300809,-175.42398472078148,272.2840463737896,469.8512948187954,-130.29226571663787,130.29226571663787,150.35274537520405,75.03248320751474,-14.40406379971675,-305.4795903616094,291.0755265618926,593.9356037352525,S1,2,73121,73376
71.94383054621959,71.94383054621959,75.97864790261109,24.430312798770863,107.82744101015201,14.674206004242468,93.15323500590955,450.43548102682905,483.00969884320114,523.7355072872937,750.931851108346,574.978500321888,1502.1834899518196,-106.83688742819709,1609.0203773800167,3088.306980308219,S1,3,73386,73641
86.35260795523118,86.35260795523118,88.97186772552503,21.42942710149922,114.96637125589196,14.674206004242468,100.2921652516495,370.88219312073795,182.23712836618841,186.45570485342256,386.73921782601883,341.1112012958914,1481.344834166961,-22.491755847249443,1503.8365900142103,1588.587928394848,S1,3,73514,73769
-191.8459249045621,252.96063550092197,264.5868170275764,182.21230705497726,137.91642803215606,-318.4054085890784,456.3218366212344,679.9906726145241,-235.07175644859404,235.07175644859404,257.00845089681854,103.89712773967948,-37.737044666028325,-305.2254983994396,267.48845373341123,452.2016896086307,S1,1,73896,74151
-2.2085095664686207,157.0656401497638,179.71375824899104,179.70018750538804,123.49687413553973,-316.3055875827887,439.8024617183284,645.799103987877,-116.38362157739704,116.60689840241287,153.92590571802148,100.73746611684494,8.949545311606496,-298.56654195732693,307.5160872689334,523.5168709412417,S1,2,74160,74415
86.61124154649173,86.61124154649173,87.77233542647808,14.229395770497208,112.313712297085,46.577985153497295,65.73572714358771,239.9339581693098,172.33429820216762,198.89034824231655,369.32255712635947,326.6497219737366,1107.2079229819117,-67.2660282680402,1174.4739512499518,2371.607753482009,S1,3,74424,74679
79.55242672209503,79.55242672209503,80.06211765741726,9.019650016260329,95.4781744596218,56.674950588340025,38.80322387128177,188.24611241470325,19.78868478656685,21.717965095027917,31.407304986183913,24.3890705217126,111.24893276197523,-14.580570544457197,125.82950330643243,277.9832027153211,S1,3,74552,74807
68.8420126366085,68.8420126366085,69.29071019718737,7.872726069897309,85.53557973025092,55.03170904074084,30.503870689510073,201.1006999797595,-11.375360484341698,15.507027144451435,18.58968281056517,14.70297523798158,15.120235405572226,-33.87787412014806,48.99810952572028,219.9574638448368,S1,3,74680,74935
-22.18283708891132,39.29604328992897,62.39189818145128,58.315269847368484,31.038850326655822,-131.62485961065468,162.6637099373105,394.9251263928589,-75.31365457435905,79.94638265221312,90.0300761498192,49.32816686434201,15.458060511679493,-123.70041913866399,139.15847965034348,294.92764222650385,S1,2,75198,75453
-38.498595471829766,38.498595471829766,43.437601538459205,20.116743625904334,-5.493925691002482,-88.21189742741505,82.71797173641257,305.35961409602464,178.3342854582331,262.11943590603585,451.4621801719385,414.7468899891852,1235.0815270953337,-136.0215340703511,1371.1030611656847,2715.445715482686,S1,3,75462,75717
-51.11958343218217,51.11958343218217,51.701429670593946,7.734728159640722,-37.167135931086044,-65.53324074926145,28.36610481817541,220.31518695277683,-1.3944363409154406,56.42784073753011,92.26148266963168,92.25094434036912,480.5812122696673,-59.29607667531616,539.8772889449834,641.5733025510456,S1,3,75590,75845
-58.60695354485174,58.60695354485174,59.12207907611263,7.787504765565429,-45.13733740550664,-74.21836133170578,29.081023926199137,209.90463825655277,-55.206147648707955,55.206147648707955,57.20979303826376,15.008053880168136,-30.61048281903867,-79.32434513899365,48.713862319954984,183.31608020943978,S1,3,75718,75973
241.564671372984,265.1798090490848,282.5074520444818,146.4819784312303,345.45992525521916,-76.12694765152055,421.5868729067397,671.787911589095,-102.75075164323876,102.75075164323876,104.56259073539263,19.380877638710917,-61.11263522081027,-125.33575681627464,64.22312159546436,224.84370132594165,S1,1,75992,76247
-134.78667883750882,134.78667883750882,136.04673700079508,18.47338237891912,-109.01864581706211,-185.16014510082766,76.14149928376555,318.6637202038793,160.16869525583834,177.10236794840222,300.8919967104384,254.71941964529688,906.7516441523874,-43.12828895075882,949.8799331031462,1911.0164204588598,S1,3,76499,76754
-128.29220313015952,128.29220313015952,128.8482352635147,11.957355331841859,-108.60586739210571,-147.8210963455702,39.21522895346449,274.23404997883233,47.476857970401625,47.476857970401625,65.77626072490634,45.52432791606228,230.29520183867675,14.121621844455339,216.1735799942214,326.12523741330074,S1,3,76627,76882
-131.10496481483642,131.10496481483642,131.79144694174437,13.434049571857797,-108.60586739210571,-149.5466504409474,40.94078304884168,234.90843528714686,20.744138398657967,20.744138398657967,21.19635836092502,4.355035001246278,33.40048750028377,12.64803489108625,20.75245260919752,202.31415221021192,S1,3,76755,77010
197.31695008423205,256.2059314040887,266.3464707088315,178.90350379047112,318.76742092133156,-145.69087292053229,464.45829384186385,613.4002963191231,-82.33444279902017,83.87797346599967,94.48715274473035,46.35581476773845,14.316755635351171,-126.12501643414227,140.44177206949342,317.85192563571934,S1,1,77030,77285
15.740620584738323,136.72701261962132,170.98455690492486,170.2584845568079,335.7931706402872,-102.40928378638053,438.2024544266677,666.3216689550848,-57.195517394236155,57.195517394236155,64.02625721598167,28.775586928726142,-16.85687935487652,-117.28245235864917,100.42557300377266,304.1712431320553,S1,2,77294,77549
-75.62615099804978,75.62615099804978,82.25846466539744,32.35954718979568,-21.6482736826134,-149.56848177816767,127.92020809555427,392.56934800796205,166.2560840894348,195.96540303871333,369.47727084426606,329.9581309405391,1149.5864485291127,-64.02021282171134,1213.606661350824,2429.077298670034,S1,3,77558,77813
-43.24940816392689,43.24940816392689,46.70199925898734,17.622866629935924,-21.6482736826134,-83.66744778630012,62.019174103686716,235.2570216150699,15.030469013158754,37.018287083256936,54.512125154188105,52.39901516317212,246.1531035957132,-48.081917480757305,294.2350210764705,401.0780701599,S1,3,77686,77941
148.6734071667246,156.6314251145917,170.88931804734906,84.25780096896284,204.03544998092323,-29.750424000410977,233.78587398133422,453.7639906613258,-84.42800798896408,84.42800798896408,85.0491101520496,10.259756560020412,-54.99006007032399,-105.05555434067587,50.06549427035188,219.25085473583022,S1,1,78068,78323
-32.44293506960018,36.39818111742699,42.66323589102675,27.705733355446487,14.113240868148543,-76.89515086798659,91.00839173613512,228.94590151595696,-90.7128264155478,90.7128264155478,91.0698152816092,8.055704756823697,-73.77365212026092,-108.83068501305296,35.05703289279204,202.695285359955,S1,2,78332,78587
-107.09603395343692,107.09603395343692,108.24161708217108,15.7062783627323,-77.57590738516132,-140.1301293225488,62.554221937387496,311.9836364538775,201.58728374601174,239.915992550863,407.6816062083835,354.3541435803347,1194.7174484216266,-88.85570897087055,1283.5731573924973,2530.406585467642,S1,3,78596,78851
-123.32501932586655,123.32501932586655,124.07325104783783,13.60555893208486,-99.20048108476787,-143.2233923717166,44.02291128694874,235.740102186729,43.012466284303194,43.25794712766729,72.0993349371591,57.86399435333108,271.65340891909017,-3.864758159047722,275.5181670781379,381.53673872601576,S1,3,78724,78979
266.2842606571699,332.2514766353623,353.1588331342261,231.9781324758705,425.8326392451431,-146.5151898795799,572.347829124723,786.777470422322,-88.60511413584774,90.26658298015573,104.90644494997548,56.16489954602991,9.163367409012336,-143.00474925693237,152.1681166659447,335.9961158899011,S1,1,79106,79361
-2.099283694836373,208.28537377444144,237.12683990265876,237.11754724226915,417.05371602360657,-177.01096279339976,594.0646788170063,854.151680793965,-66.23307826610956,66.23811509579471,74.87443511837212,34.919341026009086,0.3799266952767659,-131.38096755672652,131.76089425200328,321.91068774955954,S1,2,79370,79625
-169.24262889586237,169.24262889586237,170.5558123093557,21.123865103753612,-130.40304038144058,-221.765619889048,91.36257950760742,316.8234758535708,133.0583836591257,166.5989511524706,337.0290387458951,309.6514806940263,1059.7681768026705,-62.35171659828984,1122.1198934009603,2271.743438969282,S1,3,79634,79889
-176.68133173641922,176.68133173641922,177.08397126833572,11.934818641694804,-158.1033489099773,-200.50903271324682,42.40568380326951,259.01277920687414,-32.018145795287055,35.26925137689868,42.17356473887489,27.44900549411241,33.86002455447823,-74.83729045093615,108.69731500541438,235.19779490385588,S1,3,79762,80017
-168.57070072819423,168.57070072819423,169.6109760528226,18.756387008076427,-136.77102325027397,-200.50903271324682,63.738009462972855,262.93731887814874,-58.431932927187006,58.431932927187006,59.15902032062222,9.246561506230915,-41.02327762778524,-78.0184917898275,36.99521416204225,218.25061869221162,S1,3,79890,80145
251.16523667740094,310.23125528682266,325.96948043062787,207.77903180301584,389.96768975838785,-148.69284916828425,538.6605389266721,770.2684628861166,19.730818062689814,51.609955011812076,58.35685895186203,54.92010383552232,145.4262123532727,-81.67103630263627,227.09724865590897,503.00059966175183,S1,1,80146,80401
82.81644680788438,167.57444039020055,215.985629609675,199.4773880318383,408.7115403689696,-147.12919650568767,555.8407368746573,733.6099922417477,-14.956981272413671,87.92015274821131,126.46958866383633,125.58202724919128,457.4485137021229,-130.29042219864274,587.7389359007657,1276.0231171180244,S1,2,80410,80665
-15.266729844669541,25.102809318825148,28.901412908892706,24.540143193962546,40.072040235117,-48.9872756737962,89.05931590891319,329.16113115755513,56.71890684346603,246.74981010371158,360.24586839213146,355.75279521049885,1137.4922557831032,-162.70969011552302,1300.2019458986263,2527.113854939465,S1,3,80675,80930
26.293842900415058,32.374891666006235,38.37807861303518,27.955513652168882,78.02684313053624,-26.658854052403,104.68569718293924,327.28345408718553,118.28350941691646,192.86015365506285,347.00532891056315,326.22340457475815,1137.4922557831032,-162.70969011552302,1300.2019458986263,2591.9498460084214,S1,3,80803,81058
73.63808976666346,73.63808976666346,79.49869500697919,29.957874479500614,129.11357996093844,28.05309096286525,101.06048899807318,266.7787891264789,-49.74286867959135,57.41781480439305,63.76988740793918,39.902951714706155,56.35602517461959,-94.23434154010356,150.59036671472313,267.01506837429565,S1,3,80931,81186
-187.23549048992595,277.78908560040526,302.54170416633804,237.6433332977571,144.2570272828246,-403.12392884341676,547.3809561262414,695.2617774803862,14.584916265757297,78.51774234230034,80.24410325977568,78.9075175473566,98.09221904772149,-97.01039126339491,195.1026103111164,445.22154885062156,S1,1,81187,81442
-78.57282574953011,108.28489188510657,193.485104584049,176.8128862657763,36.531461242782264,-419.5964603908638,456.12792163364605,720.640061126943,-73.62615185212182,111.07944242227697,113.59852821071573,86.5090479377104,95.799414263789,-151.2889690393778,247.0883833031668,420.36788000709316,S1,2,81451,81706
-5.673295853790138,15.78691541866532,18.513688351119608,17.6230068523436,26.619531421968276,-43.61146847087034,70.23099989283861,346.2294142049685,124.98975553445823,201.2882657782538,370.10387403806897,348.3596397251311,1142.3438138608647,-116.74037999191738,1259.084193852782,2518.3257405419913,S1,3,81715,81970
-6.125680600398602,8.58355345056881,10.411834391572144,8.41916460104117,16.510216987556376,-23.177506036634846,39.68772302419122,234.14933899001483,-61.29466593400119,61.81729259193577,68.00195655259357,29.448769465293758,9.795386107409978,-108.38110813373102,118.176494241141,208.63413339232474,S1,3,81843,82098
10.045394555434132,13.554540046947906,16.230587148774163,12.748411956773568,29.517308070180647,-12.023250576053112,41.54055864623376,223.85644709754092,-99.86084408403114,99.86084408403114,101.42830655277804,17.762690927591468,-60.47381178450452,-129.07548704919546,68.60167526469094,195.57413838175273,S1,3,81971,82226
166.92370232512172,166.92370232512172,182.48038179257244,73.72630020038409,222.39297321478318,18.842069983513248,203.55090323126993,397.59295043344844,34.089323207863295,89.07096545195422,94.88127478534078,88.54588837501817,197.37023325253313,-142.03262148318,339.40285473571316,646.357784614317,S1,1,82227,82482
43.941321697316305,61.54073680692777,103.46438528579036,93.66984183855243,221.86921706844444,-43.270750907469846,265.13996797591426,457.5775602234768,-61.029632307135856,99.12436175372633,105.48243771129935,86.03446196713237,196.52892912180022,-130.6816885857622,327.2106177075624,643.2793690513929,S1,2,82491,82746
-80.31430127786516,80.31430127786516,83.58791357378136,23.16359872442646,-38.0275345008685,-146.34302720375425,108.31549270288575,310.3633672413663,112.95102636670478,159.3576515524133,302.8310023902048,280.9780803752566,1020.262751803209,-114.05347649892995,1134.3162283021388,2248.590715766337,S1,3,82755,83010
-82.97217925597309,82.97217925597309,83.26971052425027,7.032933975739186,-67.6861096414088,-97.10802311955699,29.421913478148184,212.24034459614148,-13.626280079991332,28.870812823259577,31.008994624473964,27.854662783855172,46.207108226131886,-48.29894055900261,94.5060487851345,225.39876169628786,S1,3,82883,83138
-82.16504462156107,82.16504462156107,83.05661762181471,12.137016647974981,-53.915944254308116,-106.56783668490846,52.65189243060034,228.68815446372923,-46.63435320759281,46.63435320759281,47.96836025876341,11.233907905265694,-27.57337882262421,-72.70469099012259,45.13131216749838,177.3661945089641,S1,3,83011,83266
36.848601859356734,41.30883491453723,52.340228149370716,37.17095672347955,106.74334847769327,-26.321000256427528,133.0643487341208,313.6048036201629,30.252178650569938,141.29984923902373,233.57105592838508,231.6036352357078,772.7087696191364,-132.8635896688798,905.5723592880163,1767.6794065169881,S1,2,83529,83784
200.9837176503267,200.9837176503267,206.80353689741833,48.715994424168464,254.03431992980558,107.88263281066037,146.1516871191452,322.67052885847664,-52.137472329367114,57.339736377368475,75.60788124746715,54.75614747072307,24.53987332214551,-143.51055396021607,168.05042728236157,362.2674043704625,S1,3,83794,84049
233.38386646919778,233.38386646919778,233.8318549768535,14.46745567831144,254.03431992980558,198.7145472174263,55.31977271237929,296.7988362839653,-41.77107434480742,42.41959328269353,46.7691506719928,21.036416107791197,11.670270441535258,-76.38686533441924,88.05713577595449,285.61183070343316,S1,3,83922,84177
185.81508366749708,185.81508366749708,191.68291076164144,47.06477408525886,252.61079303626397,86.41355230510128,166.1972407311627,331.7764068716873,-32.11389400263025,33.79606909240326,40.70434515208579,25.010828179969547,12.222707965348475,-76.38686533441924,88.60957329976772,277.0975118978495,S1,3,84050,84305
-132.96686538279516,141.22801741493745,257.82413426912115,220.89159540800873,35.40546032397454,-530.5627339926579,565.9681943166324,852.0096171170007,-50.77577464719685,50.77577464719685,55.435691932514125,22.247171708190088,-4.115463104489503,-87.53638181825593,83.42091871376643,270.2845045799735,S1,2,84567,84822
-17.104883580711252,17.389352371298664,21.199330895135148,12.523361692921998,4.472984289792263,-43.492207458836816,47.96519174862908,255.20717662393892,262.6737521845947,312.98005355281236,509.9632564334888,437.10985212588656,1275.108475475431,-106.93325642059025,1382.0417318960212,2704.830017293739,S1,3,84832,85087
-12.262747565003306,13.630162761918374,15.285470836024793,9.125274836188222,10.767298294514768,-39.0459885735095,49.813286868024264,243.66914999994694,61.529048114246194,84.88510291419414,158.96999145082296,146.5797885795634,706.5468882829878,-48.958110663112315,755.5049989461,833.4973226035529,S1,3,84960,85215
-2.8548442121153026,8.185405501117195,9.391138078211874,8.946694301729146,11.69653593301997,-18.977886016222293,30.674421949242262,224.91132127489692,-42.92877901207927,43.455239127994034,49.33141888838436,24.30450209474179,7.030905207669127,-82.14986228353428,89.1807674912034,208.0021170047496,S1,3,85088,85343
339.0638969157548,343.61547046505285,390.79688312450196,194.313863808345,491.922395424494,-18.30091000643708,510.2233054309311,1138.2662426174743,-83.04344505621515,83.04344505621515,83.92540161067222,12.135043003961638,-65.55819000786006,-122.26167125188147,56.703481244021404,273.07179712189725,S1,1,85362,85617
-43.38524930691087,43.38524930691087,48.413905829163205,21.485493250383453,-16.260112882326897,-107.89585878078746,91.63574589846057,327.38812670135906,153.975023931159,231.33837163289002,394.61024266606194,363.3303395291498,1128.2322990809569,-118.6281267725407,1246.8604258534976,2481.113211300257,S1,3,85868,86123
-44.27071465436619,44.27071465436619,45.120218066671214,8.714235616257463,-30.33286375856893,-97.73999190025242,67.40712814168349,280.7421391647392,49.65601613173481,94.96103683918639,188.29789789186827,181.63253676701575,862.136945432277,-62.17810184963864,924.3150472819157,1023.0125357965164,S1,3,85996,86251
-44.565778020270194,44.565778020270194,44.75087933605903,4.06603379210222,-35.62947290605669,-55.64232099350535,20.01284808744866,216.9362628578174,-50.961423937238614,50.961423937238614,52.512975349995074,12.670668900978878,-9.569176219404488,-72.35792065795087,62.78874443854638,211.57027954821086,S1,3,86124,86379
-43.397853301284925,43.397853301284925,43.91713802648118,6.73359794442415,-30.18668546824963,-55.76965552481161,25.58297005656198,201.45403530878815,-31.14757003519297,31.14757003519297,38.94849314995644,23.384054386589014,-0.6328938438186937,-79.97373852588608,79.34084468206738,294.1396097688678,S1,1,86401,86656
-44.759058880030125,44.759058880030125,44.964281861729305,4.291071138426292,-33.558798079193124,-58.201540660777425,24.6427425815843,217.88234991488332,-51.07938208014987,51.157683337897424,56.81102237941512,24.867428296960476,3.6836546800294077,-81.48463381873961,85.16828849876902,291.7906323816358,S1,2,86669,86924
-65.41189421640048,65.41189421640048,67.81723483436707,17.901436691006797,-39.411707145288936,-114.92178795353156,75.51008080824263,277.03877599699877,140.7298562795339,182.6901413656429,335.59291835455747,304.6599980326764,1019.1091508699994,-89.33010500257029,1108.4392558725697,2235.61774100021,S1,3,86934,87189
-61.08948795272571,61.08948795272571,61.34132960612142,5.552763232896639,-52.83110833152061,-77.10371479811946,24.272606466598845,208.08447913374926,-19.248673850069185,32.04534363557858,34.3937814305989,28.5029955637907,69.21591123391462,-44.46127766636877,113.6771889002834,254.29704694120025,S1,3,87062,87317
197.4058725408432,217.42318900948538,236.5989678073556,130.4223640864344,314.78238679818435,-55.64842309274353,370.4308098909279,649.6475196785318,13.619907414818506,34.496809935304476,36.43208393800629,33.79045519192821,73.86872809328618,-55.25106625139074,129.1197943446769,378.21125024458274,S1,1,87445,87700
48.1272519974306,72.95381251819802,111.89823505225084,101.01971403139385,284.3754676669783,-53.93584641093328,338.31131407791156,552.5147803129804,-45.92502115939253,69.05214067003307,80.50234810725708,66.1174748632413,203.77380952985078,-110.20838823651133,313.9821977663621,745.533581816529,S1,2,87709,87964
-4.141374367346655,25.53715200220317,34.467300556552814,34.21759526917737,39.37670704543562,-92.60238542822427,131.97909247365988,373.72307212855566,85.91517716312832,183.08550189755766,317.34744683811,305.4962918722506,1004.934540493327,-115.77367881516633,1120.7082193084932,2290.225892124808,S1,3,87973,88228
33.64790206273488,33.64790206273488,37.092219836819204,15.609338845688677,58.052038369585375,3.119163002326414,54.93287536725896,242.9920625857087,-82.76621306372374,82.76621306372374,86.28513468589182,24.390130029435657,-15.744003507952883,-108.89605837653423,93.15205486858135,238.51099029114332,S1,3,88101,88356
61.31363701477505,61.31363701477505,63.88105024026326,17.92837125394955,99.8217519266382,34.976505616970584,64.84524630966762,228.52559061930225,-102.9696345827384,102.9696345827384,103.13544575295806,5.845898096844143,-90.69812077197544,-119.23636682997217,28.53824605799673,249.7501380935845,S1,3,88229,88484
-280.177733066304,327.3401025939936,357.23674847426514,221.62701178848275,106.24545779668519,-441.2738968851412,547.5193546818264,768.3765638859295,42.90009505035561,92.73528492551611,94.25596195681757,83.92716013946556,143.38897683518962,-111.04054462206403,254.42952145725366,535.6687209531054,S1,1,88493,88748
114.655786408574,114.655786408574,115.62664195790539,14.952289908007554,135.96100488120953,68.38687949978089,67.57412538142864,312.07906413406454,138.84411890344185,244.88574476864778,328.3575802845232,297.5584164096757,985.5683516388688,-177.6080831567576,1163.1764347956264,2534.0861254819993,S1,3,89002,89257
107.04945214098086,107.04945214098086,107.62198823989185,11.086349670800951,128.6353106092663,82.52524090322657,46.110069706039724,237.90100209038297,116.20408215024295,116.20408215024295,129.11917497655304,56.28829930141177,334.3935528992128,49.907340407372125,284.48621249184066,669.1792934721607,S1,3,89130,89385
101.30077059093676,101.30077059093676,101.60780540730514,7.893034737740822,116.4849560977168,82.52524090322657,33.95971519449023,241.00733227984452,66.95717775577033,66.95717775577033,68.72710051535398,15.496796192431002,100.52059981953775,43.34143953637223,57.17916028316552,235.89402211046934,S1,3,89258,89513
-117.84939923364453,163.0491625555293,170.17149369217574,122.75934329286416,97.41290808097988,-216.099299424619,313.5122075055989,525.3188106825182,-88.70559681952852,114.18008137072628,121.48401729393001,83.00411767354157,55.597518807204,-157.6969335558913,213.29445236309527,394.45285297807754,S1,1,89533,89788
-14.20315413723369,21.49800664674559,24.580076183731574,20.061170398359852,21.645274255657984,-57.9441019945237,79.58937625018169,315.67607171261443,164.78316026283426,195.41611564281828,378.01961080895717,340.2136626444454,1110.0561896192232,-61.51133119095136,1171.5675208101745,2406.202417383524,S1,3,90040,90295
-29.935662161658524,29.935662161658524,33.11651842399302,14.161918071706085,-3.6287532713970587,-53.90951805253408,50.28076478113702,267.1903252294761,-1.8926554203770065,21.143700784018232,26.426532225183227,26.358669558768803,111.67056913078699,-31.883582202078067,143.55415133286505,343.2159511798877,S1,3,90168,90423
-42.236125202266386,42.236125202266386,43.03632036091678,8.260423603298964,-11.24667715700475,-58.5950643236024,47.34838716659765,236.5581874405186,-18.844644461360307,18.844644461360307,19.646972316913747,5.5572381941480105,-2.808279019841254,-31.883582202078067,29.075303182236812,239.75952522478406,S1,3,90296,90551
120.07118328343901,136.97657040852187,144.74031263977844,80.82492838212478,180.85853557426177,-54.81287939162586,235.67141496588764,432.8674185419949,-101.44815051055083,101.44815051055083,107.32763998419664,35.03562561973096,-17.474948838321968,-128.45545383301743,110.98050499469547,280.7727552746329,S1,1,90570,90825
28.88280853874042,31.040460084212242,63.455491782912894,56.50117528269469,185.29886795846775,-16.919138880428303,202.21800683889606,381.65028583439107,-104.70190903671389,104.70190903671389,106.03925918527308,16.787934138219928,-70.59441936881771,-139.05222696576726,68.45780759694955,315.9482477729729,S1,2,90834,91089
22.90115256756219,27.0928077439925,29.858904708268586,19.1596294707049,50.37379401168469,-28.12831057436926,78.50210458605395,286.6132950689023,118.13561464882616,158.18538492571128,298.2841233623268,273.8930353287134,985.977105198454,-128.61103167436087,1114.5881368728149,2267.41814288987,S1,3,91098,91353
48.6847599204268,48.6847599204268,51.626460364591324,17.178054641522216,77.77619805149233,18.695647414387345,59.080550637104984,269.8700510297457,24.66442292251186,24.66442292251186,26.626542666905973,10.031899934311346,46.36900476772437,3.694720297428884,42.67428447029548,236.22669824253055,S1,3,91226,91481
-262.18858265950814,297.9857892994971,316.91267763735044,178.01907866931973,100.30801505315652,-400.02603178596956,500.3340468391261,770.7591296967374,-7.305049263570131,16.11360120573446,16.655157743303572,14.967649605437002,22.57597605663196,-25.26990476044445,47.845880817076406,251.18787009749434,S1,1,91609,91864
0.638551261663217,101.44581703199313,144.285447700606,144.28403470394963,82.75421945705713,-366.82471117188356,449.5789306289407,683.6214262151129,-48.61811373935801,50.521590919846616,57.47928540101569,30.66182099351348,17.424001038598835,-84.49066514135741,101.91466617995624,256.074706915594,S1,2,91873,92128
40.813774493984326,41.10616168087658,43.82091449161337,15.953318101118839,66.44412637291087,-7.049610166290736,73.4937365392016,331.7049048875494,109.81666976938689,157.84479641802767,314.5626656468098,294.77104616903625,1027.144042353179,-82.68992373972787,1109.8339660929068,2275.4483444910957,S1,3,92137,92392
30.870743339300663,30.870743339300663,32.928827810874374,11.458835310677841,56.92222551871942,9.982416370330283,46.93980914838914,262.81907683777354,-43.773976815965156,43.773976815965156,45.64858004280128,12.947270509237853,-21.307663283900776,-68.90134087019071,47.59367758628993,187.79103609681204,S1,3,92265,92520
93.38144551397653,101.86492633352964,120.59620909960192,76.31088574322237,164.09744669449992,-21.139440323969364,185.23688701846928,409.37629803161667,11.227403882516517,58.746287098930125,60.490577813500565,59.439510481413116,101.91111415574643,-82.37659291868376,184.2877070744302,424.7284142089948,S1,1,92647,92902
29.6824714678431,44.29371195647215,73.50929432193927,67.25003523620022,155.24163511513996,-22.3918137923559,177.63344890749585,373.32699604336597,-44.36268521500796,71.02172461072871,72.69301249863615,57.58668445605274,62.482845395618064,-101.1498822492929,163.63272764491097,374.9229203627489,S1,2,92911,93166
-24.153515813811637,24.153515813811637,32.38047360939191,21.566240863916857,-2.3428131341702145,-85.50373167902268,83.16091854485246,348.51959285974385,131.88850541588207,157.00260153289736,324.9451815920855,296.9760818299654,1053.1313252243272,-78.64698797577958,1131.7783132001068,2297.5796312389934,S1,3,93175,93430
-6.036170944740441,9.66488927492523,12.627305393383853,11.091144297305496,20.863957268113587,-34.313086663169436,55.17704393128302,276.7855027654157,-5.641938580167567,11.909089043518396,17.79408691576367,16.875960957034966,19.239948280051795,-51.11134772656739,70.35129600661918,219.9739481751576,S1,3,93303,93558
-64.66548559489911,76.24902867401394,84.33670064456848,54.13920989807159,32.86731554379105,-112.75489828917239,145.62221383296344,369.64442631034876,-154.3975272078209,154.3975272078209,173.06047536170473,78.17500703248714,-24.011890622978832,-228.4704298138395,204.45853919086068,418.1998029544465,S1,1,93685,93940
-5.212894355487043,16.917163950837722,23.57439810852959,22.990823791634238,25.163562029456955,-104.5199558438614,129.68351787331835,338.39015851476506,-34.310112217870326,35.30294420488748,40.81646587977529,22.108823725200885,25.248164994561908,-152.27761567928852,177.52578067385042,473.8238186723045,S1,2,93949,94204
-46.078012943264454,46.078012943264454,48.9330225520938,16.46989433129655,-13.302912799967775,-82.3122227294531,69.00930992948533,297.95170363274264,189.30504968996854,195.15794325994764,355.08034605796234,300.40913820741343,1082.9240856177698,-21.813603544681637,1104.7376891624515,2213.1498544021238,S1,3,94213,94468
-48.39781734548872,48.39781734548872,48.6789558931421,5.224176781004479,-37.776900585803254,-58.930580238306504,21.15367965250325,221.60691500920052,34.49135571689107,34.49135571689107,43.73228430859554,26.88603860107914,123.59529094090327,1.7239652669502934,121.87132567395298,215.65122812201392,S1,3,94341,94596
-51.51071500216631,51.51071500216631,52.02647619197527,7.3075621735137615,-37.776900585803254,-68.46487267938603,30.68797209358278,177.5380555456751,9.627754708846929,10.297388334301143,13.250428463558725,9.103855981624656,29.805876438713913,-5.796838033576367,35.60271447229028,218.14227204496564,S1,3,94469,94724
-18.264228951533216,87.91073172004614,109.04644732211806,107.50602594450903,264.93400969279435,-87.4949929433453,352.42900263613967,649.3451169990459,-60.10446453556381,60.10446453556381,67.86842474792785,31.52104726461824,-23.34653170732257,-143.1521883156036,119.80565660828104,368.65010572546635,S1,2,94986,95241
-74.56038713450094,74.56038713450094,77.04001535762316,19.38846658857157,-42.69573053922687,-118.91014936572788,76.214418826501,301.0850666116154,187.8107517172206,201.05887945257214,371.45163983085496,320.4737778234652,1095.505197489618,-49.076175642449044,1144.581373132067,2324.712883881243,S1,3,95250,95505
-57.89931516030589,57.89931516030589,59.471528445895196,13.584255579842894,-36.3238202044276,-87.24182185247457,50.918001648046975,241.35934921355232,17.797316358708255,21.565282371471447,28.907217882953052,22.7789985767719,95.26766641107908,-17.498884277114435,112.76655068819352,251.25893461081898,S1,3,95378,95633
-55.92796826359192,55.92796826359192,57.19251337081949,11.960181920774483,-30.608631978177865,-82.92020375882944,52.311571780651576,293.6835712466297,-1.6296009154930573,7.258153768569283,8.773417587854611,8.620745734975648,15.830069380764282,-17.498884277114435,33.328953657878714,205.53056140390015,S1,3,95506,95761
106.93764887723253,129.87438083198788,140.64848224276838,91.35827718277122,177.42495939340597,-54.91306062275462,232.33802001616058,467.8911350929052,-121.87346880406388,121.87346880406388,141.2625397265086,71.42802483373241,-0.4330550408645262,-187.44082110254877,187.00776606168424,362.411380807764,S1,1,95781,96036
-26.73986968589731,27.540971214982395,41.75218676162667,32.06593938369783,8.19609773624783,-116.27513714939172,124.47123488563956,424.7727828338336,156.37874356164806,186.95717233891193,358.07910880919076,322.12782668944413,1071.7597508458668,-64.43141767765036,1136.1911685235173,2292.7412553679533,S1,3,96290,96545
5.036685301178792,17.091993720203956,21.71498981952366,21.12279773228219,45.849021918981244,-35.16403519658319,81.01305711556444,324.71723183904805,-6.404421097101304,29.104219346475624,36.79528029223408,36.233631369144796,151.33426902247587,-47.04730192751266,198.38157094998854,298.23604941870417,S1,3,96418,96673
23.458215583361756,23.932442349993828,28.115292513783356,15.497799675441865,50.41940957020485,-4.690167451570601,55.10957702177545,290.8443854049883,-36.318557046711426,36.318557046711426,37.39095382445857,8.890772854345158,-17.74645715019906,-52.12559850399201,34.379141353792946,210.3171456990413,S1,3,96546,96801
-72.67632389186696,89.96258166130148,93.15830058081644,58.28053631076326,53.43421168617099,-122.88115507687729,176.31536676304827,381.91103784233076,-40.99016532101274,40.99016532101274,41.71283541164526,7.730911009386377,-26.094793687512013,-53.83242725675142,27.73763356923941,186.2250666035086,S1,1,96820,97075
31.315530113174177,35.4234421316573,37.78832144652537,21.149345414854114,58.269566858276065,-35.00785684168897,93.27742369996503,340.91295843815624,154.47495608626224,179.30937094957366,288.36292275523346,243.496741584129,906.0345200531694,-67.0372059331485,973.0717259863179,1920.4987829632369,S1,3,97330,97585
45.00347271701693,45.00347271701693,47.056595299093495,13.748112763262455,79.93265364560968,23.66995970880423,56.26269393680545,226.3068577683245,51.0282591009099,51.0282591009099,59.60123836414856,30.796499600936144,123.75405616368879,11.853164931433708,111.90089123225508,227.00021751211787,S1,3,97458,97713
59.9167649741254,59.9167649741254,62.75399536336068,18.655969797898837,88.11502024197135,25.66005418330613,62.45496605866522,203.97747670816946,17.063797003366844,18.08574579270714,20.81549788147049,11.92106471257459,43.02086917096594,-9.754209258297104,52.77507842926304,185.220184525783,S1,3,97586,97841
-58.99045119271237,108.87334342384099,110.68373110910247,93.6536972057821,94.72556534513083,-135.54017236989188,230.2657377150227,479.75136839031774,-162.61388650733926,162.61429608823553,191.5088444409401,101.15513538166203,0.03347904786009742,-251.678864301319,251.7123433491791,412.8901779181694,S1,1,97860,98115
36.50553844055009,38.58278667233946,41.973001973812856,20.714211494991005,71.4024832416507,-17.751008747505463,89.15349198915617,340.39063042663724,191.68352175933234,195.74568570596767,326.76796654202855,264.64075922645,1043.5954960403992,-24.650287828904567,1068.2457838693038,2119.770184794117,S1,3,98370,98625
35.932533860833885,35.932533860833885,36.5767719648225,6.834709774866188,51.50932919271302,17.52275102918117,33.986578163531846,202.78040665781032,78.11954725732475,78.11954725732475,79.20434612711895,13.063873152134875,126.69929974881772,57.58715225545185,69.11214749336588,203.6327726776669,S1,3,98498,98753
27.477926831113614,27.477926831113614,28.301626992320298,6.778320402312029,40.31390945876591,10.522861905755574,29.791047553010337,190.9997185809018,55.236908159464946,55.236908159464946,57.464792089351874,15.845703103847239,79.27123186839157,26.54036153603303,52.730870332358535,190.40944945298327,S1,3,98626,98881
-117.59004851298889,128.06421496668386,140.81292476080523,77.46521974670384,31.51555063471009,-183.7925105305534,215.30806116526347,376.3825201262682,-122.76002437378087,131.49188283111042,146.029407419289,79.08580306842323,34.77017864237139,-186.4975481655395,221.2677268079109,426.91073948513235,S1,1,98903,99158
-41.14375477767997,41.14375477767997,45.64197344900235,19.75806627971401,-6.4021935265606675,-104.86822634057182,98.46603281401116,338.3342346057503,42.14253743396256,124.71360880539471,219.75633632466372,215.67766201780327,768.5481830555333,-92.072228131154,860.6204111866873,1786.3713167603175,S1,3,99411,99666
-44.21169820158045,44.21169820158045,45.24939021505261,9.634991280041014,-31.711120054083676,-77.3495761343874,45.638456080303726,252.03697918489982,-43.0371464488471,44.50184833915094,46.45603533773238,17.49191941557949,31.755263707229446,-60.41193527234276,92.1671989795722,268.6724147140411,S1,3,99539,99794
-60.70547836118184,60.70547836118184,62.443996932481866,14.632076060624053,-32.27319833225493,-81.95322955258054,49.68003122032561,243.71018463531533,-53.082997397453944,53.082997397453944,53.8216296507967,8.886124327816761,-36.387567496198585,-75.02345938757921,38.63589189138062,224.22726197310806,S1,3,99667,99922
280.1553387511736,314.94533810027644,344.1596178147017,199.89704525974537,420.04239929422545,-83.425644342911,503.4680436371365,719.5687731285486,95.76759877725482,131.40093358907205,136.32650373133478,97.02310366118152,210.49694430265373,-84.30358016843796,294.8005244710917,581.177295044905,S1,1,99941,100196
-2.8847874607273383,133.00572755336714,173.64116797389318,173.61720311260697,398.4701039479158,-105.16718839858925,503.63729234650503,698.6323059768043,-59.98791458221666,100.55114502996871,101.91156851410324,82.38578700893399,132.30678843135863,-120.35623818638159,252.66302661774023,449.93718301876237,S1,2,100205,100460
-83.01932091015895,83.01932091015895,87.95368977691588,29.045548729366445,-42.015563963490784,-156.76931694880574,114.75375298531495,357.2596663656466,110.02865685405098,184.25825422104592,330.1773120797338,311.30491818005606,1019.1664216867182,-121.56563442322333,1140.7320561099416,2299.1262294969392,S1,3,100469,100724
-58.104606363446536,58.104606363446536,59.50261587182278,12.822480841811617,-36.170536890825545,-100.37758949578935,64.2070526049638,260.3984982115084,-53.26944210226944,53.68296072653267,57.52573838881023,21.715826378261543,13.417199564622916,-85.49060209350225,98.90780165812517,223.7130775037652,S1,3,100597,100852
-45.66125271847096,45.66125271847096,50.82828513614548,22.328559516037654,-4.316951176388569,-85.3207256084852,81.00377443209663,297.7587178609474,-3.4118029091571325,26.720848007422255,37.28479903856514,37.12836974949553,61.91219137403185,-85.31455048114132,147.22674185517317,391.98293410446445,S1,1,100979,101234
15.736000598124516,28.969001190115193,30.77005154246341,26.441905322833296,44.669963233421036,-49.961467256789106,94.63143049021014,310.7153591814972,-41.59622850045295,51.4275090149488,52.78940061253067,32.50345507124373,41.04873018827435,-76.00374186170676,117.0524720499811,347.0906680891667,S1,2,101243,101498
-1.1930414567951075,19.49336335471744,23.202367732026353,23.171674960057288,41.43866774220655,-55.52639825792965,96.9650660001362,336.1025083234,88.8584384817797,125.6735137662538,255.1852101858758,239.2146931277203,868.7304652037724,-61.84911977145442,930.5795849752268,1930.0050183570918,S1,3,101508,101763
17.314136261465663,24.645121592922173,28.691249117172127,22.87812189457496,53.870403537713464,-27.93936765100055,81.80977118871401,262.0621052622199,-18.004315294356573,18.004315294356573,19.324778991077938,7.020805782487175,-2.636981606215095,-28.879091270287965,26.24210966407287,199.10694786173713,S1,3,101636,101891
-15.531325366054054,32.66650124433102,33.840118923990026,30.065454946891354,48.36821061775531,-52.28115656014342,100.64936717789874,286.7743938100172,-102.07364934272377,102.08600795752267,118.56591111285542,60.322843002300544,0.7761347161937794,-172.85056190649615,173.62669662268993,394.99360341206534,S1,1,102019,102274
-8.942703015738077,19.076179502941528,27.492990197956217,25.997934010171385,22.268665348935976,-64.74454816558509,87.01321351452106,296.54557671822226,-24.630023807024557,27.371243818940602,41.68243065993799,33.62717581043556,42.56194001641101,-90.41386675045308,132.97580676686408,391.11470217575334,S1,2,102283,102538
-8.501890188385662,14.43925045985165,20.712239657943297,18.886893203296054,12.684477245710703,-67.03843582103394,79.72291306674464,315.3388894435743,173.94042905048286,177.0753717870328,336.9883659223032,288.62759034561833,1064.7243543531717,-19.659544826925444,1084.3838991800972,2208.9715015439647,S1,3,102547,102802
0.06149178764518226,7.599943911400956,9.083935151190678,9.083727020947393,22.451535590399892,-20.74224018875145,43.19377577915134,218.33619394893952,20.33624453698962,26.887048873878015,34.39479939579547,27.73877040549512,92.69947029843216,-26.31992715443282,119.01939745286498,230.4962942729172,S1,3,102675,102930
48.472820529996156,48.744107997440764,56.913740045793325,29.825483665263867,91.62175314363172,-9.010635190528957,100.63238833416068,320.85042280856845,-70.30934059622155,70.30934059622155,73.87047141842183,22.659284465851673,-30.387293301453216,-109.0497292777274,78.66243597627418,332.26125702989225,S1,1,103057,103312
74.54055856370942,74.54055856370942,76.66988132717577,17.94368500986975,99.87184505315417,30.58546669129486,69.2863783618593,292.6568548312954,-105.15774409284116,105.15774409284116,105.45013098305928,7.847227640950048,-86.89935463683466,-124.23255688603874,37.33320224920408,260.57516603796694,S1,2,103320,103575
-58.13657779713111,60.01479339660665,67.5185363333331,34.33498318965285,18.228883678522386,-106.27090831241767,124.49979199094005,394.8181066059542,144.05133519343676,164.8295823648836,319.2964870661406,284.9551885503513,1031.044166664712,-83.61378639874701,1114.657953063459,2216.531765071516,S1,3,103586,103841
-111.17542298137913,111.17542298137913,114.99782948394241,29.402824880091526,-61.31070327353332,-158.86557498376345,97.55487171023013,306.58792763961486,-1.3598624865754427,14.718386810516936,16.42979741379254,16.373424109692785,39.1390588502576,-29.38659908063347,68.52565793089107,233.34827337930125,S1,3,103714,103969
18.4691541808227,29.66046006509227,32.23461092682087,26.41894179274633,53.00343075817253,-44.992663401036594,97.99609415920912,447.9323898527855,149.82939982996336,174.7873818828294,347.78891318285326,313.8602859227386,1111.853514840177,-48.53573542506324,1160.3892502652402,2375.1336027067864,S1,3,104578,104833
-3.9815424903493035,30.77308758322853,34.07590280996979,33.842495057428174,53.00343075817253,-49.722694229586246,102.72612498775877,341.78007385898195,-0.8640240117929672,24.582267715156142,34.531338593741935,34.520527336393585,155.47520118854368,-35.440269256623225,190.9154704451669,333.2857356674101,S1,3,104706,104961
-22.33832060874309,23.067232182168212,28.480488231571805,17.667417533123057,5.454225442081301,-52.482339049605876,57.93656449168718,296.5535586867319,-23.105082429352386,23.105082429352386,23.877890379905562,6.025679623712011,-6.900270763784491,-35.440269256623225,28.539998492838734,243.2702339092435,S1,3,104834,105089
165.40691210472426,201.8737390162956,221.02609425843775,146.60521058652668,295.77662246709116,-104.74506550073262,400.52168796782377,1014.8965167487781,-140.03140569027687,140.03140569027687,152.2204756700076,59.68482749919336,-32.28395839745175,-189.78046292217917,157.4965045247274,445.2754594751446,S1,1,105109,105364
-78.30292875544026,78.30292875544026,80.90703697374806,20.361728320353443,-50.18140718096432,-148.90616046760647,98.72475328664214,431.33793054082867,152.66863662721266,188.34945586903555,362.78744373053877,329.100314066892,1131.8738736529594,-84.39244022486317,1216.2663138778225,2452.2933025286325,S1,3,105616,105871
-88.74157760619221,88.74157760619221,92.24947361493663,25.197178139566667,-50.18140718096432,-135.8268279028329,85.64542072186856,386.32000984470284,-4.618922634789865,22.590524073406744,26.334488690165262,25.926257891687108,86.8866780377245,-40.4799779437636,127.3666559814881,248.88182900953075,S1,3,105744,105999
-92.7084686464383,92.7084686464383,95.31506742346554,22.138245620919154,-63.49672969055264,-135.8268279028329,72.33009821228025,402.46077802961406,-27.859320227943766,27.859320227943766,28.52658547150695,6.13386950464998,-12.82017280935991,-40.4799779437636,27.65980513440369,210.58307971980528,S1,3,105872,106127
161.48497327894884,186.79471373242257,196.75185822922285,112.40060997053966,265.07800781680413,-87.71915354897217,352.79716136577633,649.5867935893834,44.54491442839593,58.81506963474763,62.80178464373372,44.26979504136869,170.50443708095497,-46.64010563690612,217.1445427178611,526.5966139777704,S1,1,106147,106402
-8.429558913838466,96.91260960533165,117.22089221491632,116.91740720773429,247.8508936145247,-81.21533314795148,329.06622676247616,603.8816164854903,-65.177958415316,84.81458638789084,88.73853850485399,60.21928223408839,62.35229023762569,-127.31347458435152,189.6657648219772,395.4895768586613,S1,2,106411,106666
-94.77761642989287,94.77761642989287,97.51655910852074,22.94956915137449,-56.79541270780859,-158.2921682452792,101.49675553747062,417.3263760402764,144.0107176067266,187.83524137619347,370.17702488761944,341.01604503167425,1155.2117210156712,-69.58144724432468,1224.7931682599958,2482.7571891516136,S1,3,106675,106930
-64.84233758100709,64.84233758100709,68.54374226885062,22.21971784810366,-18.58682733983493,-97.79823997361038,79.21141263377545,306.97198537434303,-27.712074454864325,36.42075413740827,40.357187170186336,29.338430184614666,93.51545488101952,-58.939112692772625,152.45456757379213,278.3714967939136,S1,3,106803,107058
159.70948132637753,161.99448973684412,183.54221468813662,90.44681391340161,242.5318810514818,-23.473761948840565,266.0056430003224,592.7974425508435,-164.29426127796728,164.29426127796728,174.2341892118284,58.00817529823051,-47.62329150093605,-217.96998785462904,170.346696353693,380.8555760695232,S1,1,107185,107440
-6.307439943921235,42.72491099362604,55.75795774018823,55.40005462732364,126.9352786648977,-87.07054198637152,214.00582065126923,580.5772661589306,-66.66016259087039,66.66016259087039,86.65258970645476,55.363291323709376,-17.808810987953144,-185.96636729059554,168.1575563026424,437.74978061393244,S1,2,107450,107705
-37.600441391737235,39.65287125152564,45.75669202813573,26.074540695939266,20.645812654278526,-92.04261695363995,112.68842960791848,424.1766399991752,216.88732511786912,228.95433717858867,389.74333262627357,323.8205576084537,1120.4440617866867,-44.72604999839286,1165.1701117850796,2298.598687394993,S1,3,107713,107968
-50.15297657282709,50.15297657282709,57.096347457414375,27.288675927264133,-8.94425364620578,-108.93641644807609,99.99216280187031,374.8159531256747,37.95184544721563,40.672987143119336,51.99779974532149,35.544740897989584,137.07701105167877,-15.754576556972287,152.83158760865106,261.0410304054995,S1,3,107841,108096
86.75806168867298,116.46648254137406,119.17388174755492,81.70344437540327,149.58836347919245,-119.42816818781588,269.01653166700834,511.6785432572718,-10.992313717760677,11.442270898533796,12.191803828269736,5.273435286162425,11.065668122908209,-22.145537677554696,33.211205800462906,277.6476819154823,S1,1,108224,108479
-29.72087519563216,94.86538947552351,98.55758109764717,93.96949701591977,113.37620825130372,-164.89710251721553,278.27331076851925,571.5524364481882,-49.23931567592187,49.23931567592187,54.54340825115255,23.462164764122043,-3.175894904212487,-78.76500030636987,75.58910540215739,260.32405041211007,S1,2,108488,108743
-177.08847622747547,177.08847622747547,180.22004548307143,33.45050644386697,-113.33447804615726,-244.002686055522,130.66820800936472,457.59917931943744,84.22609474249857,150.16747149654927,281.11586065744103,268.201588506857,921.3443239991758,-92.34498338965716,1013.689307388833,2080.671319682188,S1,3,108752,109007
-141.73368251598038,141.73368251598038,147.9646863839014,42.48660562042551,-68.74627703285806,-220.39096177877468,151.6446847459166,389.61089846071,-42.07323926652025,42.07323926652025,43.65021837187899,11.626869808115194,-8.192855543087367,-68.24836692373624,60.05551138064887,271.5520738894331,S1,3,108880,109135
317.05563255019626,360.8206081431315,387.16979586399253,222.20750819349146,476.08936327762746,-141.9899364505081,618.0792997281355,925.1118053533182,-64.01023741679745,64.01023741679745,64.75107315725793,9.766830645700395,-46.96816088869265,-81.1967850366081,34.228624147915454,240.8979298351565,S1,1,109261,109516
71.99030176237665,202.51057025679967,260.195458844902,250.03814360147345,474.0883754712404,-129.50080142776815,603.5891768990085,944.6365365000408,-55.073016661601486,57.92653448910925,59.38548602972242,22.217083219390478,56.52950878229487,-74.95003770727364,131.47954648956852,409.92737259075636,S1,2,109525,109780
-89.57580048163416,89.57580048163416,94.69514816652465,30.713955368114455,-48.357210571278024,-158.74265343410786,110.38544286282985,368.37834518919686,171.44337141207671,216.66693895078305,396.27926484820046,357.27360124628706,1149.3482928713672,-82.90930569331557,1232.257598564683,2479.133414860829,S1,3,109789,110044
-72.02078670377873,72.02078670377873,72.9519280447203,11.618523486693887,-48.357210571278024,-99.15354877057287,50.796338199294844,315.72242855265563,-16.856284725975968,47.39617484120613,56.71156450026837,54.148566124182175,196.65691801185386,-80.55253752065302,277.20945553250687,382.9059899979548,S1,3,109917,110172
-61.53229565722035,61.53229565722035,65.50651615649728,22.469540496277656,-12.390003488189762,-99.15354877057287,86.7635452823831,384.01199446614675,-61.11704409977236,61.11704409977236,62.022761374490294,10.56076933861571,-38.69480774489802,-81.59788398695146,42.90307624205344,245.01907997020137,S1,3,110045,110300
8.006227187044237,20.969923534950265,26.85690909165458,25.635793184273275,66.37876781705656,-31.533669517856666,97.91243733491322,398.2106030117417,-70.07201440893652,89.04730303817888,101.39942285546508,73.29226256635285,165.6978708886314,-132.60736176238538,298.3052326510168,591.9650013080432,S1,2,110563,110818
-43.72274164480069,43.72274164480069,47.762026245645494,19.22324150999878,-1.9974806395755542,-79.60940342257159,77.61192278299603,450.32674065981115,119.41172951303598,190.44343678134496,346.11410099281386,324.86275526869696,1049.0732470683563,-132.9728226539471,1182.0460697223034,2360.8986946830596,S1,3,110827,111082
-30.10297296494049,31.714266102453273,37.52338312203344,22.401234331950672,19.66068290201677,-79.60940342257159,99.27008632458836,383.2831007523727,-49.33220839286501,50.35897456991689,55.87871971113951,26.244323798471754,21.39863935598949,-76.97946780382183,98.37810715981132,214.19782237848273,S1,3,110955,111210
16.142546494154075,31.47253952449652,38.856442237086206,35.34460773594879,72.77324065114564,-41.392527474070455,114.16576812521609,334.6756696752634,-78.65991568929779,78.65991568929779,79.20828278768138,9.304285352775088,-61.43674706113325,-98.38921796022761,36.952470899094365,164.74947443299772,S1,3,111083,111338
-14.255659610373256,50.477138146471184,62.59752894699286,60.95266031390904,52.20811233984684,-134.06307833538438,186.27119067523122,527.5897767432849,-40.75840831664789,143.2142480032985,178.32491689077474,173.60451646082004,625.4869478431779,-166.67926768849355,792.1662155316715,1513.666611675519,S1,2,111601,111856
38.323441868440455,38.323441868440455,40.79479699769615,13.983177944927414,61.72310059554031,5.623208812419131,56.09989178312118,466.3652146088051,103.64851723355576,195.13430844317566,349.6604006704082,333.94517614763606,1067.1196277186323,-155.05465390260792,1222.1742816212402,2462.4709765933744,S1,3,111865,112120
27.902028822498224,28.670324663229607,33.445116832688015,18.44051592392766,61.72310059554031,-11.942310474012153,73.66541106955246,385.9492868470944,-52.01656202329313,52.01656202329313,53.490714258552366,12.471318581729706,-19.08083686663025,-74.33898213487772,55.258145268247475,260.4577438212273,S1,3,111993,112248
-6.300021930301481,26.98805616755617,34.05142142425453,33.46354770029473,52.5853677788201,-70.00358003155766,122.58894781037776,373.95292580477286,-60.59211002802827,60.59211002802827,60.94954458809203,6.591144653786146,-48.3426317444219,-76.43302115695978,28.09038941253788,205.60545923000282,S1,3,112121,112376
51.64931501783115,67.0677888218279,72.47046435911585,50.83617277701699,144.8171105932448,-59.018802276081594,203.8359128693264,602.4761062982037,-12.022932083452488,19.951543897732922,33.633311115971416,31.41096497626928,33.37069311249815,-82.45938168990126,115.83007480239942,320.97992027733346,S1,1,112395,112650
-60.24474595244604,60.24474595244604,65.52487220909809,25.769739291344674,-7.468526984671382,-126.61839471545105,119.14986773077966,494.2760255557033,167.94421880360886,193.22864567704744,332.965365971385,287.5076943438278,971.3529111012298,-50.54137771284886,1021.8942888140787,3219.164476112813,S1,3,112903,113158
-37.368393576745646,37.368393576745646,40.633824673953995,15.959663816229574,-7.468526984671382,-68.88784443413495,61.41931744946356,370.5317129537068,-20.9905654305967,20.996516269761752,22.769692617813206,8.82355171195455,0.7617074131266997,-35.47948629498544,36.24119370811214,244.47677724760968,S1,3,113031,113286
-25.672464605860824,25.672464605860824,28.539881300698294,12.467934300387185,-1.7516712592191697,-68.88784443413495,67.13617317491578,339.49801706735894,-3.9166561557694326,13.878049446251827,16.52508073302036,16.054223674482493,22.603259553922964,-32.32024413231593,54.92350368623889,230.3339146404199,S1,3,113159,113414
11.131404253024744,16.514589053517305,19.96395907614625,16.572612991009745,41.11737976381259,-21.523496287167337,62.64087605097993,426.60284186681065,-145.80139661077152,159.60524700523132,180.8842142132424,107.0563015328414,49.56186191841023,-228.43642710397086,277.9982890223811,491.76835225230633,S1,1,113433,113688
56.96748400952658,57.073707809241256,62.24239378490542,25.07631052805746,91.29535326133585,-3.8602916669103666,95.15564492824622,368.26768620426765,-48.363827074930185,52.16681998817835,91.16348941424175,77.27691785291917,72.09381833865129,-206.11271526069262,278.2065335993439,570.7563664688868,S1,2,113697,113952
26.979382376327827,29.623118423980614,36.0427540467875,23.89964530843729,86.21125227284504,-17.49289360874544,103.70414588159048,447.6378108112957,142.6227729891614,142.6227729891614,284.5128694972046,246.183503782068,949.4809372077157,21.700502346244438,927.7804348614712,1946.163662330606,S1,3,113964,114219
54.21234283978317,54.21234283978317,60.541702012301826,26.950316628347093,96.77959024556634,3.2219798526390466,93.55761039292729,353.65407635462725,27.2732060794794,27.2732060794794,28.503492166312867,8.283797186152425,41.597222281945555,7.33257787517566,34.2646444067699,167.71851349347597,S1,3,114092,114347
-255.52846059692325,291.18603126916014,305.15975129164735,166.81630505842855,133.63633623274916,-390.5192202092404,524.1555564419896,868.067832018158,-48.345177911456844,48.345177911456844,50.848656635551094,15.758478808240339,-12.056840175498602,-72.74631551583805,60.68947534033945,242.03208304281864,S1,1,114474,114729
31.721988343256854,157.34151484079652,175.21668044952423,172.32121332935466,153.49181931904647,-316.48539563602003,469.97721495506653,769.9144898058682,-62.28564553806822,120.91760770845804,173.85208055004685,162.3115654273783,982.3387326960018,-115.16891729228456,1097.5076499882864,1319.3996618506085,S1,2,114738,114993
80.55231340813229,80.55231340813229,81.25384364008563,10.654196867221632,105.6671851580479,59.0559688276288,46.6112163304191,366.50340714256413,99.4482401957357,126.95258120278586,281.0997945374079,262.9204100311427,1115.0930332567245,-49.38786829624451,1164.480901552969,1239.8450687646707,S1,3,115002,115257
74.31506399068267,74.31506399068267,75.1302209350924,11.037271484227173,102.12044259378149,38.55441897817287,63.56602361560862,329.54309654822174,-37.38548623848174,37.38548623848174,39.73448446778348,13.459371256965122,-13.137529227564116,-55.71074519932729,42.573215971763176,185.92865004140913,S1,3,115130,115385
-33.09342580719668,43.688604530768764,46.640964768750074,32.86646867102328,39.415187738508656,-73.50164511525388,112.91683285376254,453.47830902171387,-1.6253003073798364,23.75476045865681,33.41600461052436,33.37645521983148,88.59058969585315,-68.74340810348124,157.33399779933438,455.86991743579915,S1,1,115513,115768
4.419371272734077,36.528103073378816,43.45399850284446,43.22868426680301,55.74989296065556,-87.25409377678568,143.00398673744124,391.5517045500272,-69.4378201438938,81.66790237008331,88.29424056472043,54.5367953822461,47.905628744266956,-122.86809605135115,170.7737247956181,381.5745729427644,S1,2,115777,116032
-14.746438249624243,19.30725960746296,28.603819282561986,24.50961110461535,20.77880610141372,-68.51534158499733,89.29414768641105,428.36126115408086,128.67957485240814,152.74253353514393,327.76776510864875,301.4519445286792,1047.4854966202424,-66.57385237955954,1114.059348999802,2304.158552009056,S1,3,116041,116296
-36.43821911535058,38.93394687805385,46.75652303650607,29.29895278273648,14.145103761732994,-77.2485034698026,91.3936072315356,350.88591533381225,-4.1509393415856755,7.265884018318975,8.568916754210413,7.4964015983046295,11.255448764789492,-21.39976023910458,32.65520900389407,259.71817645149036,S1,3,116169,116424
39.445398403094885,47.55951541722169,55.39654571757441,38.8952159302456,96.19550546237653,-28.98960384561503,125.18510930799155,442.1918978648142,-126.0331916719573,126.0331916719573,144.31879193883108,70.31037123826964,-9.022479101371683,-210.97771882121123,201.95523971983954,403.5260322752671,S1,1,116550,116805
18.98543477211933,29.647189026441435,35.60887446443262,30.12549098582998,77.36719479523151,-36.23318606664065,113.60038086187217,346.1691027617093,-63.25586588703494,63.25586588703494,65.4682643775326,16.875694696454815,-25.993923569210796,-115.69273406506825,89.69881049585746,333.6456068880566,S1,2,116815,117070
-21.081388491334796,25.60991740685388,31.960477378082334,24.021806208366797,27.583923303052828,-86.71425292492349,114.29817622797631,398.96127799852377,214.2602574659105,228.94878412066586,390.33802257205093,326.27643791132186,1134.765287452575,-57.701529319253744,1192.4668167718287,2375.2738576881907,S1,3,117079,117334
-0.734333626565796,21.81865152623974,24.83745398687697,24.82659611535833,48.68824090105983,-43.23471043047967,91.92295133153951,305.9452227850253,49.303683338963815,49.303683338963815,53.178629478629375,19.927705398176947,108.85006763341804,20.03337204703503,88.816695586383,217.5018386808809,S1,3,117207,117462
-55.67329778581035,79.56487874027434,83.43340688661773,62.141912574046145,76.4551145297661,-121.32789176892385,197.78300629868994,502.15473376901997,-112.22711269630962,112.70845736250844,128.2180195938189,62.007545705428036,8.640592061008743,-158.32016385301188,166.9607559140206,369.15459972168844,S1,1,117589,117844
15.75159937291135,67.6871353129865,71.1216968868422,69.35548201302589,104.3816774083942,-100.45470667182894,204.83638408022313,477.4937554203416,-86.93220895350913,86.9787810619344,97.59492185112052,44.35718450927365,3.1925932822629783,-162.35261875047777,165.54521203274075,442.09465974573027,S1,2,117856,118111
38.68306657243491,38.72337373171517,44.15309706348007,21.286529563309763,84.61851570616781,-2.38791186347314,87.00642756964095,403.3154115808062,126.65599229440781,171.0869062225089,330.04300080988645,304.77309920580853,1046.8222544161022,-75.28747224732433,1122.1097266634265,2286.205196755772,S1,3,118120,118375
49.73178794893682,49.73178794893682,52.91054851936368,18.063095305675617,79.35148649270396,14.957383815586063,64.3941026771179,359.5878768040012,-43.44324242508296,44.552519954694716,49.240971880294836,23.180983570837952,23.005802324675816,-81.13676202317409,104.1425643478499,246.57191951476733,S1,3,118248,118503
-102.65780908344385,119.25915987953255,126.84690705764653,74.50846974860247,56.716597063120965,-164.77400719841785,221.4906042615388,483.7405583132332,91.11846857727153,125.01311974602942,128.2370814033929,90.23399432028482,203.03111723672802,-93.24981983230724,296.28093706903525,522.9144058841572,S1,1,118631,118886
-35.54774111453119,41.686644212663275,67.00949237053513,56.803434486050875,24.642278324627643,-161.10508562849097,185.74736395311862,432.2527796316627,-92.8160774066928,143.04922068554134,145.65275800255154,112.24928368851467,114.62365762158853,-174.731502142257,289.35515976384556,469.9327891750578,S1,2,118895,119150
-34.48542335903515,34.48542335903515,37.138256206833844,13.784253691533145,-6.60712558945151,-57.425892895530225,50.81876730607871,391.77580376375045,148.41290566686368,192.33956537359325,360.2908711569245,328.3033982013195,1083.1087300695542,-157.50216167658797,1240.6108917461422,2421.4565744984266,S1,3,119159,119414
-43.289298164967896,43.289298164967896,45.176236740088726,12.920101794531238,-6.60712558945151,-73.12952300858613,66.52239741913462,350.834998491909,-14.000820153986798,24.789370542974495,28.37316578385743,24.678200331749785,37.57995507299159,-47.720033500990596,85.29998857398218,255.18120995522943,S1,3,119287,119542
225.45856490167114,238.9960393105955,267.0579642143081,143.13766716965034,327.8995168323405,-42.47804341960987,370.3775602519504,601.7766425608311,-155.87224323913728,155.87224323913728,168.82500960116727,64.85158174195485,-32.85058403180705,-209.50979217726456,176.6592081454575,349.78638403953175,S1,1,119669,119924
40.45932611395915,87.01745451384002,140.6831552996407,134.73972359874844,318.3082497293937,-59.672142887412456,377.98039261680617,629.6552018751663,-49.21439428172327,49.55726794488164,74.42113009931953,55.82515562667899,11.88614948069818,-169.54074256441282,181.426892045111,443.9409032715464,S1,2,119933,120188
-109.41474337475299,109.41474337475299,115.32301835724569,36.43916156091648,-43.19829599762572,-180.65271719251623,137.45442119489053,431.9975802178141,239.93696387810962,247.1119178862932,417.25104635362976,341.3629872264326,1169.4716984939762,-25.990470884807817,1195.462169378784,2406.131212507095,S1,3,120197,120452
-74.02006507849026,74.02006507849026,82.12075229872025,35.564700531339106,-16.448237207177847,-135.2555475135007,118.80731030632285,350.8866873526198,66.2135579273149,66.2135579273149,70.17920525549985,23.256947282472275,144.46390872030014,34.69438354755183,109.7695251727483,302.2161605190822,S1,3,120325,120580
-45.98618233955896,45.98618233955896,48.8972032900785,16.619492273354787,-7.5826964929664165,-74.87423177032494,67.29153527735852,293.11599760006357,34.92502442682258,35.36722003097822,39.667740374295974,18.80883556173526,69.69493624803832,-11.980415541919774,81.67535178995809,255.005825550198,S1,3,120453,120708
-24.84170212608994,25.308378396380796,31.730461812926293,19.741125660412376,6.876973064859616,-74.87696877130345,81.75394183616307,377.02317172210763,-81.10664945168443,81.10664945168443,90.82165538987098,40.86911428546084,-22.518695699478865,-174.79025213987234,152.27155644039348,389.6516190473642,S1,2,120970,121225
-15.029226066814426,25.322784674552455,29.659497758801933,25.56967287895883,36.593952387982924,-78.5204563156049,115.11440870358783,373.62604756335486,125.26600231753301,173.63424466784792,338.78538817010485,314.77605992348344,1071.0880092376221,-81.20821612579408,1152.2962253634162,2366.2137580746894,S1,3,121235,121490
5.8223837384646995,18.09278995036447,20.8364836406532,20.006471405754446,36.593952387982924,-37.46020875098074,74.05416113896366,309.2019919841114,-33.78371664131889,35.89953843974978,39.11381764146851,19.711702625321994,31.349957768211354,-59.44049887050997,90.79045663872132,256.7631679657354,S1,3,121363,121618
19.770244278058698,19.855024475371938,23.530320895421596,12.759837092510292,47.78651932370485,-1.8534960092825388,49.64001533298739,317.70227915897794,-50.76611474433716,50.76611474433716,51.02990932214807,5.182011114562361,-38.5446884353778,-61.74126902182327,23.19658058644547,203.17889038573173,S1,3,121491,121746
8.948636633637467,15.616538202039553,20.295244357114097,18.215895418949163,42.87233698196838,-30.63570749842879,73.50804448039717,323.0196755153633,0.7156101376505499,18.10602605477813,25.070864443677703,25.060649354798343,67.61905917394716,-54.61836655908502,122.23742573303218,339.9458854304799,S1,1,121765,122020
46.97680426979379,46.97680426979379,54.759638233548706,28.138902609494433,102.70933304371431,8.215004038820886,94.49432900489342,332.82242505142756,153.76614423242827,176.9456424913959,353.1089415183586,317.87088175563935,1070.5136278718303,-64.12268642371214,1134.6363142955424,2312.1654105543334,S1,3,122273,122528
87.09983219468864,87.09983219468864,90.26182432637113,23.681557431506928,125.71023847232068,30.729343457484166,94.98089501483652,315.899044817548,-9.711927187471519,15.833816784410022,18.70320238618313,15.983999806174232,57.5990707662632,-30.287519866995776,87.88659063325898,242.20471173679775,S1,3,122401,122656
94.27781245466444,94.27781245466444,95.8022135970219,17.022285653005806,125.71023847232068,52.85978874248017,72.8504497298405,293.2528021237575,-17.772094690491848,17.772094690491848,18.74044798672942,5.9461786935394265,-5.3168272680712825,-30.287519866995776,24.970692598924494,205.2198860681542,S1,3,122529,122784
-319.0183171394839,338.5426035158156,364.93310998208375,177.21029341064616,68.0339819963084,-437.39700308894896,505.43098508525736,842.1023541361856,-113.58594199159901,113.58594199159901,121.8431438391578,44.09065073789235,-13.069306236977775,-150.11008253227826,137.04077629530047,349.427881835192,S1,1,122803,123058
69.1157048237778,165.3188935045868,188.81152927895192,175.70661039178052,175.64577906081203,-420.36851038879627,596.0142894496083,820.1967223353035,-73.25987387629408,73.25987387629408,77.00908709502005,23.73584577886091,-32.94417794411689,-144.1198337352906,111.17565579117371,298.03359057691387,S1,2,123067,123322
100.0156119049208,100.0156119049208,103.3699230112842,26.119310072111123,153.8594654352927,49.81197689540368,104.047488539889,422.66023880333387,131.46902834079629,165.6707614754195,333.9400493378754,306.9720689882217,1072.2536315858013,-81.55115125405906,1153.8047828398603,2386.739680344516,S1,3,123331,123586
105.75661957244283,105.75661957244283,107.4372444896872,18.92878549052801,136.74308032263434,68.69657136833375,68.04650895430059,310.6234199927298,-18.71800636064946,18.79877143455154,20.2821854168496,7.810459856253852,3.0609465177570616,-30.078705679386633,33.1396521971437,249.2318909832665,S1,3,123459,123714
-142.3341260709,187.3848733500719,196.02993679618396,134.79144140467162,125.70488265706749,-248.12399660642527,373.82887926349275,727.1869190228847,7.36551241261569,27.371973670906428,30.763289184559152,29.868531740820778,65.3248778398328,-52.30229411329302,117.62717195312581,320.2895979893095,S1,1,123841,124096
12.614763951754597,99.29467743319069,115.50277552323755,114.81184121863438,97.0876089714198,-225.13854390801683,322.22615287943665,667.5101274328683,-88.76418279496129,90.40647975198658,100.14692619783054,46.37161502057499,14.299263819936714,-131.4625947763942,145.76185859633094,369.90185467733545,S1,2,124106,124361
29.764271883525343,29.765251295735563,34.64047664071635,17.72147683291654,64.21755536228521,-0.125364762908124,64.34292012519333,366.098255258864,155.10105963557046,182.66017255500674,340.4926578064363,303.1153432606376,1070.4502797182033,-108.25282716476191,1178.7031068829651,2351.5868893757624,S1,3,124369,124624
19.566527386348945,29.987700867061108,33.00925911895603,26.584999409848376,61.297533104171485,-39.35149967146831,100.6490327756398,317.26119281235424,20.56270880910406,20.56270880910406,24.319112511508074,12.98438445901009,58.849387431490065,3.5979742900294096,55.25141314146065,223.49814279451937,S1,3,124497,124752
-19.822454415045627,25.396517771159015,31.382615342418333,24.329793396032535,19.987274963008268,-59.35175664835107,79.33903161135933,323.3834578875215,-75.67871568872864,101.0496466085525,131.55878221691069,107.61247683285202,37.40087853059998,-208.03779494017152,245.4386734707715,441.6382905002678,S1,1,124879,125134
-1.4950997970288071,9.311915079810603,11.700498881201488,11.604583175018467,20.68243636112808,-28.63212571008196,49.31456207121004,280.848105731,-87.88763093224026,89.62828460845475,98.3929735678221,44.23733238607933,48.98459575872553,-200.89997159840763,249.88456735713316,556.9790371017259,S1,2,125143,125398
-41.24416044052805,41.24416044052805,44.54447982261464,16.826464638280488,-9.051128860182093,-94.00209835111528,84.95096949093319,375.32008008519654,104.82975269151031,139.9534908546726,286.6926359577312,266.8396343555975,999.4577064122768,-91.41190633186828,1090.8696127441451,2190.5361264497083,S1,3,125408,125663
-38.301262581612434,38.301262581612434,39.3642704768603,9.086202442703481,-9.051128860182093,-56.761197382611755,47.710068522429665,341.59172523686675,-17.295944947531833,20.108821325326055,23.353394503084534,15.691759722499157,25.05372244639702,-43.79386038014895,68.84758282654597,254.66320371345753,S1,3,125536,125791
126.38452269982693,126.48222247913381,136.72771517639134,52.167236071056365,185.33553193083173,-3.526319367647695,188.86185129847942,447.4703522353143,6.2547521154726935,25.07061694261246,29.763604111664602,29.09897258821843,45.45784845676953,-62.38337131184498,107.84121976861451,358.2832293683708,S1,1,125918,126173
-3.209308841681249,60.704013149319884,69.36054497908617,69.28625791998397,128.50119445111315,-71.34263450219089,199.84382895330404,488.52942438017106,-95.38284677402024,103.27210218378652,116.75742976141375,67.33802748651938,59.240074462328415,-165.65794803011804,224.89802249244644,474.003414830688,S1,2,126182,126437
-57.611890159488624,57.611890159488624,59.94414309960054,16.558091804202665,-24.104067486675085,-88.34905026433455,64.24498277765946,392.6530991394887,191.95478251101883,242.42080017046334,433.86267583581576,389.08891394456566,1176.150072960971,-128.12812087197105,1304.2781938329422,2575.186455120042,S1,3,126448,126703
-50.64097618484997,50.64097618484997,53.91164176195505,18.492069881839438,-14.613270140369082,-82.0112420972078,67.39797195683872,356.3472049944497,-33.61895886856691,44.09210070605321,50.221540539185426,37.309097264911834,75.52998527898251,-74.84074280295549,150.370728081938,273.40696329732447,S1,3,126576,126831
130.17058806050542,158.507984079487,171.7311413040719,112.01429773730368,231.59614856912034,-70.11335232013487,301.7095008892552,590.0383025426324,31.17729034873266,74.25031018317011,78.1574505350026,71.66982377990195,182.37578033774105,-92.47056274211516,274.8463430798562,576.8640712146338,S1,1,126957,127212
-13.788990291042957,111.05386750983297,120.83378136999067,120.04443538508659,209.4983179371083,-115.0147688536146,324.5130867907229,626.031772852834,-83.21341861355678,114.18113775286204,120.17397773771798,86.70243299902545,71.31206852731651,-168.76707564425448,240.079144171571,476.8782324826918,S1,2,127222,127477
-147.3952997959677,147.3952997959677,150.0132932577946,27.903651232515994,-111.86553236289566,-211.41036523745066,99.544832874555,431.8172816770134,91.4029570910577,172.7216726983137,316.70600703639496,303.22960661509836,1040.7967413941335,-129.53040842516782,1170.3271498193012,2347.1227246603603,S1,3,127487,127742
-118.99577710239545,118.99577710239545,120.66719023756725,20.01439061341287,-73.88098790956535,-151.2297223883817,77.34873447881635,326.2304721320816,-39.8658675134092,39.8658675134092,40.573450719288545,7.544369468275084,-8.661045930189985,-54.19693311229543,45.53588718210545,253.77582895169354,S1,3,127615,127870
260.9559349425616,329.0643810730096,358.6044392057697,245.96573711868513,471.03521232575895,-132.52971155994413,603.5649238857031,936.9580261228447,-54.843284667925715,54.843284667925715,56.39721046859562,13.14760341172245,-25.888243800191464,-80.92932462187541,55.04108082168395,241.25701477396547,S1,1,127997,128252
-6.396517995433896,242.92693993491966,264.27237677991747,264.1949539382627,425.85397326286915,-213.74676043984834,639.6007337027174,878.8728211119378,-40.16337200523665,54.71544985597464,58.43611399649939,42.44623620747598,147.5041334166391,-78.21431615164741,225.7184495682865,565.578305384754,S1,2,128261,128516
-168.65345959889015,168.65345959889015,171.68801977583144,32.13699892447659,-121.09669654633741,-265.4944196631856,144.39772311684823,527.3724733050053,142.66049313565833,179.8918699241627,348.6807967848208,318.1607797086063,1032.0376663329805,-71.18016970830139,1103.217836041282,2260.8116624835575,S1,3,128525,128780
-170.9430588727679,170.9430588727679,171.45227319554323,13.204264733055087,-140.59149180320776,-194.22779558790666,53.636303784698896,347.28668958389244,-16.02768372424983,21.357555640281866,24.444625579385637,18.456789378214502,63.89543981209892,-43.460773817967855,107.35621363006678,299.5368757924079,S1,3,128653,128908
-157.50435611098177,157.50435611098177,158.95485666476586,21.424851536972046,-120.32734494013141,-194.22779558790666,73.90045064777524,304.9889547934072,-27.103571904570053,27.103571904570053,28.27456924095723,8.0528042181271,-7.569746581784279,-43.460773817967855,35.891027236183575,250.97965040787625,S1,3,128781,129036
80.96476004471566,124.06924759247806,217.3404343668577,201.69673284829378,481.78540726398643,-54.301514906766215,536.0869221707526,805.2415047544007,-79.3103370743386,79.3103370743386,85.83747280119142,32.83202963647038,-6.667801626688009,-113.43148409357646,106.76368246688845,316.6652822377639,S1,2,129298,129553
-2.848116889769674,28.562682156922676,33.71275554585176,33.59223298139865,56.475338910680904,-61.155456816561,117.6307957272419,361.7486406526795,139.551177762358,176.75291456309333,337.84971790232566,307.68149224777846,1050.1610940261537,-94.64635156145971,1144.8074455876135,2299.282648047688,S1,3,129564,129819
39.2426634648718,39.2426634648718,43.91370702078597,19.7085521662613,79.33696978759755,3.626486382103342,75.71048340549422,351.2503988287004,-12.49696839738017,20.92032240587869,24.814634768043803,21.438094121126756,59.51325154021618,-42.26765287111391,101.78090441133008,281.44141771625095,S1,3,129692,129947
63.74411965692079,63.74411965692079,65.52355865310683,15.166540400872467,90.308697993413,30.64432185351217,59.66437613990084,335.61859165945447,-18.840311480346017,19.48736098427748,22.235962202991374,11.810193834836209,7.804662244218759,-42.26765287111391,50.07231511533267,239.72309660068646,S1,3,129820,130075
-344.24129568895205,378.9185614213436,410.8236137878384,224.21858082703687,103.78200616048915,-515.8064043704087,619.5884105308978,849.5051164874966,-109.101106682451,109.101106682451,118.10455704987508,45.22869572087658,-14.572377789332043,-147.73339657413524,133.1610187848032,337.6679595136403,S1,1,130094,130349
-29.388704412644152,29.875818270190717,34.38737900274265,17.854856135642656,10.795458164687709,-104.34851917749506,115.14397734218278,439.22367377077796,168.1134281445395,196.20780397047776,382.6025789423964,343.6896982611836,1139.375210794021,-68.30118089466204,1207.6763916886832,2441.7654376727387,S1,3,130601,130856
-23.575061035652237,25.894102292676834,29.526276142520413,17.77688049151599,22.63750356159358,-64.07919033592287,86.71669389751645,379.0186115994645,5.007117775168604,12.689735259499251,18.184751406668653,17.48181784906616,74.58759485498877,-16.501461263110606,91.08905611809936,273.5962628881983,S1,3,130729,130984
-31.274858904107514,33.59390016113211,39.50571233029056,24.136787426081334,22.63750356159358,-67.17704864311274,89.81455220470632,361.8941067792283,13.809109620474059,18.34466538277056,21.655119853742356,16.680908469555163,38.94872783864221,-14.203309693059893,53.152037531702106,237.65766759328685,S1,3,130857,131112
434.3010868942026,442.4041992907346,488.94995191544683,224.62106179214808,585.7630371339164,-41.084922929125675,626.8479600630421,998.9301567134776,-119.34354309947219,129.936098047125,141.7746265799515,76.53210739519145,34.95437093383587,-187.8508195649981,222.80519049883395,452.1330143948553,S1,1,131133,131388
-20.60865794526387,20.84331662438155,23.190539014988797,10.634111034817618,5.162603758596317,-50.8867112048249,56.04931496342122,350.12887938222195,183.76070339023312,199.1097759291942,388.52381489177816,342.31967315301563,1113.2613025873081,-53.385380068579714,1166.6466826558878,2361.256961908309,S1,3,131642,131897
-13.739657489168266,15.168049539034994,18.675180927184655,12.64848586762162,12.107957112158452,-38.390690696259476,50.49864780841793,284.3185424430891,-10.90282994876494,13.773060647740799,15.721778357585046,11.32707437219973,28.028142649407986,-30.90702405881617,58.93516670822416,246.55839200278461,S1,3,131770,132025
16.335146784982424,24.825884239829918,33.28126213906856,28.996644445219463,70.7203275612567,-30.117111696976988,100.83743925823369,289.63721703877764,-21.083676426484885,21.083676426484885,21.80793754868355,5.5735741199492,-6.981690447582596,-34.01322369141331,27.03153324383071,250.11544077218673,S1,3,131898,132153
-312.24944810995885,329.5786946231577,350.31157250577,158.80327448290078,71.52423496503334,-407.39949345635745,478.9237284213908,836.1888413303639,-30.104595076255553,32.953986421779966,34.68466798510096,17.226129818719507,39.02955734262172,-51.11978928728863,90.14934662991035,340.55990389115743,S1,1,132173,132428
-6.525542626928608,33.681136449941306,39.786435444960986,39.24764628407907,48.309147518933734,-77.50525480366333,125.81440232259706,371.41957965908557,36.281591159971924,176.09761969985317,284.7086942927693,282.387476260535,980.824471183624,-114.63385588885357,1095.4583270724777,2328.742599000178,S1,3,132681,132936
-44.091751030312416,48.68337319248817,53.00644916060714,29.421100314178837,29.59495800002071,-77.83904966646719,107.4340076664879,361.9066384322761,-83.42611705602245,83.42611705602245,85.38434704031772,18.1815761818455,-45.61768557968657,-109.05236653513167,63.434680955445096,241.2356110501186,S1,3,132809,133064
-55.78749345443735,55.78749345443735,56.607984182495166,9.603095713192294,-35.887409914107,-77.83904966646719,41.95163975236019,310.11391743217547,-59.1503923958069,59.1503923958069,61.05135828519327,15.116197534072695,-40.801098492106696,-94.35661857796063,53.555520085853935,183.5485318765928,S1,3,132937,133192
330.92866630120255,355.7848484819622,381.697915646303,190.20913918326733,472.53276046755724,-85.06909020797416,557.6018506755314,955.6893120126733,134.33685355376707,145.73140798980802,156.79562950251082,80.86086326748182,276.41002740378855,-44.38076853759209,320.7907959413806,611.6329932714175,S1,1,133211,133466
14.983269793881597,166.23793021109304,203.51264021245277,202.9603319679168,393.0245996294253,-128.43814217794665,521.4627418073719,838.4906594114069,-56.16641988625107,127.1698838475506,128.83520553946872,115.94758929601984,154.43264464867843,-140.46106102877505,294.89370567745345,513.5011991919534,S1,2,133475,133730
-119.21605311009249,119.21605311009249,124.47939267365983,35.81412963140112,-62.867098405306216,-203.7930539197485,140.92595551444228,439.271565482955,145.46951104977694,204.08337486965937,381.26100229774363,352.41817948003035,1136.7883280649364,-109.4384501517897,1246.2267782167262,2503.9884569139676,S1,3,133741,133996
-81.05517125840532,81.05517125840532,83.4524206867102,19.8586437286699,-39.79144876795065,-123.8635579331232,84.07210916517255,359.6187290261077,-21.435433136789676,25.042139891090233,26.796905087719228,16.080930586208368,55.934916674034135,-36.86656699787433,92.80148367190847,257.83731684406507,S1,3,133869,134124
9.108706362083531,68.70042756936004,74.19616924771444,73.63493056589938,99.62037622820422,-122.91032375923866,222.5306999874429,498.22525468892894,-109.04592654323488,109.04592654323488,119.50392910382533,48.88941578275947,-22.65759490839382,-174.9984301531932,152.3408352447994,290.8587926201143,S1,1,134251,134506
36.7115615617111,39.51069453558348,53.014946222222164,38.2471668316204,110.01727387231887,-19.603495187064276,129.62076905938315,500.18903631236884,-85.62066817562498,85.88772006833018,90.15796116336502,28.241089608836873,9.764524693467965,-128.11517766455583,137.8797023580238,387.71978083863877,S1,2,134515,134770
39.31998222332108,39.31998222332108,43.43525135633169,18.454269379886835,77.65103127065902,2.730444525128169,74.92058674553085,351.10970042982103,133.38513075527285,157.39660018466853,330.3460188261249,302.21995143879775,1075.173312934377,-74.21758937918291,1149.39090231356,2360.1902153096853,S1,3,134779,135034
60.349914843345,60.349914843345,64.95165926814963,24.012617934886137,105.32872935509735,23.30324874759272,82.02548060750463,316.3404860114139,-12.391432529306684,16.660582766200672,17.673768743612502,12.602162571334112,21.153507282694083,-27.426001996304358,48.579509278998444,262.47828475634526,S1,3,134907,135162
-206.88547842942245,213.08348208237908,235.10292231780633,111.67713686069078,38.52648913228911,-309.92362781494063,348.45011694722973,719.4316831704051,-22.648901194908927,23.862867410878764,25.537271353323312,11.797436282367476,21.293696763218907,-45.62515210597216,66.91884886919107,337.0187848289925,S1,1,135289,135544
42.50585830149654,109.57325704738109,124.47714266586239,116.99491893373212,131.86860561694002,-248.26202443769375,380.1306300546338,571.5841310997012,-81.34281080620433,81.34281080620433,85.32536777873317,25.763647193713176,-22.151495837966575,-113.05331645132667,90.90182061336009,261.86273459785707,S1,2,135553,135808
98.53540311395327,98.53540311395327,100.62702093768536,20.410087603048108,142.60954062817504,42.62014144317836,99.98939918499667,458.59423549899185,214.2380693830007,257.6423794434622,434.24320051942175,377.71577518604556,1171.3117823245138,-98.97106609094425,1270.2828484154581,2499.050627525986,S1,3,135817,136072
103.76710160080768,103.76710160080768,105.32251111960878,18.03385632380855,149.4909947257429,71.36635152910678,78.12464319663611,398.3242209350391,54.510757072435375,54.510757072435375,71.65526763405995,46.508652346619286,314.43492896342195,19.496906283011057,294.9380226804109,462.9386410590058,S1,3,135945,136200
-220.56162428067387,307.62012203601506,322.177411437483,234.84219027940458,188.3320465663388,-416.9912057871495,605.3232523534883,945.8319774691125,-86.87182359271726,86.87182359271726,97.54710295374045,44.37030043107044,-8.40235435818091,-132.13418836834657,123.73183401016566,278.47788847786575,S1,1,136327,136582
2.1290588899696132,210.63827292313442,236.91589155832588,236.90632490737653,183.2747739294115,-406.012751823332,589.2875257527435,903.7064628287792,-111.11258548809121,111.11258548809121,112.46616782029871,17.396328645297977,-42.048327269243636,-136.4752695507882,94.42694228154457,381.7774404962415,S1,2,136591,136846
122.64123693469597,122.64123693469597,124.70809237733073,22.610513207811508,157.38989210516775,62.54089891940537,94.84899318576237,370.02874556108725,113.07144884080353,164.74764973695645,321.3499857515145,300.8000345737017,1067.204144241668,-106.52584654242735,1173.7299907840954,2389.800103173804,S1,3,136855,137110
104.46557972310669,104.46557972310669,106.97012015650324,23.011937324179772,145.4183613274006,62.54089891940537,82.87746240799521,398.6306625733972,-35.059593580205295,38.092596800937514,44.073630102581355,26.70785967482219,31.734955066552033,-71.49229108793457,103.22724615448661,275.7836632924219,S1,3,136983,137238
88.03974708428862,88.03974708428862,89.74162759120316,17.394328272534384,128.0775177363293,54.806307453564706,73.2712102827646,368.032681059422,-61.2882157983386,61.2882157983386,61.99007351771769,9.301818047474534,-39.02845133166104,-79.3791053337854,40.350654002124365,235.2305192228155,S1,3,137111,137366
-54.61948961531497,66.94090272724429,93.79972736666437,76.25680434048535,31.027561764645867,-186.1916081697849,217.21916993443077,541.464661998755,-47.34999219019234,76.01401797256041,78.18598281823294,62.21757106189329,63.49593320083786,-102.85107789729793,166.3470110981358,346.3962134750315,S1,2,137627,137882
-33.51887455826579,33.51887455826579,36.163736150105585,13.575745308516044,-4.36901113365132,-61.13537117318481,56.76636003953349,358.4418852278342,110.97534759566568,169.99969110788228,323.9288736877317,304.32612019776354,1059.351691620789,-88.14635690374982,1147.498048524539,2342.79250811187,S1,3,137893,138148
-58.005758783402,58.005758783402,64.61029678226623,28.457378625838047,-13.643644158781013,-113.13012349503964,99.48647933625863,336.00662758412983,-47.78540490403965,49.02698912214996,53.45387702461341,23.955626627568662,22.93250707851173,-76.09092123342246,99.0234283119342,225.2217761904277,S1,3,138021,138276
-100.77527149222578,100.77527149222578,105.14707051786695,30.00418461077511,-40.78698813884296,-156.08470972619006,115.2977215873471,355.9004548293499,-67.86495091685893,67.86495091685893,68.14858346861209,6.211108261068708,-52.46765825871039,-78.88184563195938,26.414187373248993,222.77809668741995,S1,3,138149,138404
83.58498530354254,116.83217899981378,176.39788348955682,155.33757926336384,329.3187313058313,-54.410266529107126,383.7289978349384,677.1560393547361,-80.7421795007403,142.16497713492072,147.7447969831054,123.7304549617808,116.33712219773702,-203.12411230595492,319.4612345036919,513.5442733086456,S1,2,138666,138921
-5.033811496258899,15.82429816115426,21.79266248729475,21.20332238365666,27.427027171044674,-61.05405086978094,88.48107804082561,403.0665215586494,37.849824681954175,165.3947393098116,276.9225606782518,274.323705472468,951.253394001094,-147.37664359590732,1098.6300375970013,2230.7195637240443,S1,3,138930,139185
32.574137725568626,33.49688371932991,45.447925420420425,31.692893153762153,105.62556984752806,-12.133896026400922,117.75946587392897,349.1321398773381,-60.404278922346464,60.404278922346464,61.15443116944381,9.549216697175316,-40.429862299120984,-77.68044915168687,37.25058685256589,219.62514117802044,S1,3,139058,139313
69.11717103320385,69.11717103320385,73.7989842479002,25.867097718697952,110.09951918662348,12.519981303079149,97.57953788354433,381.5137509982958,-44.94551049115941,44.94551049115941,46.11434983565235,10.31670235365978,-25.46688907810734,-68.21451596305992,42.74762688495258,230.77765504388,S1,3,139186,139441
-335.21272694047,352.08157092617137,380.11285706126756,179.2155456438238,63.13662687721903,-463.84130319591844,526.9779300731375,1293.4389995178851,45.55098640092811,63.16588312868643,64.8551011882296,46.1659158691557,111.79199361574553,-88.10139682615443,199.89339044189995,554.3762953661617,S1,1,139460,139715
-6.3123283519869045,26.938998718898027,34.889915981582256,34.314147927328335,63.42769808293918,-72.32767593125745,135.75537401419663,441.85756364726205,202.48070341510504,233.4422036714526,399.6236600437116,344.5295842322634,1177.6500663673723,-89.83657748583315,1267.4866438532056,2489.1562704598146,S1,3,139968,140223
42.2551920774458,46.134976203207856,54.54526653791398,34.49180836358454,91.85827813452433,-27.109621762992727,118.96789989751706,402.5122474403345,20.07787537422927,46.77215922792967,55.31380071998206,51.54120167930514,135.53551188481086,-42.985825750173134,178.52133763498398,258.83301213092057,S1,3,140096,140351
60.521619551616645,60.521619551616645,62.09257640563618,13.878818809219347,91.85827813452433,33.63160620492269,58.226671929601636,374.93684755161246,-18.177009273650363,18.742371469391394,22.763442599396562,13.702943218215964,10.827307525219625,-42.985825750173134,53.81313327539276,209.9733510409181,S1,3,140224,140479
-22.437091425685296,57.51100805180878,61.594736718533134,57.36277991677926,101.67327977047844,-82.27325714123512,183.94653691171357,482.3040534315348,-150.42948607076892,152.7062404571636,174.58175538515886,88.5988658722435,14.140846698763289,-224.39554755530867,238.53639425407195,429.1389368607694,S1,1,140498,140753
103.18930287601133,104.66792498092113,109.05127567729515,35.27248926299682,161.67102838576383,-29.946608360483445,191.61763674624729,544.6054140476518,-67.19450993216336,67.19450993216336,72.90790655344485,28.292413700181967,-34.37588492744739,-194.0603636400803,159.68447871263294,440.10333196155364,S1,2,140762,141017
89.45778621936802,89.45778621936802,91.42717684539801,18.874139732701252,124.03321052802097,37.50042124841022,86.53278927961075,460.90600125010576,171.2028290970385,188.5230205535831,359.7349902763502,316.38403015685856,1122.427662760044,-71.32590148931885,1193.7535642493629,2391.271059595307,S1,3,141026,141281
65.97838225668298,65.97838225668298,68.97386947728866,20.105913196397555,100.96722215203756,27.154733436027428,73.81248871601014,362.8578638595975,7.709007701700795,15.932020630440936,22.75845494840809,21.413044433098214,58.62561363110143,-15.152405216538291,73.77801884763971,226.32097039793217,S1,3,141154,141409
-316.2169830337729,336.1923390349625,361.19189754949184,174.54628754694608,87.9038704183615,-449.55903303908445,537.4629034574459,879.1434464529846,-2.0024380800319923,7.7867465333295725,11.27404879791657,11.094792383521284,30.803105663068436,-27.55940444897915,58.36251011204759,278.5267882083701,S1,1,141537,141792
18.729890038832835,155.43134021909358,189.2125919312883,188.28328700256287,139.85533105678732,-412.8584959660347,552.713827022822,831.012599271567,-107.14973607549051,107.14973607549051,116.28398974486134,45.1763248830153,-2.293205825811058,-148.77850316106188,146.4852973352508,352.4623926533827,S1,2,141804,142059
88.84388918105586,88.84388918105586,90.8014323312981,18.752692302695507,145.65213822064786,53.96624399009551,91.68589423055235,515.7566465932587,172.36146209934995,214.12802065399663,394.84989025695546,355.24352523150105,1165.9426527621788,-121.63543659290595,1287.5780893550848,2546.932363604637,S1,3,142069,142324
91.9850038834727,91.9850038834727,93.55539447660558,17.069589808510226,133.18450699050703,49.58205897046727,83.60244802003976,433.1721813842922,-20.65704261436871,34.307591230892726,36.82152096235595,30.481322090903042,59.44258852445942,-61.549395443142956,120.99198396760238,277.6198180724484,S1,3,142197,142452
-147.2708502220858,202.61502447434904,210.87780066190618,150.93291054924575,127.28508100701677,-312.77115234257434,440.05623334959114,798.3028236899681,-50.82962918846571,50.82962918846571,53.88300647371548,17.880916732917786,-15.774673158311368,-91.82566420818286,76.05099104987148,330.2965994444995,S1,1,142579,142834
51.280841941970536,141.5056218124804,155.68139727198252,146.9931042813896,172.24378966646339,-285.08617071494757,457.32996038141096,806.2554974760553,-97.78438617936689,97.78438617936689,102.93731656010051,32.16061193632337,-27.197128332905848,-143.03684457249568,115.83971623958983,334.6733074348561,S1,2,142844,143099
114.49083279848637,114.49083279848637,116.71356792523117,22.669498074430148,164.63234794868038,70.63029386872131,94.00205407995907,449.7685801739439,151.68778244370813,169.82898285054813,323.15890214571317,285.34626805573066,1058.8499064139228,-78.13582929857012,1136.985735712493,2312.8403353477997,S1,3,143108,143363
107.19493676930065,107.19493676930065,108.55513305311754,17.1307455531185,136.19588403074113,70.63029386872131,65.56559016201982,400.87598071704224,37.00187980738543,37.00187980738543,37.71124916405008,7.280055235564513,52.884302364157136,19.120716411836256,33.76358595232088,226.60261692134225,S1,3,143236,143491
-302.225450798774,352.0328481528865,376.5166458491752,224.55413933167884,129.33009104489145,-479.651303638855,608.9813946837464,954.5578836702387,-81.38670829279428,96.89998295925116,103.50572023305565,63.95027626388486,47.636205920421304,-133.36153055355138,180.99773647397268,355.9512985392913,S1,1,143617,143872
-8.746005378050555,126.59868247084277,181.38964081898612,181.17866647695558,122.38501466096862,-440.65377197626896,563.0387866372375,905.1725816416242,-52.8469709224747,55.50275869138293,64.69235495400264,37.313515698923155,42.590970966872625,-132.19209241152424,174.78306337839686,425.1552996665408,S1,2,143883,144138
15.185908367372694,22.98327511671436,30.726182183223305,26.711167301606068,71.68857172606376,-37.114996575312766,108.80356830137652,463.1272885039157,156.52778366433935,162.60672229015648,334.4321864454972,295.54008234391085,1083.2286023193474,-56.80867278555022,1140.0372751048976,2324.5152747991146,S1,3,144147,144402
-6.286831553540899,11.930875025747135,15.382718890899163,14.039365708386844,27.356518710302034,-37.39373546125484,64.75025417155688,349.7061129933684,-0.04906835498758788,10.31565890528558,12.145169102839537,12.145069980576768,24.352029111612143,-19.43203446256762,43.78406357417977,222.689465813401,S1,3,144275,144530
207.5305067612562,207.5305067612562,236.3292369424911,113.06014769686215,319.3112287569443,2.6259431075788284,316.6852856493654,660.583174246091,-130.2929975401512,130.2929975401512,145.17715625000355,64.03234720701799,-17.953570769226175,-197.45759923883242,179.50402846960623,388.1327989399441,S1,1,144657,144912
32.14734126667632,43.29687657729289,86.13449991776514,79.91057830830242,246.5911727511226,-39.64952586180859,286.24069861293117,592.3410246157678,-73.48737117614311,73.48737117614311,80.09223349824167,31.8492094777349,-4.86878254170812,-154.01935084879793,149.1505683070898,413.4394191193884,S1,2,144921,145176
-30.39459197386399,32.70879659072936,40.402770815312365,26.618652638647568,14.040345364421546,-80.31275953950971,94.35310490393125,375.35314653976513,228.34447065596694,245.71281232765486,414.51773707269524,345.9534030309781,1179.8149653262894,-63.74532447021625,1243.5602897965057,2470.2281303045856,S1,3,145186,145441
9.735134024043862,35.068447227504734,42.50398770747371,41.37409982792351,84.7568448272546,-58.83620408031972,143.5930489075743,406.1206225589856,46.978094145482544,46.978094145482544,56.26670754026748,30.9677420533072,126.38087615142841,3.225244587042525,123.15563156438589,287.09727210170115,S1,3,145314,145569
-318.56893255776413,338.4315609812568,375.46315580948095,198.71189340203384,77.48127692739214,-494.4462483031869,571.927525230579,1379.9668337243388,-128.58038100451097,128.95587575250093,146.14317934927885,69.46160443763353,3.642002159236061,-189.69995308393888,193.34195524317494,508.61343442802377,S1,1,145697,145952
34.37337481426881,35.76499594818191,46.65434326713688,31.54518742321293,106.18932383961642,-14.852980304623141,121.04230414423957,350.7914995250029,-68.81749315047139,68.81749315047139,70.1204645498671,13.454820146475068,-40.87489906396053,-89.90348676907219,49.02858770511166,271.79404288038074,S1,2,145961,146216
4.920594457664798,17.892102600124716,22.177338892100174,21.624571915260134,47.39780849718903,-39.98631366368603,87.38412216087507,426.996559319525,193.51531270766304,225.65192613297148,402.15020539973705,352.5288803072821,1160.087440176386,-92.30812218588066,1252.3955623622667,2490.313492289387,S1,3,146224,146479
21.653223244139546,31.151794344035913,38.53183645700863,31.87225037378306,90.3757456373304,-39.98631366368603,130.36205930101642,414.91103666833925,-11.067513511784533,42.42289992735233,47.060874090690476,45.74096648351769,106.66401630952666,-74.43758847183837,181.10160478136504,301.8575947746227,S1,3,146352,146607
115.1898101818597,115.1898101818597,121.2530005623828,37.862881238071886,194.9337197390028,55.216565219703824,139.717154519299,477.76731602544436,-28.14179569152368,28.237638233075746,33.80314907809932,18.726778229389758,3.510487214150271,-70.9216957132089,74.43218292735918,275.1073787293494,S1,1,146734,146989
37.09638998179457,37.09638998179457,42.09408816268664,19.893971663965115,161.27431095610245,7.360583380660553,153.9137275754419,463.24539310017616,-115.36263466385594,115.36263466385594,115.94216229571401,11.577889324889554,-34.057743976517955,-124.75989838760296,90.702154411085,220.46148688423324,S1,2,146998,147253
18.015164861576945,25.328320922682828,35.33217726436721,30.394351206282902,82.1253811218398,-22.664253401622794,104.78963452346258,424.5072411482647,135.27830216493925,199.6171317293631,373.63854156886293,348.28944960919836,1120.0688464151688,-112.26358245600233,1232.332428871171,2511.3134846714556,S1,3,147263,147518
21.28738172586391,28.10667972338325,37.98074773278589,31.45448422083688,105.48921260055675,-22.664253401622794,128.15346600217956,390.5092760043274,-31.85145708900867,32.5315407629479,34.107311710174656,12.198089743974515,18.592701504995112,-47.72622529194829,66.3189267969434,259.01177130604344,S1,3,147391,147646
48.559510355220645,48.559510355220645,55.69550808979072,27.275695691240628,105.48921260055675,8.402013730334296,97.08719887022247,429.0041307824615,-41.676882664632764,41.676882664632764,42.14449175532603,6.260641873895723,-30.81276900686144,-56.58777322518529,25.775004218323847,187.08012696311616,S1,3,147519,147774
-37.39443400886609,94.85848902089342,155.59581708829128,151.03547464264665,83.09932337642752,-376.79865669267826,459.89798006910576,742.236630210741,-68.3164830117965,86.65196832803012,88.99128881861003,57.02900695695293,57.535331127411304,-112.33718770610125,169.87251883351254,380.77343234276253,S1,2,148038,148293
38.9170129985377,39.5820487742312,43.445089333580704,19.311703355076048,61.83320025002243,-10.250739420867747,72.08393967089017,355.74572345459376,160.21258451386316,181.42891332397195,339.74113209546476,299.5929982507874,1072.2515874370704,-100.6440223793477,1172.895609816418,2313.341367624311,S1,3,148302,148557
40.39720048658041,40.39720048658041,43.13055225857101,15.109954698024497,61.227508195809364,5.179829348270776,56.04767884753859,358.2744635484779,5.007343351412235,23.864396455317873,28.37438045637952,27.929052594823904,64.12801722672182,-37.66815967197192,101.79617689869374,264.9400977973098,S1,3,148430,148685
24.28642050204614,24.701196806683363,28.77528284989738,15.433297842308079,61.155857607798936,-6.328443644872653,67.48430125267159,346.4407030994635,-21.276989407471675,21.515775888888324,23.024777083738922,8.799436431397588,5.807504764634293,-37.66815967197192,43.475664436606216,259.6052734217829,S1,3,148558,148813
145.51842547895978,145.51842547895978,156.89073227156138,58.64375259847526,205.47784905065262,3.114892122494586,202.36295692815804,587.3414676164628,-115.76428865970477,115.76428865970477,121.63880041470867,37.34470829236559,-29.040957833437766,-162.38501586120302,133.34405802776524,362.55304839761016,S1,1,148832,149087
-87.02336957908392,87.02336957908392,88.87549708026411,18.049574187947055,-57.76926549562955,-138.47432850085775,80.7050630052282,399.32408650042333,162.70130631674866,207.01064488685785,380.7421500660557,344.2279328580793,1106.0819150709476,-99.2547410669517,1205.3366561378994,2444.2880594896246,S1,3,149340,149595
-67.66092933682928,67.66092933682928,69.94619476172204,17.7332682526754,-27.051103219599472,-94.83046625622332,67.77936303662385,338.2020048756858,-27.108801040260538,39.93644620261827,44.89931536592893,35.79191845219687,71.69160001121199,-76.46181725011827,148.15341726133028,333.500403951634,S1,3,149468,149723
-46.62223790012675,46.860498855372846,50.649529497779724,19.792467545266888,10.001316572918096,-81.47225738666505,91.47357395958315,353.1225193728754,-64.81692505595231,64.81692505595231,66.1921460750329,13.42260884886222,-36.30255233902578,-88.62063572842159,52.31808338939581,263.05940178629993,S1,3,149596,149851
24.025550799529174,24.677107455065066,30.041337962736897,18.03482451732259,65.4192872130853,-9.362174761304239,74.78146197438954,351.84039072983063,62.303089510880895,98.49712378737317,101.86112202338123,80.58544047941491,201.88585166344808,-93.39027278886786,295.2761244523159,556.8761987249197,S1,1,149870,150125
40.42438924390605,40.48360728554445,47.82846717603523,25.562296975550787,85.63138181947394,-2.2990654389975584,87.9304472584715,389.0615684241543,125.3438197042049,200.85512049882135,356.61682582005665,333.8629768631622,1062.8304677180467,-149.3974689664183,1212.227936684465,2383.403181711587,S1,3,150378,150633
29.492691303080964,29.55190934471937,33.930174137636385,16.776110297428936,62.59651474907557,-2.2990654389975584,64.89558018807313,325.4823859846344,-26.872921680015523,39.62224263162371,45.42188998049556,36.61958724207572,108.8632991777575,-68.99307200480703,177.85637118256454,308.530085126309,S1,3,150506,150761
26.256468176468797,26.431811802139297,31.530949250077363,17.458483310672644,62.59651474907557,-5.074853722564926,67.67136847164049,343.42802535514875,-70.07700177746267,70.07700177746267,71.87539426348243,15.977675751264206,-31.617555915105427,-89.95560713637879,58.33805122127336,214.62489994209463,S1,3,150634,150889
-176.81721340681827,182.18258479938044,200.83357078852396,95.23547762633814,26.48852624672175,-268.4255667378728,294.91409298459456,717.7468373634559,-32.33797328901477,32.908545700477994,40.317709717886714,24.07848002791587,16.63268342396106,-93.97576566369305,110.60844908765411,337.20148557407094,S1,1,150909,151164
21.338609008472197,86.3866888905119,98.4745219605603,96.1347764388331,92.73935651655066,-198.93131325836384,291.6706697749145,587.611639177378,-62.89841640475204,89.94156505659865,101.23444775733766,79.32340528814649,262.0083965389342,-118.37407434133013,380.38247088026435,794.0153580367028,S1,2,151174,151429
-24.502367329337105,26.63621908243659,29.225651902669604,15.930245584869342,21.01231854274839,-53.16987117099066,74.18218971373905,443.07679297232966,148.70613298647407,174.42556343599009,350.49960541893586,317.39007453138606,1102.825125140065,-101.53795765957392,1204.363082799639,2400.793747430247,S1,3,151438,151693
-21.877003987617172,23.312039094253596,26.911955151749066,15.673226426474399,15.679440782905838,-53.16987117099066,68.8493119538965,372.9109518467486,-8.70777161013584,16.881677868310632,20.07774777573465,18.091176560183417,31.252758333377415,-36.8900385670643,68.14279690044171,251.81381902762377,S1,3,151566,151821
240.85320829384486,248.1992993098058,275.3486079232075,133.44132770551272,388.45471486001156,-36.87819002813827,425.3329048881498,839.3244196017466,-66.15198741926713,66.15198741926713,68.6376166166868,18.304015278085952,-31.298036897501838,-103.97995082374206,72.68191392624021,272.0000622661528,S1,1,151948,152203
1.1583005535364492,86.86288592927016,117.63650758101758,117.63080487562128,281.1578931815163,-107.06997041902105,388.2278636005373,734.2024915741001,-43.43530515321798,43.43530515321798,45.75227105765285,14.375137327336201,-14.068988151812368,-68.74218159205782,54.67319344024545,260.23182536999184,S1,2,152213,152468
-100.49183668370276,100.49183668370276,103.29341688917569,23.89394761392641,-29.624044011974576,-152.67850004569945,123.05445603372488,494.45020172146485,192.5466610254058,202.72470568078492,406.96280739964897,358.5310445896858,1164.9547005767233,-33.74659396488048,1198.7012945416038,2453.3507148323906,S1,3,152477,152732
-94.7400737081587,94.7400737081587,95.65362462742736,13.188416816943365,-70.31861349877708,-118.7999578429358,48.481344344158714,327.2059898175006,-23.67641314584395,28.000372355286242,33.24477103058712,23.337571883627305,22.347116335014825,-73.74164292731697,96.08875926233179,245.01854507425688,S1,3,152605,152860
163.873131769344,214.5337372931408,223.1830071862617,151.51320530174974,281.89134378671815,-141.99410123687218,423.88544502359036,1091.5678290537287,-99.9153117289629,99.9153117289629,101.32028328283545,16.814585532156002,-59.4663238565976,-121.49048590321108,62.02416204661348,228.4010144972969,S1,1,152987,153242
-109.33015729209497,109.33015729209497,112.36441703310771,25.936054473954194,-71.0182237234386,-168.687702338071,97.66947861463241,391.67433110251307,-98.90512091150434,98.90512091150434,99.67824326605525,12.390691590367162,-81.76086247460451,-126.47695772212286,44.71609524751835,224.49547692233253,S1,2,153252,153507
-82.58437543314191,82.58437543314191,87.99127944849879,30.369165172945923,-16.226337878605175,-152.94082118287963,136.71448330427447,496.51425585819857,158.4955853355002,191.00205957445039,369.24754683814706,333.5009749238326,1128.2161389712123,-89.87158605272322,1218.0877250239355,2467.826094518192,S1,3,153515,153770
-64.91290855439617,64.91290855439617,71.86296155943,30.831794419084893,-6.944528614002564,-129.85121867708932,122.90669006308676,475.0994605639948,-9.856556909157689,21.477934312102274,24.830744385038717,22.790659328147303,64.13603054370004,-35.83400794496874,99.97003848866879,275.61701042511714,S1,3,153643,153898
299.7645990219577,344.4546463823102,378.2713679909624,230.71717104489434,492.4438367571955,-104.17059460889959,596.6144313660951,993.2503321935667,52.2909947624713,69.0213566051901,76.49988082057628,55.83801243161842,165.10598569585963,-43.70010871938947,208.8060944152491,472.4472169933545,S1,1,154025,154280
21.40477727696034,118.56494063867683,179.41785698802877,178.13647272779502,440.45024941071654,-91.8783887359073,532.3286381466238,905.970291545302,-74.58400329388647,84.88282217767366,88.63897058894676,47.89669675171452,38.79291969528183,-113.63271076159323,152.42563045687507,390.2816221598731,S1,2,154289,154544
-37.67221478151249,40.198103935285424,47.34010446175498,28.668619148913777,13.336644819332044,-106.26433570074829,119.60098052008033,408.5317711193619,181.1220623850331,207.61648446552653,392.20286792632356,347.876254043051,1166.3777015442363,-96.92097985728158,1263.2986814015178,2533.57805209129,S1,3,154553,154808
20.971725988248032,40.97601539798776,50.03743155822738,45.4305102988964,99.96774361088984,-55.39245051838459,155.36019412927442,381.4682007514198,10.172578946975493,11.117354560387135,19.332441501903947,16.439645129749277,69.27629143619163,-6.126256362843977,75.4025477990356,258.8360652171188,S1,3,154681,154936
-323.468087411633,349.64247891862357,396.5791080716511,229.44146396230664,64.45986931395473,-519.8568749020059,584.3167442159606,953.8886922096847,-227.59957437981552,227.59957437981552,257.82127835896705,121.1207881281277,-30.041420992148456,-330.7959673497018,300.75454635755335,456.24207836644615,S1,1,155063,155318
16.09837466280895,154.58261906847815,199.48397170097923,198.83334051112482,125.66727168393432,-475.7807184656018,601.4479901495362,914.6426636894284,-109.06312903267676,109.06312903267676,141.68602102223733,90.44425044587173,-14.923131731497591,-338.50217120391835,323.57903947242073,563.3536175370639,S1,2,155328,155583
84.87071711202807,84.87071711202807,90.175686634548,30.473198665422423,133.9143189277455,17.822499422412772,116.09181950533274,555.4511927529736,221.12670705172758,235.3223566001933,397.65655608451954,330.50524356726936,1176.7828536409554,-52.4927388952221,1229.2755925361776,2480.472345695168,S1,3,155593,155848
72.81612245487415,72.81612245487415,75.91680657828388,21.474958246323542,112.07864466217703,17.822499422412772,94.25614523976425,382.0369790641268,41.47725078520136,41.616996044140436,58.22978601032535,40.86986232066111,155.85616294828233,-4.002884123857183,159.8590470721395,339.36925882669664,S1,3,155721,155976
105.25253830122472,105.38410012343272,119.69463891156389,56.99745402488509,176.76441931120723,-4.189881176557861,180.9543004877651,513.5033038082771,69.49822278116835,81.61734644133537,90.02810604242615,57.22811291529208,219.56819374963092,-43.148178758156575,262.71637250778747,534.6303260503098,S1,1,156103,156358
-10.145443220977103,36.18848481546376,49.18235504858125,48.124567841951944,133.52810841432273,-62.438254015128514,195.96636242945124,507.7114207618135,-120.51951330194379,134.12332700460718,139.8432822119196,70.93088532695175,75.19677938547382,-204.62093082508915,279.81771021056295,493.6953779345878,S1,2,156367,156622
-11.405875983049398,20.149475130239644,26.055298579695783,23.426151564787464,31.78229460618029,-71.49801780785464,103.28031241403492,411.18535391887826,139.5230230195529,188.98325450003875,350.1031845916952,321.1005542018449,1092.5095057666736,-130.6080679670955,1223.117573733769,2426.3723383666807,S1,3,156631,156886
15.718445371655012,21.9408990177745,25.37967282043485,19.92632097429469,60.73070903781011,-20.393261133142058,81.12397017095216,378.81814130111695,-13.895285994045874,29.699367931984334,33.14505203554644,30.091784619439807,62.9820996512738,-47.94558978893439,110.92768944020818,242.09224953522352,S1,3,156759,157014
40.295665726712386,40.295665726712386,43.19442517454813,15.556917747442586,72.31218359905498,2.3435170451444467,69.96866655391052,346.3726810919191,-35.66878734140879,35.66878734140879,36.05345608068772,5.252552232527998,-20.530445426684345,-47.94558978893439,27.415144362250047,217.65840813146747,S1,3,156887,157142
147.62357478835833,149.88927551295973,158.91593147928782,58.83496787315929,212.99070737094905,-131.93361421336235,344.92432158431143,606.4622527261724,-29.968803211687543,29.984217001130364,31.963082188720026,11.113480870637144,0.5248015813482394,-51.69216114378426,52.216962725132504,295.67889852023654,S1,2,157406,157661
161.41678669433884,161.41678669433884,162.2619452198101,16.539644488046715,191.30020165021293,116.77804502879506,74.52215662141786,392.7919628708725,153.85963278218452,171.26606212375836,344.9949908951107,308.7859406495847,1100.8388550783195,-40.87846337449628,1141.7173184528158,2338.1368287903415,S1,3,157670,157925
144.9677575542034,144.9677575542034,146.6073747517244,21.864848531336,191.30020165021293,106.54663834046661,84.75356330974631,363.20602387475094,-27.864367522732813,28.089385462201783,32.083849425663445,15.904415001084363,9.60958466623243,-57.23622099204371,66.84580565827613,254.51036360911934,S1,3,157798,158053
132.57813520148878,132.57813520148878,133.1782033479006,12.628218935009095,160.89082352009575,106.54663834046661,54.344185179629136,362.1419515114159,-47.683502564703346,47.683502564703346,49.10109962087016,11.713307267400829,-21.941730233801398,-68.31738190671824,46.375651672916845,282.1504098052963,S1,3,157926,158181
-278.8470558062853,325.3513987234893,345.1133459756461,203.34094776673098,127.25103324413534,-406.2240885226161,533.4751217667515,855.5893857270003,15.466953076719495,43.72617065845742,50.68551149200495,48.267944204499976,126.58787656381139,-84.75683940649613,211.3447159703075,462.7367847045948,S1,1,158200,158455
141.7421260198772,141.7421260198772,142.42348326899878,13.914679221600133,163.97966100038934,86.7342102674016,77.24545073298775,428.7493922297417,191.31165423728515,262.1508173715946,416.94652103487164,370.4649137989671,1146.007054895367,-161.45019031919196,1307.457245214559,2504.0083217443166,S1,3,158708,158963
147.7996203731219,147.7996203731219,148.038889604194,8.41338533551028,163.71687320950187,125.67694909293276,38.03992411656911,321.90827674559574,28.64922541431918,46.434605595780454,68.13436436925764,61.818391204901914,275.8841328428982,-37.18769651828794,313.0718293611862,404.26219720763976,S1,3,158836,159091
138.52651869162253,138.52651869162253,139.17324268092744,13.401309544365011,162.22546434184414,114.81468279475669,47.41078154708745,303.9337459238477,-24.083316320040446,24.659823514588552,27.17370562480248,12.585871142368154,10.627418284655947,-42.54327436358856,53.170692648244504,219.61426295105375,S1,3,158964,159219
-267.40220799189575,314.56016110889647,328.10785255326493,190.13369524672362,157.73190540000613,-396.07245155605057,553.8043569560567,875.9970538973176,-41.92075580464979,41.92075580464979,44.91209860582217,16.11666323858681,-8.398613110814042,-64.43096272219252,56.03234961137848,225.3425939678287,S1,1,159240,159495
67.86803512286473,67.86803512286473,69.31401329074538,14.0841132852312,94.75748141253871,37.98698673782903,56.77049467470968,525.6057752891531,101.80140059024608,108.76528177494119,242.88931686836622,220.52595105031486,826.5801566481772,-63.136550903855365,889.7167075520325,1877.5377383948855,S1,3,159748,160003
42.69644593377059,42.69644593377059,48.630930781615824,23.28048395783288,91.35046205372612,4.86086615069761,86.48959590302852,453.17032485880134,1.464420192177232,4.182337075814845,5.111212197457521,4.896934104945884,11.93160342820214,-11.841069372802302,23.77267280100444,251.24673695207548,S1,3,159876,160131
27.440972923048335,27.440972923048335,30.37653024084847,13.02791596955206,54.30579721712906,4.86086615069761,49.44493106643145,356.44296135582033,6.073103537939085,7.064471688472343,9.43546119032469,7.221173124333411,22.18229279874401,-5.366445784075332,27.548738582819343,204.99951494357026,S1,3,160004,160259
-69.31635158061678,88.92685157193884,95.24429008979797,65.32012092963328,65.36215245782232,-142.02706014980942,207.38921260763175,497.1129715049531,-137.47809771748825,142.40615177238624,160.58456357658633,82.9890035309706,26.473150955302927,-214.07781674930825,240.5509677046112,450.03365572465134,S1,1,160280,160535
69.32202877478983,69.32202877478983,72.22489452995528,20.270464138997305,107.64660713212528,31.650234769148433,75.99637236297684,348.82569245158186,184.76727338727383,191.24536382602886,350.52358292447,297.87218210373425,1076.0896613719547,-29.984530872847017,1106.0741922448017,2240.688950351716,S1,3,160787,161042
54.82193528268986,54.82193528268986,55.711956895844814,9.918545912835988,89.44138243311262,31.650234769148433,57.79114766396419,330.1100571580278,26.055488290336402,31.763922666021287,46.48731651640615,38.49911852041122,144.92105973795015,-28.594877881745877,173.51593761969602,270.8767243702724,S1,3,160915,161170
55.69101586247359,55.69101586247359,56.14290773080442,7.108926830073137,73.72054134534513,37.50151255758483,36.219028787760294,284.5860987676283,-18.611871265369683,23.012324355120768,27.279154589812276,19.943683790518303,20.210844863443906,-50.59303342858205,70.80387829202596,189.83271915275313,S1,3,161043,161298
-178.39847590833784,200.64358985038655,214.18679451142057,118.53255559828152,72.10545145591757,-303.7829456600957,375.88839711601327,768.2970366835574,-43.851980070438415,43.851980070438415,45.75302829486309,13.051568566743807,-13.8023635174322,-72.90102256981098,59.09865905237878,248.39066715730948,S1,1,161318,161573
-18.61180281171236,90.75010826978665,120.72397848826058,119.28067646577102,69.9318672663509,-247.26230968085426,317.19417694720516,640.3949866520409,-98.19839812249853,98.19839812249853,104.473038984513,35.66076949302764,-24.69456527604541,-134.16038395108188,109.46581867503647,335.35641440755137,S1,2,161582,161837
3.4679249498962976,27.071438106732693,31.90259346873777,31.713545474661718,56.868831547706975,-59.287019179139634,116.15585072684661,441.91793853157697,126.59091663866067,207.60554479713107,360.3316172808176,337.3627339182461,1062.8759062183021,-115.49425303068813,1178.3701592489901,2394.3648373248934,S1,3,161847,162102
31.775465529028494,34.88494562833984,40.93250119153526,25.80289604305217,74.28413834005524,-31.181579755147187,105.46571809520242,403.64184655757475,-62.03572087183178,63.35714901411931,68.01848612713114,27.89415334687372,27.77512968909718,-100.82600054192696,128.60113023102414,272.1622473265052,S1,3,161975,162230
-74.43985576014751,104.33622282499616,106.97243089892899,76.82323116632477,101.58943206225209,-153.75159656473213,255.3410286269842,559.0279086587157,42.32554009600572,81.08538004867866,83.02805467030035,71.42973133027868,142.07465411072675,-110.72184537729713,252.79649948802387,541.1314867079325,S1,1,162356,162611
55.933644571509745,99.796312526099,101.16193048816297,84.29213240297065,126.53974277398055,-104.62359745162614,231.1633402256067,494.92880561578727,-71.18144703612329,96.75275995668564,100.83574585905056,71.42163006257005,60.2767331104891,-140.58835250374926,200.86508561423835,391.8087904927594,S1,2,162620,162875
80.11402645706156,80.11402645706156,82.68678839628792,20.465769961810295,111.398828683926,33.3035188757239,78.0953098082021,413.4858062474717,184.1008760752449,223.5344722161777,400.2242874594757,355.367904713935,1127.56647161038,-102.84048896434898,1230.4069605747288,2462.036405956307,S1,3,162885,163140
59.085220659833546,59.085220659833546,63.21883795686648,22.484620792784586,105.44756711751755,21.301035924483827,84.14653119303372,403.3714976859202,-15.716229390655997,35.75538293967804,38.422591792438645,35.06131334945476,86.79987984460907,-54.55722390914169,141.35710375375075,320.0784086460261,S1,3,163013,163268
-170.141728615964,204.5507002049443,215.14195166886304,131.6732757679365,103.21812153217475,-281.44582726296954,384.6639487951443,892.9741208958299,-100.32064455539417,100.32064455539417,108.58319368087611,41.54609760168712,-8.904006012519249,-132.8001806795206,123.89617466700135,295.11757463197955,S1,1,163395,163650
-61.26201899407633,143.08509665622557,180.2950717973286,169.56791542969827,85.86436995658099,-333.8895453514187,419.7539153079997,742.4274149077028,-78.84340355598655,78.84340355598655,83.25666287625079,26.746768571128808,-42.594759009632966,-128.47481517978375,85.88005617015078,303.4495329932026,S1,2,163659,163914
63.123957203561375,64.93502340093218,71.79784641509546,34.20960065257394,128.40331113435954,-14.53305816596972,142.93636930032926,455.37910941139813,186.77034211547158,209.75688764141572,392.07259975838537,344.7285349189544,1117.9155532185325,-77.90399425148291,1195.8195474700156,2424.5157903669333,S1,3,163924,164179
77.86455154548293,77.86455154548293,82.75587161441389,28.02937564916826,128.79089633605278,17.770569653040237,111.02032668301254,424.2414429536701,-18.94812220881381,30.443753384043806,36.354714281341444,31.026342279389436,61.878002568745785,-66.08908928887325,127.96709185761904,237.71925319309085,S1,3,164052,164307
-43.5843253905809,63.215703290811874,64.79525663720122,47.94613501554358,75.6761370278486,-95.78024774496852,171.4563847728171,428.92716098240214,-47.05785260350142,47.63602554236048,54.455996458360524,27.404635714055914,17.620232262516105,-109.78105532514462,127.40128758766073,380.6950647965599,S1,1,164434,164689
32.03973333500991,49.24594122391095,53.07052359664595,42.30763480323154,73.57533593093295,-101.18549940251522,174.76083533344817,514.5072632786138,-144.29686405708992,144.29686405708992,146.75926817055955,26.771212472503432,-54.92301060874808,-176.65182840203605,121.72881779328796,296.9228731793886,S1,2,164698,164953
2.980759662019045,20.46798838584071,24.92402071628115,24.745138522604638,50.97779690920413,-45.51457420749905,96.49237111670318,505.4509560509302,271.3583481877627,334.9291142358859,547.6568486945307,475.7022921858093,1255.6761484472793,-143.3912924320931,1399.0674408793725,2786.3138430789472,S1,3,164962,165217
15.4660205843998,27.552120682078776,36.125284171471925,32.64718002756933,85.28472328091102,-42.22971838057362,127.51444166148465,448.19139515333785,-27.269095690415064,56.68223751485934,72.52486358845186,67.20306733141379,312.98347110847044,-91.63804313870992,404.62151424718036,642.6735111397011,S1,3,165090,165345
17.533934678741954,26.28658439590236,35.19370085748075,30.51487694105043,85.28472328091102,-24.942798629401455,110.22752191031248,389.6254375244448,-75.60061976503576,75.62664540964346,79.09895051414352,23.26349637482314,1.7270761455163544,-115.88133058666898,117.60840673218533,337.28577936775883,S1,3,165218,165473
12.871234399534112,29.826561478548797,33.49581429589061,30.92411519149804,59.6292407452052,-89.80603979414168,149.43528053934688,470.7511791797274,-115.11135232583533,115.35224923889359,116.60843932572749,18.625377518302148,21.076726064224406,-139.4665290061683,160.5432550703927,326.930851398351,S1,2,165736,165991
34.98797270252795,35.899720651287936,38.60953770169533,16.325996683381767,62.010859649958334,-25.176944337194254,87.18780398715259,543.8321287090619,158.83956434933705,185.45386548735792,348.2330168391904,309.8971229524996,1067.831566719276,-102.1120376449245,1169.9436043642004,2347.4693742449776,S1,3,166001,166256
14.119277297015827,30.255799069710864,36.50669218468924,33.66577762175744,62.010859649958334,-85.05181821610712,147.06267786606546,411.27201253013243,8.797023764753568,11.371582755340846,18.836248512845376,16.65582873711274,66.25833334626722,-10.067011360071605,76.32534470633883,271.73757792147694,S1,3,166129,166384
-37.419072607462184,42.00704058300837,50.88709601354193,34.486367536882,22.627165029896016,-91.1160836491178,113.74324867901382,393.79892862943126,-5.19020084232367,6.793311680160331,9.122473845226022,7.502089327192492,8.42413854479596,-27.47444508917039,35.89858363396635,219.97515804611595,S1,3,166257,166512
-27.690620939183944,59.271547607007875,66.12774587382796,60.05088081249099,146.20418057743845,-75.33808179128435,221.5422623687228,497.8088710700689,-51.66202226803922,51.66202226803922,56.14406890173328,21.98162705577531,-26.931493439874455,-118.02905155018553,91.09755811031107,314.0504518933024,S1,2,166774,167029
-65.59467929504063,65.59467929504063,67.5419793902031,16.101460434612317,-24.885857716957638,-101.68710131698249,76.80124360002486,451.70129075020714,139.11014495954745,184.58494477205122,354.8515973918402,326.4475819191717,1102.4118526717402,-70.92475262039208,1173.3366052921324,2401.6833576697913,S1,3,167038,167293
-91.60987157884117,91.60987157884117,94.41737353581156,22.85326792187935,-60.34607855523996,-142.0491461245134,81.70306756927346,423.49368480686655,-48.4927589375621,52.019455327046856,57.752908239696495,31.366395087199532,36.14702673350413,-88.99728963203569,125.14431636553982,274.07473983250674,S1,3,167166,167421
-107.07799779336946,107.07799779336946,108.65821459949036,18.46374795408738,-65.45914993561044,-142.0491461245134,76.58999618890297,413.98884048398355,-65.90982743781863,65.90982743781863,66.38432507950596,7.9229579942401624,-53.84770033581725,-88.99728963203569,35.14958929621844,241.66119147472583,S1,3,167294,167549
-2.254205560848483,105.88502911076395,133.96099012864786,133.9420226573316,292.3887093143407,-95.24512000341988,387.6338293177606,745.7487186651157,-47.49097975575664,47.78708850942358,51.35190170614741,19.535215654712857,8.483239265656605,-76.62600388949343,85.10924315515004,286.2277488746814,S1,2,167815,168070
-17.291166753161228,40.57409008468927,47.24665356287523,43.968873367471254,48.13496443470803,-98.63449188669152,146.76945632139956,423.38240181467756,168.84681855896105,198.94050464999015,377.6499768831477,337.8020972438734,1117.3899305917382,-81.3080439413233,1198.6979745330616,2413.4009988688313,S1,3,168080,168335
34.529194014058874,38.596735014415515,41.937181307361726,23.80046085154677,67.53094689254674,-43.93046782388888,111.46141471643563,358.60803559118284,-12.516736435888113,25.148592367751043,29.087078767282904,26.256227074898458,66.53369521638331,-44.16524831820374,110.69894353458704,245.4280770070654,S1,3,168208,168463
62.38910292485242,62.38910292485242,64.60447113780272,16.773119185987913,101.33903876267912,27.423382782062617,73.9156559806165,417.6939768753734,-47.345145189748834,47.345145189748834,50.17458911171225,16.611039085221506,-16.973818694186278,-79.50118127078834,62.52736257660206,220.15251783611768,S1,3,168336,168591
-205.53972781269948,223.5139214959265,235.4331991396019,114.81381253050029,87.80968287502762,-290.11449132776687,377.92417420279446,712.9695100489938,-4.2960058625536695,24.357890358070584,36.11752450593281,35.861119754764516,70.818206382998,-85.3201303227168,156.1383367057148,408.1191631165994,S1,1,168610,168865
-16.436492007717316,30.946853603776454,34.965964708806474,30.861957463805567,43.636510848345324,-78.44845193382446,122.08496278216978,426.03540221505574,97.09735615380347,170.65888511774529,305.52995410863036,289.6906216734729,976.6394929163223,-111.90231347207988,1088.5418063884022,2233.8740156551785,S1,3,169118,169373
-36.593579707745576,36.593579707745576,42.645384044643194,21.89837218808692,-3.7026468543143674,-94.90132542359781,91.19867856928344,458.06695312405355,-48.54232923318297,50.83164046969962,55.07897375652353,26.0256723772716,39.36598642207248,-74.94655965186838,114.31254607394087,261.6589352332811,S1,3,169246,169501
-30.059361074363352,30.54626407064318,37.799555211257434,22.918140979799126,6.766274685306106,-94.90132542359781,101.66760010890391,410.5789384259049,-66.84176821460888,66.84176821460888,67.07464352402617,5.584427080702915,-52.12487009202394,-75.63078682847551,23.505916736451567,222.76657350370448,S1,3,169374,169629
299.16576564126785,300.3918245113242,328.9776217939546,136.8434152945629,430.2133600384179,-8.786799552046585,439.0001595904645,766.056909891046,89.91868220880804,108.47426777252679,113.93135186001784,69.96415887068596,246.56322657123792,-66.16455033457744,312.72777690581535,622.7173540534635,S1,1,169648,169903
-20.208714680898773,98.65625443046304,127.98668630184102,126.38116838149539,344.48944172641086,-108.25387315100788,452.74331487741875,730.826148816182,-125.76833432674766,146.9207720411925,150.44002757256052,82.55015431062621,98.06555430684334,-186.33194279294847,284.3974970997918,468.7419343559317,S1,2,169912,170167
-96.1645163965088,96.1645163965088,97.71889731371778,17.359973457194805,-61.588287949099474,-137.7022910367005,76.11400308760102,348.07485495448844,126.83426756072839,175.24886304684765,328.7921798729626,303.3436436089409,1017.9133766968529,-124.18980048157768,1142.1031771784305,2252.669484788148,S1,3,170176,170431
-83.36706433485685,83.36706433485685,87.56439251296386,26.785358320400384,-23.69528454670204,-137.7022910367005,114.00700648999846,358.9958783353967,-27.51662650217171,31.37086604885127,34.659251733942405,21.073656462436016,40.35548597940497,-52.55978265816276,92.91526863756772,226.8546583598876,S1,3,170304,170559
80.17172799344465,134.5623948192141,135.83453341023306,109.65178747891366,158.430966860025,-155.78946325958313,314.2204301196081,638.6930172318907,31.263248133356527,47.175983536256055,51.39165763658268,40.78862330096355,143.1360411478567,-51.88123258907655,195.01727373693325,444.1889194501247,S1,1,170687,170942
-96.87330329309567,102.65101793543593,107.54717150759154,46.71142481628247,127.88112766753902,-162.45322912356576,290.33435679110477,584.3188157977359,-131.07718867222,131.86178154070177,134.44615549309927,29.908850473762215,24.31252603383784,-156.4836205067358,180.79614654057366,366.58978672099437,S1,2,170951,171206
-70.4561902281933,70.4561902281933,71.59351164019988,12.710474715921324,-42.906697490000845,-99.96998091278996,57.06328342278912,326.1941701960585,145.04750762961305,172.7184646151298,331.82738368448224,298.4470356584664,1023.410293480125,-134.9249469251408,1158.3352404052657,2268.78797473499,S1,3,171215,171470
-65.55905286390909,65.55905286390909,67.22006258230833,14.850838399114776,-33.7685303144046,-95.28395303594542,61.515422721540816,306.00926156647563,-14.337045196461691,22.378409623640444,28.809540779520038,24.988772978308532,30.61924918277401,-65.97581818288005,96.59506736565406,233.91951392174667,S1,3,171343,171598
275.36960584431677,295.5420552148197,319.18390495369914,161.39995464261347,376.1420041248776,-68.08957383422855,444.2315779591061,743.1506711410074,54.186234904941045,81.33133810211646,86.14955674499224,66.97460768220436,210.71929694909628,-81.27204501906256,291.99134196815885,615.1491260880553,S1,1,171726,171981
44.73422224285726,55.82461576431577,131.71273074860213,123.88338388008465,393.704152244574,-33.47196391489021,427.1761161594642,740.900946361008,-123.1194236715078,138.16046764641527,142.95542785341743,72.64889446887273,70.0586978535204,-176.6576701758874,246.71636802940782,484.7880994389518,S1,2,171990,172245
-12.841854977722008,15.78746180916388,20.794039151183533,16.354779880882226,15.16049917770084,-65.82766990710334,80.98816908480418,375.27006450166573,66.9014944746018,125.55186121304425,251.2221355929148,242.1502662582259,895.4529935300333,-52.596746005773646,948.0497395358069,1493.545106265705,S1,3,172254,172509
-28.07804065253507,28.124811408113043,35.283775747332975,21.36746274368275,2.047230259391789,-75.53587251696531,77.5831027763571,340.9065397518351,-42.704526477505766,42.704526477505766,43.24296595515472,6.802758479519866,-27.969823516064398,-62.252816609632205,34.28299309356781,202.54195188322427,S1,3,172382,172637
-279.20065021172604,286.66551412195736,317.4345423289172,151.03537858700042,38.12882973328183,-428.89798059084933,467.02681032413113,790.7655001791727,-14.33439404375532,16.284534991743108,18.72954792475045,12.054920690899458,21.954429819212496,-36.964352998117285,58.918782817329785,263.6900218811188,S1,1,172764,173019
68.46639592629307,69.36687578139977,85.2382054039479,50.773066574215214,140.86243590459307,-60.52631918903542,201.3887550936285,492.2491341182265,15.843268320781117,146.76759214782308,283.5577360604132,283.1147833099196,1158.4726133987667,-103.06609236381732,1261.538705762584,1523.595534559626,S1,2,173028,173283
91.31433361951869,91.31433361951869,93.66960688044409,20.873134138412865,162.68462060019482,43.74198091281772,118.9426396873771,440.49432206683014,138.54580170616205,139.10431233913621,282.99742711908635,246.76426926445288,1128.6047093031877,-5.014720085614886,1133.6194293888027,1208.1407943844918,S1,3,173292,173547
142.42956354298698,142.42956354298698,147.11983186826208,36.851924751631884,190.06436153167897,78.20262929820632,111.86173223347265,442.9557873402223,9.334768028008646,10.596990866823573,16.285872031109196,13.345101486198311,53.327339619047045,-9.879297025126558,63.2066366441736,233.40695966549572,S1,3,173420,173675
-229.84648245371625,301.78323692026163,318.7806502896311,220.88842772479867,167.5914463281286,-393.09327290488835,560.684719233017,816.7426922190837,-214.8862677688736,214.8862677688736,246.34622574243497,120.45893433824942,-7.283645029277697,-319.05768918083754,311.77404415155985,482.5103806445685,S1,1,173802,174057
23.333112510177997,151.61862973425812,178.18081264972616,176.646448753164,157.41809428892893,-366.1459860637933,523.5640803527223,790.7484839701192,-68.29977286190369,69.62151198399613,118.52164234756813,96.86341276135802,13.567020203830271,-280.44527760058645,294.01229780441673,533.214144292593,S1,2,174066,174321
78.74188257385154,78.74188257385154,83.53708739444899,27.89553546848642,136.60867311060971,31.943842486083984,104.66483062452573,378.19350436768,194.01612167594095,203.87118001480607,384.9541025277264,332.4866998584361,1139.0472478814243,-37.690548630900615,1176.7377965123248,2385.277166211145,S1,3,174330,174585
42.35400900439215,42.35400900439215,48.43006029732129,23.486350539367436,92.59158436881484,3.4298461634723694,89.16173820534246,341.2372585770581,8.59339521249728,20.75454615131079,28.082528066173438,26.735406136979623,81.59592828622202,-20.64017017931862,102.23609846554064,206.93340853741475,S1,3,174458,174713
-4.0301033075164945,28.846148237406453,31.919789426145247,31.66435258046813,50.28408990415237,-61.144082636807454,111.42817254095982,369.4975448625652,-11.259057343915327,11.259057343915327,12.091621615292217,4.409188248853561,-2.695388475873565,-20.808546106553784,18.11315763068022,163.38443034797876,S1,3,174586,174841
-42.90903185490287,69.87465399704365,71.13292276313948,56.73365567369775,74.33302501255453,-95.55717516405197,169.8902001766065,393.2066044141384,-49.86899042629756,49.86899042629756,51.465960519888974,12.721198296411107,-24.59302370130995,-76.2960249251481,51.70300122383816,250.69683750844558,S1,2,175105,175360
-78.14470367497253,78.14470367497253,79.9036434900461,16.673257946038007,-54.29942695388404,-123.73450083427325,69.43507388038921,361.11233883243017,107.98436888929788,156.76798945240617,305.7680538499649,286.0655149275687,989.0693220308906,-68.3372656283006,1057.4065876591912,2189.551629299159,S1,3,175369,175624
-91.8046622403368,91.8046622403368,94.10688074709726,20.68837825654936,-58.47539243763188,-134.11608295986724,75.64069052223536,338.98083836005577,-48.353086488054714,48.357029347199244,51.03878360319567,16.338190192690753,0.5046859705000917,-67.67166738489614,68.17635335539623,232.37745018414654,S1,3,175497,175752
-97.14049397068594,97.14049397068594,99.4490422521417,21.303437187444448,-41.30961421901767,-134.11608295986724,92.80646874084957,384.1854343209441,-61.70144348832912,61.70144348832912,61.92597220537161,5.268577135905335,-43.02989019394816,-79.20025416131128,36.170363967363116,214.9336081467173,S1,3,175625,175880
91.92086194271702,91.92086194271702,133.719877149155,97.11622256087324,272.469507972107,9.331265296201954,263.1382426759051,609.919141453531,-89.24577796539596,111.08242787106936,120.21014838546414,80.53366308697593,50.226940746724935,-163.15413052391187,213.38107127063682,390.1430932771811,S1,2,176144,176399
15.357443397495452,40.17318957265523,46.286007181555846,43.66398279021009,63.66109701149716,-96.70250531069097,160.36360232218811,460.32149135025975,141.70738639081358,192.44463464845154,340.1513912327767,309.2280478867953,1012.2697848362243,-133.18200777001226,1145.4517926062365,2281.975532425752,S1,3,176408,176663
46.74365531021871,46.74365531021871,48.43698614068569,12.695365872334689,72.95025749761986,9.229854306077913,63.72040319154195,331.47517412271924,-7.080249560714819,26.644855506116155,30.60528461007836,29.775048483955434,92.37049275942685,-39.78842199700293,132.1589147564298,237.5263250939568,S1,3,176536,176791
29.262267491031263,30.584352029977794,36.90056663126373,22.480469723554908,72.95025749761986,-15.631054041530986,88.58131153915085,370.72828096709895,-37.606596202078286,37.606596202078286,38.67942633942311,9.046653748247968,-13.231292947012683,-54.36660483250265,41.13531188548997,189.37579434825508,S1,3,176664,176919
-347.25781218632454,349.68025141046013,385.9581521741038,168.45090413890946,15.766797712350641,-534.2386418096552,550.0054395220059,916.8169920629895,-57.81402334413682,57.81402334413682,59.404474417667885,13.653947619753103,-22.082702261884336,-81.24666513249964,59.16396287061531,234.00183707324408,S1,1,176938,177193
156.07334133133656,156.07334133133656,156.9898267855479,16.938649291736525,201.10637145194784,119.07198569315082,82.03438575879701,349.81548938215053,171.42309406572068,191.14556507612406,345.91981328407473,300.45738473770984,1059.5098090562392,-67.94574500300098,1127.45555405924,2258.4514696731426,S1,3,177445,177700
171.48928479074573,171.48928479074573,172.4671369453027,18.33953456520385,203.65147385262205,132.0017482131496,71.64972563947245,311.99909571058276,23.808884848907564,24.098824993173626,32.782335819310894,22.53482957604814,85.33545053928967,-4.212614770712177,89.54806531000185,253.6988172546794,S1,3,177573,177828
157.29973838589945,157.29973838589945,160.09536149766691,29.78786794646832,203.65147385262205,91.93247854672893,111.71899530589312,315.4139224613439,4.5950448595515345,7.826861918391559,9.400760712614526,8.201211173634404,19.683364611342757,-14.045621630625272,33.72898624196803,227.2241883277107,S1,3,177701,177956
-292.38365643485713,318.2102665245559,340.0712979875564,173.6671677799948,89.595882998319,-402.51415117071303,492.110034169032,835.298486796235,-131.45272517961502,131.45272517961502,141.8205495795856,53.228275624035646,-15.782738231846702,-166.80897595556468,151.02623772371797,292.51919001366014,S1,1,177976,178231
29.301522368835467,63.55824886943524,92.14399558448108,87.36095643444791,95.05543066290437,-389.45845019999484,484.5138808628992,797.888630893777,-64.27226524768392,64.27226524768392,67.45376062779128,20.471583787355783,-44.37087996063872,-151.68077440001338,107.30989443937466,383.9365365960981,S1,2,178240,178495
29.1246770700903,29.684376020816757,34.04880598109388,17.63730065234277,67.62891742962148,-11.75272300014187,79.38164042976335,408.00863496522356,152.49544345579136,168.17609979132064,328.28690343434147,290.71881723020647,1024.43992215389,-65.69043125443045,1090.1303534083204,2204.109471009884,S1,3,178504,178759
46.286864331737135,46.286864331737135,49.44305797833803,17.382237272130915,75.82586020563271,10.190967616540124,65.63489258909259,377.4425213571871,4.931655378068253,9.629535435524643,15.158912348584117,14.334273571549641,61.480931863420295,-13.863167853818613,75.3440997172389,244.89819907304826,S1,3,178632,178887
139.20437075109564,139.20437075109564,146.34435282476548,45.15321436499235,195.79393383117514,50.021109194092624,145.77282463708252,464.5787685186522,-40.360607432532845,41.44514513217011,46.30856200657997,22.704719394747805,10.567354993787562,-71.26674915404665,81.83410414783421,280.3973479101496,S1,1,179014,179269
-55.325538183446,66.94020684749043,68.4513386264362,40.307202637532335,84.39649089444674,-93.84522747201274,178.24171836645948,437.2012815865864,-49.67854236122079,49.67854236122079,50.17361589980591,7.0309431320163105,-37.745638565690506,-69.24640056014427,31.50076199445376,223.23739653756613,S1,2,179280,179535
-95.00297322280275,95.00297322280275,96.73587942902947,18.228149871425497,-50.51407943017463,-142.75334343179995,92.23926400162532,432.33511592288835,143.9230595550717,163.22196223571987,325.00377915673926,291.3993984113039,1032.8272844574292,-56.22264982998538,1089.0499342874145,2237.5134433838607,S1,3,179544,179799
-98.42234184407658,98.42234184407658,100.96033379758045,22.495146730941677,-50.51407943017463,-145.83371136087797,95.31963193070334,428.5577018721332,-13.638327574571788,16.383973849922107,18.780974323274155,12.912049314503019,36.37220580295241,-34.56215261361146,70.93435841656387,279.36396138664225,S1,3,179672,179927
211.66140324040202,252.53913253737772,262.95083662225517,156.0211295262531,325.5421064255865,-128.842414504453,454.38452093003946,733.8564147432512,-97.01844284467424,97.01844284467424,98.17031149770847,14.994392536938193,-61.28527672185745,-113.97037933060257,52.68510260874512,256.9688476196421,S1,1,180053,180308
-79.59935659868472,95.62569014408999,102.45710083849511,64.508913657765,283.3227694618473,-138.3006080295767,421.623377491424,766.6773348773768,-72.35072338439778,72.35072338439778,73.38526703694825,12.278853522970156,-55.51370404476811,-102.73653826324791,47.2228342184798,232.09735606248876,S1,2,180318,180573
-64.19115280478208,64.19115280478208,69.46006792109081,26.536709238254595,-13.873981583536363,-120.71999670795911,106.84601512442275,403.5130910043752,205.79968316882093,221.6208277974305,388.99057918222167,330.09114059624983,1099.6078870427725,-62.70572987243392,1162.3136169152065,2450.1443051166934,S1,3,180582,180837
-59.48773737760769,59.48773737760769,65.25866369686095,26.83099493482817,-13.873981583536363,-125.36676788203766,111.4927862985013,375.5235276414619,-7.551246621716178,26.229925371208374,29.925472554412778,28.957081725597497,79.54748813928536,-42.34710261350986,121.89459075279522,291.1678009714951,S1,3,180710,180965
203.20179723403564,265.42456090373094,284.9719036818525,199.79493359171266,371.0418185402487,-140.1137538885335,511.1555724287822,826.8908675775024,-121.56539047051086,121.56539047051086,136.37592653948911,61.80816434142299,-17.497662676438903,-178.3593550155174,160.8616923390785,355.82276367433724,S1,1,181092,181347
15.183583789143054,100.57500718761597,149.4497845523741,148.67648397130299,366.58499847729314,-87.77340125064333,454.35839972793644,763.7230866974841,-33.29204347042223,35.45450759193799,62.92215793801639,53.39323741018328,14.159128569729672,-162.84905382430892,177.00818239403858,392.2080592901059,S1,2,181356,181611
17.841526211447505,24.476817838277654,31.51347279922278,25.976506892066638,95.55088431965449,-30.781514101759623,126.33239842141411,392.22760682855625,148.62520776879737,150.83771178701028,306.5536188402403,268.1150291194605,980.8936088195782,-12.25760819447697,993.1512170140551,2062.6939635310155,S1,3,181621,181876
61.69124261947618,61.70614939329955,68.5787536104596,29.95389842456321,111.20831097477559,-1.6283972440537067,112.83670821882929,350.150381583708,12.79284983676088,13.213385259810806,18.435735105672553,13.274762594510477,41.85912552756993,-5.732063566550477,47.59118909412041,213.99902260431267,S1,3,181749,182004
-325.8828184850073,349.5261805641196,380.9686480202782,197.32587106273314,78.11571517356973,-473.94529020013937,552.0610053737091,921.4553044129843,-15.208211858257474,19.185052112394146,22.224842046548897,16.206600385904643,38.90676107772365,-40.531812523257294,79.43857360098094,289.89887883748537,S1,1,182131,182386
34.670249055005335,71.10980020008397,95.86083767514083,89.37155045227537,92.9155259951224,-455.07911714992616,547.9946431450486,760.4458965728988,-93.64413949915652,93.64413949915652,94.52998937692568,12.91100418496547,-37.93915285208136,-113.67332454042726,75.7341716883459,236.3863459808519,S1,2,182397,182652
58.535479312518,58.535479312518,62.210544882006474,21.06536389835027,86.55720536545068,17.12559145559753,69.43161390985316,389.89707964708765,137.95476581919735,161.99221216318935,308.868424962433,276.34794467580997,1009.4794564991031,-91.86125401054596,1101.340710509649,2182.7515861424017,S1,3,182661,182916
49.81831632827367,49.81831632827367,52.2268998149638,15.677513275335711,81.74443993545583,17.12559145559753,64.6188484798583,360.6668156431724,-5.7189799727195325,23.763922178778543,26.889382758944336,26.274173121692073,57.11727600689679,-37.823155108501695,94.94043111539848,248.0603228721948,S1,3,182789,183044
169.41580784596056,170.653674650166,195.66095296636692,97.88509880266467,302.5169188405294,-41.34399335002324,343.86091219055265,890.3309773441642,-112.81896221951077,112.81896221951077,119.37835500326146,39.026573088055336,-45.85365654312971,-152.87634885909048,107.02269231596077,350.67041141349,S1,1,183172,183427
-80.778628461817,80.778628461817,83.01802289226893,19.152161986810253,-46.466865229612026,-118.78430596195848,72.31744073234645,348.72855507263375,-40.58833393280035,40.58833393280035,43.01115829692968,14.231896802711509,-18.826755848701847,-73.41060959478898,54.58385374608713,265.1721762557146,S1,2,183437,183692
-80.6658272977909,80.6658272977909,82.40006629747788,16.816516648572712,-43.70128074769083,-117.67424041001122,73.97295966232039,373.6678937407455,147.17255960313796,158.79693452641104,308.44232742499787,271.0662410688767,993.149953636385,-49.74752989827677,1042.897483534662,2101.970347466546,S1,3,183701,183956
-87.59157559888476,87.59157559888476,88.24385542292596,10.709523986018901,-63.805614190503746,-115.5908470311941,51.785232840690355,330.3377087755397,4.635971641207072,16.19508493302242,19.89807173587698,19.350478695578314,58.25460913769465,-18.22482053966452,76.47942967735918,233.28783246181695,S1,3,183829,184084
252.98800784266118,301.03849273959895,321.80168272850267,198.88034315813488,408.58087439449776,-122.07131659277498,530.6521909872728,857.1550423473096,108.25679399316437,122.98748019394702,135.30834875010768,81.17152084199444,210.54496749022516,-44.163302272900324,254.7082697631255,513.240345499654,S1,1,184212,184467
-96.600265753036,98.20778651514891,103.51555280875594,37.20024636672668,105.49778870759685,-154.08409413212624,259.5818828397231,562.3678971101123,-154.38383581931362,154.39555309194998,155.58379865530276,19.285996000440488,1.4998108974549482,-167.8467991311017,169.34661002855665,396.5701269383885,S1,2,184476,184731
-62.85278957422198,62.85278957422198,67.2363932513496,23.880105112597462,-21.081939123619673,-115.61741848354812,94.53547935992844,402.8768580698227,61.17757259064521,166.3817054880476,284.8139758271509,278.16596743380603,950.8682768460233,-162.1249222206596,1112.9931990666828,2210.9368398900797,S1,3,184740,184995
-34.360020470862935,34.36347290520591,39.6196324501141,19.72572606329143,0.3152697016166093,-80.32150345670566,80.63677315832227,325.2650808557776,-59.59149267242975,59.59149267242975,60.841479743831094,12.269460399331336,-16.63375174713074,-78.26776264005315,61.634010892922404,240.9700148144181,S1,3,184868,185123
-9.35375746867367,16.781556721646446,19.400909882447383,16.99713286069377,20.755705955378705,-48.03122152775523,68.78692748313394,349.28131882616213,-60.45164960113535,60.45164960113535,60.8294898412427,6.769408751685804,-48.300501686617565,-78.26776264005315,29.967260953435584,251.77513133423625,S1,3,184996,185251
-0.9187175549740321,32.96723002823037,37.0210856556014,37.00968442412821,63.89326228765241,-61.367562899649954,125.26082518730237,403.94670485728363,-87.89293202261928,87.89293202261928,93.72025497377263,32.53181047553579,-19.385563706947213,-128.18133365675482,108.7957699498076,359.6284011368987,S1,2,185514,185769
102.00734752260506,102.00734752260506,105.1832225598231,25.651732094963048,153.12225652423712,43.59943322661749,109.52282329761962,356.4265078892811,138.76217624554272,182.46931031927784,347.848660526523,318.9729597845203,1041.2876846328504,-78.96837446726364,1120.256059100114,2279.2083752245067,S1,3,185779,186034
103.80198111284176,103.80198111284176,106.34584715272413,23.121157490052468,153.12225652423712,57.645882843689066,95.47637368054805,343.4917954462459,-33.16377056274385,35.416213439915616,38.799637273662164,20.138921883493143,36.17395463004793,-63.91219077266033,100.08614540270827,252.19420823610972,S1,3,185907,186162
95.88921112801276,95.88921112801276,97.76444038609306,19.05636358945051,134.26001909545099,57.645882843689066,76.61413625176192,323.1663301999638,-50.02565386282687,50.02565386282687,50.75887168317371,8.596337019075532,-27.392493305042354,-63.91219077266033,36.51969746761797,255.66413626789964,S1,3,186035,186290
56.401645450330925,101.92451703399324,120.17303221438894,106.11508875789401,143.09116612510837,-438.9708948283083,582.0620609534167,769.8738035066085,-89.00154337026362,89.00154337026362,89.51323992008635,9.557478679129872,-51.015188015981096,-104.49222955230498,53.47704153632388,242.0671756082235,S1,2,186553,186808
105.78884938689734,105.78884938689734,106.61553064104453,13.251064835244517,126.19788024130646,66.44649043678875,59.751389804517714,408.64981615685014,313.5789281069725,348.51242125469844,547.3204123756224,448.5843172139474,1256.7186425917741,-103.16355311479937,1359.8821957065736,2659.875338861213,S1,3,186817,187072
110.87725580876476,110.87725580876476,111.3349640630756,10.085056630682743,129.4728505843514,83.94680566728066,45.526044917070735,417.51977598629594,56.198755025531824,61.223079287549,116.676357472251,102.25004805168925,509.0656301041768,-19.610146282765097,528.675776386942,609.130081903159,S1,3,186945,187200
114.85683542864601,114.85683542864601,115.17168104918316,8.510198059487543,131.9058354630974,93.52964179557087,38.37619366752652,378.1790708140561,-11.339638947011673,13.963277067262318,16.098699162976263,11.42719139996476,14.919848157565273,-30.22539706871183,45.1452452262771,224.1887230699548,S1,3,187073,187328
-177.8037821650011,212.7598312376769,221.00035057489433,131.25155237957011,119.89311908343626,-269.4772211357103,389.37034021914656,686.8099964896113,-192.1146561453765,192.1146561453765,207.014092788974,77.1154556971927,-21.462118294511942,-247.8234666024277,226.36134830791573,441.1876596448093,S1,1,187347,187602
-7.325280166075551,22.28853153050964,25.02344135431933,23.92724153975044,37.61831615608205,-45.256966169844524,82.87528232592658,339.3330984826223,100.82522554375396,148.07556048456252,282.03587827443516,263.398007828615,941.3143924110965,-88.89014749873414,1030.2045399098306,2088.7508107504805,S1,3,187854,188109
-27.051724355047714,27.051724355047714,28.68542222858509,9.542413628151001,-6.219596740811803,-45.965080446083995,39.74548370527219,288.40513624045786,-26.076006682936494,31.77998774924763,34.409065463838814,22.45051584187313,36.83873054738584,-55.395252802771296,92.23398335015713,230.60144862933606,S1,3,187982,188237
-41.03828241780777,41.03828241780777,44.931947618976146,18.295881859879437,-8.070356896789697,-85.91763496345781,77.84727806666811,317.6163449687044,-46.169051624183865,46.169051624183865,47.09478281079409,9.291783473548657,-24.79210519998018,-69.16311507015459,44.371009870174404,223.08471741659278,S1,3,188110,188365
192.86349421890148,202.51213606720646,220.8475284709422,107.59787836848542,281.0865774976793,-42.863564857150514,323.9501423548298,678.5003323345263,41.41958659707364,56.906024602544335,58.05454352699535,40.67859228458276,75.49078681953247,-48.01053326779755,123.50132008733001,331.03265481958414,S1,1,188386,188641
27.22006207823096,38.815567507082534,42.58207816856068,32.746016576229,80.21188257585825,-65.73648523317856,145.94836780903682,528.4434742998856,171.7371873018387,181.1726251640037,345.4567780467317,299.7444311343949,1022.6423622491634,-32.96375353869975,1055.6061157878632,2153.1532199075905,S1,3,188897,189152
23.518989100451925,25.676468156625464,31.641193912174465,21.16653736161515,65.43433307566929,-14.250985694091186,79.68531876976047,380.19801035782564,13.006667912870686,17.34812377254826,27.607222868943275,24.351290403997172,98.02418097556317,-16.98674485152192,115.01092582708509,267.0286923426299,S1,3,189025,189280
36.49977791339462,38.59515261665996,46.130937008823764,28.21045128290111,73.99221430807053,-14.250985694091186,88.24320000216171,363.0187401167018,10.564289580198782,14.705118526386862,17.467643377676648,13.91094356380595,32.733772553689334,-16.98674485152192,49.720517405211254,242.88267254610844,S1,3,189153,189408
-317.82824742516715,337.4468638490216,372.59437332417735,194.452493353732,66.15210096857273,-485.5640204913104,551.7161214598831,891.0919792821481,-176.0362276803566,180.82842536450406,203.30461226780903,101.70551564902377,26.067739708140234,-258.18261490189553,284.25035461003574,479.2374059188471,S1,1,189429,189684
82.67266441494664,82.67266441494664,83.45740460156011,11.417921937118116,120.04588004414016,63.784408537173526,56.261471506966636,320.6269519043195,2.121152788352326,4.003476614032701,5.23720682847114,4.7884283656174595,13.453521105012051,-9.994683801002706,23.44820490601476,141.3543600122795,S1,3,189937,190192
85.88141338304408,85.88141338304408,87.21863000089974,15.214212255800364,120.04588004414016,61.598691353794244,58.44718869034592,339.0149742255504,1.0804359273159991,4.446271280844547,5.615252517075943,5.510328396519806,13.453521105012051,-12.148265744238229,25.60178684925028,214.65387913074346,S1,3,190065,190320
87.63761442783944,87.63761442783944,88.60798552042347,13.077600520925964,119.87506973140336,61.598691353794244,58.27637837760911,320.27872712007195,-2.8766482923650383,5.773239413531909,6.619805616692567,5.962107094377606,12.71188185375882,-12.528128574676735,25.240010428435554,229.77659440920638,S1,3,190193,190448
32.92608944472071,34.99677738400908,37.70000399226775,18.361997029061296,67.97150853273588,-26.753311050048474,94.72481958278436,441.7300567845415,-27.750476551563626,27.750476551563626,30.44265651542382,12.516644393654147,-1.627647928128235,-72.81111900520729,71.18347107707905,357.00938187180446,S1,2,190720,190975
24.552567133312497,33.600444342609364,43.75759191406946,36.220136627053456,103.36517609013092,-28.477408830003117,131.84258492013404,465.5609882526906,145.74898656392054,183.19635481676778,347.5471608924978,315.50952752654854,1070.717361120324,-59.04824413911104,1129.7656052594352,1890.9510280682257,S1,3,190985,191240
-2.272282952985636,10.096466547445933,12.489487529627539,12.28104347904903,25.084272556832598,-28.477408830003117,53.561681386835716,323.5905605950535,-26.710733592411756,31.132986394197054,34.9792222724384,22.5850105543446,31.521328585437807,-59.04824413911104,90.56957272454885,312.10214517547007,S1,3,191113,191368
-9.350383467834485,17.73997197265349,24.523905116946555,22.67139720417436,24.17292096877435,-56.44302613278317,80.61594710155751,360.1712319896147,-17.540179615017344,21.962432416802635,25.52464041357051,18.543175761314647,31.521328585437807,-46.02368337867878,77.54501196411658,303.5785278302731,S1,3,191241,191496
-34.54413233472648,40.49043511944585,48.05165462728146,33.40156334156299,19.23473773628442,-87.01579746239702,106.25053519868143,379.7669492652149,-6.0218029760443175,17.09533766529032,22.178379952353936,21.345220219727853,48.683081415476636,-49.61414153790235,98.29722295337899,313.3437565746106,S1,1,191515,191770
-86.85658696144911,86.85658696144911,96.97774442357893,43.134860784442324,-2.3003671898922775,-177.72271220422567,175.4223450143334,516.1196555880956,126.78433218452622,164.22681402512197,313.69046845042686,286.9275921015125,979.862717926134,-82.18519840260738,1062.0479163287414,2130.785069085017,S1,3,192022,192277
-42.41996089367686,42.670641953008996,50.11043993639825,26.675890020734126,6.957169351310158,-104.50770837192623,111.46487772323638,382.14780294174545,-0.1389699544651073,18.005381870836402,25.078370209992023,25.077985161116338,122.84740213587416,-28.65214800873535,151.49955014460951,279.34652781579564,S1,3,192150,192405
-53.12521753987261,53.375898599204746,60.6606245922372,29.281779953779175,6.957169351310158,-118.72500467358033,125.68217402489049,321.0343704345761,-13.70621708691615,13.70621708691615,14.542804252426741,4.861354614788875,-1.5068988720563634,-28.65214800873535,27.145249136678984,236.16672367921717,S1,3,192278,192533
282.22369261701,332.44788516920346,358.09281144485715,220.40927597109305,460.78200574866617,-128.71109417744546,589.4930999261117,903.4179221322968,-120.81580324201968,120.81580324201968,132.72619784302287,54.95257301392572,-16.921014468465764,-164.13358134973763,147.21256688127187,333.42774433905976,S1,1,192553,192808
12.993683348994274,132.23432819111943,177.0293963486002,176.55189425371748,391.8542464311328,-110.975550006528,502.82979643766083,796.7412860438476,-69.97809936296912,73.77552260443474,79.70383677608663,38.15451750940484,45.13589615666544,-146.49435804463167,191.6302542012971,519.8658516078791,S1,2,192816,193071
-50.16516756283772,50.16516756283772,58.22720782703712,29.561185610955913,-2.9696094783662663,-120.81797167681734,117.84836219845107,413.06186961579067,186.9154282315173,203.607809999413,370.66639867231345,320.0878032567485,1115.697383991108,-65.4795734833555,1181.1769574744635,2385.694659999694,S1,3,193080,193335
-28.298798782167324,28.298798782167324,31.90081932937959,14.725496982177667,-2.9696094783662663,-72.30005770945792,69.33044823109165,361.6531495807815,30.496239457126947,30.496239457126947,33.7596766590844,14.48085450170333,81.72291644778682,8.315060087952443,73.40785635983437,260.82171129427024,S1,3,193208,193463
-173.26874891454207,190.20725270950868,213.37418347853068,124.52502890872604,50.96510794902975,-273.22156855680845,324.1866765058382,599.3573160644373,-131.75850733378098,145.71316033478251,163.26019003815787,96.40324370304876,37.13069169293421,-212.7319777315448,249.862669424479,442.57281308159963,S1,1,193590,193845
39.186355981819574,121.65454490964548,131.25643858762237,125.27043615942426,120.00201970461649,-249.2129010842024,369.21492078881886,606.0373094368888,-22.350233827626916,42.197048210404226,76.11579166358581,72.76043422372354,63.2467146872597,-184.98212944928645,248.22884413654614,461.43313696872497,S1,2,193855,194110
121.1589094997987,121.1589094997987,123.6746762364237,24.818222962247177,159.2945812012623,50.92332632630103,108.37125487496127,454.0576274826091,169.70743853292043,169.86469035826684,312.9020009070546,262.88219315547684,1014.1738516864582,-4.636475046052407,1018.8103267325106,2129.934421126312,S1,3,194119,194374
126.35814991551013,126.35814991551013,127.32725960885382,15.679572361194225,159.2945812012623,96.44303002947329,62.85155117178901,355.5503062003389,40.759002860789614,40.759002860789614,42.26068546260503,11.165537226814502,69.77015893487064,23.23742221377806,46.532736721092576,257.1513201162131,S1,3,194247,194502
-214.7558509223838,268.1239471627812,286.55824661480136,189.7249408948444,119.12409036209915,-355.8627833030267,474.9868736651258,782.2930252244604,-148.25248869882955,152.67818346315846,175.40262750616145,93.74049994889425,17.13639171305358,-216.44071996635873,233.5771116794123,442.069002552848,S1,1,194629,194884
-18.67382611396739,120.18425029030013,168.38965342952804,167.3510191196393,137.80663751939838,-360.15390880995125,497.96054632934965,813.6490076716024,-88.8316506758795,90.35110321927533,108.14658443528742,61.68161446668907,26.350333617507737,-215.54341826936354,241.89375188687129,496.7837259804357,S1,2,194895,195150
5.83883940121339,22.744452784434316,25.092694497311346,24.403919184881698,44.911021793285265,-44.93758727799512,89.84860907128038,365.1315621602947,155.1008687915917,181.35617720592847,356.5456261590451,321.0428383148253,1083.2481306298148,-99.04811201791536,1182.2962426477302,2334.0530260139576,S1,3,195159,195414
-3.3127501560945305,16.143500209386126,18.60349273266586,18.306163668492836,28.726629843814294,-38.0138845819466,66.74051442576089,285.50484012133495,-6.2532927848739295,14.067865766636956,15.660146084701825,14.357454674866485,27.554219194464455,-32.540274456558755,60.094493651023214,200.1666516789626,S1,3,195287,195542
121.42835406310479,127.76611924548246,141.17093527994246,72.0026929867138,197.7868370096533,-28.909195510666862,226.69603252032016,505.9883749403593,46.915799233474985,57.37013482376529,60.63873841097317,38.418281824656084,116.61048257789719,-37.456018580028775,154.06650115792596,402.34502108657955,S1,1,195669,195924
43.162572937978275,45.63674978208067,74.03982589377831,60.15719504560291,202.27092736659006,-23.255194605794216,225.52612197238426,481.1341934550717,-73.5513727632866,86.44035732487649,88.08191724971046,48.462559889268164,60.88167156199401,-103.56426931053058,164.4459408725246,373.2416924088702,S1,2,195934,196189
55.53321564579269,55.853206100737324,60.37083556512211,23.679099367773656,87.8161790075498,-6.5237289110108225,94.33990791856063,357.1049856603403,86.80074863727651,167.80683990351818,300.03153177562865,287.20123623626415,978.353754206643,-99.91885064509971,1078.2726048517427,2232.6969229233987,S1,3,196198,196453
72.92162251738785,72.92162251738785,75.45192982695251,19.376033754175783,97.6989698606926,28.60458275688666,69.09438710380594,342.0114469855188,-46.48875587399084,46.48875587399084,48.925450548429176,15.247796190114514,-3.3166146482998444,-77.87695646564669,74.56034181734684,312.66908232338574,S1,3,196326,196581
-256.8669458226227,299.4781414851849,325.5236110792616,199.9624802652743,110.06704873837117,-411.35055447080276,521.4176032091739,797.1944282531838,-25.526096430358606,27.733547652858633,31.312403863187416,18.135187804910867,33.47582802452398,-61.63002777880754,95.10585580333151,338.35836926537263,S1,1,196708,196963
-76.84807926545908,115.68992706247641,195.4240255034397,179.680055813601,53.76043998186777,-410.99273105659387,464.75317103846163,827.7548690175596,-90.89212261420568,90.89212261420568,99.38366666047622,40.19620934323103,-19.0924796905088,-135.91463170113644,116.82215201062765,312.5101248785299,S1,2,196972,197227
-53.99045966021237,53.99045966021237,59.12759643816686,24.106076541687653,-14.296533781783054,-102.69006273653243,88.39352895474937,394.3652542952955,156.6773818314155,195.46430492020232,370.00768967707165,335.1982822787388,1103.1904324910618,-88.31693315899524,1191.507365650057,2361.891761431725,S1,3,197236,197491
-51.08563996599128,51.08563996599128,54.410947667428886,18.72988561985363,-19.085719167213515,-83.18095649994724,64.09523733273373,337.98858199746104,-8.628790434740067,20.302174027110134,22.340645558899492,20.60699928717701,61.104701134475626,-31.529807189524156,92.63450832399978,210.8723993739722,S1,3,197364,197619
-62.770979579498515,62.770979579498515,65.07748527475668,17.172163879847886,-20.815528610230736,-89.00421082495286,68.18868221472212,307.9195532651125,-19.509098849718214,19.509098849718214,20.09235805677094,4.806028958861103,-9.782994745173553,-34.84274521649257,25.059750471319013,205.05948811254802,S1,3,197492,197747
70.9903874636735,153.32427276454226,249.2299888520987,238.90573921732135,568.0551320308264,-86.15417231406792,654.2093043448942,925.2533528839269,-43.98147928579736,44.01011194873359,46.528866742786754,15.184364333121913,1.9910921574819471,-78.87895971608106,80.870051873563,313.3116949501281,S1,2,198011,198266
-51.252535563816004,51.252535563816004,54.15004049212673,17.475825690900564,-17.625568384996566,-82.71615511777628,65.09058673277971,396.33037769057887,166.28512966897722,175.32947625910137,318.1806569301301,271.27142513626563,992.0091968205537,-37.47804693578219,1029.4872437563358,2067.7171990904744,S1,3,198276,198531
-42.09430664264338,42.91411620707654,49.55052164292545,26.14045797917728,10.711910041053267,-82.71615511777628,93.42806515882955,363.12008976685,25.266900726620104,26.30005640995017,34.389359208758684,23.328346586506303,68.42864977943218,-10.711002519002037,79.13965229843421,213.33030689192128,S1,3,198404,198659
-1.9981359483562846,18.850694800080923,22.1788212262242,22.088629738322375,33.428399827775934,-43.282135266660326,76.71053509443627,341.69565216946756,1.194530133598696,5.9553918178364285,7.50225650394605,7.4065478065645065,19.051028231288996,-11.579717036646521,30.630745267935517,236.58207706506664,S1,3,198532,198787
16.403687222142686,89.89205276517794,106.3680407582941,105.09557145891651,94.06229265704198,-221.10954449776466,315.17183715480667,557.9134578118608,-61.44289343699665,61.44289343699665,71.11711789428408,35.810826626585644,-10.314723987353656,-144.604438972998,134.28971498564434,319.7944665782911,S1,2,199050,199305
14.783543800285269,23.342523776223686,25.849358842683333,21.20462650656356,51.485075308161996,-40.44429479052278,91.92937009868479,373.7768563612299,184.85179244696235,213.2533112095596,396.30327968250793,350.55114365275904,1107.2829574919906,-56.686188182483825,1163.9691456744745,2369.17254544692,S1,3,199314,199569
8.15921724788603,16.389452072471254,18.707421239094153,16.834333468204502,38.60494927673882,-25.270811717549755,63.87576099428858,325.63149134349925,-12.663154957553964,33.1235725195088,38.65359916521827,36.52047692660022,114.19278623083166,-57.698611778431896,171.89139800926355,303.7922934764797,S1,3,199442,199697
3.163780545666249,11.127902465853222,13.459956133065175,13.082847998922201,24.339817865198548,-25.270811717549755,49.6106295827483,331.70448246354135,-47.4438719493154,47.4438719493154,49.779027885376706,15.06753568670321,-24.2503502544995,-75.80915296654369,51.55880271204419,237.7922183976263,S1,3,199570,199825
130.5716238814659,130.5716238814659,145.7329515831439,64.72359858731558,199.00092152671036,5.626880703236278,193.37404082347408,470.6101048713304,-62.16410288043588,62.16410288043588,63.33927089789626,12.14444527130291,-34.826698197493386,-82.17480891068283,47.34811071318944,222.74075648406253,S1,1,199844,200099
-63.28725464050113,63.28725464050113,69.95381136424325,29.803676358001486,-2.882892132943841,-97.5367793429684,94.65388721002456,327.8706007178882,179.84643689368357,196.29486748202953,365.48139586511195,318.1696243517865,1082.4843351953987,-51.80932968939342,1134.2936648847922,2286.558654439136,S1,3,200352,200607
-87.16233174036873,87.16233174036873,88.08201258433859,12.695230068395336,-60.047094971198746,-112.83096565341033,52.783870682211585,305.8028317258789,15.709816016941193,20.80165600396956,27.780699127721714,22.912200346951753,78.48859246359609,-15.692073642242626,94.18066610583872,240.78980891681204,S1,3,200480,200735
-92.0122787072759,92.0122787072759,92.65999608598409,10.936884462641526,-66.93290598235649,-112.83096565341033,45.89805967105384,305.0419312518996,1.3933044538654378,6.660997453809415,7.5142199476789875,7.383915229804276,13.623132838340737,-15.692073642242626,29.315206480583363,236.1055153450851,S1,3,200608,200863
210.42951978283475,253.44572101212327,265.9490398756389,162.62936086309793,326.38870600939225,-127.48661535499629,453.8753213643885,728.4105848999354,-133.91343873473812,133.96615408080214,149.46401636046826,66.38285255124148,1.9724834767039399,-184.67236185262402,186.64484532932795,382.1967959466502,S1,1,200882,201137
-56.43886833053301,137.55679030542456,151.0732365134377,140.1348526677566,307.2866378048385,-139.38042950506346,446.667067309902,729.4215294419274,-76.29450607858459,76.29450607858459,84.69548320563192,36.77598697058037,-30.86356503573332,-167.80524235895288,136.94167732321955,418.28056500355774,S1,2,201146,201401
-129.81421491969456,129.81421491969456,139.12402726318876,50.03763150581612,-64.6409602308482,-244.30979464928035,179.66883441843214,483.07238848534826,157.98398267526403,172.25068086057698,339.28358449803073,300.2572429232878,1056.729628070702,-49.70314078001035,1106.4327688507121,2252.234987230908,S1,3,201410,201665
-67.73079102850394,67.73079102850394,77.17544866392711,36.99445665409319,-19.647853158948426,-157.70193637512807,138.05408321617963,332.97220564085205,-2.604855970136323,16.00349799645872,22.063180375218,21.90887157395948,75.58125909258939,-28.481737453852286,104.06299654644168,235.43434163323136,S1,3,201538,201793
-42.58498479219097,42.58498479219097,46.04116090451822,17.501644713700507,-12.13919457753868,-78.00900227177289,65.86980769423421,344.3081386369009,-22.227630595107726,22.227630595107726,23.719142267570945,8.278293787774235,-3.3976490660953784,-35.522844274451785,32.12519520835641,219.73404374122038,S1,3,201666,201921
224.8590443419185,255.98028742081763,278.59458456156307,164.47903430124174,338.09630528710875,-86.62669002686674,424.7229953139755,709.223718249121,-23.23403737085119,24.072327436035312,26.16577724984184,12.034425891509363,15.47885152767547,-47.05000167819647,62.52885320587194,290.92804721380105,S1,1,201922,202177
-25.44040679585158,89.65704093270693,119.97534848177021,117.24704663821511,350.5403127059123,-92.02361732689411,442.5639300328064,716.8724372829615,-76.26895389103989,76.26895389103989,78.19052527427387,17.228027020912602,-19.114501838772124,-93.97478971375098,74.86028787497885,273.34987656287524,S1,2,202186,202441
-67.13777104586975,67.13777104586975,70.91117682589758,22.823555766490223,-26.523209500228244,-114.45903267037683,87.93582317014858,336.64919877693,210.87098018631804,233.46850603002957,402.0246557352285,342.28241779894347,1116.9739136103772,-83.90816419669567,1200.8820778070728,2357.8534620579453,S1,3,202450,202705
-37.807048658127115,38.05923527871847,44.04473107450788,22.59569443915652,3.3143637982673537,-75.7182218061204,79.03258560438775,338.7469371870677,24.06062453710713,29.093126798890946,38.098938462896236,29.540065316175458,104.91469323611211,-17.52121163893691,122.43590487504903,279.35754004652426,S1,3,202578,202833
-12.587275205124513,15.590388882771695,21.230047228690495,17.09606411554679,14.095431885993987,-66.75734152676712,80.85277341276111,324.85588493237583,-203.3612733882087,203.3612733882087,223.99595978152135,93.90624305322389,-22.192528987921087,-277.0575736415033,254.86504465358223,401.24725777508195,S1,1,202961,203216
0.1705638855118341,15.189648507252917,18.871280459993926,18.870509642315113,30.54751047832558,-50.67391358837931,81.22142406670488,358.5860078224679,-67.78082540732089,67.78082540732089,69.05782017115351,13.219010322019532,-37.49600207157748,-137.64188862749427,100.14588655591679,360.54535002366674,S1,2,203225,203480
-3.393606313706165,16.880056590288,20.550827651957103,20.268693923586156,27.974197788941396,-45.736891656550576,73.71108944549198,378.9822784683631,244.68166022664295,259.2586654643199,441.5840504020178,367.59673382415326,1150.997032007465,-58.7053289748913,1209.7023609823561,2414.739020568173,S1,3,203489,203744
12.195472421415243,17.604303236850043,19.897497891264397,15.721986984836594,43.565223521907974,-22.807554013862426,66.3727775357704,325.94892651012265,14.226684351522376,34.304532437504015,46.63268570745107,44.40955785247202,158.9234865926125,-37.39377745187777,196.3172640444903,291.7555989689049,S1,3,203617,203872
173.35408626002368,193.9129593789488,225.76654282215605,144.6336497320755,343.90358682319965,-73.10578871931818,417.00937554251783,1039.4033386983742,-47.19771852809238,47.19771852809238,49.2595515464835,14.10243894876453,-23.91135024192156,-75.30656068634087,51.39521044441931,239.90956458374444,S1,1,203999,204254
-40.207035589585345,40.207035589585345,45.6031692091313,21.518441649303483,-7.771441079144577,-78.8545998918424,71.08315881269782,346.2497132326328,-71.26526192373642,71.26526192373642,71.41906068281196,4.684514036313746,-59.54915097722152,-81.85795170970589,22.308800732484364,217.49350479702593,S1,2,204263,204518
-86.40241273269409,86.40241273269409,89.57352110389085,23.62284396338345,-21.33224479189764,-113.92552864447875,92.59328385258111,377.50820800177144,127.68298568387607,166.679184671147,327.0351530062421,301.0798008313864,1047.4113564968782,-82.0841935106678,1129.495550007546,2342.860790266938,S1,3,204527,204782
-100.75785831033919,100.75785831033919,101.74837256963878,14.162814313674712,-72.73102638771608,-143.89368334257063,71.16265695485454,296.67790787822344,-20.892419635182407,22.41583597404736,23.760020940031918,11.315714597770654,19.017376163274086,-34.11712662626679,53.134502789540875,252.67023750699116,S1,3,204655,204910
218.4287796685067,282.5113437184399,321.7958924695524,236.30798679435847,438.26044451373315,-151.0044799643895,589.2649244781227,1347.6721470914372,-30.30887838738856,32.0371126063535,40.28170534450811,26.532766089502694,23.372825942544832,-102.35624727132536,125.7290732138702,320.00620793609323,S1,1,205037,205292
-80.71082169527206,80.71082169527206,88.23077444216412,35.64313145527534,-38.089216326133915,-157.88132698354462,119.79211065741072,313.42176791874056,-77.41490584103488,77.41490584103488,78.06716282053883,10.070464958095226,-62.13955598831374,-97.30081763374626,35.161261645432525,192.29262364911142,S1,2,205301,205556
-85.51710308454271,85.51710308454271,88.6863665328417,23.496737833691665,-47.21410901049586,-139.44455715687275,92.23044814637689,398.708869032022,171.7519256692118,202.97508137474333,366.3937522808641,323.64433833974095,1084.1312467248367,-89.61971423459356,1173.7509609594304,2356.1439862558655,S1,3,205565,205820
-120.25575139479078,120.25575139479078,125.56310466425117,36.119904615045265,-47.21410901049586,-165.3590023305911,118.14489332009524,322.23646705183296,5.53919656579763,20.336046902686835,29.928165538321178,29.4110930414803,104.44973108148174,-21.232267721833246,125.681998803315,290.1347437323394,S1,3,205693,205948
276.8219968844279,328.48493466557693,354.3285328777405,221.1747979590121,434.33103190876017,-127.28024766621543,561.6112795749756,789.9837172769268,-104.660120225149,104.660120225149,111.56900218792579,38.65102176743521,-25.953480829789434,-139.2837805627101,113.33029973292065,331.42009577668136,S1,1,206075,206330
-3.176386632812303,119.91085168132227,168.58547515759503,168.55554871338703,422.2069168531919,-108.15482469237992,530.3617415455718,879.1789354491617,-88.6362306642889,88.6362306642889,90.43126291447957,17.928522692477987,-68.26107779820174,-136.79956342832497,68.53848563012323,333.6463851815529,S1,2,206339,206594
-31.95683821383046,53.64944025580954,65.85164296703847,57.57776804317246,70.63605434782673,-132.93225656245937,203.5683109102861,438.7416043069388,179.03535854746235,209.01249524292928,343.2616449008919,292.8735174949207,1010.3512312514295,-88.1091990204325,1098.460430271862,2160.6703454868766,S1,3,206603,206858
49.00338830205466,50.402518663500885,59.37652650218127,33.529685867635074,100.81966190427053,-20.623296154802123,121.44295805907265,339.9924385772525,37.64004834591194,42.002584970045646,53.112344947432135,37.47196213614163,120.40092482294638,-26.48469757575726,146.88562239870365,281.02071952180694,S1,3,206731,206986
68.96962308375232,68.96962308375232,70.31401446659937,13.683995107214937,100.81966190427053,42.343283776601446,58.476378127669086,304.87011164823593,-13.815434052919102,24.849208570848244,28.465050945442307,24.887605494624616,32.08526654964949,-53.78454286822042,85.8698094178699,251.23087358945745,S1,3,206859,207114
-15.73803409232594,101.74396922614851,122.80038206399286,121.78771743477009,99.43410663109754,-264.60340446874284,364.03751109984034,561.5215260939548,-64.75324878411809,64.75324878411809,66.64907661938545,15.783414906756509,-39.033517448057495,-89.55532458242872,50.52180713437123,229.15226213130086,S1,2,207377,207632
79.86339766175598,79.86339766175598,81.90198643659362,18.159655728570304,118.87113263495655,45.7360136134668,73.13511902148974,399.48309216063524,127.3853759518085,159.7647423790172,309.6511896034931,282.2354074464698,983.4268037649881,-72.27942544057049,1055.7062292055587,2146.3701770794455,S1,3,207641,207896
78.50000235320917,78.50000235320917,79.3265496906665,11.421519880118252,100.60356707781749,47.16095134636324,53.44261573145425,292.98066959145234,-24.911385927504963,35.01314153797869,40.62315334771315,32.088369218187545,52.18407283637638,-62.32210258121673,114.50617541759311,241.28282797272135,S1,3,207769,208024
86.24838921475538,86.24838921475538,86.65527072589386,8.387568326876737,104.7393370114291,71.49086065582937,33.248476355599735,250.0032289979661,-48.57304456705844,48.57304456705844,49.07718462561361,7.016366029727893,-28.372296198232444,-62.32210258121673,33.94980638298429,191.23514561147638,S1,3,207897,208152
-85.20053182753945,127.57986134306186,136.99269549233563,107.27473138889806,77.00680981510193,-182.89959154445285,259.90640135955476,480.71692051911566,-15.376239202176688,17.491131140360924,27.158469025958237,22.386462602014138,19.6457872608345,-56.51085244432559,76.15663970516009,210.18667876012063,S1,1,208171,208426
-23.50322872755163,56.65157791750537,85.28526001070666,81.98276535025049,65.24997322372731,-195.1192742514611,260.3692474751884,535.086819915234,-44.89743469942083,47.24684996595684,52.14268694526391,26.515658756346934,10.530692306345564,-67.78244969717329,78.31314200351886,230.44425681868705,S1,2,208458,208713
-56.883258313620765,56.883258313620765,59.474188866116286,17.363008521231695,-18.32116043255527,-81.94722013879174,63.62605970623646,339.26994753292206,108.59864937159871,124.97463671043337,279.37370233502105,257.4024065758545,946.3071490583517,-52.42155750301075,998.7287065613624,2019.6750597425362,S1,3,208722,208977
-75.15381210457409,75.15381210457409,77.39458356462117,18.48853945804006,-36.670250492958765,-102.03298652305504,65.36273603009627,272.41061799569434,-8.305168818532119,9.007479489937635,10.693117251623777,6.735497565336643,8.053474291424328,-20.545956879997757,28.599431171422083,141.20284199210062,S1,3,208850,209105
278.3513549014039,319.75355420809683,343.3192168665052,200.9691715024549,420.19728764929937,-107.96330263489098,528.1605902841903,829.2038102717246,-52.14971037913288,52.14971037913288,55.857623791445015,20.012042449464396,-11.556252287182467,-82.18133405093516,70.62508176375269,199.21719875875078,S1,1,209232,209487
48.51712204165738,130.07866554506654,192.4660521936908,186.2505573570706,414.9692483674822,-75.83685422132845,490.80610258881063,766.7204032021194,-87.96968284364472,87.96968284364472,88.6688908262237,11.113374858311012,-48.92299429290782,-100.12323531096901,51.200241018061185,188.49436428502645,S1,2,209498,209753
-36.99588833860516,36.99588833860516,40.153557685319015,15.608088954952184,-9.485532140196938,-78.8749574226179,69.38942528242096,301.8086639757139,139.27605690993505,177.01718059422993,338.04368757742355,308.01901675475057,1042.1826431797135,-98.92835272981937,1141.110995909533,2248.4336881197682,S1,3,209762,210017
-17.547810733578363,21.253197681730146,22.769871653610796,14.510044575411223,22.21079817733999,-43.860217336228466,66.07101551356845,301.94011979156755,-30.781440498169456,34.94651733556706,39.90589740369128,25.396526700546808,40.50581409313671,-61.32299686453227,101.82881095766899,193.0137468751245,S1,3,209890,210145
-244.36357016810382,284.0483122597293,318.0366802247212,203.5528814413094,80.01281975691357,-422.8432861213252,502.8561058782388,783.5740707579702,31.489442052588075,81.84372492757925,83.03252811138032,76.82978435336038,123.57941955638813,-93.92185530957676,217.5012748659649,395.56641080379245,S1,1,210272,210527
-33.824478963246406,196.22045191415017,225.03916098179624,222.48264785878402,154.70773058994695,-368.79000824946894,523.4977388394159,811.697807125964,-23.3128627477693,99.96681280409555,115.82788591063354,113.45752326324777,349.4340297992596,-130.3297905668912,479.76382036615075,876.7868582900775,S1,2,210536,210791
126.87761093708136,126.87761093708136,128.6406884445148,21.224951504711086,164.782080222966,81.06980648316313,83.71227373980285,426.9387672358453,75.0695568780101,193.69224189880757,322.2653408376405,313.399922679218,1001.3569191676565,-128.74949521957905,1130.1064143872356,2291.4367929319837,S1,3,210800,211055
118.3743818235287,118.3743818235287,119.47588052066463,16.186159337087094,143.62130402474105,81.06980648316313,62.551497541577916,372.8983310171493,-77.28690207336777,77.28690207336777,77.85616489853199,9.39772209682035,-38.852020425038376,-90.37890319066165,51.52688276562327,205.74867383009945,S1,3,210928,211183
-76.63339210225007,122.86390041046751,124.66713061129045,98.3321751501275,121.78293582492954,-163.5317265536479,285.31466237857745,514.638419324366,21.03895243219627,50.10558086175167,52.55817878631223,48.16351978302399,81.99271739457473,-78.71726493540133,160.70998232997607,380.80712716819073,S1,1,211311,211566
-22.013464711030444,58.93051086751709,80.85299070422315,77.79854418453736,52.838234033766035,-162.1389376245022,214.97717165826825,490.3676157333659,-63.06540771235511,87.46866472027904,91.60642774092973,66.441643218155,56.01649427718993,-118.60286722118674,174.61936149837666,313.48066945414945,S1,2,211575,211830
-48.99450664789401,50.23122887727048,53.180846830803716,20.68189517357812,17.482181428913922,-76.60487226169913,94.08705369061305,380.0411754849472,122.84797353704167,153.06475492899852,314.33438307706143,289.33454647220935,1031.280441722616,-105.07406928744915,1136.3545110100652,2262.3963978556994,S1,3,211839,212094
-66.3996875009195,66.3996875009195,68.06099217923489,14.945907674079429,-38.67092934704263,-103.92408554952755,65.25315620248492,359.5803405956153,-6.965404520550612,10.916173892513985,11.989671076742164,9.758860199508995,16.14811397574767,-20.515989408706986,36.664103384454656,178.19899389026045,S1,3,211967,212222
261.42285142286903,305.72502470064313,330.83845277608594,202.76137351382042,399.3199958898923,-115.57898582237851,514.8989817122708,764.6944349648934,-83.57403288934687,83.57403288934687,92.6322653794333,39.95144072416069,-6.595033195021715,-114.0763983480162,107.48136515299448,221.353465091675,S1,1,212349,212604
-4.555160050542298,145.68360832045028,180.95257908209115,180.8952359609683,386.1909992462293,-119.82818759118327,506.0191868374126,768.638088645172,-58.98309465166509,58.98309465166509,62.21559466036701,19.793300994422452,-20.42363620178648,-105.705598450878,85.28196224909152,232.93342067116663,S1,2,212614,212869
-155.34113062664758,155.34113062664758,156.34565847134206,17.69457709221499,-120.23387315386333,-207.59950350122912,87.3656303473658,347.4445747896023,166.58358114355846,182.6950357384748,338.1556088727104,294.27729492004806,1035.0292421844056,-58.97048109082255,1093.9997232752282,2168.9377693342035,S1,3,212878,213133
-120.91254502137997,120.91254502137997,125.00317822848899,31.71673097398502,-72.59743008773887,-171.12866892143467,98.5312388336958,335.3200040499124,13.486745038802914,16.982863130094117,25.41963025938442,21.546816720391366,80.22975694909114,-9.553695958302512,89.78345290739365,209.1869399552251,S1,3,213006,213261
-77.49264869929627,77.49264869929627,79.33538691191079,16.99979452905366,-50.97772218907379,-129.58719786993288,78.60947568085909,305.4353387792494,-5.304116751132708,5.792275225253318,7.029256486748611,4.612677340422897,7.672950694336849,-20.531503884486472,28.20445457882332,190.38011285560486,S1,3,213134,213389
17.2283136518299,70.5920840089611,89.33443618180803,87.65743948254308,165.86511812889114,-60.61928286244979,226.48440099134092,523.0016311924708,-83.23304445525113,83.23304445525113,83.81163196962169,9.8310713618355,-62.56303178347438,-104.50609263952504,41.94306085605066,172.25321181441979,S1,2,213653,213908
-64.53998400002855,64.53998400002855,68.85466934534874,23.990747298351653,-19.89211786006723,-113.67091054488866,93.77879268482143,305.428785996079,104.55021989584927,182.27311688408992,328.6775251695907,311.60578792977594,1002.0949280530358,-92.3138951546962,1094.408823207732,2258.2230847513747,S1,3,213916,214171
-43.861719934535515,43.861719934535515,46.936177946597866,16.70791203648946,-14.57889681197867,-79.71522906936858,65.13633225738991,294.9876570272626,-28.08698849456062,59.33276123569441,69.78251355503883,63.8805156159967,201.3807412851546,-77.25372227739385,278.6344635625485,656.7298496959929,S1,3,214044,214299
-55.10223607988702,55.10223607988702,58.887213033803604,20.771312858964077,-14.57889681197867,-93.61102928951007,79.0321324775314,277.6428505026223,-26.143168818222634,57.37926190727413,67.04450046427023,61.73734499187217,201.3807412851546,-76.28311451748914,277.66385580264375,627.0439032120269,S1,3,214172,214427
117.14919880357738,134.08469970252162,139.96831815595215,76.5976194609581,172.06885794420586,-63.513492942068176,235.58235088627404,475.39782853009984,48.88810055465071,68.33898844092667,70.61628741524608,50.95697864346946,147.83612154073373,-64.62048548520112,212.45660702593483,459.9322638066406,S1,1,214446,214701
-41.72582304222424,41.72582304222424,43.9874595077837,13.92308462223435,-4.433376643061151,-80.07198410621488,75.63860746315373,298.92856631460364,117.92410998541945,171.5490770011293,331.148433723509,309.44012254664057,1042.0590087656626,-88.0803861389833,1130.139394904646,2296.47168953018,S1,3,214953,215208
-23.720207158482626,24.530020775794046,28.759721689007886,16.262637055159907,9.62364218317166,-52.1786539502906,61.802296133462264,318.91620750990626,-19.060140891982186,20.257716249027162,22.365139250690593,11.700875304034714,20.195639749760463,-35.4317921162021,55.62743186596256,200.6682738286528,S1,3,215081,215336
-17.31776192350476,18.127717690806257,21.52106316332552,12.776982493556728,9.62364218317166,-42.53435630576801,52.15799848893967,346.58549843073644,-16.21821814768,16.21821814768,17.357075667192742,6.183645836472004,-6.8861272964579685,-31.83537364168929,24.949246345231323,170.48451860070924,S1,3,215209,215464
3.220676616328709,10.562578294392821,11.83158602546045,11.384799954803968,24.777626420597397,-14.807580861741387,39.585207282338786,316.090220112685,-131.2093275968333,131.2093275968333,148.41213302501444,69.3561358541655,-16.79416990298349,-192.4465577569424,175.6523878539589,336.0564257522735,S1,1,215485,215740
57.44343491341819,57.44343491341819,63.323586773720194,26.648234974135878,113.47561468052398,3.6550726539853438,109.82054202653863,365.8200707361716,165.21066382611656,179.78477724496238,349.5001258084644,307.98664662330145,1060.0155678345848,-42.56734838360384,1102.5829162181885,2234.6105470774883,S1,3,215992,216247
92.12598934153947,92.12598934153947,94.75421525465943,22.16220648692021,122.33171292019844,47.004309492282616,75.32740342791583,321.4842116836921,2.2164062489098093,18.476379546318377,24.101250964286148,23.99912167941355,80.08456615290682,-23.721977471515352,103.80654362442218,208.1896677581322,S1,3,216120,216375
105.06799937735556,105.06799937735556,105.38863606324222,8.214628300205124,122.33171292019844,90.08466413029967,32.24704878989877,242.63101156128118,-21.76682060068979,21.76682060068979,23.73288867940636,9.458093148541153,-8.701862448918039,-41.61128940832921,32.90942695941118,170.98067904665814,S1,3,216248,216503
-242.2646914657669,289.8806497878305,307.86966147732676,189.97775587463005,127.25962080044056,-367.82473500979444,495.084355810235,687.0483474474904,-43.58459267950461,43.58459267950461,44.9158705584396,10.854432688269537,-25.80569642830789,-64.47514919123844,38.669452762930554,218.91978605568391,S1,1,216523,216778
-42.949775243359106,147.55478828244506,190.24869157766767,185.3372101159383,100.31503076782644,-360.3439382875,460.65896905532645,678.4913985335828,-68.78316240242877,68.78316240242877,71.458824936671,19.3711184821863,-27.086011980923804,-90.23359843184664,63.147586450922844,231.09123497974804,S1,2,216787,217042
8.398691379391904,17.013903511958045,21.328277838499325,19.605035543705338,52.911574802705886,-39.63818424817053,92.54975905087642,357.84779014702457,148.0259432987539,172.44237289473085,347.3721231345589,314.25421563047524,1059.6012508458898,-77.81318067761849,1137.4144315235083,2297.130115909582,S1,3,217052,217307
-1.6187666241742846,16.18360594626707,19.135678188389594,19.06708615247932,40.4575532732964,-46.6570341179452,87.1145873912416,334.0822700033634,-13.795849530350964,16.308013219633025,18.40778864977404,12.186928190100451,15.015003501496636,-30.19821461134159,45.21321811283823,175.7162745395089,S1,3,217180,217435
-19.367053165463222,20.65385172750582,23.74668721965081,13.741266520741389,20.017181350302092,-46.6570341179452,66.6742154682473,366.2960779011771,-25.805962294940713,25.805962294940713,27.081759419915088,8.21425610206171,-11.479729823946212,-43.63370707522857,32.153977251282356,200.60468773336174,S1,3,217308,217563
324.08022898605816,337.434034806624,382.5571585528609,203.27809705027965,512.821945211534,-42.2552627828106,555.0772079943446,887.2671983713968,-55.287446327789084,55.287446327789084,56.90314018032114,13.463492894977852,-31.392168089118453,-79.97853166600343,48.58636357688498,185.3389537808768,S1,1,217564,217819
-87.17852623452342,183.77767004330968,199.2802506636362,179.19967318089112,404.8396223424098,-183.32939079285737,588.1690131352672,838.2214637264724,-73.83051896090123,73.83051896090123,74.19114119258018,7.3061550367735455,-63.16348091146342,-92.05721772142206,28.893736809958646,162.09009941275474,S1,2,217828,218083
-171.5530177232793,171.5530177232793,173.60731845195377,26.62823933560586,-124.79551193792707,-227.9562119723652,103.16070003443812,360.38630296366557,155.55588594640446,177.98288184826242,338.19710128339915,300.2992601787805,1045.3859936150677,-72.1361058577941,1117.5220994728618,2228.389047497718,S1,3,218092,218347
-144.58353831531622,144.58353831531622,145.97120040117812,20.07963632101929,-114.51871123470612,-194.59805771312264,80.07934647841653,341.3135935216249,0.025740721806359446,17.68678024949082,21.254402380725494,21.254386793719323,62.639924329144044,-19.226705917773455,81.8666302469175,201.02698490618752,S1,3,218220,218475
256.7861400051293,303.9193810290426,321.0217857322409,192.65478248925697,379.99993089052583,-124.8012714959413,504.80120238646714,748.0320706631686,-36.03422742585969,36.03422742585969,38.165677447160434,12.575905089579527,-4.541689169152633,-54.950946821455446,50.40925765230281,221.42698226029975,S1,1,218603,218858
20.721910234203285,116.40212703895152,164.91267568051282,163.60560209342353,373.9092554717657,-92.8572735838113,466.766529055577,800.1380751102465,-71.30357771415646,71.30357771415646,72.1843268462211,11.241745745360248,-43.06835762971133,-86.32908621079929,43.26072858108796,186.07952117811558,S1,2,218867,219122
-46.515353351037845,46.515353351037845,55.322216228035415,29.947779734224,-4.519094278684178,-141.2036230219956,136.68452874331143,419.88870408423173,111.55439317927647,154.22951686722803,300.1888478106657,278.6915171157859,966.0234371195743,-66.38372597924543,1032.4071630988196,2139.2975314784762,S1,3,219131,219386
-22.506574105084358,22.506574105084358,24.036015773341123,8.4370715481528,-4.519094278684178,-41.28819183760617,36.76909755892199,266.8519209441565,-44.01252269656197,44.01252269656197,46.447454758289545,14.841290355220833,-6.628715285489856,-67.30256883021137,60.67385354472152,214.31748522074412,S1,3,219259,219514
-64.53189766024788,64.53189766024788,69.73711489781196,26.43670513959562,-7.7303955377119795,-100.4830945762208,92.75269903850881,322.2227098362048,26.434614681119566,59.65673366428895,62.63620372941739,56.78472650540654,98.14886226731073,-102.33438705444482,200.48324932175555,410.954206578258,S1,1,219641,219896
-26.81982348358713,27.94611966455225,35.37512703649861,23.0672209240221,17.152498205606065,-77.02582451688318,94.17832272248924,425.6166384379213,-87.19504434415228,102.14262175150448,108.96161192578904,65.34261331847367,43.40784806984354,-150.66614237500147,194.073990444845,357.1384234311427,S1,2,219906,220161
-45.884540275595086,45.884540275595086,49.57868098623509,18.779099340281487,-6.507287621827123,-86.09546927699196,79.58818165516485,395.37683640501166,112.29813242560428,162.1633892365879,310.4332764066875,289.40965525412645,984.8215848133726,-116.94677575202617,1101.7683605653988,2177.38437624649,S1,3,220170,220425
-47.269050108215865,47.269050108215865,51.55199882077945,20.5729308627775,-17.082818734536016,-88.87799159139874,71.79517285686272,378.42367318562253,-35.33537820253399,35.55355704506721,39.29652808737491,17.193840961394606,5.450301662952444,-66.55266004819404,72.00296171114648,176.16016084212907,S1,3,220298,220553
226.06422978384498,251.4161189667034,270.4824270103923,148.51164039787977,323.06596222026707,-71.5485943922322,394.61455661249926,614.8703024684626,78.74922343061083,107.85244206569988,111.24881674326252,78.58027128899302,206.1920367076063,-82.7950896399889,288.9871263475952,515.8293931567068,S1,1,220680,220935
51.83544426864874,108.19242027736138,162.38694250432053,153.89153912211455,339.509677153612,-55.851062497125255,395.3607396507373,633.672684043003,-74.9251865679221,126.92550699540028,128.8304352384747,104.80218252258345,113.22814886132,-155.7276986363322,268.9558474976522,422.86377156948856,S1,2,220944,221199
-40.27584082506529,40.27584082506529,42.80079539049804,14.483256950468071,-23.46707455292835,-90.71535474738496,67.24828019445661,311.12011656426085,91.02962951394764,157.35583644176012,293.80454903352955,279.3469519850702,950.5386087872329,-136.6858232457743,1087.2244320330071,2154.3319969881936,S1,3,221209,221464
-30.567331877410464,30.567331877410464,32.431009658200054,10.835525337818714,-1.4717230890001316,-53.89891361983727,52.427190530837144,248.31407654361888,-42.90188561487396,42.90188561487396,44.72090758989962,12.624887577820708,-5.104390864906641,-60.07456400743638,54.97017314252974,178.5256077676533,S1,3,221337,221592
-133.48619011459462,133.7799985793546,152.501674414698,73.74413704137334,7.81312697781377,-219.50843122085232,227.32155819866608,546.843494604341,-54.800518980397996,54.800518980397996,55.20357245239691,6.658643329243152,-41.26028107595386,-67.88391828660953,26.623637210655666,175.23242224050455,S1,1,221718,221973
-2.7811524042167584,76.71294909384584,93.36545435908916,93.3240229468473,73.93820667787762,-186.4529191423507,260.39112582022835,569.4551500114817,-44.50210343338875,44.50210343338875,45.58806186182121,9.89111592901467,-11.698114330676061,-63.41521443231345,51.717100101637385,220.34271191280897,S1,2,221984,222239
66.1507973593029,66.98512481953995,72.71814703522661,30.199352922956503,102.37922383242851,-9.93613402564649,112.315357858075,361.78867905053085,87.22769449748984,120.53135648184698,250.10786569845195,234.4040822956961,846.6305375260785,-44.26837249797388,890.8989100240524,1837.8431624092511,S1,3,222248,222503
87.37356913209345,87.37356913209345,87.93091928766135,9.88463372576339,102.37922383242851,56.521449058638694,45.857774773789814,317.3342657815157,-29.49503850962897,29.49503850962897,29.824012254000856,4.417511770476392,-20.450349189540482,-37.86538300429508,17.4150338147546,156.10387677595716,S1,3,222376,222631
-65.16620815709474,108.49146788713699,110.88612111430075,89.7167608097928,92.57881991240062,-133.43606787611955,226.01488778852018,416.0739812646184,99.45302519139095,121.68153713800173,132.1074967624917,86.9568081356044,216.122213075491,-49.417319040583976,265.53953211607495,469.3256548766152,S1,1,222758,223013
-42.610565311564244,46.002091912045245,70.42129461417406,56.06691055306345,18.522258830230154,-160.86636133279293,179.3886201630231,494.8101254288274,-70.07014522372313,125.75484189996476,126.70816663267402,105.57051785294907,144.33031520575452,-137.533401712731,281.8637169184855,454.4623276828138,S1,2,223022,223277
-60.804950689731385,60.804950689731385,61.95882788057378,11.901862205298,-32.236180171152135,-80.45551743028983,48.219337259137696,378.8179862650472,67.99624169617783,145.8383347876084,264.96543080003244,256.09215262135956,902.7561096973909,-130.43051817262975,1033.1866278700206,2075.8624271151666,S1,3,223285,223540
-52.49925961769234,52.49925961769234,54.53170691500003,14.749060941551507,-19.74787920398072,-80.45551743028983,60.707638226309115,350.8456734384541,-58.325148276634266,58.325148276634266,59.1726944650047,9.979220849215878,-28.360604203771793,-75.6373638559006,47.27675965212881,173.00636879475653,S1,3,223413,223668
-41.07673936295881,41.07673936295881,42.38829817307074,10.462758016732595,-18.937581676115595,-67.54571185382245,48.608130177706855,353.52752316920044,-65.68660886463823,65.68660886463823,65.81492142750864,4.107712060644866,-57.73437345338064,-75.81141363884166,18.077040185461016,172.39804062841233,S1,3,223541,223796
30.883060565297804,78.16573729649448,129.88712617055424,126.16220557268971,315.1030020752507,-57.387629744928425,372.4906318201791,630.6535995011249,-76.37635631684356,76.37635631684356,79.66109679510966,22.63940234110394,-24.737094299757068,-97.93289237252482,73.19579807276776,251.06975258095582,S1,2,224061,224316
10.563103034443156,29.51489616937463,36.2424056171373,34.66890276892021,66.93780772216176,-63.28270780667219,130.22051552883397,299.08952654764755,156.59144577903055,179.28361605795112,318.5711548962204,277.4287292995168,989.3275304040293,-82.55345404783752,1071.8809844518669,2093.8992884319964,S1,3,224327,224582
56.18618451904749,56.18618451904749,59.87422023511659,20.689004759891024,85.62969464532583,0.17198815399763812,85.4577064913282,273.48956136539925,23.89154720033887,23.89154720033887,31.144082731621463,19.978685181164,71.9736253747152,0.4346581454043722,71.53896722931083,174.63781696073622,S1,3,224455,224710
68.41080184836802,68.41080184836802,69.35596998696478,11.411080724282254,89.04102541456896,39.836320082618656,49.20470533195031,311.92069621548205,4.859637715324539,4.986421482205964,6.233327437639209,3.9036255225906453,16.275315713405057,-1.4284991985023314,17.703814911907386,155.18075023677116,S1,3,224583,224838
-35.41027030635143,81.21442098398808,153.22014919726755,149.07222033921698,61.83928641881661,-409.33704841616225,471.1763348349789,710.5383855480825,-18.670704307900557,18.670704307900557,25.4209760486352,17.251980289584964,-4.085024244519085,-66.97907489239623,62.894050647877144,243.1027303386051,S1,2,225105,225360
-38.95923269016504,39.15773575593688,41.60541720632217,14.600990689186304,8.18284774081254,-62.88902415966628,71.07187190047881,319.39416891974315,92.78625639943104,117.4416828288754,256.2638738113961,238.87629360026958,886.0231592603344,-25.538766053572598,911.561925313907,1881.9659770141534,S1,3,225368,225623
-50.62558491910057,50.62558491910057,51.91736603855604,11.509259228132361,-23.92349655542821,-72.12914195714036,48.205645401712154,271.0327697913094,-21.192845333774848,21.192845333774848,21.7290891095949,4.797563985129673,-11.672192474156134,-37.539057345668034,25.8668648715119,164.43596190264844,S1,3,225496,225751
-56.474415256051316,56.474415256051316,57.36712775714607,10.081059894266962,-30.906128157000776,-72.12914195714036,41.22301380013958,279.1034525746104,-26.46624161634596,26.46624161634596,27.45636526929831,7.30684942409021,-11.672192474156134,-40.77420562858896,29.102013154432825,173.3387557937215,S1,3,225624,225879
90.60827667825518,139.25609541058495,237.32532113587098,219.34777922204057,504.20615760708154,-50.41642361692517,554.6225812240067,804.7561576412775,-96.31156310456113,96.31156310456113,96.8922526789956,10.592046146352857,-65.22519721390212,-111.8436166216864,46.61841940778427,237.52441994724438,S1,2,226142,226397
-29.74656164175022,30.31177426388637,40.952040487768954,28.146255356715255,8.509147862011302,-105.7522418858557,114.261389747867,393.90229870971166,139.4601490817173,188.02402889022227,340.03209070620716,310.11721901264923,1011.6794099314262,-76.37343032515076,1088.052840256577,2180.9032913975902,S1,3,226406,226661
-2.4880033510700743,12.340640734316572,14.504028946755316,14.289041080960619,27.77145026826214,-31.46658444336244,59.23803471162458,358.81868743135817,-59.02919866331738,59.02919866331738,61.526734187418775,17.352023655352014,-9.90118168861085,-83.53230930543943,73.63112761682858,237.902267336982,S1,3,226534,226789
17.054517801752752,20.207659685482085,25.12501862848878,18.450202807329973,66.53016525444622,-21.685609901930274,88.2157751563765,308.2976127716366,-67.36137630298789,67.36137630298789,67.65290857405908,6.273836234494686,-54.453178388587894,-83.53230930543943,29.079130916851533,194.60483159598175,S1,3,226662,226917
-94.35405652373532,233.57469713326026,288.6914514370196,272.83706887138493,124.60686914101815,-478.4904375328273,603.0973066738454,827.5048136440278,-18.34762665343675,112.34661733150078,114.41240377190988,112.93167285156382,152.93846207382433,-117.19746885923843,270.13593093306275,431.438219715391,S1,2,227183,227438
113.30392414233661,113.30392414233661,115.26284411934958,21.15996239195881,156.81413047525916,57.98961397112171,98.82451650413745,367.90090462036494,101.29974711480145,143.9660392831609,294.1851860723382,276.1942883893393,992.2403407495591,-101.20323813168183,1093.443578881241,2184.4633087273974,S1,3,227449,227704
135.034428971385,135.034428971385,136.28147232581725,18.394093934316597,175.74265382232463,100.4111595968048,75.33149422551983,333.50332257231935,-13.774293746127483,14.276368678209419,15.186639085881351,6.395532700269185,8.676607724853417,-24.51429680175717,33.19090452661059,174.1575399722708,S1,3,227577,227832
136.40418936587082,136.40418936587082,137.17456540941296,14.517524537639378,175.74265382232463,115.40767982782448,60.334973994500146,306.0571324742871,-21.42940499710849,21.42940499710849,22.03959192111446,5.150166358396144,-7.014942528345206,-35.86034883631463,28.845406307969423,144.5959619561862,S1,3,227705,227960
50.456926654507065,89.25446494709388,90.28009999960908,74.86384313218973,117.46839936108199,-104.70743216811141,222.1758315291934,499.4367520675679,-93.99335499072316,93.99335499072316,99.69158443916629,33.2213971045668,-20.74557447022452,-164.57924387755105,143.83366940732654,341.2753692905182,S1,2,228224,228479
62.141482941152915,62.141482941152915,64.17507619788923,16.027367309676556,96.42445374332576,28.124696563992117,68.29975717933364,381.299262177444,197.92619096944165,227.94529782286145,390.805546799726,336.9780383611979,1090.68709147417,-96.80745223372433,1187.4945437078943,2331.0662397949923,S1,3,228488,228743
79.38479860840138,79.38479860840138,80.93185602064953,15.748621173001112,108.53463379838355,49.89675448822875,58.6378793101548,245.50329092241634,14.212493312687403,29.689416350445555,40.947097744500816,38.401430279802334,138.7646151869819,-35.3728849108201,174.137500097802,261.1734072134892,S1,3,228616,228871
108.10246989197873,108.10246989197873,110.7411882768342,24.03053857530183,149.21063461249258,64.73265014797231,84.47798446452028,244.878813830621,-24.53487065700845,24.62096361301398,27.632360320265033,12.711705578435302,2.651728120278151,-45.48560802514299,48.13733614542114,168.03547687439954,S1,3,228744,228999
-28.286449409723915,170.81923458698125,215.80889285319876,213.94708461279524,124.09538832289363,-421.3779945369974,545.473382859891,835.9843503255344,-102.8749004950773,110.52260896566202,124.18269105211414,69.55642030088073,20.090639212286977,-163.43788778446128,183.52852699674827,373.2215205592102,S1,2,229262,229517
93.19655138571858,93.19655138571858,94.54241147692404,15.895608754657264,123.57256779689163,64.71020372309496,58.86236407379667,432.4008692564254,146.4340728542194,210.98244217595652,359.5819716667681,328.4147631503273,998.1544511609568,-147.17081868368263,1145.3252698446395,2218.7678335159053,S1,3,229526,229781
77.36000019404263,77.36000019404263,79.21825103397632,17.0575985079909,110.52527271422029,38.7878264732282,71.73744624099209,461.29989063467093,-8.233138565842854,29.151606591490637,35.00770588163916,34.02579757259166,125.8994908443149,-37.09025713985159,162.98974798416648,288.69900583070273,S1,3,229654,229909
62.09193260706519,62.09193260706519,63.37252219139871,12.675506854520524,95.92698489524764,38.7878264732282,57.13915842201944,353.2726609676302,-32.06944284013599,32.06944284013599,32.54500034881655,5.54327372837746,-14.853339724681915,-47.50909119089556,32.655751466213644,186.91378045559884,S1,3,229782,230037
-13.976742897752725,33.10355331121494,35.249337087048914,32.35995091230085,50.3782535115343,-51.838824988304765,102.21707849983906,357.39465888682,-83.70045923861382,83.70045923861382,86.82340908799335,23.0767737976129,-38.201233671263935,-108.55676562218751,70.35553195092358,220.63418353607716,S1,1,230056,230311
-20.59022202806527,24.83043596371857,28.17595884024899,19.233497170363503,32.522948994737796,-67.81126057497919,100.33420956971699,403.57251824875846,152.90128923120523,171.15729214137946,336.61564797503956,299.8854618234953,1056.1570346149292,-56.039740959654914,1112.196775574584,2257.421548659569,S1,3,230564,230819
-49.84317472620964,49.84317472620964,55.29141756588712,23.933215196831124,-6.528998140377051,-95.3347272720111,88.80572913163404,308.98045366160625,3.674534611928588,16.595328139466293,23.137987643096455,22.844348700670437,86.81263691564436,-21.8738531813788,108.68649009702315,246.73069714891304,S1,3,230692,230947
-66.7448092821133,66.7448092821133,67.45528242946821,9.764505186318836,-51.273766680642794,-95.3347272720111,44.0609605913683,313.37618179999436,-13.291387476851305,13.291387476851305,14.05109141778421,4.55765169480176,-2.6401414146723146,-21.901967804352076,19.26182638967976,171.68154108018652,S1,3,230820,231075
198.21637412658797,222.44365893333259,231.67662564634912,119.93468180216716,272.86286806704237,-93.80247381941936,366.66534188646176,604.3984108649217,-59.79545259729156,59.79545259729156,61.614995752341265,14.863093562448224,-21.481892922936574,-77.62098280506255,56.13908988212598,280.127229773585,S1,1,231097,231352
-126.79867054166624,126.79867054166624,128.4941602690657,20.80496027677836,-93.47127762737158,-183.6990288758513,90.22775124847972,317.05510096003525,150.7880472137525,165.731124907476,317.17545969478596,279.03984849849303,978.8648439502194,-45.73632766076462,1024.601171610984,2053.9656615272797,S1,3,231605,231860
-105.53917101796878,105.53917101796878,106.49619379715541,14.245092983944382,-63.78555581727681,-132.86917063570965,69.08361481843284,305.31711484479,-4.677845675643102,30.972391770229002,35.06042708004118,34.74696111704954,82.68002616610734,-48.83470302409735,131.5147291902047,203.01289633887686,S1,3,231733,231988
-89.38760042460424,89.38760042460424,90.33752034594265,13.066157529468779,-63.78555581727681,-112.2384905110409,48.452934693764085,321.7397807223704,-31.06177151740887,31.06177151740887,32.15340802733457,8.307105270342367,-7.900925583286708,-48.83470302409735,40.933777440810644,179.7647450456385,S1,3,231861,232116
290.64913627395333,322.281285562486,350.3862881487994,195.68758393392864,420.0742167420959,-96.38270602432749,516.4569227664234,1118.8442701765143,-125.3673137112905,125.3673137112905,135.5654049735134,51.58503347335905,-21.18295462351315,-164.76159141722707,143.5786367937139,356.5905296976445,S1,1,232135,232390
-80.37447698049526,80.37447698049526,83.46763367990503,22.511981748274746,-31.970362967476138,-108.56110927802938,76.59074631055324,322.06569940542556,-59.86804904505054,59.86804904505054,60.1250300474487,5.553011952628227,-43.41767910239043,-72.01359865471831,28.595919552327878,192.52321882226914,S1,2,232399,232654
-36.013257099641976,36.013257099641976,42.88848523128984,23.290931250374122,-0.5313067293534633,-102.41650635535669,101.88519962600323,409.52550945592725,159.5950844285985,180.29242897862227,342.92343670235095,303.5224744001337,1013.8863207869562,-70.43422534900253,1084.3205461359587,2178.9923773365385,S1,3,232663,232918
-32.3911125722701,32.3911125722701,33.51510734564199,8.6068720636728,-12.383001636762705,-48.60357373700478,36.22057210024207,307.02370619173587,-19.87647025580591,29.58050695234408,34.97105311781557,28.7732599185275,54.37426385421781,-61.8695525613438,116.24381641556161,220.08960176287707,S1,3,232791,233046
7.905764332941767,18.6883521093594,22.52293569670005,21.089844065560825,52.03363581829594,-35.198978940949985,87.23261475924593,291.68508797094364,59.623582333047885,88.57790424680147,90.60715924403074,68.22525731756096,179.7017432135259,-86.10303032275773,265.8047735362836,460.54995414778443,S1,1,233174,233429
-14.111285744921584,31.893233678531935,34.37156024248682,31.34127898041294,47.509888736303445,-51.62046522104336,99.13035395734681,311.21832270251303,-81.36714330933607,108.4531230305487,111.22728504844609,75.83466838409886,82.9878674940315,-139.29260292754782,222.2804704215793,386.0916812189171,S1,2,233440,233695
-59.450501080179635,59.450501080179635,60.99538922213048,13.640946729415496,-29.848684413943868,-86.84775275245968,56.99906833851581,411.49233711802333,89.64640185997293,142.27152077678073,283.7721755521196,269.2399863525908,959.2909939174933,-103.86161566169112,1063.1526095791844,2175.4423304952143,S1,3,233704,233959
-34.81922778040621,40.62966474044828,44.20652648449012,27.23670979762635,27.052306632534957,-75.23349376483141,102.28580039736636,421.1493661172792,4.019786307001368,47.80512881048902,60.89357049937072,60.76074593195738,144.8064463610359,-41.71013582980241,186.51658219083834,366.9438299215378,S1,3,233832,234087
228.63132032596917,231.1151608672646,259.6249483130159,123.01558093404373,311.2203602652076,-17.10900300301104,328.32936326821863,546.5922902256173,-134.2925144967636,182.95287353882645,190.88170452276475,135.6515597833383,122.7640428277698,-252.75666782687344,375.52071065464327,531.4592227412631,S1,1,234214,234469
-47.10082380016862,117.70244492022819,132.0078832250768,123.3190724539841,278.81689118441494,-147.52636369046633,426.34325487488127,662.8510075684843,-80.30158188081145,80.30158188081145,91.85178603662794,44.59155240129923,-41.71413983301358,-202.48005328402905,160.76591345101548,388.9471655816366,S1,2,234478,234733
-77.34107900093461,77.34107900093461,78.39790138923215,12.82920267230038,-55.823674988340855,-129.35628370600574,73.53260871766489,356.4136571629275,119.45762940211971,140.568011880099,289.39184585534423,263.58587827345593,993.4931736970477,-46.2041042768182,1039.697277973866,2121.607151684319,S1,3,234743,234998
-70.11632892935188,70.11632892935188,70.6137234461979,8.366502041298386,-48.43696867140224,-84.3195825843454,35.88261391294316,324.17760920823,-13.488782859594199,19.482442713829528,21.49028071233842,16.729760968460447,32.602824097434365,-31.496166179478397,64.09899027691276,201.07970000882216,S1,3,234871,235126
16.998292603195903,34.273022911288,36.24192727147064,32.008363609011674,59.71228245858864,-66.35389665776343,126.06617911635206,363.57637876658447,19.426412759035333,23.787025290067675,25.045476425977235,15.807921328238278,45.4817156401702,-19.65201983199778,65.13373547216798,258.8547516432334,S1,1,235253,235508
-29.68583689279847,33.93811268383488,35.585136393942996,19.622767902354944,27.502735130218138,-52.25646455037175,79.75919968058989,402.6653750862867,-80.63829241449493,80.63829241449493,82.21900167061824,16.044626271357522,-7.76058484353509,-101.07634807233276,93.31576322879768,281.60040915901334,S1,2,235518,235773
-36.88338418462976,37.12672922065949,46.70516034128309,28.652887700787954,5.438829399767853,-89.60352509982128,95.04235449958914,310.01619106167175,95.40017838566378,121.89542347314067,271.6560041994417,254.35367223924771,929.6635598214564,-30.49171826160574,960.1552780830621,1484.2194322679088,S1,3,235782,236037
-64.50585526732019,64.50585526732019,67.74126030002306,20.68509084502702,-15.690586337824453,-93.75022408856067,78.05963775073621,312.29497459201355,-29.182388919295153,29.182388919295153,30.305900067869462,8.17531380967666,-12.450978995730306,-47.449871873822566,34.99889287809226,189.3197916817208,S1,3,235910,236165
210.16330429681955,217.25843994789295,239.98025926824224,115.85296873837626,304.7933122603958,-26.17899284973094,330.97230511012674,645.3508679228656,-14.429061175847902,16.2521203182017,20.93071983449671,15.162362163391053,28.71502864454458,-47.728626645928266,76.44365529047285,258.8875861510427,S1,1,236292,236547
10.903419195521202,21.04927075960379,23.071064725995402,20.331981640701162,86.44378711744693,-33.412518487982375,119.8563056054293,370.2764984629248,-77.17534546438941,77.17534546438941,77.46530553323294,6.696238780784343,-34.08998890300752,-88.4378681397704,54.34787923676288,223.66937055057815,S1,2,236556,236811
41.95773472294217,44.926863728266916,48.35002998847142,24.026524859107248,78.15042042191779,-33.33093330699424,111.48135372891203,372.99014343233046,129.88028784708706,154.147528679086,308.9260194832787,280.29697883234655,963.5709490656445,-86.11379433152119,1049.6847433971657,2116.46308403943,S1,3,236820,237075
70.37624595499304,70.37624595499304,71.93335474507137,14.885950764482896,97.91855564100885,38.90547486047427,59.01308078053458,244.21336165047106,-17.702906775256253,17.702906775256253,18.681917049579592,5.968342848225039,-3.7274701128638235,-30.057629974154665,26.33015986129084,199.51910569893977,S1,3,236948,237203
-295.5951907120515,355.5883159569853,375.8378962520502,232.11550462447084,155.54429764479607,-460.22716511207517,615.7714627568712,942.9421522400638,1.6081544597552613,17.464920805617787,19.701832257539785,19.636090077655595,25.740160801652127,-36.165289891778485,61.90545069343061,205.65557012192198,S1,1,237330,237585
-90.83704054788839,214.17017277540705,263.0650104709005,246.88424777323542,131.41883858470928,-459.78624112464337,591.2050797093526,856.1274307311776,-61.27527566388829,71.6601242487473,85.19448816121502,59.1898758688165,27.84237469012932,-124.5821486573841,152.4245233475134,318.7326332021519,S1,2,237594,237849
79.76377372807063,79.76377372807063,82.13109874635258,19.576970703872103,115.29374808721619,34.03084043931786,81.26290764789832,313.9124130351829,105.03058915709859,168.56116720839287,319.2399199940122,301.46758011284743,1018.2865593652258,-113.28143925695665,1131.5679986221824,2291.8562096787264,S1,3,237858,238113
64.35926460323662,64.35926460323662,66.22077812153643,15.590911286782722,90.90312561535413,33.47231690321347,57.43080871214066,240.0644371267885,-35.61462167174473,35.619390524500034,36.879727094553026,9.576690124839516,0.6104131526788057,-49.822973801348844,50.43338695402765,209.56037820946307,S1,3,237986,238241
64.88702584752042,64.88702584752042,66.49618185570756,14.540153989918686,82.36199779620833,33.47231690321347,48.88968089299486,244.2694788948695,-31.770639116421535,31.770639116421535,33.21830544385394,9.69960342979456,-12.839107373419582,-49.822973801348844,36.983866427929264,171.04410921511314,S1,3,238114,238369
45.555752584590664,45.555752584590664,49.03394500439718,18.138389375735883,73.04256432976915,17.613886394568034,55.428677935201115,270.28785163150985,-56.69370520298078,56.69370520298078,57.88916101622529,11.703792270882452,-27.0595801574225,-78.43374558444683,51.37416542702432,236.47111447435083,S1,2,238631,238886
11.080159670406658,16.17760175878455,20.068329046831156,16.732241105428194,47.74994892337593,-33.330360829580165,81.0803097529561,315.6628115375984,115.335182533937,137.36571443273215,289.9986321883576,266.0770609071397,978.9604482029305,-54.32682437019383,1033.2872725731243,2121.071177263702,S1,3,238896,239151
21.451693252690905,21.59476132902384,24.67040372806663,12.184156790613763,47.74994892337593,-5.643435909644435,53.39338483302036,320.5742523884871,-16.011860005610618,17.446256045064775,19.933107614128733,11.872199388367934,11.258170876995186,-35.85740362005507,47.115574497050254,198.4972116688897,S1,3,239024,239279
29.087314473134384,29.23038254946732,32.133716972253126,13.656643189080388,51.403787906814976,-5.643435909644435,57.04722381645941,294.6112481611243,-30.9001571366767,30.9001571366767,32.23330385021559,9.1742120113398,-13.275376605616751,-48.10469221548901,34.82931560987226,164.03794438569224,S1,3,239152,239407
-167.59568383797378,185.44173682466703,196.2609569004915,102.12761606136955,66.81865142577513,-271.1309420251939,337.949593450969,679.523692343967,18.129605261730365,31.97586031349265,33.057687618229096,27.642867501731,63.32295919612827,-48.024914298007204,111.34787349413547,247.58300958848486,S1,1,239426,239681
87.86859661726994,87.86859661726994,88.97867497928864,14.011221559213983,111.77294005200876,47.20327682561548,64.56966322639329,321.55261010619995,126.2553830313636,157.40759607783886,311.7393570344955,285.02807752901174,950.6870820388436,-75.77349567284415,1026.4605777116878,2096.518916882072,S1,3,239933,240188
84.78021471521639,84.78021471521639,85.27447998963201,9.167994892229986,102.84086762339118,63.81530149973694,39.02556612365424,249.69886211509618,-39.55835122884008,39.55835122884008,41.87921624405528,13.747930799653803,-7.809598620418418,-65.58900031264122,57.7794016922228,186.8649502395346,S1,3,240061,240316
67.06333837856825,67.06333837856825,69.12081581524859,16.739050883702244,98.49823793704645,38.90634339857692,59.59189453846953,306.84002457964743,-57.26862802978865,57.26862802978865,58.18951157115241,10.311328744394926,-39.67927028737195,-79.63901837338781,39.959748086015864,168.4885456053052,S1,3,240189,240444
-162.67836498613426,176.75237321090046,189.53594716116052,97.26060266992141,58.62148357961834,-235.50476580151658,294.1262493811349,588.5645593097304,-38.016525099358894,38.0193634930524,42.92878014269177,19.940511124577093,0.36331439276922595,-86.4187496885759,86.78206408134513,298.3378010754635,S1,1,240465,240720
-21.807062168507635,27.648161611140765,60.65973177763347,56.60437349634106,23.83740850237287,-188.08891984538118,211.92632834775407,448.2797774582026,-65.59736156187151,65.60020058244247,68.9970905706339,21.391228654132014,0.36339463308240294,-83.13473970962725,83.49813434270966,289.7738298849729,S1,2,240729,240984
-64.89633202188834,64.89633202188834,66.7609642239652,15.668198180339408,-31.845453745334108,-94.05325518356663,62.20780143823252,394.34235136674295,115.33694002980171,150.05850095534996,298.619753184976,275.44717689026675,969.75450959683,-41.43456863257878,1011.1890782294088,1974.0273249418915,S1,3,240993,241248
-53.67820882950224,53.67820882950224,56.644488862731066,18.089997661039387,-28.081160006897637,-89.93242073232923,61.8512607254316,358.83603883541434,-30.74548560494459,30.74548560494459,31.15615372071644,5.041927169749476,-17.746859231043373,-41.43456863257878,23.687709401535407,207.83866867910587,S1,3,241121,241376
359.9819460722016,392.01634512214855,420.9970827368133,218.2923319197854,503.06035961985407,-104.6397635508072,607.7001231706613,837.0727809549925,17.851211367623428,30.834816367942395,32.897843031274654,27.633355366636497,82.83249580225014,-41.24414103450153,124.07663683675167,348.9833249311488,S1,1,241503,241758
-6.996696210771425,97.18381299685099,152.0833330836392,151.92230397135017,476.0032478487021,-87.53217131200905,563.5354191607112,811.6428391622801,-77.84533023163596,82.20053537546374,84.73772830476216,33.47517228304038,30.994586415227815,-103.43372390674458,134.4283103219724,314.6303898548506,S1,2,241768,242023
-52.77277007711067,52.83437834809108,64.12750476152652,36.433111386869236,1.8403070145374931,-130.84059424982632,132.68090126436383,386.4216028874275,144.0842586831639,164.61303826951536,313.93052341978995,278.9123517063136,981.6349128493697,-80.02948895432046,1061.6644018036902,2129.739497899303,S1,3,242032,242287
-14.796817514521495,18.862370514352417,26.954770276826547,22.530286995918228,15.07071154384099,-67.79244517546125,82.86315671930224,332.51300830646557,8.434338663854032,9.300865605571898,15.86531545839273,13.437639893140918,60.2719534246981,-4.6679710608488225,64.93992448554692,199.11557391137382,S1,3,242160,242415
-4.536171477633792,8.961429671949123,11.131668277160664,10.165490000892564,15.07071154384099,-27.23152042690169,42.30223197074268,280.9788814448573,-2.6631809621331914,6.359733668086221,8.292475130419305,7.853191131734539,8.612715356808893,-19.022791204618148,27.635506561427043,179.9803049758607,S1,3,242288,242543
-237.1434581160036,245.15918123046947,269.87987200516244,128.83371292602772,31.64446071078101,-336.59549961004126,368.23996032082226,657.2007347220149,-91.68567075376123,91.68567075376123,97.78376988234237,33.991225791897854,-15.859038287922747,-116.83175071383549,100.97271242591275,253.95798354860665,S1,1,242544,242799
3.9721326637768897,85.10443998763397,119.31980037031855,119.25366628541879,64.06430990985324,-307.7009311062237,371.76524101607697,555.246869709092,-52.92573900537835,52.92573900537835,56.735489298148636,20.439713712156344,-22.270632872503825,-104.66783857361771,82.39720570111389,276.8744671440353,S1,2,242808,243063
32.64986471851613,32.64986471851613,34.8010873312793,12.045829705832807,51.19339107436333,0.8317607989657883,50.361630275397545,351.0520467614013,155.16400632119667,183.07652010896615,338.2424377483941,300.55295346466295,1021.3494977839097,-67.20802508608135,1088.557522869991,2187.24698630397,S1,3,243073,243328
29.376674550791073,29.376674550791073,31.29084641313748,10.776273084302506,51.19339107436333,0.8317607989657883,50.361630275397545,288.8567257085189,-23.009246261843057,36.143252806670475,39.233856997605216,31.77845372843677,55.622800574775546,-58.577978814929274,114.20077938970482,198.1506698789034,S1,3,243201,243456
46.41681506648541,46.41681506648541,48.76759211546621,14.958519974388324,80.99908044097907,18.087138629088983,62.91194181189009,306.4863469091306,-118.55641389917666,118.55641389917666,125.8542773210527,42.23358667425196,-60.05347429099456,-178.16644146761277,118.11296717661821,348.39002880666874,S1,1,243582,243837
43.18307764567569,43.18307764567569,43.99956545507613,8.437035337313288,65.79773973011476,25.374705327004076,40.42303440311068,320.105026823643,-109.7952652377363,109.7952652377363,111.43304585442331,19.034795501111734,-57.527084007496676,-135.6560952609596,78.12901125346292,248.5835606784991,S1,2,243846,244101
51.73925515905822,51.73925515905822,56.030784316651825,21.50577286974418,87.80819455733676,11.096547581352306,76.71164697598445,371.4192727701296,395.7889034495922,437.54792198856524,665.8817215577286,535.4900662111799,1332.695115000373,-134.13654936773497,1466.831664368108,2873.548992110872,S1,3,244111,244366
80.25792380584784,80.25792380584784,81.9371110248635,16.503206642211417,106.54440560225353,18.46998737841617,88.07441822383737,334.4092542991524,24.886781471835953,67.62156343842099,144.34813773071076,142.18661320355488,750.8834942308673,-44.97294200765288,795.8564362385202,924.6048354803481,S1,3,244239,244494
-158.83718673571968,205.12252145008716,225.58560834639192,160.18618792796664,116.08287372012632,-306.82624817674895,422.90912189687526,917.8948999540162,-216.38279201970516,216.38279201970516,242.59782642486124,109.69135200107672,-36.05369635424644,-319.1615852656075,283.1078889113611,700.7172533888107,S1,1,244621,244876
-23.657140546302646,25.69928309311749,29.750596514226903,18.03989174371102,17.94468865093438,-62.492641341971876,80.43732999290626,304.36758581691834,-67.80749162121751,67.80749162121751,68.34668914601419,8.568196850003526,-50.74483141341878,-85.80228391481097,35.05745250139219,190.9702168088071,S1,2,244885,245140
-16.990929129631233,30.564470372761807,35.14167306553113,30.761103900161405,93.68528861265678,-61.61386207554004,155.29915068819682,527.0289392579862,232.47669204518255,247.92613102730093,450.5213824828706,385.9068588791942,1176.6295930687213,-62.199614205218275,1238.8292072739396,2466.0188567353184,S1,3,245149,245404
-31.0855649837266,31.0855649837266,33.75328236117985,13.151871341981913,-3.7080108148717468,-58.25068433513372,54.54267352026197,319.7043693339131,12.226945687580757,14.403130809722308,19.794537544631233,15.566808142929164,64.57385860021465,-9.655607279191296,74.22946587940595,190.26818030341224,S1,3,245277,245532
38.53509875795482,55.70793018859575,58.04952189612085,43.41420454278626,95.54842271879929,-54.302480491743744,149.85090321054304,420.87571185366096,-153.2408725674129,153.2408725674129,170.38910641024484,74.49619156748656,-8.733461764967569,-219.17413233801545,210.4406705730479,435.85241756099947,S1,1,245660,245915
-24.403404846473457,24.403404846473457,25.741401294912578,8.191066629251825,-7.037161819309751,-38.09345444585279,31.05629262654304,276.3349620557291,-22.8844704122257,33.87694367885627,37.243307238147864,29.383072473569605,25.87637444071082,-56.15214972492043,82.02852416563124,284.7959304958563,S1,2,245923,246178
-61.48201621832383,61.48201621832383,66.00569389840868,24.014856000821457,-16.033994795027596,-104.56747386810835,88.53347907308076,330.6799269896486,147.09837940938837,181.04674282052557,339.6526839944778,306.1470439507529,1016.0901258420702,-61.750494463331854,1077.8406203054021,2203.989577148514,S1,3,246187,246442
-67.37305741013998,67.37305741013998,68.68986805965457,13.385406578163195,-40.59167840702808,-95.41348274542302,54.82180433839495,287.82904396533854,-28.412756002926187,37.4085045159499,40.95885012167853,29.50157113796326,59.506669411308,-59.32403504135289,118.8307044526609,246.87634230489306,S1,3,246315,246570
-86.18355740103404,86.18355740103404,87.83754734727161,16.965528511863436,-53.103182500151306,-127.21392550645777,74.11074300630646,319.5963703876547,-50.66225125901258,50.66225125901258,51.044561772727896,6.235670287828919,-32.07389437449291,-63.1678748514728,31.093980476979894,220.49686822621743,S1,3,246443,246698
56.22331850801726,242.22543658629922,300.85356954294554,295.55339409771295,542.9249116675454,-158.8095122907151,701.7344239582605,896.7529850589295,-44.4494359632408,76.11731601906457,89.5370181781509,77.72467604811409,227.17035478728855,-121.31118494241804,348.4815397297066,666.7049390941156,S1,2,246963,247218
-75.77975114556625,75.77975114556625,86.41420295691158,41.53123871249638,-19.584821808166204,-170.52456541986314,150.93974361169694,419.04034050312276,84.81339820537434,186.25223136491806,319.72383118226577,308.2693882154415,986.4919015176998,-122.3534159315134,1108.8453174492133,2255.880587307506,S1,3,247228,247483
-36.84524032849723,36.84524032849723,39.55885029232488,14.3989896029497,-7.7109304586835945,-71.13619981138189,63.425269352698294,294.647386659848,-65.3951515484151,65.3951515484151,66.83225612685673,13.784941529277594,-13.750907226891348,-81.36325275606791,67.61234552917657,215.71154226462528,S1,3,247356,247611
-6.870915962326883,25.991920142949496,29.030442917271046,28.205622308532288,37.00342531090344,-53.0637453870132,90.06717069791664,346.07982371626383,-70.29214418350386,70.29214418350386,70.48622451854341,5.227074991236884,-59.912161431362804,-81.36325275606791,21.451091324705104,179.54513001050566,S1,3,247484,247739
-21.317464261698582,110.84164614494645,168.13919796847338,166.7823600112814,89.64971606320626,-398.64678043326285,488.2964964964691,694.8573921981936,-61.62825007512063,72.32343900333223,75.64816808967784,43.87031032489451,39.46043595365007,-105.04495352845801,144.5053894821081,312.1948128321825,S1,2,248002,248257
5.668458662507867,29.110501943157608,35.59552584640043,35.14128678169313,69.48532910571116,-53.321816067701434,122.8071451734126,412.34618761938106,170.54628246179473,199.28110007501667,365.796078174746,323.60583484616996,1074.9030548670964,-63.02758039673147,1137.930635263828,2317.010038882,S1,3,248266,248521
-21.540893171158796,23.747458042976753,27.003427178071185,16.28419481430132,28.51843039518527,-53.321816067701434,81.84024646288671,315.84912073818435,-3.469514603566962,30.038512636472518,32.31410914027508,32.12731109111444,75.07511610261723,-38.90740573650079,113.98252183911802,218.0930151870432,S1,3,248394,248649
-21.248075143978106,21.248075143978106,23.0413985264315,8.912090031507722,-4.257452036914069,-47.36070578564095,43.103253748726885,259.98849054709166,-26.38397587332262,26.38397587332262,26.635411926444565,3.651162226923817,-18.44779693968624,-38.90740573650079,20.459608796814553,166.6445809856047,S1,3,248522,248777
-53.392047682018664,88.73240445586868,110.58402631103313,96.8406738900567,472.6748381800501,-117.72272984420793,590.397568024258,826.8323951131778,-55.82003463006366,55.82003463006366,57.11271584953489,12.082468522955335,-25.930187752436545,-131.41885567756626,105.4886679251297,300.9902759379622,S1,2,249044,249299
-21.287247781839717,22.287365352688532,29.11451517922852,19.862227367445165,9.584857761660833,-83.83744514017052,93.42230290183134,373.6303185885706,126.19923558616124,155.3069195009715,299.80416501495705,271.94905827706816,986.6195532363367,-66.81793092059222,1053.437484156929,2167.48614732959,S1,3,249308,249563
-2.5004792966168656,11.251529854850233,13.923058116025253,13.696683926754206,20.86807005224498,-33.99134332360467,54.85941337584965,302.57263104382343,-8.552021365266814,24.417373274692743,27.52686595233108,26.164695292046186,54.47510577018879,-33.83643980147983,88.31154557166862,234.90823971945284,S1,3,249436,249691
14.794866351263064,15.229189808661342,18.3805277276013,10.906682776783422,37.54644192052779,-9.32043689081776,46.86687881134555,290.38757281835194,-20.86972619241215,20.86972619241215,22.010325380782227,6.993493549124969,-6.9014910832374206,-33.83643980147983,26.934948718242406,188.86607410709072,S1,3,249564,249819
101.58413072346906,112.51395454488892,118.64211802141845,61.291243695697126,154.4395866669583,-295.3150107964265,449.7545974633848,712.401594207621,-77.07633446524738,77.25268954388152,79.46805918574123,19.34970532462416,14.660129626415308,-104.37206714962194,119.03219677603725,342.6393960080178,S1,2,250083,250338
110.5900594072975,110.5900594072975,112.87217481915562,22.58244027328394,151.6520412890045,65.26013376479256,86.39190752421194,362.83872501326516,103.84914151917982,149.34629466261856,297.2792042197752,278.550320529832,968.8879919630257,-71.95260297126539,1040.8405949342912,2121.0738299366494,S1,3,250347,250602
86.89027657650101,86.89027657650101,89.07700703229828,19.616141778935003,130.88081525268356,55.300292181916525,75.58052307076704,284.4412432567095,-27.229223247061924,28.310613892068393,31.231635325101784,15.29655014837686,17.720678576392682,-50.72742555176546,68.44810412815814,215.27890194798943,S1,3,250475,250730
84.33756699284861,84.33756699284861,85.62444237483834,14.789182726871124,111.1659366057067,55.300292181916525,55.86564442379018,290.77015876443033,-34.63430315071492,34.63430315071492,35.392335039201946,7.285768647953387,-17.387487272144128,-50.72742555176546,33.33993827962133,233.66384065194558,S1,3,250603,250858
-214.0847062093939,255.347589384327,266.15717240750723,158.13721570584534,126.32067684487156,-308.4639215862849,434.7845984311565,677.1343781254832,-76.71663945181899,76.71663945181899,78.64043806106073,17.288022722542323,-38.785111113743376,-91.63524329149277,52.850132177749394,194.00627475633894,S1,1,250877,251132
-15.856748788487716,25.148564569182298,27.382837394817034,22.32450003135084,29.0674198970336,-41.871641958867514,70.93906185590112,321.52557900172525,173.60599624954511,174.63306656292716,336.88117857252064,288.7038041706646,1037.797339252097,-11.554049091589466,1049.3513883436863,2145.281438683794,S1,3,251387,251642
-30.78617041912066,30.78617041912066,34.070782294469126,14.595544425679053,-11.426286417166331,-76.42872153114313,65.00243511397679,262.1509067561087,18.2906089059923,19.024692659824627,28.221100436759926,21.491489843883006,84.20442336504618,-5.233309168971325,89.43773253401751,188.77727576869108,S1,3,251515,251770
-35.063651524817814,35.063651524817814,39.54608838199321,18.2875216489977,-15.256817259180574,-76.42872153114313,61.17190427196255,263.97074684239726,-1.7503624023155875,3.746845012917932,5.560887862371263,5.278229369630315,8.385300917915313,-23.276098793195004,31.661399711110317,177.7702037019152,S1,3,251643,251898
75.73965761348289,76.09038652500857,79.02578262037464,22.55168692925407,95.90840547137975,-13.710299655866026,109.61870512724578,348.6482861746059,112.00795323932442,168.20876019056305,316.04089531065955,295.52676007411003,1003.822177218237,-78.67195358809357,1082.4941308063305,2202.2561542569547,S1,3,252428,252683
100.77294039965301,100.77294039965301,102.95843970440954,21.10106133763219,153.50316023223525,71.06374776279482,82.43941246944043,241.21430580961902,-49.78649391680008,49.78649391680008,51.81585276505541,14.35923470252953,-6.442094688728233,-65.64156091611683,59.1994662273886,199.02721704589493,S1,3,252556,252811
133.87447914837392,133.87447914837392,135.8216224648886,22.915867030211288,182.8744258439986,82.9862774910617,99.88814835293691,268.7933996878657,-61.89585194823992,61.89585194823992,62.17276079591421,5.8613732680601585,-47.990229054637126,-75.0114495618509,27.02122050721377,190.98698626828798,S1,3,252684,252939
-303.26000156683875,353.0608029512463,371.34398755994715,214.31222211204653,185.78417906828594,-430.9732309681425,616.7574100364284,798.0023321355924,74.17874586746453,97.50024109110285,100.49327496527329,67.7968433983186,159.78877535668425,-70.77155648404079,230.56033184072504,435.9935367533958,S1,1,252953,253208
-1.753131115641402,101.96752028943081,149.4616186356842,149.45133648278318,80.9526060630229,-393.10131213401695,474.0539181970398,606.0713525095629,-52.81877925838505,77.18286768617527,83.64753904220206,64.8620639932982,100.66178501094225,-103.567708018193,204.22949302913526,350.8866239600385,S1,2,253217,253472
93.57075560972588,93.57075560972588,94.09375312025624,9.906970822642082,108.95156900773189,43.23032464159759,65.7212443661343,374.738014499982,108.22870135285005,178.7747673477146,321.1337450923582,302.3465403151147,992.4666321868795,-114.11635544344104,1106.5829876303205,2201.306777450086,S1,3,253481,253736
106.24907106497159,106.24907106497159,107.2908511399421,14.915147876029646,142.3691977003579,86.77315947886035,55.59603822149754,235.39230553833158,-38.69424219216562,40.52974366373992,42.62856167877575,17.88714320329602,26.7884118726085,-54.734482229842925,81.52289410245143,216.77360663148062,S1,3,253609,253864
-266.77532311791043,318.8220453888089,333.2019255550253,199.6357938069,157.30944930671117,-417.5269177339445,574.8363670406557,785.6326326869976,-6.7417453161778935,16.094188325441067,27.551629453130964,26.714062881082448,48.44079288801255,-67.13812588887899,115.57891877689154,317.56932054198893,S1,1,253992,254247
34.64121271049241,101.17009375292676,131.66531878989647,127.02654271447165,130.62804006840312,-384.4403976526597,515.0684377210629,774.2461497867885,-98.86133214102975,99.27287568000722,104.34797036469737,33.390656275862014,8.81838839604728,-125.90483971519559,134.72322811124286,311.6351050169045,S1,2,254256,254511
10.148056835427258,23.990024757242576,28.517888351017643,26.651208198992514,59.72821461663161,-44.591643054140924,104.31985767077254,393.2552031528884,106.03501730304797,147.66013544600796,294.5441690174666,274.7960018044881,958.498920350289,-100.08417427430722,1058.5830946245962,2124.0850207304725,S1,3,254520,254775
-12.857656231605777,21.92973301727435,25.984129696558675,22.579983886562708,33.523319914703976,-44.591643054140924,78.1149629688449,382.29649166214534,-19.477536460415152,19.477536460415152,20.246578421350254,5.527161224813707,-9.404741630592676,-30.812188640708566,21.407447010115888,182.47090028404045,S1,3,254648,254903
154.82591945641732,157.76399317252077,174.56964458915274,80.64425259408186,220.71980195712445,-22.52122668247875,243.2410286396032,460.2530129534541,-34.466030731772804,35.72909980874445,40.53036001971072,21.326106276670803,20.63020267785212,-62.73633701503247,83.36653969288459,283.59725859049115,S1,1,255029,255284
72.60859845356376,72.60859845356376,97.34049467046225,64.8318080366376,213.03379983875473,22.353980173639695,190.67981966511505,445.9638045567874,-43.47644767518604,43.47644767518604,44.90464859411846,11.235032839652762,-18.259904708295856,-65.33719845191482,47.07729374361896,189.1743270293016,S1,2,255294,255549
46.720466080090375,52.37765741166497,62.03815771533469,40.81581877130319,115.11938590767076,-32.44187365900333,147.5612595666741,379.6291460306594,144.3084258105107,167.29202707604142,331.8029892500398,298.7780144444272,1034.5944026557581,-55.92055344822024,1090.5149561039784,2193.654777113987,S1,3,255558,255813
75.47398768065483,75.47398768065483,78.74178106803963,22.44872533903533,115.11938590767076,19.775785965212464,95.3435999424583,330.1333634449661,-6.236384109551885,16.093706938578375,18.658331096048208,17.585244738924967,52.74094230529104,-29.537525176134267,82.27846748142531,198.96063513215202,S1,3,255686,255941
-367.38327797884835,390.70440273676275,431.7212268936203,226.7437867110123,74.28135552378403,-522.4712102235062,596.7525657472902,873.2333686307579,-63.20344581793174,63.20344581793174,69.17284631402545,28.110622617145136,-7.276299493288227,-96.2160565120929,88.93975701880468,235.99712699895554,S1,1,256068,256323
-115.27439564770792,132.51295863310196,243.93359952643064,214.97770741631967,33.89520246573494,-500.92318479671894,534.8183872624538,794.418893259717,-50.80198199378509,50.80198199378509,53.0375791995861,15.236253898366977,-3.5648139298644006,-77.65355529467449,74.08874136481009,336.53646503510714,S1,2,256332,256587
42.304485368845604,45.92123160988737,49.72456974404217,26.131654251257068,81.82618093636019,-46.69505263826378,128.52123357462398,441.4507956927563,116.24990889222727,124.72299250506808,269.8466428877802,243.52242065229646,932.8146325828624,-37.36218232882545,970.1768149116879,2011.4290711227823,S1,3,256596,256851
22.659182045980746,22.765985432666945,30.234680975134342,20.017427473960144,66.47327346431213,-3.5262144454793622,69.9994879097915,283.77221110349893,-8.490822891880292,8.51076136202595,9.204672792293053,3.5541423482890484,1.2657347204769192,-16.80145940295969,18.067194123436607,207.65157578049045,S1,3,256724,256979
3.674072292537144,7.2460749491994205,9.43312450371839,8.68821216890237,20.394623561051294,-29.500233147554038,49.89485670860533,234.72135913219827,-7.44024221555423,7.62348392129971,8.416023158777383,3.933477034757154,4.225379662558848,-16.80145940295969,21.026839065518537,187.97668323059003,S1,3,256852,257107
0.5819987822648116,180.42425386239123,229.2027675637802,229.20202864790204,498.0794091031932,-141.98561617678484,640.065025279978,898.896795155147,-62.172971332650555,63.20064411258005,69.76187257581454,31.64238456490909,19.926305249660466,-131.49339905139658,151.41970430105704,381.52572263248226,S1,2,257373,257628
-109.73635338444797,109.73635338444797,111.09273019565629,17.30686130436236,-64.64202974917231,-140.2758509805241,75.63382123135179,252.70500660625058,140.64908816547438,157.23445762726945,315.0979828794559,281.96555252889044,1003.4099480382433,-66.08211430160813,1069.4920623398514,2127.8381646031116,S1,3,257637,257892
-104.60058421147829,104.60058421147829,105.02589809029752,9.442301217976135,-87.96863284225168,-126.41823874521066,38.44960590295898,235.56394284990023,-7.340134223794583,15.298535122033273,17.891661941637036,16.316678479718313,35.26518994139025,-28.728617751050482,63.993807692440726,184.95603712505434,S1,3,257765,258020
-94.20710505984619,94.20710505984619,94.56091306057681,8.17237022491435,-79.99477185303263,-115.82899209445792,35.834220241425285,246.39827884548427,-26.84399002462621,26.84399002462621,27.588045517820934,6.3639967827716895,-5.387057784849467,-39.725714968353806,34.33865718350434,188.33623221407973,S1,3,257893,258148
-33.677417348235444,33.677417348235444,35.50751270116798,11.252333934627798,-8.151646115753428,-52.41597408157789,44.264327965824464,265.9681765732631,-46.62759188501749,47.339704055550534,48.46808036706694,13.229606550185485,42.97569165179843,-65.0630876702708,108.03877932206923,269.05529631263266,S1,2,258414,258669
25.450901041808052,32.95497257601235,35.78136863963235,25.15070531586259,60.60187260441155,-41.42746890570062,102.02934151011218,342.31202353713934,105.02408436995958,111.10199734657962,246.29767713526616,222.7834990848277,873.5297257242878,-45.865758692606725,919.3954844168945,1903.8493142010554,S1,3,258678,258933
43.66525421444743,43.66525421444743,46.36795401520993,15.599126063478819,72.11861381627008,12.113406145210206,60.00520767105988,285.7805915502216,16.537268412921,16.588139761810606,18.196891366398365,7.592470535965783,30.98050889983985,-2.0171049207368266,32.997613820576674,192.7794621119973,S1,3,258806,259061
41.98800877875064,41.98800877875064,45.25513678605819,16.882965507291544,72.11861381627008,12.372764209325204,59.74584960694488,324.13633451459333,24.392901783053592,24.392901783053592,25.32570270834735,6.810107214566692,36.11036340871043,8.30131743475359,27.809045973956835,211.69817497789506,S1,3,258934,259189
-11.35630210245376,43.44270546230608,58.0900863519783,56.969224454420115,42.73791987024356,-119.98299838067726,162.72091825092082,397.2863215141349,-114.59271155610983,114.59271155610983,135.16900429276794,71.6880058288451,-10.120287762112966,-245.74473397584057,235.6244462137276,465.49363460979345,S1,2,259452,259707
29.202630082674034,29.25765679024993,31.36899893516344,11.455151262588663,46.09118781408602,-3.123498592666198,49.214686406752215,272.9292710681341,169.3364988252993,192.36664148232154,327.4229640545543,280.2337373619732,1000.1583942910225,-77.8482754971953,1078.0066697882178,2113.2244161624008,S1,3,259717,259972
16.660328576093796,23.180776646451406,24.662619631308306,18.184561001442578,40.877363954507075,-27.78154497220367,68.65890892671075,220.14802856782353,43.37199322431961,43.37199322431961,48.584649655567354,21.89379788670287,102.11020331367402,3.2344111391338144,98.87579217454021,226.46547783304024,S1,3,259845,260100
-17.063130266645814,28.02034084364606,31.147887264831564,26.058404912160903,27.155517130341437,-65.73479915639263,92.89031628673406,222.95796097989674,11.94536248298388,16.101042586328294,20.508219489732205,16.67019441365796,50.08038101406915,-16.310228469121476,66.39060948319062,173.396110412454,S1,3,259973,260228
141.14293359899855,159.32088553254317,170.3534840149447,95.38858323247443,251.11566287148239,-74.89996882388506,326.01563169536746,600.3199347473962,3.325896456275026,11.55718086645367,13.827435277547048,13.421489452251185,26.619216399397672,-30.00334735935214,56.62256375874981,257.2657698770204,S1,1,260247,260502
-103.05849884076949,103.05849884076949,104.37331941785206,16.514709291661408,-76.04883841170947,-144.24078873810933,68.19195032639986,320.17484873636135,20.83528971247525,40.01136681845318,102.3310786028347,100.18752592322438,574.2193918980282,-24.832437986508538,599.0518298845368,723.6033303138543,S1,3,260756,261011
-122.60065166570223,122.60065166570223,124.01709102341746,18.69007964284146,-83.76067042741656,-158.2577960531222,74.49712562570565,316.20014981589134,-11.975578913719483,11.975578913719483,13.426717557387718,6.071429324890553,-1.4066718863767198,-24.832437986508538,23.425766100131817,155.36743218342633,S1,3,260884,261139
-144.53517752801704,144.53517752801704,145.06093165019004,12.339219917227519,-121.93393294694339,-162.82696359687182,40.893030649928434,252.7969530680402,-9.326490799328077,9.466853069228735,11.268368933532768,6.323978794418522,2.4251261253305785,-23.51083803631435,25.93596416164493,170.40072904049964,S1,3,261012,261267
294.742778602247,348.7745746768145,365.04339081161646,215.36799120823267,452.96601507236153,-160.44512706092885,613.4111421332904,837.3812035283877,-96.39593940108784,96.53735401122512,107.57822447861618,47.75874002686139,2.9960243132829905,-135.98738652447142,138.9834108377544,302.30279511727144,S1,1,261286,261541
-39.24542294029383,39.24542294029383,45.41427005437077,22.852848899180525,-5.706174247989964,-92.26972354526836,86.5635492972784,344.63068700635154,175.53252796630946,203.26883746748246,379.3642508650436,336.31171026319095,1088.9383341377509,-78.29706793718216,1167.235402074933,2334.680083855087,S1,3,261795,262050
-12.16866706022061,15.396981802236265,18.967114051742207,14.549053489120816,11.591041438063128,-39.54336252407896,51.13440396214209,290.08603264782573,4.646281214928743,15.500546186071634,23.37636103228831,22.909961282893683,101.52836745286993,-24.725327317997476,126.25369477086741,298.11680610933445,S1,3,261923,262178
-0.3671254529776198,8.190294295894718,11.265418032877058,11.259434371106197,16.18958999562075,-34.50624314056784,50.69583313618859,292.49766741807287,-7.855761980195275,9.164244067023704,10.747882756482372,7.335120139275805,8.328088063138138,-24.725327317997476,33.053415381135615,238.71269172824066,S1,3,262051,262306
-93.77460622522462,103.70680344870418,110.79936305260621,59.015439337238725,43.88378138185795,-144.0557135870286,187.93949496888655,397.4751622179688,-53.694975142623775,53.694975142623775,57.60451356305636,20.859760959065625,-13.485923405781977,-86.11016033603578,72.6242369302538,257.1142437845046,S1,1,262325,262580
23.95577975291566,26.293186659087258,34.659855694088996,25.048477262398,107.2401122204456,-46.05873515163833,153.2988473720839,500.65998140892884,83.9953943530087,124.02581849253458,257.4390247703495,243.35082741217704,920.2433441153958,-56.887675198018535,977.1310193134143,2043.9252843273307,S1,3,262834,263089
-0.5309011275390798,17.83193808551217,21.127993919919355,21.121322663908312,42.096635087673526,-39.97028857933308,82.0669236670066,285.08358178740394,-28.980015316109046,28.980015316109046,29.628253526321604,6.163774760491638,-14.203009713550978,-39.10140067003463,24.898390956483652,222.6281140181315,S1,3,262962,263217
-15.565513034344972,16.152740017655866,19.47185199124057,11.699052267017878,7.277345489012964,-39.97028857933308,47.247634068346045,254.00167359135457,-21.600613005615607,21.600613005615607,23.50484614428105,9.267756473276235,-6.512226137990794,-38.105276849805065,31.59305071181427,187.6572358556158,S1,3,263090,263345
154.35011318252043,161.45357897645792,176.35368811883632,85.30337551151727,216.07281165139148,-30.66467035812198,246.73748200951346,467.7986114254976,20.60294494759728,28.974244561332146,30.680576236707914,22.733596673265804,72.72204886323641,-30.28429581787762,103.00634468111403,313.2764464928315,S1,1,263365,263620
-30.511255481463113,63.48753083979961,74.86091978758591,68.36095815879308,200.64141172427892,-71.89371444802802,272.53512617230695,525.8738963490546,-75.00921004911099,77.34629702038141,80.10094776623244,28.103029033487548,20.191419619511873,-94.92571858754486,115.11713820705674,277.46654878292475,S1,2,263629,263884
-69.07016968279497,69.07016968279497,70.2568870257604,12.858531585697117,-39.89152889554223,-93.62564543732273,53.7341165417805,270.8531511332564,128.54240946246935,160.54172363866428,313.9281686474708,286.4048603636777,983.8295893175098,-81.96967187427363,1065.7992611917834,2143.935060968884,S1,3,263892,264147
-63.95738169413775,63.95738169413775,65.21932783235827,12.767695553035237,-35.86844190765878,-85.3776044956783,49.50916258801952,246.2127467057098,-14.07961138224305,18.461382215589843,20.497556094913588,14.89678989544865,34.6795018207203,-33.47136862339751,68.1508704441178,207.1874409571756,S1,3,264020,264275
59.33481503028314,77.28969162038497,79.97140000478429,53.61720380668221,101.65779844286895,-55.983761720078704,157.64156016294766,337.9765773578911,-49.465961850319374,49.465961850319374,52.21405662132232,16.716049984293615,-0.1619804912211084,-70.01284725138385,69.85086676016273,284.952959544078,S1,1,264402,264657
-16.15465525220866,38.61527006696688,44.79603586164939,41.781717803370235,102.82788766967879,-58.49318855086192,161.3210762205407,383.5522235628846,-76.36683420725763,76.36683420725763,77.85443712312681,15.146617210457675,-44.51702220231239,-102.60888288652056,58.09186068420817,225.19491268478254,S1,2,264666,264921
-22.63480689951887,30.367566933853027,34.09735267394415,25.50088186696333,57.99136521731028,-63.435421778863,121.42678699617329,378.79938905939593,138.86896274033793,149.29942728044813,304.7748653521213,271.298967447033,999.9607298797908,-59.54844161561742,1059.5091714954083,2136.323533369249,S1,3,264930,265185
-46.78086541248005,46.78086541248005,48.020389616869934,10.84013146670363,-21.381174911709472,-66.17521963539507,44.794044723685595,232.87839566098398,8.906863998382232,8.93287867828467,11.207100175318596,6.8019753053027605,33.53657060935144,-0.9565498375626776,34.49312044691412,180.52007376046262,S1,3,265058,265313
213.94037246350234,235.44572223659708,254.54844615283298,137.9290704275194,315.49886289575346,-67.10367086252937,382.60253375828285,744.7837087881485,-88.97411146364392,88.97411146364392,98.818111177258,42.99565775628968,-0.9599762831302115,-130.8119797996203,129.8520035164901,334.09515049196943,S1,1,265441,265696
-68.64808121094995,69.71226390049415,78.1367502127652,37.3201377257223,8.909544051472995,-111.52298559974065,120.43252965121364,299.6170776237858,-48.22320974825978,48.22320974825978,50.91962656790199,16.350241936740044,-10.123300220062214,-67.82184210516594,57.69854188510373,200.56105044364818,S1,2,265704,265959
-94.26950348235133,94.26950348235133,96.17656213125957,19.057592098137295,-62.645359652309104,-151.20654067702856,88.56118102471945,317.4561863105515,109.80791824485513,110.12266861051077,256.26937447334603,231.55175098385948,908.8837566737681,-19.753227843606396,928.6369845173745,1985.9662931929377,S1,3,265969,266224
-75.4249055427635,75.4249055427635,77.26123047361499,16.7445919079044,-46.95772825854725,-119.05668852336186,72.09896026481461,278.2993865494722,28.40922603984792,29.422744926613028,54.51234437459356,46.5243115481692,183.21060073211353,-12.058266233819168,195.26886696593272,495.11544565486366,S1,3,266097,266352
92.03470573133961,93.08703633150697,107.36541037076137,55.289639943010265,161.16109240771075,-7.373206620597486,168.53429902830823,388.9082221729192,-120.75796433122295,131.7386318242306,146.88698102760264,83.62594840109368,28.156508017629477,-188.1951667089039,216.3516747265334,351.9651764735943,S1,1,266479,266734
15.218517880663766,16.94815920010935,30.090058671306227,25.957818559319815,123.92172384493075,-8.250843254962977,132.17256709989374,346.828151965472,-26.558374803131876,26.953620211143082,39.68912879665834,29.493722594038616,14.124752566582949,-159.8193060774438,173.94405864402674,388.633077167055,S1,2,266743,266998
16.645208052031435,18.01512973355957,22.149640367213323,14.613131673309242,41.27669777957223,-23.69419402260132,64.97089180217355,322.714671532077,178.9163805930175,186.26364812978906,341.01459156058326,290.30997298185594,1074.2686648038532,-29.714171948548305,1103.9828367524015,2226.6973326352013,S1,3,267007,267262
30.3540874986113,30.371028956645688,32.06020130676806,10.319199579286247,45.88526644740796,-1.0754107958559496,46.96067724326391,213.02117080298365,36.41652167102129,36.41652167102129,42.821766553608064,22.52866263575676,91.01453609899042,9.954889545187418,81.059646553803,221.97584024651042,S1,3,267135,267390
32.28857030652962,32.28857030652962,33.06630864767672,7.129445640701239,46.07752076106318,17.325691151213828,28.75182960984935,219.5291047160293,14.318186782501742,15.137957258426074,16.96835846160712,9.105751816461197,31.641302834555415,-7.5262261496328735,39.16752898418829,188.3025370364785,S1,3,267263,267518
-52.04284522302704,53.05058488390791,81.23451839786661,62.37458809824223,12.662717456857688,-185.7054410316153,198.36815848847297,405.62122672697615,-74.96768500064357,75.21071202761647,94.00967659499891,56.72447002079939,12.52322534250367,-197.19949096362654,209.72271630613022,467.41944941095755,S1,2,267781,268036
-34.08966974548547,34.08966974548547,39.265758687460924,19.485744069592144,-1.444795185819447,-72.12704905482032,70.68225386900087,331.2430180760314,128.61923674831658,149.37849232847182,313.54748811531886,285.9530018057277,1019.6564041514725,-55.84261979454282,1075.4990239460153,2204.412501564005,S1,3,268045,268300
-62.90215341150996,62.90215341150996,65.23218033639736,17.27878605791311,-20.912930257460154,-91.49344639871525,70.58051614125509,274.11299972513024,-5.466851703402839,10.815563295939011,14.316212407486566,13.231306441514905,26.208262058191238,-30.604486096332828,56.812748154524066,200.11377930247968,S1,3,268173,268428
-70.97353054798842,70.97353054798842,71.90724982611052,11.550348008108877,-43.985568992660625,-92.07804129945146,48.09247230679083,254.84827292343772,-25.57592896025753,25.57592896025753,28.345501214344782,12.220445855707627,-0.5228114209418115,-42.42656914089688,41.90375771995507,168.49222300802455,S1,3,268301,268556
71.78641373934343,118.89529905300938,183.79739769851332,169.19868262840959,358.883681654535,-64.8146660446579,423.6983476991929,607.1612679002774,-93.80362154263035,131.10881727028894,137.63256132914876,100.71545325077412,76.84456979606526,-169.29156649088165,246.1361362869469,400.85044013126367,S1,2,268820,269075
-26.672175067271876,26.672175067271876,33.6813014649491,20.567575101445065,-1.350181281400789,-89.54176585332746,88.19158457192667,278.52982555980475,75.03841295019042,189.8187254702009,314.61788375100866,305.5382944213048,964.2604979792866,-151.3310641728728,1115.5915621521594,2283.3902113976474,S1,3,269083,269338
1.2254352411790874,15.82145273085845,19.213285559259738,19.174166225714618,41.16672470547501,-20.394238686177765,61.56096339165278,219.13037675802218,-63.9313670408442,63.9313670408442,64.53583046628002,8.812134943434302,-44.99744664168188,-83.54290810359487,38.545461461912986,228.040019052025,S1,3,269211,269466
8.891500049105028,18.810089194576328,22.08011671119578,20.210709558469055,41.16672470547501,-31.6750395322388,72.84176423771382,310.83931977969394,-61.86536136829957,61.86536136829957,62.43707359248279,8.430019072506258,-44.7944031428472,-79.6915749961625,34.8971718533153,221.84243521779123,S1,3,269339,269594
-234.0884841241022,243.1506178654057,264.71582791752996,123.60036873142124,33.23146965213149,-310.3143552936366,343.54582494576806,529.5411132247661,63.97284721957667,88.12712388483321,90.05659774034154,63.385058295992685,147.94043069099877,-79.45742327089388,227.39785396189265,416.4494517180308,S1,1,269614,269869
36.68984095636629,36.718378750055194,42.00924552567422,20.460505375794753,91.82220003431698,-1.3132083952342217,93.1354084295512,355.74344145644244,115.8837292603312,152.31665606505476,294.06372619707327,270.2673423808832,980.8340388390509,-107.611191514121,1088.4452303531718,2129.448596877254,S1,3,270122,270377
14.912004374811161,15.220773189003696,20.208838409397092,13.639254942361625,44.320666588743244,-5.413580230453526,49.73424681919677,224.0113717293164,-1.6170075840820637,12.617578529518104,16.639230020015525,16.560472883707362,52.391143194839586,-20.49312070299583,72.88426389783541,200.80229155847584,S1,3,270250,270505
0.6460312447016232,6.537544938352943,8.468495909126963,8.443818247319715,18.87011093654546,-19.595330739207828,38.46544167575328,230.73347420714424,-7.814937556663574,8.187012326588189,9.942227802080486,6.146108089995758,7.9515691857122635,-20.49312070299583,28.444689888708094,191.54337119497904,S1,3,270378,270633
223.99416912314584,235.19902048400397,263.5049780143266,138.78575444606082,333.05601243708435,-34.259219678907364,367.3152321159917,596.8875130254839,-117.40016032802986,118.37743874080027,134.42284189046907,65.47291636136984,10.354260523249241,-165.38135729664464,175.7356178198939,334.29892041918174,S1,1,270653,270908
-70.4303208702624,112.838294181959,126.07384476587444,104.56664973193739,288.35496013281045,-141.92906867734672,430.28402881015717,661.6931339402275,-25.416890193770993,25.809537987040574,40.46938553310541,31.492107873321373,6.811011811581385,-145.24815447766326,152.05916628924464,393.64671196363423,S1,2,270917,271172
-164.09978593781153,164.09978593781153,165.2199098099115,19.206219116726754,-131.7565714514787,-213.37964348583643,81.62307203435773,325.9296272934592,181.4155879063729,187.49264294782174,330.22390806214275,275.92791435521633,1003.3631738171736,-33.7454410064943,1037.108614823668,2081.25810994012,S1,3,271181,271436
-152.87123111824377,152.87123111824377,153.78086990087007,16.701576089124742,-127.64310852517525,-177.33876631999414,49.695657794818885,290.73290829220105,31.13329038648689,32.011436385355,40.552295778795546,25.98474403648422,97.99102417931657,-8.419508236973474,106.41053241629004,218.48998547777947,S1,3,271309,271564
306.36906935959905,371.2878099143592,393.891710393391,247.5654920548585,468.0791514515603,-155.81734147462166,623.896492926182,848.3042245683769,-50.677576102188,50.677576102188,52.44140489954051,13.486446093930569,-15.972164007898444,-72.82104770802569,56.848883700127246,234.27493245072355,S1,1,271691,271946
45.47837347171873,137.01988173036872,210.4828774313369,205.51097108948238,478.6161261620295,-78.83921589277799,557.4553420548075,788.40804234659,-102.62602066939127,102.62602066939127,106.18901267986952,27.27647879567972,-29.342718694535385,-142.61518563059178,113.27246693605639,327.3126369798077,S1,2,271955,272210
-46.88655810285674,46.88655810285674,50.81487941251899,19.590881526268422,-16.083468914632828,-89.04741662864255,72.96394771400972,316.5007784871897,91.93781779547206,150.83124507426004,287.08455052668614,271.9650286527957,950.701871115079,-94.92845136345393,1045.630322478533,2107.901012367428,S1,3,272219,272474
-16.612985678665854,23.608926935454022,26.288187923776153,20.37345162598163,20.597901398678562,-50.41426396763343,71.01216536631199,287.4381046496174,-47.019061645950046,47.019061645950046,49.003038769078806,13.802378437725462,-8.963490273386766,-69.16793189731655,60.20444162392978,207.8190750383468,S1,3,272347,272602
-161.8690382634384,169.5788852222662,186.83103414799317,93.29656892125296,28.86715238641445,-259.5172584187792,288.3844108051936,525.6579329455234,67.30125618736074,98.46194056729524,100.63163372712756,74.81488235768332,156.72028110790632,-89.88526718404155,246.60554829194785,465.5943431308379,S1,1,272729,272984
-14.880704489610665,59.366910677233534,85.08898459589892,83.77768159512416,47.529684039512084,-190.05195621995847,237.58164025947056,422.5386805906611,-76.29718426936583,112.09759337290198,113.85128571045755,84.50357939454796,95.73594708857581,-134.61487626608758,230.3508233546634,377.96245288085913,S1,2,272993,273248
24.915228902454704,25.189948174851896,28.920291488551147,14.683821999774088,50.318705757219746,-8.940086093409782,59.25879185062953,353.5130783463679,118.37545684821768,163.45636190150756,318.13650427111094,295.2932213340129,1002.2700332332503,-108.74958731234284,1111.0196205455932,2209.579902530578,S1,3,273258,273513
17.991776196859483,18.52471043230049,24.176854725259897,16.149807852988292,47.24474065789607,-5.123131752061268,52.367872409957336,276.1203352406063,-25.83605184055682,25.848659324003656,28.35316119871399,11.679048559378499,1.4589976901686175,-44.685424542199335,46.14442223236795,196.613523756734,S1,3,273386,273641
190.73619407880295,190.73619407880295,212.47917907086298,93.63282440982482,285.81287950452736,12.416481721380805,273.39639778314654,492.60623172100895,-33.314935192970765,33.314935192970765,36.309116485761365,14.438387481458795,-5.495175132392007,-55.302524575681076,49.80734944328907,204.96293094494564,S1,1,273769,274024
-53.48938522262141,68.9363929427661,74.47527409867686,51.82134811618723,192.09516752700478,-101.95917782824364,294.0543453552484,504.63191296341563,-64.95149065189648,64.95149065189648,65.2336213803336,6.060463719000505,-48.791598429659935,-76.35687979018476,27.56528136052483,184.85661227376048,S1,2,274033,274288
-83.52197139794013,83.52197139794013,84.61062108158144,13.529134991292842,-46.18106543330324,-110.23313604498668,64.05207061168343,273.7367777953671,123.7410775057654,141.74664966002706,300.0459948097922,273.3418093506919,969.5509109367214,-67.72921045829034,1037.2801213950117,2091.8382685497572,S1,3,274297,274552
-74.94109431278905,74.94109431278905,76.39858842852475,14.85182470515902,-46.18106543330324,-98.62354057473226,52.44247514142902,280.19989163929574,0.4761720199153763,2.7309532700133947,3.3392670455974165,3.3051421466046826,11.487431165943034,-7.295145706136174,18.782576872079208,154.80104610930442,S1,3,274425,274680
102.93998151253079,121.33820209651427,134.70239374869882,86.8797737556292,184.31008926453188,-49.92018529018888,234.23027455472078,636.0751996442693,-113.19419584265587,118.60428026569377,138.4638265739116,79.7452525046146,36.30608213950442,-179.49129127959364,215.79737341909805,514.3143284624806,S1,1,274808,275063
-23.274822009414645,23.274822009414645,25.62058536842186,10.709671099088892,-3.893207110628088,-42.472915422680366,38.579708312052276,282.37415174409193,-39.16061660095339,41.58968977299581,44.708087828257504,21.569868444019793,23.897731867347503,-57.54621640572382,81.44394827307133,225.4138998429588,S1,2,275072,275327
-0.04755815649258732,15.682688169790591,21.756658276853845,21.75660629780168,63.38226321784625,-61.3804712231278,124.76273444097404,393.02903447984954,126.83735639698935,132.12917703461363,279.9933749622156,249.61685649201453,955.1300274604633,-49.7317446358276,1004.8617720962909,2038.7512458296032,S1,3,275337,275592
-3.457560914715755,13.202987123497344,16.76006929792586,16.399548633798034,24.048254686992646,-42.44938870167472,66.49764338866737,271.8811206732719,5.590860166170609,7.94248430772193,9.569835643754773,7.766855016723699,21.727974098067026,-9.742234387892067,31.47020848595909,191.27068493371482,S1,3,275465,275720
-36.1129199133707,39.502193087266946,50.237866989463356,34.92420786476747,13.465751256912554,-80.81231275249938,94.27806400941193,395.59963687691817,-21.88632226193488,24.194312830940177,28.221799806300638,17.817375849255818,23.314009092358244,-57.266725633103945,80.5807347254622,274.01796065154343,S1,1,275848,276103
35.64872946868365,35.92118575724443,40.84323449606727,19.933336182619946,62.76160417310032,-5.197482442963383,67.9590866160637,303.3987091365425,-57.61942038617885,57.61942038617885,58.2294800784397,8.406827259210369,-43.543341131241846,-74.94659474448667,31.40325361324483,176.67222421051144,S1,2,276112,276367
45.070479778800646,45.070479778800646,46.22264778498726,10.255974881195343,66.89350943093609,17.813035763370667,49.08047366756543,310.0794892941119,84.07339679130277,138.8068616630715,268.25288409164745,254.73765676762235,908.0301171544469,-69.71987221103555,977.7499893654824,2031.017354480756,S1,3,276377,276632
30.012301362639196,31.394585820413255,33.2332224413928,14.272660605409875,55.358047121337314,-18.76878638512397,74.12683350646128,232.5920136673461,-37.1861291694624,37.1861291694624,37.60927275396744,5.625761679486215,-17.406659737007683,-46.814026143625014,29.40736640661733,180.7114315271038,S1,3,276505,276760
-2.0317439227377925,23.828908050252487,24.80581477269027,24.722468791960015,37.65594792510748,-39.75568729889957,77.41163522400706,249.1802664671707,-37.63871596980113,37.63871596980113,37.85052607854439,3.998672850735128,-28.216213042550553,-44.8627756680557,16.646562625505144,166.45975080535413,S1,3,276633,276888
-49.368430357086936,49.368430357086936,52.42233468083926,17.631201248564416,-26.34374493276553,-88.1989429133198,61.855197980554266,236.7955610636863,-56.41380824769761,62.281670082909024,67.81868907268317,37.641158676763396,25.333035239405767,-97.64980944546849,122.98284468487427,329.7948714327239,S1,2,277157,277412
-59.813645634950056,59.813645634950056,63.013468906135984,19.82485963231991,-23.403162320369393,-108.56224648169676,85.15908416132737,295.8676166265119,119.27412056463831,167.4959361185996,322.8809576497279,300.0429918800596,989.37498538714,-59.326999684361596,1048.7019850715017,1684.2119448921899,S1,3,277421,277676
-58.27424986447898,58.27424986447898,61.405946220042495,19.35980459382332,-23.403162320369393,-93.81784719923517,70.41468487886578,344.5838051897331,-54.17260541145285,54.17260541145285,55.542326036119015,12.258825573339932,-32.02299420411668,-76.99033360723755,44.96733940312087,181.95011695210724,S1,3,277549,277804
-77.73990231215906,77.73990231215906,78.74251207378802,12.525605621550536,-46.41998442910192,-100.4135424563572,53.99355802725528,353.5570487874825,-70.2294741713372,70.2294741713372,70.65366603597111,7.7305550861512415,-54.092238121691835,-79.96110686176162,25.868868740069786,163.91873803607024,S1,3,277677,277932
302.5982779857899,338.8341478577529,366.1064820386624,206.07823356861357,443.2561064666784,-98.46051923173115,541.7166256984095,837.6438789429099,13.409155056046153,42.547292755873436,48.24994408890717,46.34923586495877,118.62415318789357,-78.84809578519553,197.4722489730891,429.0065752713282,S1,1,277933,278188
-37.60798056762918,164.21223800545684,195.14177636420928,191.48355720584442,421.57043058074976,-150.5477476087942,572.118178189544,766.2979379260166,-115.59801198573807,122.98228791144268,132.3512246798673,64.4511155776676,30.87725168425831,-172.41487053800077,203.29212222225908,350.6356637539695,S1,2,278197,278452
-136.30575737843108,136.30575737843108,137.4698990637271,17.852553153081303,-112.90019195896558,-180.7547252380982,67.85453327913261,310.34960194484836,131.55015061040018,183.28812355923685,331.6305088302394,304.422982478959,1006.3937977211207,-141.10737076367698,1147.5011684847977,2297.3573125570747,S1,3,278461,278716
-125.83027982661018,125.83027982661018,126.43849168880507,12.386801818750767,-107.23159471595858,-150.56902373659275,43.337429020634175,255.42442228212343,0.35414393133521394,14.139361047091516,18.51747168772166,18.514084902621345,64.06581278039376,-30.0494394652179,94.11525224561166,285.50769011596947,S1,3,278589,278844
257.2680314151712,318.8857424860787,337.8151614429391,218.934335617969,404.5743854620836,-144.68007265750404,549.2544581195876,832.7463956714348,33.24396470528616,55.54454573033114,62.180363275358445,52.547467947839635,176.23791916173732,-55.088850737151,231.32676989888833,504.3934220002165,S1,1,278971,279226
-39.439295592269346,178.4420381213937,202.41916812555087,198.53982368236763,392.1745644669178,-154.01398351207567,546.1885479789935,752.1022785409856,-112.6542587453387,123.53795386964664,132.16981088715522,69.12218816331452,36.94657602084264,-166.596363896014,203.54293991685665,359.0011004413528,S1,2,279235,279490
-119.58120200083839,119.58120200083839,121.57982672296471,21.9542796288289,-96.9139370204065,-183.20215244512465,86.28821542471816,346.9971582302557,148.87293600954658,212.8888863039674,370.3386056586539,339.0981152485124,1025.058658720185,-138.47671757593605,1163.5353762961208,2276.095013761096,S1,3,279499,279754
-122.13182090921606,122.13182090921606,122.94273801382707,14.097345556369621,-96.9139370204065,-150.97729322646592,54.063356206059424,284.52740146078554,-9.309677629308293,27.985062898823884,36.32196100659696,35.10861366962681,165.1008640741609,-43.728284662374186,208.8291487365351,321.77599857670987,S1,3,279627,279882
-111.3540292959763,111.3540292959763,115.67271466540296,31.312251238366454,-50.126409816296565,-150.97729322646592,100.85088341016936,298.5220669784723,-31.892095802672593,31.892095802672593,32.519356465332606,6.356317348317555,-21.596800253873056,-45.5888428358129,23.99204258193984,197.9944110763857,S1,3,279755,280010
35.70673956888985,87.57736845866863,123.60479821645337,118.33501126669837,258.6217017141451,-69.16407944811858,327.7857811622637,579.6520577932051,-79.4698004585027,79.4698004585027,84.49357393818042,28.70043295723123,-31.164849299210008,-125.73427804484142,94.56942874563141,260.25518611725226,S1,2,280273,280528
-35.2560663247812,35.2560663247812,38.308994168264384,14.986287782060762,-9.692982847449473,-69.47789796632208,59.784915118872604,376.27176580335055,187.8716500604555,210.87918033873473,382.46978231793247,333.14768120142816,1069.524350199516,-76.27585934073025,1145.8002095402462,2284.4165772267356,S1,3,280537,280792
-26.546075242093767,28.634909767103558,34.35262557496771,21.803870599850434,14.270669578042511,-69.47789796632208,83.74856754436459,358.2434939352324,6.068708575828364,20.258497009474276,26.240630928089494,25.529228106738252,85.66967842406407,-24.057529775215983,109.72720819928006,225.13952228529106,S1,3,280665,280920
-10.536529015244685,14.19076971862468,17.31195206067548,13.73627462094555,14.270669578042511,-40.42399538905442,54.69466496709693,296.3296369837367,-21.94327129022423,21.94327129022423,23.9094744114716,9.495041427842022,-2.5066114664068397,-39.92673899388541,37.42012752747857,196.10731950109857,S1,3,280793,281048
-80.71671649917435,81.97565014454197,93.65198874267463,47.492174861233394,11.855194588338367,-141.0700085752305,152.92520316356888,386.29643965322725,-98.95411967749172,98.95411967749172,103.12604190480083,29.03554231977392,-39.469539903399266,-139.85908579460383,100.38954589120456,278.6113375039784,S1,1,281067,281322
80.87291205134522,80.87291205134522,81.906774380956,12.972732396384632,108.59915679454598,53.395392542806626,55.20376425173935,291.16660754370156,122.78280743652157,154.3978034074148,300.4267128822955,274.1907949061515,954.67821439938,-73.2081515457783,1027.8863659451583,2086.837707470398,S1,3,281575,281830
85.05541834960313,85.05541834960313,85.78049277790406,11.129633893082213,105.27927506944168,62.578171150599104,42.70110391884258,225.41049808084318,-13.433975924216877,23.080395544461346,24.61004547116936,20.619957055255597,26.463674715237012,-41.49848090710405,67.96215562234107,234.87537510410098,S1,3,281703,281958
90.18449093775301,90.18449093775301,91.13293802642808,13.113732787697282,109.78173210941866,61.37129606691874,48.41043604249992,220.44544998625776,-26.535684465289606,26.535684465289606,26.946218601715113,4.685738670690633,-15.307961965144488,-39.33339900121892,24.025437036074436,222.1189840448981,S1,3,281831,282086
-315.95984023413484,351.83677771411965,378.04284854461173,207.57113165116257,102.49172691317153,-451.64981906623683,554.1415459794084,989.0169232350129,8.087471979838137,19.215952053158045,21.53888765940136,19.962877512514204,48.71029118414047,-33.12313009227266,81.83342127641313,297.6553044981837,S1,1,282105,282360
49.51285416660261,49.51285416660261,51.80042659798195,15.223714001834722,77.27005396153518,22.110577286196225,55.15947667533896,360.1999517355807,144.19765939224553,178.83649862584593,310.5519100296142,275.0445852018169,954.461439311055,-84.95735890924036,1039.4187982202952,2068.5794335109867,S1,3,282613,282868
34.16755635035952,34.956949760254474,43.7582607205103,27.337949343891207,77.27005396153518,-6.938666190762104,84.20872015229729,332.9200671042275,25.70829060265659,27.040121443159936,39.45116780507408,29.924545702039858,152.05935079222277,-10.5108521718985,162.57020296412128,281.7374044466611,S1,3,282741,282996
17.203817144004244,18.146434705570602,23.58080473742451,16.127089872019933,60.275930922148035,-9.396008659278195,69.67193958142623,341.7058879191537,-6.657712925628651,13.641101847806272,16.86200234377946,15.491997341903371,17.135823776184136,-37.007609482143685,54.14343325832782,200.20783836724308,S1,3,282869,283124
79.42137349709395,80.36439312798038,87.84218737395032,37.5299255857949,117.22758380562139,-16.44824305865067,133.67582686427207,327.00921416662544,-82.61295938317987,82.61295938317987,88.31349541514916,31.21493896189202,-21.64558784947116,-132.6490056453448,111.00341779587364,276.35676704235846,S1,1,283143,283398
-23.058764609402264,46.55037185998944,49.68639476833315,44.01171661913247,88.05026330168435,-61.921457346648026,149.9717206483324,369.6729422831724,-39.70550431871918,39.70550431871918,42.34943676853502,14.729145304745911,-10.160203838935999,-76.53917390491786,66.37897006598186,283.39358268077217,S1,2,283407,283662
-64.59442224230348,64.59442224230348,65.65803538239327,11.7702262280134,-37.17811906037076,-97.48125922548249,60.30314016511173,363.84961988124746,150.3740869696516,173.73625113154634,345.5446076265346,311.1088391991128,1011.32932164065,-31.747569808512946,1043.076891449163,2169.0698849057926,S1,3,283671,283926
-49.14679762910785,49.14679762910785,51.43145368254873,15.158717317229499,-22.394538854472355,-81.8752921490951,59.480753294622744,316.8895434689257,-23.766813094609052,23.810000458969228,25.061695412341724,7.951551563494376,3.2001077308368817,-34.91947229254075,38.11958002337764,201.2770946215687,S1,3,283799,284054
50.02788527610049,62.16535294335359,67.77288949562973,45.720621664498005,102.50578563462322,-41.34385351107251,143.84963914569573,401.6124274447528,-114.61838884010538,114.64189063610486,131.03723288212956,63.50890757290557,1.0220099790002168,-172.37334313959687,173.3953531185971,324.15103257969656,S1,1,284180,284435
27.756040275850857,31.64343537811738,36.78873237987455,24.14566334403293,80.32466482341381,-20.740194648446078,101.06485947185989,387.23394164261424,-78.96355743480247,78.96355743480247,82.02550991188495,22.202271810456427,-20.501253381049082,-151.41715192698547,130.9158985459364,338.75855518932946,S1,2,284444,284699
32.129888418474515,32.129888418474515,34.93485169414243,13.715470575525417,62.15512459824471,7.994637334801626,54.16048726344309,298.0214139094687,82.15228218926009,164.415256344835,291.65428736584573,279.8450032964239,919.4600549724651,-105.60858292682018,1025.0686378992852,2096.3406514317753,S1,3,284708,284963
28.027528103350207,28.027528103350207,30.107073672060384,10.995160458619322,48.504951813213935,0.08998336802509616,48.41496844518884,284.41834103190104,21.565245786022405,117.00876426626577,174.50740259671875,173.16978297394073,531.1722768858398,-86.74876096898046,617.9210378548203,1149.8456689404654,S1,3,284836,285091
-101.90800398243827,115.36967443674214,125.112478989731,72.58023920648944,45.27405419146693,-161.64540829413826,206.9194624856052,438.1547113421248,62.237739306421254,75.88499989411133,82.44712935459964,54.07395810221435,183.21344225936392,-39.38555860651212,222.59900086587604,458.4116424940363,S1,1,285219,285474
-24.626716261932337,41.9112209958641,61.16188420000726,55.984827632577165,35.26371586081302,-149.34066099260713,184.60437685342015,473.2593351000053,-92.77687701582342,115.03887678877749,117.66730231652959,72.37434024321291,75.392289883107,-139.6286410295892,215.0209309126962,394.15449484256396,S1,2,285484,285739
-67.82192106129432,67.84686740372055,70.47067546902294,19.139047118806985,1.8371115852134414,-98.8121854191216,100.64929700433504,360.24937084571116,129.2105547368878,197.76399182118016,364.3326350786916,340.6507031079912,1066.3203512471127,-118.19641382671796,1184.5167650738308,2367.4137581892765,S1,3,285748,286003
-69.01112259478145,69.01112259478145,70.7806352637466,15.7277870836165,-32.12941317726866,-98.8121854191216,66.68277224185294,263.3460721268753,-40.973196105744506,40.973196105744506,41.61420615927734,7.2759435915240385,-16.119286283014713,-52.3015772453362,36.18229096232149,142.36688242420854,S1,3,285876,286131
261.4590779085213,286.7695398634835,326.604353550922,195.7282665780328,405.32647431580756,-58.7689435792651,464.09541789507267,714.4523954148744,-107.2582844835553,107.2582844835553,114.58012535606946,40.30217781035303,-38.29474536764942,-154.79486199366673,116.5001166260173,288.29627484037894,S1,1,286259,286514
15.43894375355891,102.44530924592941,155.09748824913356,154.3271521054042,384.87656177050394,-89.82113114728286,474.6976929177868,727.7475741485661,-97.69554325242277,97.69554325242277,100.2351365286523,22.420156634857868,-67.50128144295579,-145.78941395594194,78.28813251298615,279.4931573628966,S1,2,286523,286778
-89.1616631619244,89.1616631619244,92.52308746132633,24.712740349377984,-49.496994312751795,-159.26718606343977,109.77019175068797,378.45650722812707,231.38265601642323,246.56205181251352,429.168558038875,361.4522343324948,1117.1946849713388,-67.1125721068802,1184.307257078219,2386.62133174434,S1,3,286787,287042
-75.29621116532986,75.29621116532986,76.50902962739693,13.568795033898773,-36.12437889150411,-102.09636590931389,65.97198701780978,278.1307065163637,-10.33797089036423,21.282330851852947,23.782685706507024,21.41827484379812,44.65030169289945,-39.89482795920178,84.54512965210122,221.5529807539296,S1,3,286915,287170
-60.97924496972479,60.97924496972479,63.1244983297532,16.316677734922308,-34.68085130734422,-102.09636590931389,67.41551460196968,253.231206620612,-28.166311407914414,28.166311407914414,28.549616210400462,4.6625623248972605,-18.0629105201532,-39.89482795920178,21.831917439048578,195.92260404521022,S1,3,287043,287298
-29.23316612243263,29.23316612243263,31.02917527553403,10.403447348743097,-7.143090038702566,-51.49613478754305,44.35304474884048,279.75896158484375,-51.273988541185425,51.273988541185425,51.48114501484482,4.613717711116221,-40.465209794180666,-61.12445576818906,20.659245974008392,191.88569595709086,S1,2,287561,287816
-9.062749812780151,25.859487279664158,31.065378646910816,29.714042409387783,83.44600224232835,-50.65284139478708,134.09884363711544,417.0815968711515,127.03066431280266,143.8107478179176,289.786573028512,260.4601087150529,968.3468575679487,-62.12031562501138,1030.4671731929602,2083.15874085534,S1,3,287825,288080
-28.53619641932128,28.55024492376448,30.89223689902184,11.832826988644838,1.7559188652088422,-63.35803372139186,65.1139525866007,250.09319683831006,-1.7456684880211055,12.719569032506257,14.585480443800641,14.480638152596073,34.15061150343951,-23.83284868020961,57.983460183649115,177.7775481991826,S1,3,287953,288208
-29.581651728230327,29.581651728230327,31.857159722220974,11.823895576195948,-7.516330953781825,-63.35803372139186,55.84170276761004,249.2250139511225,-15.64431281947326,15.64431281947326,16.66061094634608,5.729872032774494,-0.4721883536140006,-30.391666829902118,29.919478476288116,213.26615166668532,S1,3,288081,288336
-15.4744605618286,27.64683105060825,37.491477382438575,34.148966992257826,127.51087911768155,-52.77406070990176,180.28493982758332,403.2916346891079,-42.9111840981907,42.9111840981907,43.341685935710466,6.093604765731667,-25.98881482602557,-57.76358964901208,31.77477482298651,212.98454221631982,S1,2,288601,288856
-5.311157190225584,10.063617081452012,12.54481260864737,11.36503113444011,15.154386531046368,-30.951041099949368,46.105427630995734,329.9163040074106,125.40175741395092,145.11495999550246,304.95768004615786,277.9812688952754,985.803658362471,-49.04227014501895,1034.8459285074898,2123.7420232304557,S1,3,288865,289120
-0.27332589651162875,7.607016937960199,9.052908495621724,9.048781419859587,18.410065314943463,-18.311083422213777,36.721148737157236,243.74286243513805,-4.430373805186441,8.967130971055411,10.346808937909554,9.350307114952045,21.358095768013595,-18.37294187783067,39.73103764584427,201.88040629644718,S1,3,288993,289248
13.410505488110765,14.827995274183902,19.18526855809101,13.719798548062817,39.82312391691157,-10.885115147536325,50.708239064447895,227.1793014984044,5.567847929421438,13.055055692484421,15.223540405769636,14.168812650357761,31.00556664594615,-18.37294187783067,49.378508523776816,196.11770308488366,S1,3,289121,289376
-119.75447435517071,138.20213572282807,152.4407568840695,94.32417628214276,78.27064369433853,-196.8134898621853,275.08413355652385,681.0586134704057,-162.3192875312114,166.73330237158612,192.77226945227824,103.98844534438284,51.92290463490259,-253.1979876317409,305.12089226664347,720.4301424816704,S1,1,289396,289651
75.39632047058112,75.39632047058112,76.98932263657451,15.580457616385806,98.83019831365624,31.880283596226015,66.94991471743023,305.7395705575604,102.76902856307244,157.94535278495903,305.0644672546395,287.2331038539246,996.8418152930901,-67.17507769336709,1064.0168929864572,2211.710274164478,S1,3,289903,290158
88.1140116668535,88.1140116668535,88.3987163944004,7.089006146931883,106.2621791410974,72.45487235523542,33.80730678586198,257.96819695779493,-42.59407113503411,43.904338637171236,47.58795787698225,21.22165966754464,27.63940008587762,-70.5480215165238,98.18742160240143,273.97817781599144,S1,3,290031,290286
94.91831286345003,94.91831286345003,95.41315218373171,9.704818019528586,113.62019018582183,72.45487235523542,41.1653178305864,297.0101857817905,-51.32630856260678,51.32630856260678,51.93072929852485,7.900043975367814,-39.140342514074135,-70.5480215165238,31.40767900244967,205.17412239180135,S1,3,290159,290414
-264.41174636812025,311.6815964528033,330.27833287320124,197.91464207597667,133.6861626959605,-395.8782313173622,529.5643940133227,733.2804548113463,67.59698310615416,89.47447811564682,92.11549265040681,62.577247152407224,123.46460844136203,-60.74104860967342,184.20565705103544,389.17257610935644,S1,1,290434,290689
93.60161922295578,93.60161922295578,95.87187962591894,20.74015867459754,144.10976780453356,58.80184009890808,85.30792770562547,340.5702115543007,97.48883855936374,148.6910055466008,290.6326910463945,273.7942429292758,960.1608781569095,-96.6115121824286,1056.772390339338,2128.9673273488315,S1,3,290941,291196
82.34810294643123,82.34810294643123,83.12234174086558,11.318729505081707,103.4861597581667,58.80184009890808,44.68431965925863,250.9002282035348,-17.005400834636767,20.97031485642151,21.974996920865518,13.918219430853366,31.108060847850226,-35.61999582200399,66.72805666985423,213.5615954320163,S1,3,291069,291324
73.60665893087314,73.60665893087314,75.50458425100699,16.822663402432028,95.57363730990072,34.776202341923195,60.79743496797752,215.33269177489663,-23.66264157447745,23.66264157447745,23.95705318097336,3.7443011141997014,-15.676948269094943,-35.61999582200399,19.94304755290905,161.1460740915294,S1,3,291197,291452
-134.60128556684708,155.34434576112477,165.0559125362173,95.52982878093886,63.74518425857582,-211.91497699020402,275.66016124877984,542.3686180605991,-89.11353180228761,89.11353180228761,94.65328943701874,31.90648289878903,-23.219408225843512,-119.78273795283553,96.56332972699202,258.95156943297695,S1,1,291471,291726
32.66021586715354,71.54798189193899,79.54110151223736,72.52652707314049,79.46931051505248,-169.8053575058249,249.27466802087739,471.7438815429803,-55.074655650676526,55.074655650676526,57.572123253497345,16.77294490765689,-33.2248082923443,-106.62721350016578,73.40240520782149,268.0455308111685,S1,2,291735,291990
49.928274742492846,49.928274742492846,51.79349729583341,13.774387223091045,80.66800272759207,26.28376101246771,54.38424171512436,339.4404947155854,146.1419395269405,170.1425067250096,346.77454154181595,314.47593894102727,1037.2768639484418,-62.37446881283485,1099.6513327612768,2232.322608781835,S1,3,291999,292254
45.85463887459111,45.85463887459111,46.76950581979846,9.205366277829516,70.1852584101483,26.28376101246771,43.901497397680586,266.8702467125937,-16.10919696715617,16.787324577652473,19.475329923322782,10.94450769544424,9.677396950849332,-39.42108811062044,49.09848506146977,194.3036798285989,S1,3,292127,292382
-183.76220875972632,206.8448935922364,218.33118964772427,117.89808736674787,81.02078365592385,-268.98489612803786,350.0056797839617,664.7478052312863,18.02901990406632,35.76325127551428,38.02570375369887,33.479972928048326,55.82310459110659,-56.57353808809638,112.39664267920297,327.6135743666784,S1,1,292509,292764
29.256650898956934,38.232304934030886,44.286567166352526,33.24678043896004,70.65210090341004,-182.05184723362848,252.70394813703854,468.34396091852915,-82.19189384882122,82.82716303678495,85.83410002414529,24.738336898406864,32.16286275037326,-107.79399394982342,139.95685670019668,307.78137480178464,S1,2,292773,293028
124.19476762410316,124.47056081091615,130.8354323886933,41.153007947552915,212.38819748536002,-11.824139717479254,224.21233720283928,500.6258818289282,72.80005831156043,144.29334725823153,267.91706687686917,257.8365882370813,912.393770387697,-67.59420347531959,979.9879738630166,2063.0919182171406,S1,3,293037,293292
97.59264853752373,97.59264853752373,99.7831975377002,20.79330330368565,140.25465256331688,67.24753315507547,73.00711940824141,261.2474534172506,-57.20404047194872,57.20404047194872,57.399339373966505,4.730952784739471,-44.75967222213015,-67.59420347531959,22.83453125318944,221.07141054955014,S1,3,293165,293420
-97.43456421427689,132.35012648283194,135.87397763439486,94.70081042190711,95.81871467345975,-195.05626889213352,290.87498356559325,474.35841722719096,75.6324522861602,97.85852350534094,100.92720461772649,66.82838314017577,166.87369456443818,-73.09642118337668,239.97011574781487,448.8224758144343,S1,1,293547,293802
-72.97090056082253,72.97090056082253,108.94209226033271,80.89268902318304,-4.6444258832634615,-219.3584943260832,214.71406844281972,405.0600198349521,-87.5183486255407,132.45593225872176,136.6102665812482,104.89472622233217,96.97991391910054,-166.1774900484546,263.1574039675551,452.7091173931623,S1,2,293811,294066
-55.22426721653338,55.22426721653338,57.166115419901,14.773119596021663,-37.34690236990606,-97.84182618854062,60.49492381863456,320.42093470835937,112.04439478302137,195.13009056294356,352.1717638195631,333.87273747565644,1051.0979707018314,-148.8380810212475,1199.936051723079,2368.040360403705,S1,3,294075,294330
-62.088837802425964,62.088837802425964,64.44370135868928,17.261716749847633,-38.65875066016536,-100.90789953110486,62.2491488709395,275.92487710694047,-43.04139106420689,43.04139106420689,43.297983221098825,4.706804252629028,-26.258337690207824,-54.20447213285429,27.946134442646468,170.12802442080266,S1,3,294203,294458
241.46065229213508,280.11135650320006,304.9630518558026,186.27725677565044,371.1413182709121,-89.10425336874623,460.24557163965835,655.0959205328127,-61.152114509591,61.152114509591,62.27597786397906,11.777788838346522,-35.05329949757667,-76.51731874064993,41.46401924307326,189.19337634673343,S1,1,294585,294840
20.893005794537608,80.77471577288719,136.86390677800128,135.25979183558894,366.0918849341512,-61.618790968006614,427.71067590215785,641.7660735849795,-54.94137486254459,54.94137486254459,55.66500087336401,8.946376386278933,-38.51035404437555,-70.56146166659184,32.051107622216286,219.8024450089727,S1,2,294849,295104
-17.634437175691595,19.046873398638475,22.81048514381909,14.468754541873247,14.558165697578694,-51.4845609120319,66.0427266096106,334.96717278689505,184.14126663803876,200.2747901040463,336.3572776784663,281.47506491376384,1033.1682036347966,-56.723476718256975,1089.8916803530535,2177.049353385066,S1,3,295113,295368
-1.2557999981971353,12.214590675293248,15.140664878949103,15.088495595690478,27.203363303713623,-30.58943589118937,57.792799194903,299.00272361898686,46.58907817560984,46.58907817560984,55.27916974004904,29.753057017659014,111.86262082075986,4.373998872791084,107.48862194796877,224.29548129874428,S1,3,295241,295496
19.846765633385417,20.308624943205796,23.332946860471072,12.269160651284924,47.61544307553711,-10.183002535680346,57.79844561121745,261.11173534960943,9.969231126019917,12.415774799098706,17.287452419222017,14.123400507769396,38.19488144420146,-13.846290293809673,52.04117173801113,195.0140619889715,S1,3,295369,295624
62.967119586016615,90.99428534963647,102.6099485324761,81.0181670298562,120.30449147825082,-324.67738482381714,444.981876302068,607.9749726149516,-64.60256427835992,64.60256427835992,71.16685514098461,29.853474828204916,-36.47859288491366,-226.20678972054043,189.72819683562676,365.93041414858726,S1,2,295888,296143
93.47829314328624,93.47829314328624,97.86059555512905,28.956948620709145,129.18819930186962,16.902996968147953,112.28520233372166,414.4940537413828,199.6783958107757,229.94729539930327,422.18816550524457,371.9830444242304,1130.4743989210208,-82.70137434924179,1213.1757732702627,2426.212802891078,S1,3,296152,296407
107.15427726392805,107.15427726392805,107.48454827908415,8.41955953741072,125.60640435412076,85.10520796864172,40.501196385479034,296.1261992031699,5.426022130543229,14.445082692649857,23.555114773974367,22.921642957125925,128.54468465473224,-13.517455012475626,142.06213966720787,262.77508653990424,S1,3,296280,296535
116.14871927581143,116.14871927581143,116.5052630081616,9.107761480718375,139.59712084036167,96.94366051573246,42.65346032462921,267.7176338309262,-7.1672985732436505,7.569246376274966,8.203448582668,3.990789371848275,6.63651000898011,-14.573965724863246,21.210475733843356,168.70230220468738,S1,3,296408,296663
-223.32666488070484,260.0649428979623,273.3566458748454,157.6358353839854,117.4347596036174,-324.9841932533139,442.4189528569313,909.0991720636405,-60.08966753580475,60.08966753580475,65.80769390471791,26.830662170239098,-1.57965696229442,-86.75776262005807,85.17810565776365,290.05256494592436,S1,1,296682,296937
23.250933457185432,24.53630086194891,26.910584545915793,13.548935529126156,58.00986141833067,-12.558575283140842,70.56843670147151,276.81467417668904,93.62416768201747,123.47516667649039,261.40835299823163,244.0672903997944,880.8766199566321,-31.54164089063861,912.4182608472707,1936.8275872410177,S1,3,297190,297445
18.871784272492665,19.189015586083105,22.106868626183218,11.513878531052097,42.04412270444934,-5.225100255109187,47.26922295955853,238.2914535007856,-17.04915473517553,17.05140571337151,18.952400048342707,8.277668174580473,0.1781816178193237,-31.54164089063861,31.719822508457934,207.1365826749879,S1,3,297318,297573
8.144417574078089,18.59598739621497,21.711987239102715,20.12657080205188,42.04412270444934,-32.33070432810126,74.3748270325506,271.21544646768433,-12.616665943761225,12.618916921957204,15.480150971183878,8.969660782559219,0.1781816178193237,-28.173212672255463,28.351394290074786,188.27758934078759,S1,3,297446,297701
13.326037628608985,22.4575382678598,23.481338230812007,19.33364854937347,35.66291327087222,-33.568786421815005,69.23169969268722,281.53215447945075,-143.93663950455297,143.93663950455297,158.7187404238787,66.88708671992633,-19.54317692575294,-193.64105504289213,174.0978781171392,468.52574931760375,S1,1,297720,297975
-12.000017246900905,19.859738231885352,23.849404304265686,20.610523325292046,25.506226568587664,-51.88447889886646,77.39070546745413,369.0484890248266,180.89262108045665,203.24425641914956,374.9208198540694,328.39531177940086,1091.5477356664985,-61.66095512388595,1153.2086907903845,2311.0293589697535,S1,3,298228,298483
-37.76359832203167,37.76359832203167,40.185689990056915,13.740462937951108,-6.790508465090303,-62.538652270830475,55.74814380574017,249.8273304459396,11.766088230728263,25.692747266706107,33.066319204848966,30.902113738443227,96.46789171600196,-33.86277522318822,130.33066693919017,245.37500335567495,S1,3,298356,298611
-45.51979329522327,45.51979329522327,46.04813677560411,6.955524341477754,-31.329160631634,-62.538652270830475,31.209491639196475,243.6387790388068,-28.838150858523896,28.89873629044004,33.641263292763945,17.323269061989546,2.8622068006675856,-56.8711759722872,59.73338277295478,188.5760498190499,S1,3,298484,298739
35.68130779241463,56.20147054666378,57.64499264493216,45.27460050908516,78.5696065623397,-62.923183933977576,141.49279049631727,423.25881067333523,34.43736000935584,57.342185375406785,60.60410005438197,49.86908039043391,150.63856409316975,-73.36876732640283,224.00733141957258,492.48955485563107,S1,1,298760,299015
15.872040083755683,17.825011271629677,24.289351999320527,18.3861623001253,68.88972543045578,-14.646743320407401,83.53646875086318,329.1385675922504,2.5962123343045214,142.4411055993511,250.83256603065357,250.81912977888547,992.9474638628681,-113.00201704281443,1105.9494809056825,1394.0117035818835,S1,2,299024,299279
45.91315894005782,45.91315894005782,47.590621403436444,12.523940342807897,65.91094928283984,18.40493722692296,47.50601205591688,299.73585096696627,0.40996504228997566,84.33222171364073,150.91487023431992,150.9143133917579,747.6107000104519,-69.96703368758732,817.5777336980392,952.1162110847463,S1,3,299288,299543
36.6534760810566,37.1806323502321,41.31661921414499,19.067923706110918,64.96656141175625,-6.4107165161931166,71.37727792794936,309.8608651133159,-51.18403414059574,51.18403414059574,51.72251712229303,7.444019516378587,-35.64252410317846,-69.96703368758732,34.32450958440886,209.98354484802277,S1,3,299416,299671
-241.91800625142616,254.333407065999,280.6764283282494,142.31983582915583,44.9067780442578,-361.8044158094414,406.7111938536992,682.4843986080709,-92.80304219320445,92.80304219320445,98.49335725434022,32.99298081285486,-22.925137294400354,-120.00696023955405,97.08182294515369,282.28189860826797,S1,1,299798,300053
83.90427917979602,84.04643708650072,84.48972285485505,9.929008178517273,97.12675920641763,-18.19621205820173,115.32297126461935,322.38680619708487,-50.053425226109994,50.053425226109994,50.29617327784528,4.935551593211613,-40.01650734995204,-63.07781267677778,23.06130532682574,190.02033507546236,S1,2,300062,300317
57.61801965353909,57.61801965353909,59.4094374813594,14.479125424414693,79.25887497307714,23.070794407175768,56.18808056590137,275.355950635894,134.84615314344586,146.11947778901214,292.8241210492048,259.9278377755135,925.2250792949842,-41.55015494943656,966.7752342444207,1967.170163086116,S1,3,300327,300582
41.57930740647687,41.57930740647687,43.80849496691226,13.796573011573349,79.12733477375801,21.955136049504365,57.17219872425365,271.7163013276448,-20.831054508170926,23.88649797562912,27.242343907981876,17.55598102295537,17.740583195407304,-46.59423285469169,64.334816050099,184.5350596668249,S1,3,300455,300710
94.16968092517038,97.19487810275818,109.19490323117624,55.27746454132592,161.46413607085117,-13.466638390833602,174.93077446168476,377.83186457314594,45.33811098968346,68.77613811060105,70.98229940221097,54.616321006749104,153.2103924048517,-65.49432016256499,218.70471256741666,482.5183605070995,S1,1,300836,301091
-47.45958325346672,75.30241658462099,77.04624653509084,60.69359161026193,112.61358512222895,-103.78130109702506,216.39488621925403,372.2496877160262,-83.47525293103682,98.31314496885514,100.75290707823069,56.41835191508183,61.01362649459842,-115.94626657427462,176.95989306887304,319.9707447130464,S1,2,301100,301355
-68.57030471554268,69.42207732278885,76.47465930679523,33.85981138913844,19.568666242986264,-123.22265614862044,142.7913223916067,459.94575368909693,150.88466479537453,189.59369216289682,337.7620451251415,302.18705640166917,1015.0113733790001,-108.42501236140583,1123.436385740406,2234.813106379383,S1,3,301364,301619
-86.47607007593226,86.47607007593226,88.84319527672761,20.371613858533898,-42.5005204839286,-134.46797788245354,91.96745739852494,294.0862253191311,-12.292709708516247,32.68269553256327,35.654308564890606,33.468179025196186,73.95120101807649,-49.55952906923492,123.5107300873114,251.4129961220219,S1,3,301492,301747
-98.40348945642872,98.40348945642872,99.74303890936396,16.2919327789375,-63.49703152258505,-134.46797788245354,70.97094635986849,266.78868407100947,-45.713226298500196,45.713226298500196,46.73355675430999,9.712171141944653,-20.512380700767405,-67.6142630575932,47.1018823568258,222.79611674970755,S1,3,301620,301875
185.2378527713188,235.85064298015237,249.67695972471708,167.40824985062477,316.61409839905014,-114.7521334724006,431.36623187145074,666.6916573053281,7.099859831899236,41.64045492686499,47.63513383225275,47.1030568602932,107.85245151644973,-78.86388450506234,186.71633602151206,409.08371419561666,S1,1,301877,302132
-51.89041644880852,124.78455110726053,137.63043367987422,127.47360885955756,284.48163117875345,-119.36663148031572,403.8482626590692,559.2962549864604,-121.72009650621071,124.06692652635572,132.48970047867357,52.323406229405485,16.916255624413683,-156.2419572065978,173.15821283101147,347.71114054313773,S1,2,302141,302396
-75.30584172254994,75.30584172254994,76.04341417462902,10.565559227623705,-60.24663141502159,-119.21910555986221,58.972474144840625,334.54557635816076,71.64346904832385,175.986543427929,290.9694247064011,282.0113817857285,906.5045263096354,-150.58892015789812,1057.0934464675336,2106.6152952851953,S1,3,302405,302660
-90.84119806797439,90.84119806797439,92.47458322847066,17.303909293983033,-60.24663141502159,-126.81798771186422,66.57135629684262,260.2539009321424,-72.97383722477207,72.97383722477207,75.26231404529214,18.4183331532647,-19.903622566325105,-99.77971188936661,79.8760893230415,207.81370034686904,S1,3,302533,302788
185.01823068151126,217.8190260856902,230.58398085178217,137.61259586585138,289.16810212994017,-89.2201133851485,378.38821551508863,602.2928023905555,94.22835537617792,133.4375140444525,136.21084506424936,98.35858557450723,201.3359308329315,-107.58342909616668,308.91935992909816,524.4680623205444,S1,1,302914,303169
54.18831965284689,88.70341959186078,140.24249181651956,129.35061856870823,287.03749290462446,-71.07931879706938,358.11681170169385,563.8367145183348,-22.691874086592886,108.46020851583238,117.4782633633541,115.26587184985763,326.6577408994078,-115.28038995451078,441.9381308539186,800.3185638894103,S1,2,303178,303433
-6.931002700254063,17.405815076040547,19.82365042132314,18.57251511228073,32.56339258488173,-46.080661654350784,78.64405423923252,302.0183074369829,123.48269763488001,161.98807126760587,297.36368733305403,270.51282026758565,954.3829291308223,-110.2413449597034,1064.6242740905257,2126.502993626973,S1,3,303442,303697
5.3855376737189795,25.486617777176082,27.002546010843805,26.46003543143301,47.479596935664425,-41.338506450777544,88.81810338644198,332.97268900044196,5.122463610790355,14.859284448512353,19.239160947254042,18.544694133645713,55.48664417467826,-17.082781155615116,72.56942533029337,222.56333755266826,S1,3,303570,303825
-15.056232716384066,35.45357579149264,37.078271071665014,33.88374303488263,47.479596935664425,-58.08671559683765,105.56631253250208,333.78656637488837,-9.987209085487866,9.987209085487866,10.59052729714177,3.523481675027365,-3.064752978486322,-20.38016752968083,17.315414551194507,173.6557025887572,S1,3,303698,303953
32.44880793294443,32.87534582158005,37.0142609281332,17.80815475524655,59.11696072065765,-6.12064281275233,65.23760353340998,241.97564987912557,-63.554633604268965,63.554633604268965,66.68222063229365,20.18234614411849,-28.281217776266327,-99.09931581060606,70.81809803433973,239.2579979237445,S1,2,304216,304471
49.165248323542684,49.165248323542684,51.77522569392753,16.231215387071817,72.34824758500271,1.0330007768775002,71.31524680812521,306.83021176930174,150.8547452832488,158.96616399993349,297.4705985684336,256.3817521552349,938.9904007653728,-34.85186327278175,973.8422640381546,1965.4666877328095,S1,3,304480,304735
54.27662197987631,54.27662197987631,54.90928560877764,8.31131472872509,68.00920543452457,39.39392382783464,28.615281606689933,266.21649307715785,34.31438773409877,34.31438773409877,35.1159729083779,7.460184162328825,64.80164156153715,21.340309278678703,43.46133228285845,212.88195586468163,S1,3,304608,304863
48.69330893531367,48.69330893531367,49.4150803670219,8.414976685014354,67.57604724964006,33.48174457427941,34.094302675360645,218.66791071959307,26.03591482093688,26.03591482093688,26.640802481785496,5.644776019509316,38.26530651488243,14.123058847884728,24.142247666997704,195.82910605447222,S1,3,304736,304991
-71.95472423768108,98.53498050230581,103.40719169148255,74.26684962618444,74.21969903131831,-148.01068230041133,222.23038133172963,639.7444122184743,-136.21871798747117,147.7473613234057,164.81356809541958,92.77916306042704,83.61239309455475,-220.26116930276248,303.87356239731724,701.66083246373,S1,1,305010,305265
52.784238310914255,52.784238310914255,53.66820118598393,9.70051568092432,68.97506825620488,21.362515759357695,47.61255249684719,283.1568021994467,124.10446814395559,124.10446814395559,271.45832180880166,241.42846034789852,919.06591620702,3.6702536734631357,915.3956625335569,1930.2640287270938,S1,3,305517,305772
60.545922311005505,60.545922311005505,61.21808606109269,9.046842128225496,83.19985362356095,45.27629729567717,37.92355632788379,177.44429415394026,4.00582483406164,7.5707332412920465,9.156207545981836,8.233438165426989,22.345557714486336,-12.748012762681048,35.09357047716738,179.0319349502164,S1,3,305645,305900
64.77731522625977,64.77731522625977,65.6292596420706,10.540358307196632,86.7095721552431,44.7986718189374,41.910900336305694,209.7924766433276,-2.401997962333558,4.564068608088817,5.815262130928955,5.296005989456753,7.036082993956406,-15.530685174115167,22.566768168071572,159.39810759676212,S1,3,305773,306028
-238.45300792715705,252.6544417413749,275.32988218055846,137.64703786152242,50.52245066073575,-330.8562515812457,381.37870224198144,939.1506165369336,-127.54832849064042,127.54832849064042,140.05365471273143,57.84850989988148,-8.970263871972154,-170.66584439981696,161.6955805278448,489.37401151605775,S1,1,306048,306303
44.83240127248028,44.83240127248028,48.5579284544975,18.652833884839215,82.5267348012563,20.454289181379,62.0724456198773,268.2800661838802,-36.50142543210508,36.50142543210508,37.2465073121124,7.412708572155982,-23.79175514902278,-55.78979413997461,31.99803899095183,182.16742612249985,S1,2,306312,306567
45.619584374305674,45.619584374305674,47.441183290449615,13.019961348392776,73.4265812262437,14.40411331991254,59.02246790633116,330.08183533138066,176.21456138544758,181.47185333398673,299.8920660006074,242.65959615446283,904.6318845377704,-35.00361039536337,939.6354949331337,1906.9085425728003,S1,3,306576,306831
43.40832794067016,43.40832794067016,44.72196392352599,10.759699000083348,73.4265812262437,19.115217246923294,54.311363979320404,312.86338092934557,37.70337157447733,37.70337157447733,45.86839760358542,26.12212990239303,89.72430431869897,5.8111684586857635,83.9131358600132,220.8198096189729,S1,3,306704,306959
39.53573212037428,39.53573212037428,40.23099599009707,7.447074866094221,55.89339747185984,19.115217246923294,36.77818022493655,262.8751355635535,6.625859645987168,12.210440364053298,14.11698361991453,12.465440645104126,29.31465451787402,-20.775708735818284,50.0903632536923,200.4858040359901,S1,3,306832,307087
-33.77710061733684,45.504976302475,47.704504112496736,33.6871961805301,52.36854241452142,-69.65120777559855,122.01975019011996,292.3649403287244,-137.00864223344672,137.00864223344672,150.97532940644504,63.42067519927544,-9.841237473533075,-205.33016458805446,195.48892711452137,353.68801241159656,S1,1,307088,307343
-10.145795014650174,17.682993083129666,26.59208313916569,24.58051523465283,20.596243579058754,-78.79700028715033,99.39324386620908,306.2782093163172,-40.04198141124383,48.599510023799354,62.529540191549835,48.026899975204,284.7332651437084,-145.77767522185727,430.5109403655657,681.4519786952249,S1,2,307352,307607
14.86156656471368,20.549469949035547,26.74996412772873,22.241727003031002,62.712373562526125,-29.420613090033736,92.13298665255986,309.716755592239,132.91721587345208,134.66119536708098,306.89309454657956,276.6159525494254,1004.1382413968379,-9.577785904818228,1013.7160273016561,1378.8695398493057,S1,3,307616,307871
35.31422490820094,35.31422490820094,37.88541922466081,13.718983525075709,62.712373562526125,4.584042784624505,58.12833077790162,283.76670223490805,4.837648371346298,6.708908509011373,7.657729475830685,5.936158603020694,15.070723535131773,-9.577785904818228,24.64850943995,201.99382347913414,S1,3,307744,307999
-119.50794402875728,130.9364033236044,141.80497375304142,76.33152622029891,38.047240270194436,-187.52411855758618,225.5713588277806,448.73117989917625,-59.68059623428695,59.68059623428695,61.67864692204043,15.57183095380059,-23.782671244081836,-79.69399623993067,55.91132499584883,269.5473872279696,S1,1,308126,308381
71.75985636065968,87.10608625487203,90.4587484000437,55.07547709461898,113.12720693488207,-144.32527534490205,257.45248227978414,441.7637916167214,-43.179641510873324,43.179641510873324,43.94144713588472,8.146737714460755,-31.675973743134165,-77.94276073757557,46.266786994441404,240.56276922387363,S1,2,308390,308645
107.1687114971663,107.1687114971663,107.66945635849225,10.37203492909682,125.30245001908747,72.73987342425175,52.56257659483572,325.4217344716307,77.06215590718006,97.60379811256188,219.15347872666717,205.15767439931963,790.4176532280577,-57.69543708826447,848.1130903163222,1766.7213895115688,S1,3,308655,308910
99.67606568943697,99.67606568943697,101.0135852697372,16.38372172986102,125.30245001908747,52.601705516424104,72.70074450266337,329.9510671831992,-7.824516648971594,8.396913083976717,9.467035376518929,5.329324350255597,5.950334022665199,-18.803844345576007,24.754178368241206,198.37729427286064,S1,3,308783,309038
80.4835959125428,80.4835959125428,83.57704754195326,22.52806393848436,122.64904428737691,49.834035865775384,72.81500842160153,297.24283707118093,-13.323916090249226,13.323916090249226,14.583645721685748,5.929248059884231,-0.8069114582061394,-26.660949255862693,25.854037797656552,198.50123160657665,S1,3,308911,309166
-177.78071705384764,197.46740468666206,210.40701226449966,112.53944843428496,67.00885250187217,-283.81385615168057,350.82270865355275,509.4149318472126,22.7845063762858,30.69785985494532,32.13640614525449,22.663072808464047,75.76270231982492,-30.36639600757882,106.12909832740374,305.94116856256124,S1,1,309167,309422
-74.40618775726786,74.40618775726786,131.04569211361732,107.87350297903185,-0.7795321182938644,-302.57717486204103,301.7976427437472,527.5095253467484,-58.67762996450257,66.6055161543414,71.79494490140934,41.36967313316981,32.1876591773234,-101.88972654774282,134.07738572506622,331.7396532864933,S1,2,309431,309686
-47.5686940918126,47.5686940918126,51.79954400688852,20.50395331932683,-5.659270411081438,-88.31730677134736,82.65803636026592,363.5033760182531,66.41700237701744,136.42750636009583,240.6146208402247,231.2664644027239,789.6269686076525,-108.50814012726421,898.1351087349168,1846.9216284938723,S1,3,309695,309950
-54.808767070139794,54.808767070139794,56.11493906990725,12.036836755167979,-26.86711096515182,-81.66292056167104,54.79580959651922,279.6662878953415,-48.4936574148209,48.4936574148209,50.26706884987582,13.2341755048111,-18.396528886641043,-72.66972028453286,54.273191397891814,238.17211997430178,S1,3,309823,310078
308.6923180468664,339.64151972890176,366.3992046181986,197.37636617310824,436.3659989648049,-88.69309986169935,525.0590988265042,730.7765306747601,35.067634203656816,60.15129739329866,62.52897712849189,51.77001074071726,128.54293902159873,-69.89433881786778,198.4372778394665,472.63474378061414,S1,1,310205,310460
4.936371217055559,109.14743854191715,162.12768242305341,162.05251509025672,430.6538395983504,-91.25439919651103,521.9082387948614,749.3898675371445,-79.84000422106331,92.14648915106144,94.78425313853951,51.084521814453026,52.99207351311879,-115.08181684220246,168.07389035532125,352.68240083732354,S1,2,310469,310724
-63.449514510911015,63.449514510911015,68.0643420609535,24.635619913454132,-23.893567989447487,-129.3942368211331,105.5006688316856,334.99867826823515,155.70253239424366,179.2924143091116,310.46269394453265,268.5959898012553,960.7319862243992,-92.42537739084888,1053.157363615248,2051.198695108877,S1,3,310733,310988
-31.801765989496857,32.93458314678359,37.92922745459803,20.67060655258848,14.141038932230968,-66.14081307994526,80.28185201217623,335.05220517558547,-9.496813709547737,49.86750728261799,53.68681375926455,52.8401788508338,78.6941322467398,-79.38639346475078,158.08052571149057,260.53392605248763,S1,3,310861,311116
-87.89764028589765,88.21177288716225,97.58297151933327,42.38444482016899,4.647467115971678,-124.68427388482684,129.3317410007985,339.52938549817134,-26.766632455417806,29.468596672052165,34.956862694047885,22.483986221466406,41.406483500893295,-74.99183444936558,116.39831795025887,345.309653899287,S1,1,311243,311498
-0.45211938525985573,36.569161456601705,48.875841369316625,48.87375018985217,47.127976751999356,-119.08538776633327,166.21336451833264,424.8859753561502,-32.188584850470384,88.32093121771521,147.70370702854484,144.1536682686163,844.6894216510184,-93.3178739408849,938.0072955919032,1136.958765691967,S1,2,311507,311762
28.658717089491734,28.890406880889543,30.707280486746512,11.027919553397071,51.86975430354522,-13.71714508570698,65.5868993892522,238.39545327963313,22.60072304578391,60.716612533735635,138.3267674725951,136.46795197856954,713.046840551875,-35.09184654032884,748.1386870922038,874.4557576939566,S1,3,311773,312028
20.476055412681237,20.476055412681237,21.9894006746826,8.016538951975404,35.248745109186245,4.220334181443454,31.02841092774279,181.5492108369267,-17.637121303904436,17.81053239227962,20.989445301382396,11.379313079930778,4.048335011499676,-35.09184654032884,39.14018155182851,221.73322938532252,S1,3,311901,312156
