EOGh_mean,EOGh_mav,EOGh_rms,EOGh_std,EOGh_max,EOGh_min,EOGh_ptp,EOGh_wl,EOGv_mean,EOGv_mav,EOGv_rms,EOGv_std,EOGv_max,EOGv_min,EOGv_ptp,EOGv_wl,subject_id,label,start_idx,end_idx
22.674084448159277,25.136600054670822,41.31250367297441,34.53416937132361,107.42517508707023,-12.16785572589781,119.59303081296804,415.58604931960576,-22.282456775961773,31.450552635081962,32.92096441175148,24.2339022410177,31.89249460936093,-49.4900484465808,81.38254305594174,324.0908413930404,S1,2,249,504
18.419473056800367,18.421329319989557,21.100718197914016,10.293848686355606,42.670372246077434,-0.14412280389116122,42.8144950499686,224.0968835249042,39.22558796866212,60.26048195211136,121.75310114297397,115.26131565466359,426.43664846435996,-43.25685277401477,469.6935012383747,1093.1858711911723,S1,3,513,768
26.02708182211384,26.11376275158006,28.044246183285097,10.4436945480846,46.17690183267037,-3.181906605576018,49.358808438246385,301.03029403772325,24.06281616067388,39.240649516410436,94.67004313399369,91.56089746944289,425.8663651347621,-28.133590266578384,453.99995540134046,701.9777886553691,S1,3,641,896
-123.09997689032562,137.96654656354139,148.4954422292534,83.04993710089627,55.76301301289714,-189.52999312194063,245.29300613483778,454.26600139091266,-13.75838810530243,23.513697746671646,31.274646541604575,28.08576637811708,35.13270957683191,-60.75165890213228,95.88436847896418,375.9880143294899,S1,1,1023,1278
-20.74861712982953,74.6274497866884,94.86947685142333,92.57274180482335,71.64889252665388,-176.43969348395305,248.08858601060695,517.5240007465484,-32.189186629936145,32.30912761110968,34.36969095008382,12.047071017779123,4.192203154123982,-58.54288836586282,62.7350915199868,377.8355986172668,S1,2,1295,1550
70.08511150916193,70.08511150916193,70.56272751416351,8.196075828494095,86.4038864624414,51.48485671743183,34.919029745009574,286.539654228633,52.00630081587852,58.10946108081386,122.18753927307708,110.56735245567792,408.4773485791083,-25.1761025564068,433.6534511355151,1047.1593275821147,S1,3,1560,1815
77.12947446237112,77.12947446237112,77.65063155570205,8.981355697100058,101.58120155660633,54.0725302097207,47.50867134688563,266.9201835354361,8.453037334155525,10.22896228045946,13.262770642070686,10.219943489645377,35.38935799524175,-11.279942044978934,46.66930004022069,294.31881572425505,S1,3,1688,1943
70.14392446840914,70.14392446840914,72.63012297069176,18.84050484748006,101.58120155660633,28.62744865641158,72.95375290019476,285.2555929597627,17.790681410262152,18.449281277558416,22.097780882554638,13.107386272325611,42.56685734075376,-5.603212713140663,48.17007005389442,314.0002710398508,S1,3,1816,2071
-78.35660780295942,85.90292329710233,90.12563114594364,44.52944422590392,34.65549014194654,-114.96509271194368,149.62058285389023,394.2440698321698,-93.98754359262543,99.19285686648566,107.40992969604086,51.992640313151774,24.378726469115968,-143.03836306365068,167.41708953276665,387.99573840742573,S1,1,2072,2327
29.216658418502696,29.236756855295546,31.675650853271375,12.236573369815886,47.287586846580446,-1.4560493261073255,48.74363617268777,292.1689667962322,87.37046201517317,87.37262455124535,150.27537491049492,122.26647403006675,437.6422218301662,-0.2768046172390969,437.9190264474053,1029.9518628767169,S1,3,2579,2834
32.867934198005294,32.867934198005294,34.13490063278065,9.21359553949503,47.287586846580446,7.453523542014842,39.8340633045656,265.59682786210885,17.19682240575541,20.825124789863736,24.913980258827852,18.027082722453255,59.16126747670735,-17.42032234413425,76.5815898208416,357.3512116767374,S1,3,2707,2962
27.403148448462513,28.208268127844246,30.84889911358615,14.16764029864335,50.597684535201395,-6.380843148219886,56.978527683421284,258.3280766347575,12.239895022088966,16.081066238489793,18.60641688156973,14.013697549861876,39.926019191699964,-17.42032234413425,57.34634153583421,342.9210962461981,S1,3,2835,3090
-13.603709100194795,13.715915004343668,16.15332231455359,8.710276718631407,3.6799802524798197,-30.956730839152915,34.63671109163273,242.0013811931799,-31.283809604511116,32.349668792821525,37.532449335134835,20.736634484003453,8.877160968569347,-71.81727041848495,80.6944313870543,316.86257001540775,S1,2,3353,3608
-37.43497922788785,37.43497922788785,41.074418354702615,16.90355505166699,-11.202198122330469,-75.40298743021468,64.20078930788421,317.1839282549222,-7.866735927141072,63.11101384154375,89.32539068207195,88.97831132561133,315.1896381648094,-80.13958257959008,395.3292207443995,905.706150722121,S1,3,3617,3872
-45.476322313061004,45.476322313061004,47.163404083785366,12.501631639470611,-20.245984233422135,-75.40298743021468,55.157003196792544,313.8439395299217,-34.604220009151774,34.604220009151774,35.752745573108314,8.989258788889982,-15.662178138713369,-52.41432774019103,36.752149601477655,272.0726524116476,S1,3,3745,4000
-35.3089270695143,35.3089270695143,37.61175036709327,12.9585274964504,-9.431732201745522,-66.67579269765065,57.24406049590513,333.3382841599896,-34.99428328316888,34.99428328316888,35.995658998006896,8.431346523428024,-15.662178138713369,-55.389999213690615,39.72782107497724,336.41820283341394,S1,3,3873,4128
25.33587756248923,46.54586793078761,74.39799423874791,69.95108901859443,169.76496257954057,-34.74957015020557,204.51453272974612,458.56940186757345,-10.50057356773016,36.75113303759734,39.52946720064828,38.109273568461184,66.86284963399504,-48.9017373304948,115.76458696448984,369.1571442028879,S1,2,4391,4646
-28.212041224491195,28.212041224491195,30.32250950642186,11.114644066035286,-1.4996801513629552,-49.56851984900751,48.068839697644556,294.9233481190954,38.579489397280014,100.41125859823285,152.06061658907922,147.08519339245578,391.32288104414494,-75.37071222509847,466.6935932692434,1062.9402760550383,S1,3,4656,4911
-34.1299175006836,34.1299175006836,35.47722945975343,9.684138657440235,-11.657423549551035,-51.20574963403887,39.54832608448783,260.742114121672,-49.174728738059216,49.48160800418577,52.09674939201033,17.20224842141927,17.06689845612934,-75.37071222509847,92.43761068122781,344.843563834008,S1,3,4784,5039
15.030177615306556,27.824583722173163,30.028768309202206,25.9965514447606,47.75980869575596,-42.06788468492243,89.8276933806784,357.24530494749627,38.910664530384864,60.86356029119611,62.791794716374774,49.28254934058504,121.3810442384101,-73.53021729321985,194.91126153162995,491.84422071854334,S1,1,5166,5421
-11.846860075650241,19.171408483026365,21.802060143856494,18.30250619080076,30.973577889155216,-44.54272674624895,75.51630463540417,416.3321454638983,-12.494655236589445,40.43329185712205,44.57162193893415,42.784495705641355,61.46033346848639,-73.81809072483642,135.27842419332282,439.0607924513125,S1,2,5430,5685
8.986733124713348,11.970842791530618,15.323620706176513,12.411767774654079,31.97745045844158,-22.385729000569672,54.36317945901125,283.4569743817193,38.6321899825004,70.12059790019481,111.77533114454104,104.88697988610313,387.2294023275475,-52.381920962965715,439.6113232905132,1047.664124970336,S1,3,5694,5949
20.49322041033227,20.49322041033227,22.90453865740747,10.229653382310376,43.88468379683859,0.436381521675146,43.44830227516344,264.09544608509447,-33.94799305070021,34.19671463365674,36.49232672856866,13.387444785851276,7.314880899523746,-56.852494674137844,64.16737557366159,401.91999905532964,S1,3,5822,6077
-96.07005466796467,122.2209906788641,127.79570725949006,84.27506980149917,75.51917253779368,-161.26614064777837,236.78531318557205,471.30295932328124,17.141129618654734,33.928055521348114,35.01229055442149,30.529365621704457,50.05771908381134,-52.18465329480593,102.24237237861728,432.2382984438808,S1,1,6204,6459
21.979493272628446,65.3379424841026,75.08648009691368,71.79750252496736,73.5272324512668,-163.33880149702634,236.86603394829314,550.5685848848818,-15.91284737243765,24.61830761387342,27.717930477444735,22.695042596434224,38.09471156434493,-47.81247267227672,85.90718423662165,397.80454491792494,S1,2,6468,6723
52.817402928297966,52.817402928297966,53.61391250171189,9.207255924054662,72.69060382945977,36.72111095902831,35.969492870431466,294.52646021387375,21.286896690356457,56.81227768532411,102.15079364799041,99.9082212443421,376.4597259313703,-41.85181475250515,418.3115406838755,1015.1096634731123,S1,3,6734,6989
48.94510139538679,48.94510139538679,50.12317651560049,10.803234395742367,72.69060382945977,26.324340304666205,46.36626352479357,320.2821173243972,-27.463074467175332,27.463074467175332,28.365033830852646,7.096103510786598,-13.071237106912513,-41.85181475250515,28.780577645592636,287.19669436992126,S1,3,6862,7117
-47.75791021116976,58.99210564825333,61.27095661676283,38.38374834477581,50.27058889376569,-86.91430805269887,137.18489694646456,374.46375688491946,23.958876486887586,28.999749410585654,31.255395299175643,20.071670901890457,72.32368549476158,-22.436713080655892,94.76039857541747,386.66321874164385,S1,1,7244,7499
2.0927994359727187,24.898981679489975,32.856802918605894,32.79008521722536,38.78529746903829,-82.87645487487936,121.66175234391764,412.5376138687177,-71.05635332735632,75.63238788978336,81.71880508396553,40.36034881129065,23.683559810288315,-112.7909033406465,136.4744631509348,337.38586800903255,S1,2,7508,7763
31.016564482507086,31.039441316985503,37.32591040420543,20.76526703910284,84.32977180067367,-1.4281136438913948,85.75788544456506,423.149793134952,75.35180711478161,127.99392801008553,191.60579715790584,176.16721224181674,414.38600693388264,-105.00989938240245,519.395906316285,1152.3314478277796,S1,3,7772,8027
17.474297000368917,17.868156611370672,20.98772019518525,11.62468680585781,39.01394258790361,-5.817630151971598,44.831572739875206,396.2487295428885,-18.213219740722597,19.940383640059213,22.289652105727868,12.849405343070611,46.90184969883379,-42.874573351255115,89.77642305008891,396.08631784094405,S1,3,7900,8155
-95.45592484950731,100.7260812681383,107.36398910108437,49.144608725911915,29.305450759629583,-146.4907331394184,175.796183899048,448.0571746920499,-9.550889498316566,12.200533417930245,14.892830570709645,11.427025518428236,20.85057402037946,-33.25805031723617,54.10862433761563,320.1559908368312,S1,1,8282,8537
33.54875062894731,33.54875062894731,34.3179716898738,7.225269001475763,47.745396246767704,16.273375410011532,31.472020836756172,291.23930236915055,57.23955836794191,71.06216610822537,137.65054920593067,125.18508958553053,427.6470887243873,-30.488458523612987,458.13554724800025,1090.2719416349023,S1,3,8790,9045
34.57210121609089,34.57210121609089,35.22024118065406,6.725712328653821,48.77584727690049,21.039842512804725,27.736004764095767,267.12276989282293,-2.2430003743647298,9.803652951043759,12.328641295674899,12.122885197758006,31.646666039326362,-24.73354277617622,56.380208815502584,425.2500408499376,S1,3,8918,9173
26.366215683922906,26.366215683922906,28.0991670699756,9.715238573254847,48.77584727690049,7.817077732497892,40.9587695444026,293.4530911383967,-13.546410466487373,15.756202857634658,21.703518499231755,16.95693010895357,11.928171305540419,-48.57295322376368,60.5011245293041,384.914707287159,S1,3,9046,9301
49.99342966954886,49.99342966954886,51.631390918559575,12.901841653848813,77.10598786007488,23.38268680070639,53.72330105936848,303.25994238718425,-19.864565221392798,19.864565221392798,22.39834583469945,10.348185575057592,-0.5419276908273869,-46.74130657145586,46.19937888062847,311.43715996528,S1,2,9565,9820
14.76258255923301,15.338448781687854,20.017395914273468,13.518960587656192,44.0400899235674,-7.032044995264752,51.072134918832155,298.2327458997694,29.789881820857303,54.146490998840136,107.42693791095279,103.21390376312225,378.7404329131233,-39.54046087296871,418.280893786092,1038.598413872492,S1,3,9832,10087
22.546144741143532,22.719604507242202,26.974874354408787,14.809294505395806,49.678196914071655,-2.591915425734224,52.27011233980588,288.5464788186904,-0.5946830324707566,14.744400533017076,17.25444357939319,17.244192510098994,44.268803256657904,-24.356396090739086,68.62519934739699,336.12953002400656,S1,3,9960,10215
40.55755152735284,40.55755152735284,41.78321129450483,10.04598229081432,59.54672450105954,20.87093848281265,38.675786018246896,311.4937551825537,13.313288567674824,17.69129425660955,20.00380343454874,14.930120540768675,44.268803256657904,-21.178548822412168,65.44735207907007,325.87839367016653,S1,3,10088,10343
-30.035335563841855,50.56836461296085,89.09521101807977,83.87988581253302,33.75300465337821,-209.51540937767487,243.26841403105308,509.3457985002479,-20.22594531325589,22.29895560017855,25.838142295120992,16.07857995744967,15.995922379932454,-48.386712857040074,64.38263523697253,347.0796358494493,S1,2,10608,10863
22.52110620810347,22.52110620810347,23.91455767468766,8.043994277676113,44.262275177508165,7.303111334854209,36.95916384265396,330.1393230452003,70.00505316556158,87.28464228871124,158.10593813436117,141.76311299006287,424.61798705597306,-42.94113087065579,467.55911792662886,1068.918406670459,S1,3,10872,11127
15.209437262710148,18.11010576130014,20.16938464105031,13.246776775892322,38.44303333281484,-16.00046533254144,54.44349866535629,306.7980927557039,-9.754971394207304,17.088362854425434,20.686734818307418,18.24230058246957,51.73803844945371,-38.949929764422826,90.68796821387653,331.7720397287816,S1,3,11000,11255
2.534859933257165,9.401301739907867,12.574127423462771,12.315971970585432,33.2809612045375,-16.00046533254144,49.28142653707894,317.8307026587942,-20.97994150857889,20.97994150857889,22.76296071543779,8.831445794951849,-0.7151316265676815,-38.949929764422826,38.234798137855144,287.261132159667,S1,3,11128,11383
9.476318217730189,38.00317370152759,55.92252855750659,55.11377861570966,134.9258393720028,-36.614623968587786,171.54046334059058,451.3098782332202,-27.80109266405975,27.80109266405975,29.12095941573733,8.667728882318816,-8.31308010373409,-49.685410795217166,41.37233069148308,295.6749104234409,S1,2,11646,11901
-59.16538908970398,59.16538908970398,60.91359347007026,14.488706060270644,-34.06739966425175,-93.32864813977189,59.261248475520134,299.4320383194788,58.362714681103625,97.72044796160804,164.1677919855702,153.44333631823034,426.89782748617944,-62.11943786410325,489.0172653502827,1078.6219213044028,S1,3,11910,12165
-46.30193715827415,46.30193715827415,48.60531779251782,14.785382413143093,-12.695429885600014,-73.80120908416922,61.1057791985692,245.98183977204556,-26.2218537871086,26.293407463694628,27.738164699749124,9.045449954419453,5.545263942096526,-42.28288295495734,47.82814689705386,300.4171266625882,S1,3,12038,12293
43.401173511890704,67.23394548083532,73.97731120124958,59.90810220961172,105.6882032528404,-71.35452474835812,177.0427280011985,513.0863864017276,-4.499571687838628,19.018593530088346,22.012363643572616,21.54757545068304,34.49790155439404,-49.13402252266777,83.63192407706181,387.8542388904915,S1,1,12420,12675
-40.23246177320284,40.23246177320284,41.829012422476985,11.44619150230791,-6.201563293330951,-65.74252338490913,59.540960091578185,308.35842650965384,-32.63978590521029,32.63978590521029,34.97972657782826,12.578777664052293,-9.481647233497371,-57.33462016666217,47.8529729331648,400.21367051853304,S1,2,12685,12940
1.013018554400528,20.90777189678544,29.061399061458964,29.0437378589225,71.05574109499713,-45.99683937787621,117.05258047287334,378.1007271997805,87.41211204357835,110.95531982751727,185.67642119265946,163.81347946672398,432.14953045330356,-44.961041885605646,477.1105723389092,1125.762521870929,S1,3,12949,13204
-11.545049986434215,18.08168845379471,20.95263762578708,17.484989113187453,28.029204438429296,-45.99683937787621,74.0260438163055,292.41925851056214,-27.4409193007527,28.449620004669274,31.679244531289864,15.829418245874889,38.57526113118688,-56.81312632577463,95.38838745696151,374.3965723657653,S1,3,13077,13332
49.80119220733652,49.80119220733652,54.46545955075044,22.05283516472103,97.42937686716205,2.950482160593327,94.47889470656872,374.7018717627985,33.58081525364867,51.46100349968674,58.91038864138718,48.40209434290624,166.2867271808295,-58.87090576415921,225.1576329449887,521.279946269173,S1,1,13458,13713
-16.660603784214416,35.438882574571274,37.22501715877356,33.28852931591312,47.10643577899162,-56.44803658969662,103.55447236868824,346.4488992840029,-46.45245039890793,65.24661584893603,68.09544276070503,49.79115560733104,47.07928338982812,-108.41530999818556,155.4945933880137,430.0744701920702,S1,2,13722,13977
-31.584585540389142,31.584585540389142,32.883029215379,9.149183931985947,-15.433673046978395,-48.715724590628916,33.282051543650525,246.10693385937753,2.161036092404121,58.60609750657315,89.81990606835232,89.79390541197638,327.96592083305995,-54.39593887030922,382.3618597033692,896.8711192030676,S1,3,13987,14242
-31.571809912054952,31.571809912054952,32.65311510162551,8.333471348548144,-15.433673046978395,-48.715724590628916,33.282051543650525,248.298519631082,-41.96420836888457,41.96420836888457,42.376210396519944,5.894779346418604,-28.656399360485786,-55.882954395897976,27.22655503541219,288.2700359641191,S1,3,14115,14370
85.425242524644,96.68301212301172,102.37727095873066,56.42369669352684,132.03328145063645,-41.35785206849158,173.39113351912803,427.2498523449352,61.572262484771144,70.89266472919024,75.83968684737475,44.27769860340881,152.454836759614,-40.37117114926784,192.82600790888185,478.6662103236986,S1,1,14497,14752
-20.015982240150386,55.89917456774705,61.04612531921866,57.67139560867011,112.9940519738216,-71.75448691856867,184.7485388923903,405.6423031982665,-30.308630925043865,49.877946197996124,50.98693102007431,41.000658851965916,74.13542447172034,-67.26757421765039,141.40299868937075,370.23706401658535,S1,2,14761,15016
-58.15446320492453,58.15446320492453,59.78311408479779,13.859261849861474,-27.348594477051982,-86.11275353609662,58.76415905904464,285.21434253552513,61.47959106958476,91.50569281021431,157.10485337589247,144.5759137483741,423.9420848831424,-45.76958305785332,469.7116679409957,1061.077964446739,S1,3,15025,15280
-47.32111208400886,47.32111208400886,50.70870978349931,18.22321593571862,-22.107424942320886,-86.11275353609662,64.00532859377573,275.64089331993614,-21.61864222657195,22.875273610697647,24.40931807349687,11.333539477701619,12.373280293054226,-37.59817623385638,49.9714565269106,291.92075218002725,S1,3,15153,15408
81.82927172921697,85.68153720950937,92.03942299864356,42.13342704064325,118.33949535521589,-28.18368454370914,146.52317989892504,364.13592469005084,-18.149329393440727,21.968408185156875,24.825600259175495,16.938484902634084,32.41693338652742,-54.131680084041506,86.54861347056892,327.6384760510863,S1,1,15535,15790
-0.4940222752089798,10.211360162347473,12.31043178001863,12.300515135639237,29.60511963450827,-22.20827805254517,51.81339768705344,308.69715478846615,73.4464519359777,99.68485300103515,172.9242710556669,156.5516599022504,438.1953191762745,-45.4122623667153,483.6075815429898,1136.624940912945,S1,3,16042,16297
12.171330530696014,13.639099417400196,16.672095192179256,11.393747022364224,38.00291887013084,-11.979617902582737,49.98253677271358,284.50731896476736,-8.190002874969101,15.22162103534736,17.917094831989786,15.935687626409878,42.81626416456168,-40.76285317858142,83.57911734314311,356.2241572502046,S1,3,16170,16425
28.5997320427266,28.5997320427266,31.17974928519822,12.419021401545946,55.25172684997649,2.022927915180016,53.22879893479648,310.16804192923826,-2.547263664708291,9.708300031511168,11.788183413842429,11.509679231883338,17.79517617077177,-26.852541638199853,44.64771780897162,328.3776928267256,S1,3,16298,16553
6.466770624952752,15.811899794134888,22.26697042248934,21.307248754362057,42.178116343643985,-118.11897318769813,160.29708953134212,433.1144560131921,3.5869714595446514,21.597827850989383,30.74414788859124,30.53418191378281,98.16639842213233,-38.21204367284736,136.37844209497968,456.7049680113841,S1,2,16817,17072
34.38405282459858,34.38405282459858,36.454566248927804,12.11083447796561,64.55613537156857,11.985387910120085,52.57074746144849,318.7716602354885,106.30254496955291,116.73871036315626,192.83842592047927,160.89259599025792,459.4495809653085,-33.80606418270349,493.255645148012,1137.79051584897,S1,3,17096,17351
26.542153830364295,26.542153830364295,27.540758928393473,7.348977642989707,44.81897731444938,8.3687204438181,36.45025687063128,284.7669667039897,14.645919171495212,22.341434365877475,32.5581112813574,29.077958350463344,154.49748001276316,-22.294497588315544,176.7919776010787,469.3086268817972,S1,3,17224,17479
13.70988149558907,15.8247465364274,18.598613599904446,12.56771965057524,31.091547255211694,-16.57018058201338,47.66172783722507,379.07610901718255,-3.2121525513923044,8.80169354250819,10.143162218988655,9.621113022270489,25.163335944070457,-22.294497588315544,47.457833532386005,347.2517190857774,S1,3,17352,17607
-29.322799796028008,31.27184310814235,34.18263150204538,17.567746256326828,14.308938708293821,-60.37170721268765,74.68064592098148,331.5322008861052,-31.594076522588203,31.594076522588203,34.42638912943316,13.674450525560236,-2.575763746789712,-54.25000159537546,51.67423784858575,244.98249292883995,S1,1,17627,17882
33.067023711848535,33.067023711848535,34.31227901221914,9.159936345434966,51.42911219668594,15.966032110460302,35.46308008622564,287.3725903293879,54.04019244743381,74.38610801724026,138.6142392726247,127.64624917862947,395.18543023570004,-37.69391413079373,432.8793443664938,1028.8681151577703,S1,3,18134,18389
20.972823824989337,21.657268704877684,24.018763582954936,11.706479610021185,42.64510917109908,-8.111316488349127,50.756425659448205,291.5254579700887,-16.403067658379364,16.403067658379364,17.66665657517629,6.561259478167928,-2.9134664406332442,-35.71327465382846,32.79980821319521,335.0854502854562,S1,3,18262,18517
24.643977876352903,25.32842275624125,28.437619666932058,14.190580211919098,45.37326580724151,-8.111316488349127,53.484582295590634,331.9779330920569,-17.707485862892852,17.707485862892852,20.214112848039626,9.749630898076637,-2.9134664406332442,-41.72521822630721,38.81175178567397,317.0975082043054,S1,3,18390,18645
13.936103493775992,15.697809166380827,18.629345900870362,12.362748404179383,40.15318483061364,-9.201188593348054,49.35437342396169,306.2251271803883,7.871835124787584,8.960500051483153,10.89064117916762,7.525973495936719,25.922078023893985,-16.293514841741565,42.21559286563555,285.95001355880174,S1,2,18908,19163
22.708858456514104,22.708858456514104,24.87874346116034,10.161674262061156,51.29055673537644,7.398849411675854,43.89170732370059,303.3034990670801,48.94723491977629,53.61835510433632,110.1183965253688,98.64192540206516,400.834730979156,-20.22792298857102,421.06265396772704,970.8741687944147,S1,3,19172,19427
32.81570190150605,32.81570190150605,33.91220602938672,8.553796028142388,51.29055673537644,14.590688739726128,36.699867995650315,280.61222209493883,-0.5118961336413257,10.197099183564454,13.878644488234634,13.86920095676635,35.32726782026932,-31.709482898362037,67.03675071863135,316.32527465944287,S1,3,19300,19555
-133.97989239074684,145.89373960090293,159.40587047332076,86.3690915566501,47.74247522059425,-206.63816644592393,254.3806416665182,500.1669682245521,-6.4383395057763675,13.860395140686359,19.703609568223566,18.622030351853436,15.916870380364827,-48.073901432059955,63.99077181242478,340.8614396504934,S1,1,19682,19937
15.492088198806691,87.65179870395212,98.21009407552674,96.98050206904585,82.59909140079368,-182.47129245617154,265.07038385696524,514.3908577624252,-33.74963496491536,35.25236347376715,40.16872217749935,21.782754213094595,11.814354802406134,-63.16610303102137,74.98045783342751,339.89640555369675,S1,2,19946,20201
82.44707468286578,82.44707468286578,83.68575565416421,14.345228323258965,123.12629385732463,59.273398480720864,63.85289537660376,328.5699738310449,92.4335797016123,141.29619970966584,205.25423372832236,183.2630181104373,423.27249765230613,-63.286845146258315,486.55934279856444,1101.6477486525519,S1,3,20211,20466
77.95073772200108,77.95073772200108,78.45733094893966,8.901419450134954,100.06946419194546,60.36241505330839,39.70704913863707,263.5512422900639,-39.44606715990179,52.805988139249564,57.590770571968996,41.9607511931053,176.1064000220935,-78.11211057063551,254.21851059272902,464.2086377598977,S1,3,20339,20594
-115.88828911666694,141.12511270294036,146.18056029762803,89.09916191828225,89.62247086615952,-179.35954559123493,268.9820164573945,484.9390634862308,-22.934971562850468,26.134291792855816,27.87267629933345,15.83897608744533,22.49671312198111,-53.31484439873134,75.81155752071246,353.4468315461687,S1,1,20721,20976
15.256687464150392,87.33117081112735,96.15658714309863,94.93852083653694,86.27100262843045,-170.357833931617,256.62883656004743,484.90220902265094,-35.997710754946326,35.997710754946326,38.475767401134526,13.584899613520447,-5.202436510618088,-52.969948262913526,47.76751175229544,267.6000945911673,S1,2,20985,21240
32.53441848581233,34.098960307477775,42.688444993996974,27.63720227873179,77.47822042856762,-7.788290023569799,85.26651045213742,297.45395637800056,99.89457283184817,104.1009736452975,186.38958494304714,157.359943104921,468.2589006871655,-21.280333876155307,489.5392345633208,1109.2013041414575,S1,3,21249,21504
10.024576863322398,11.724367409259635,14.508675464232377,10.488542436285408,36.926327723911974,-7.788290023569799,44.714617747481775,250.07768006736376,15.952927362923573,16.62948068264069,22.363596976423025,15.672733593000341,80.9295577261092,-6.293119627400195,87.2226773535094,352.6433732658853,S1,3,21377,21632
-77.79636039999805,81.67055237974427,94.91421142027146,54.37309847751555,23.89369327733769,-140.0891858494051,163.9828791267428,402.57841673874,-84.21525668039266,84.21525668039266,92.31344107060016,37.809548325135424,-12.191486771880344,-129.40709786871582,117.21561109683547,308.80215138499227,S1,1,21759,22014
61.2824977293421,61.2824977293421,63.9613354085825,18.31687471438208,89.98896029482472,30.249731049668227,59.739229245156494,326.1113873864807,85.80231730528442,97.35558271863445,170.93516863090804,147.84043499638474,439.9104677279246,-30.788165074473877,470.69863280239844,1052.7484826843915,S1,3,22267,22522
56.61926131684558,56.61926131684558,59.15056904455468,17.11867594848922,89.98896029482472,25.690288382744168,64.29867191208055,309.4862815224245,18.710099667560183,19.7680030640847,39.27039224094577,34.526741479434435,209.0667617202694,-10.449050471068546,219.51581219133794,445.91603981700644,S1,3,22395,22650
42.163782166098045,42.163782166098045,42.88072268027176,7.808447414960594,58.19317390375023,24.37309669998743,33.8200772037628,265.6762238759212,1.8250726283566123,7.0228042057052225,8.511865615406643,8.313901981378264,18.576451959960973,-19.99211301771338,38.568564977674356,288.5095910104165,S1,3,22523,22778
-63.4352088816701,75.82996323046157,78.84624156314183,46.82631827052173,51.11115722993872,-101.79738342870874,152.90854065864747,376.89753281438266,-43.38862958825988,46.12398528213603,49.912852774105794,24.672245428868838,21.459312620463805,-75.69184113852751,97.15115375899131,301.9905252194296,S1,1,22798,23053
16.808513446260925,17.430640424854666,19.248617388402554,9.37993321362038,31.444043369291453,-10.509888422590967,41.95393179188242,275.1609050888768,34.32181166757073,42.850751250161714,90.93736447557646,84.21174206498546,331.3396187694753,-36.41881186230071,367.758430631776,816.8904132846885,S1,3,23306,23561
18.068499227702045,18.076474587518355,19.731741003973035,7.929119667806846,31.444043369291453,-0.5659095872144395,32.00995295650589,283.2667925135935,-10.691085176202087,28.112499880118257,36.933642996043694,35.35243531518584,160.15543859585208,-45.986646784450656,206.14208538030272,369.1508117521393,S1,3,23434,23689
1.9025697681644829,11.638062149652313,13.323503034629766,13.186961795313398,25.78794706732447,-24.425652263993793,50.213599331318264,333.0113753259679,-22.742569459965498,22.74909995375486,25.790235341674794,12.16189842654576,0.6157615176357693,-45.986646784450656,46.602408302086424,318.73207395278723,S1,3,23562,23817
-11.549637929212093,13.775974402238733,16.479579541300257,11.755101256992532,14.193304319907714,-33.75227367467519,47.945577994582905,254.29322300154718,-33.364974189559035,33.541125171036526,36.58447739837702,15.006747943589184,4.979004583337099,-63.180052546522745,68.15905712985985,326.093095508225,S1,2,24080,24335
6.310426774750149,9.781263024403273,11.613832772473462,9.749852593116218,32.73909393554229,-16.438801128239252,49.17789506378155,298.686931869308,74.79941800129521,100.2194172491898,165.91347315980124,148.0956705735033,402.5495670132085,-41.677715337336004,444.2272823505445,994.6789826341364,S1,3,24344,24599
21.84480220995143,21.84480220995143,25.958694906897144,14.023496628069227,49.45171144223398,1.1882441754380901,48.263467266795885,284.3657430342048,-17.82098129677233,21.243346219135812,23.715234912186855,15.64688443621596,40.693511818028135,-41.677715337336004,82.37122715536414,321.2032847561482,S1,3,24472,24727
7.484730014212368,12.502913784928863,15.11207698466296,13.128354329645756,35.93672284257456,-18.531820118011034,54.468542960585594,296.94627761465085,-61.4969998723942,62.86601909483183,69.82892995198924,33.07867084594798,14.799993620878249,-103.8321841420813,118.63217776295956,376.1259067102153,S1,1,24854,25109
-34.05903941248407,34.650684947754485,39.81961190903324,20.62967103191127,9.28445807264594,-59.682700091745005,68.96715816439095,289.8405126815776,-24.063072650417144,27.143478167840605,38.36998740927356,29.886861133423803,46.11568045219761,-92.96667375483767,139.08235420703528,504.301058798475,S1,2,25118,25373
-20.137118836263127,23.978423678852945,27.10677527480118,18.145900660281075,20.779116563348694,-52.5924729770458,73.3715895403945,313.145232243259,125.81410404669354,139.19654458833224,216.03186132890093,175.61485225389467,432.4431110162676,-30.73404847945226,463.1771594957199,1003.0569092351916,S1,3,25382,25637
-21.86957667667002,21.898410344920237,25.127869274868182,12.374628490508911,0.9963383991545308,-52.5924729770458,53.58881137620033,296.28943684700397,-11.882271599649764,31.642130525824275,42.71717677857144,41.03131503576116,184.39520089444719,-47.0375966440211,231.4327975384683,402.76221595613185,S1,3,25510,25765
31.888855125320656,32.9526624543065,36.62402315347736,18.011662631271896,57.355477542204646,-14.611862827056449,71.9673403692611,337.85834183841547,-18.376813965704443,21.68615135474792,32.30729024305552,26.571671218026932,15.129656420173466,-80.04820744620791,95.17786386638137,349.706313378875,S1,1,25892,26147
21.835244860007112,26.354448868514783,33.78941248696673,25.786556150791366,61.15508967500266,-15.615945891563463,76.77103556656613,313.32374721857445,-53.38650327691467,53.38650327691467,55.44083501867013,14.95217226463699,-8.432835735980566,-74.42855642395112,65.99572068797056,293.93194196530703,S1,2,26157,26412
6.327190653744977,13.059770362832598,16.378917366273864,15.107468104298277,44.55117646938228,-17.983996024346,62.535172493728275,271.23938132866164,62.93850871700777,83.22046028720358,149.19117073328576,135.26547802468875,411.30711758198225,-63.08247501456686,474.3895925965491,1097.0440682217748,S1,3,26421,26676
0.44436109269487645,9.951596483221524,12.37648822555272,12.368508560717583,27.14586199885211,-22.0482162664638,49.19407826531591,270.1970450510554,-11.887668724231489,12.876812827516584,14.44449223102276,8.205284158090164,11.824783268986183,-30.293781264960042,42.11856453394623,354.9524827852615,S1,3,26549,26804
-64.17863030127032,67.83036171756251,78.94588921249078,45.97343620183003,14.936790743965574,-115.83390392268261,130.77069466664818,474.8625024116211,-13.343199034151606,17.291310847340256,19.95166207961194,14.83333608039812,16.35299541619169,-36.07991099978894,52.43290641598063,263.7350919343169,S1,1,26930,27185
8.190977431951211,13.222818276741004,15.665740812877658,13.353775643072888,35.94981577959032,-23.506836623393326,59.45665240298364,307.8851898865446,-12.241421006045146,12.74517145259692,17.081274354094234,11.912915063601941,4.627853868792032,-47.719852880334486,52.347706749126516,258.66491007338897,S1,2,27194,27449
9.326730684242186,11.468221420071352,14.82366296298083,11.521852211500757,39.09739544557984,-11.562528989315602,50.659924434895444,283.0538505003658,71.14157183837281,97.49899748322456,161.96106104865066,145.50004141707447,417.07554910732836,-51.98874171711144,469.0642908244398,1037.201324980563,S1,3,27458,27713
10.858380688009639,12.638363762859775,16.371120115953808,12.251903635159994,34.5883675449264,-9.653008929603185,44.24137647452959,306.6520382849794,-20.63854046886488,23.982988754680882,29.07508261516107,20.47952822682857,28.0003857271595,-52.00148108962734,80.00186681678684,310.6323567146668,S1,3,27586,27841
10.246694507554173,11.841776525518743,15.717690866967239,11.918517435419744,34.5883675449264,-9.653008929603185,44.24137647452959,251.35248837278698,-25.886201774992177,26.185085542133724,30.118973528633664,15.396659510521344,5.0889874822640095,-52.00148108962734,57.09046857189135,298.220711842485,S1,3,27714,27969
4.233269569369009,9.936340571742134,13.531707450989863,12.852491404090838,38.96128856284424,-16.63125049228397,55.59253905512821,289.6942985744505,-22.368905765004786,23.557881437242756,25.6342056469253,12.51976653237562,12.90055154386372,-39.96714885751949,52.86770040138321,303.3671996133819,S1,1,27972,28227
-2.072728805794298,9.146326024440958,12.162397601537686,11.984477907506866,21.12356792312997,-37.39521865904477,58.51878658217474,331.2912275231973,-42.827085849362355,42.92791993845191,46.36413764365432,17.761587121962677,4.264276880536151,-70.48951206170025,74.75378894223641,282.93663712267596,S1,2,28236,28491
-2.4941835933209227,17.920124652583752,21.545284716604623,21.400428540624265,32.9652546859648,-40.783920791626684,73.74917547759148,347.5334990900383,87.12221432643668,109.80511864279431,183.0701312900353,161.01053611925272,431.44260547165413,-54.04626955532822,485.4888750269823,1060.88712707261,S1,3,28500,28755
6.643484936880424,10.782343918421475,14.084517459615121,12.41924876808763,32.9652546859648,-14.148649005845524,47.11390369181032,237.05589682216586,-10.773874458889564,19.845726238362914,24.977360468218258,22.534244276287573,107.93067133698075,-36.174457345959524,144.1051286829403,369.0423637584139,S1,3,28628,28883
16.44069785779901,23.927591444434203,25.403189742373396,19.365575205389273,40.95566968294261,-37.29906876337392,78.25473844631654,340.31999511365,-18.307570045874733,18.388403624863553,22.266062955260846,12.673217371410837,1.8514847369537772,-50.87837199868767,52.72985673564145,298.21562512745606,S1,1,29011,29266
0.2797930579599779,21.10791092476235,27.163172084584904,27.161731048324036,82.3818337934938,-29.77553963316503,112.15737342665884,412.4028483570658,99.51168259848171,132.05872722401645,199.53331221931933,172.94787570719507,417.90306837346014,-65.25924439461807,483.1623127680782,1032.7154186288722,S1,3,29519,29774
-1.7181373900455696,13.851515913060425,15.794180290299044,15.700450151234461,25.052670480648022,-29.77553963316503,54.82821011381306,294.4146136846537,7.8258782750943405,33.5645865519582,63.94995144325633,63.46929902573565,285.1994750173053,-39.68307016230529,324.8825451796106,516.8974719279865,S1,3,29647,29902
27.847035156693995,29.554938165825163,35.47564060801059,21.978710370050816,64.78004016760897,-9.502584551805569,74.28262471941454,289.09945436459776,-5.340812430959135,11.074529719808893,13.66780782305516,12.581124483339325,20.935575773134943,-28.22016758855153,49.155743361686476,336.2578413381917,S1,3,29775,30030
-70.11721611522162,88.26237286415888,90.23763648896694,56.80147043313442,64.76294782108808,-110.30579882917209,175.06874665026015,444.6082912700017,-43.974982484481465,45.32214091192765,49.43193055562249,22.57690576552583,11.998785721429506,-65.04350812062235,77.04229384205186,284.89485648045024,S1,1,30049,30304
56.20854313954415,56.20854313954415,57.20587808268275,10.635420318011262,76.41879585454208,31.13802366381083,45.280772190731255,289.1182980951921,40.87180157280329,56.25732773986438,114.9940597518323,107.4854855987606,394.07167628847054,-41.58286686952272,435.65454315799326,969.72863545071,S1,3,30556,30811
60.102302463417885,60.102302463417885,60.53018881427201,7.1844969543630794,76.41879585454208,47.790319040298314,28.62847681424377,246.60028320009263,-3.6084804101079957,6.827949357358042,8.488368554919084,7.683180972358124,8.921110532888836,-21.98340671729619,30.904517250185027,243.74063663445835,S1,3,30684,30939
45.32077930268942,45.32077930268942,47.48998132096544,14.188914308803367,70.58464559247649,16.603592931995674,53.98105266048081,254.41354336887065,-11.983360487861193,13.390456601851703,15.677555822048822,10.108651145005654,8.491420772482474,-35.67260332146453,44.164024093947006,321.5913031820552,S1,3,30812,31067
-10.97661336122529,69.59296972522046,86.78332054495924,86.0863443522102,51.847865105302425,-172.163841750004,224.01170685530641,426.6393342646534,-36.40193000079387,49.43842146670334,52.9806590310916,38.49480125401469,36.643131253778456,-78.89616231474015,115.53929356851862,319.17167052122545,S1,2,31330,31585
64.05475748553549,64.05475748553549,73.8216664874405,36.696409721553565,161.50343771055338,17.150422553935762,144.35301515661763,396.9569911413722,98.87910162015304,142.21793558073182,208.7484779244919,183.84463630626684,432.04003952884835,-67.24626720386757,499.28630673271596,1092.6991692441422,S1,3,31595,31850
54.02592479036115,54.02592479036115,55.17305671013853,11.192213243429698,88.83365565938915,31.458726720327594,57.37492893906156,273.08236113657154,-22.566245646167538,54.77558813927798,68.06237951173303,64.21255377444507,263.43879074370744,-65.56901810990753,329.00780885361496,515.0038386984672,S1,3,31723,31978
-104.46905153519609,119.20210288320095,130.49620375392024,78.20151191326939,52.603809989747916,-172.80417824333188,225.40798823307978,592.3568164631163,-91.4761381205121,91.73223795943827,98.76386264208301,37.234617206857834,8.29843511947339,-131.92757658715237,140.22601170662577,365.8277300756653,S1,1,32105,32360
36.4734025300342,37.47243664762604,41.20003737646564,19.160740792157807,64.30127453362158,-10.611605207923088,74.91287974154467,358.87226960427734,14.28754634035182,23.108285184539948,61.83049857710462,60.157099114448954,395.6059148163461,-37.57128842124873,433.1772032375948,670.4486376912419,S1,2,32370,32625
12.406847432219706,13.023075998174455,15.331409729371734,9.006789721287909,36.49846450302443,-8.439865265839101,44.93832976886353,262.67669347259175,52.46920004672744,55.3470505211302,124.07929950568597,112.43956426577888,437.906873497374,-17.706067221176617,455.61294071855065,655.6080523694341,S1,3,32635,32890
17.009336978813327,17.625565544768076,22.266938337582054,14.370073015501873,52.74068988876003,-8.439865265839101,61.18055515459913,298.4491798985746,0.5868882067267768,5.700309545909397,7.021481768261351,6.996911351077101,15.411324214416947,-17.706067221176617,33.11739143559356,337.4579183016701,S1,3,32763,33018
-58.599388365132185,78.96203714146839,82.40041398831484,57.930474783813764,58.34631315401913,-108.36818099363597,166.7144941476551,407.8478401166738,28.907940323171097,38.307244502897376,42.177514559820594,30.712761528652162,100.5628748958062,-30.978808076042096,131.5416829718483,388.89458135070447,S1,1,33145,33400
16.11584265680331,55.19750385508999,57.94794560346617,55.66187218485767,58.81410221435402,-101.37628643264269,160.19038864699672,430.96894165913034,-42.49394719848007,50.17122058032901,55.428401126046616,35.588932308833215,25.981053712777758,-85.5896916480437,111.57074536082146,293.88549714981787,S1,2,33409,33664
26.44874295997687,26.584000393294474,32.77042987082971,19.348515957458915,62.58538916946356,-3.194086588099016,65.77947575756258,303.49916210424027,53.38041379260772,113.5979473931524,171.70936093900994,163.2012134066814,423.76091741220085,-72.42939275024241,496.19031016244327,1148.8085914675335,S1,3,33672,33927
0.8601532344448994,10.745598060544923,13.162410845273827,13.134275605188739,23.953110234491113,-28.142871406405938,52.09598164089705,287.0067462851723,-45.63076800290952,45.63076800290952,46.682010446526974,9.85104617765556,-6.881022644843064,-59.666107762958625,52.78508511811556,314.49543035625334,S1,3,33800,34055
-16.79539824250445,16.977981927987283,19.9123007654733,10.69646295044988,6.505959485904002,-35.61231989921898,42.11827938512298,241.856077946304,-31.411140255491624,31.411140255491624,33.726527224419634,12.28083492558029,-2.1322439825360195,-56.30475124637326,54.17250726383724,277.471066584129,S1,1,34183,34438
-4.487409920757701,11.022506054836343,13.464113092646306,12.694309495780187,18.306383299441794,-30.100840215243228,48.40722351468502,318.7299363646891,111.6125824819151,136.57207797118875,215.31470007667116,184.12781294748643,457.5110246997364,-50.89168863129473,508.4027133310311,1134.6844826194297,S1,3,34690,34945
4.87583483236167,11.040710874846313,13.236218749261825,12.30543463132607,27.004475841955454,-18.989624552540725,45.99410039449618,260.9043670910628,15.085820950819414,43.0941343630186,84.46787191208486,83.10980322197973,375.6136222201574,-42.34540457358802,417.95902679374547,643.8623364698226,S1,3,34818,35073
3.627274558126365,9.740817912936205,12.278774511856787,11.730779291802955,27.004475841955454,-14.116066770617323,41.12054261257278,253.02418049717434,-33.816771201109916,33.816771201109916,36.15660932693828,12.795561087839145,-9.54298218628889,-57.558521779279985,48.0155395929911,356.4858410918477,S1,3,34946,35201
-2.34276649107707,35.98531030511575,47.98041313918813,47.92318322248078,115.76075415199672,-44.03972587297971,159.80048002497642,400.70574703908517,-72.94132106086428,73.52094103809344,79.68766556782053,32.08874764687343,10.959135118128303,-106.14267215279665,117.10180727092495,377.50253838621416,S1,2,35467,35722
4.254489827528312,46.29300965686518,55.284613628829995,55.12066600102427,120.81639118366594,-49.50074129513835,170.3171324788043,462.80005143955304,113.4834535572966,162.66779748040761,220.40386140122595,188.94276352715846,407.12704583425966,-97.12987075528096,504.25691658954065,1094.3829377544873,S1,3,35731,35986
-18.141123050602445,41.98332357367234,46.864261776886885,43.210631635692174,112.4881522969531,-57.64967243834445,170.13782473529756,370.1408842870195,55.753344058007514,87.09405532451277,152.2010932864762,141.62181125782874,407.12704583425966,-43.13020900862207,450.2572548428817,688.3666148950026,S1,3,35859,36114
-70.09910802539605,70.09910802539605,73.62488742093508,22.510866304725354,-28.338555651150564,-119.1120423599723,90.77348670882174,297.1376763544011,-47.49920359745971,47.49920359745971,51.99151713381705,21.141038562073103,-6.089512274697626,-84.31478497608474,78.22527270138711,298.7930772245661,S1,1,36242,36497
35.821890596493056,51.93445345713185,54.0212719801809,40.4362458748282,75.74464549541355,-57.672455334329356,133.4171008297429,347.1406654963006,-49.61395316845085,49.62494818461602,52.476081410141624,17.093705600675875,1.407362069142183,-74.69776467249643,76.10512674163861,313.05087737017743,S1,2,36506,36761
47.23138661434428,47.23138661434428,53.581118752654454,25.300838034982124,114.0421291738252,3.8166654403418696,110.22546373348334,436.06116907116996,108.94835842414821,143.1308451773432,216.59137224313736,187.19529301467128,440.7759117967514,-62.833379197893244,503.60929099464465,1101.9716535141717,S1,3,36770,37025
32.82272278159413,32.82272278159413,36.74080190707658,16.509251769164578,102.80284659675478,3.8166654403418696,98.98618115641291,383.4911301856946,0.06074538694356235,52.289747638534735,86.12601969062855,86.12599826851648,347.30204674191975,-52.487485810068996,399.78953255198877,646.8393128646713,S1,3,36898,37153
-70.27523291754547,88.0235585694524,91.48328886145683,58.57118557186194,61.427324178858385,-125.20854324801151,186.63586742686988,365.57006978377717,2.040489186152973,18.049254564218764,23.668357221783932,23.580236162073614,48.41370098888476,-52.881195888439464,101.29489687732422,372.45458035659436,S1,1,37279,37534
-18.58700827455537,62.361503433337845,74.45673578737434,72.09943569482691,60.72828267350899,-127.88580876461812,188.6140914381271,434.8225305842467,-33.2761001024823,39.924912914662755,46.72082943197547,32.79538175995703,24.530357143444817,-85.53461980817707,110.06497695162189,343.8531897326203,S1,2,37543,37798
63.37085122492907,63.37085122492907,70.61205556604739,31.147995221048625,125.22892555761113,18.521240183538243,106.7076853740729,392.6795464255819,111.12822810781279,162.16252570420022,227.35353420208338,198.3435061498002,451.4471057033827,-78.65828394683237,530.1053896502151,1101.4337929305775,S1,3,37809,38064
83.38046208973614,83.38046208973614,85.23461401419694,17.681571419170012,125.22892555761113,50.53937119872485,74.68955435888628,329.5151832421823,48.71996012503587,88.54518588660636,156.76781189948315,149.00507485708883,448.2943049351573,-44.113512179739274,492.4078171148966,697.1107277083756,S1,3,37937,38192
-129.57477141403618,133.9036188367742,147.31359264034242,70.08333032615542,22.82726088612754,-189.90851903828957,212.7357799244171,427.35863242549374,-104.54629526723787,104.54629526723787,113.26385039581561,43.574900486188355,-9.970016382881601,-142.45993806763732,132.48992168475573,374.1559473392424,S1,1,38319,38574
16.35657602909207,37.432818834303106,42.880992978782814,39.638894780896095,66.49631020517246,-93.07723580654185,159.5735460117143,513.3110132827637,152.1815054987569,185.6371418966087,258.54094616552317,209.00767983089943,460.8965580612098,-58.825253593423014,519.7218116546328,1128.0824471574417,S1,3,38828,39083
1.4630182849990483,28.39429845521165,36.83705088752535,36.80798684508419,55.19144068632437,-93.07723580654185,148.26867649286623,637.1468925015104,87.0202572786835,146.1334924892011,218.31820265446478,200.22565378449306,460.8965580612098,-92.35710679733543,553.2536648585452,721.9632249807578,S1,3,38956,39211
-4.900904623083563,12.153051167900918,14.195209646620874,13.322353800547276,32.08586573484237,-32.10301159479032,64.18887732963269,454.6942113945227,-60.70697854366857,60.70697854366857,62.73505688948713,15.822456162863904,-23.156320276843946,-92.35710679733543,69.20078652049149,345.99729498046054,S1,3,39084,39339
123.96637218809555,125.82592335070507,143.7373591830028,72.75140542577947,179.64559465794224,-13.807061994582254,193.4526566525245,461.5217530262339,42.043884247832054,67.6760851680157,70.5006005790142,56.5919294542658,146.41723499250608,-67.11356717494277,213.53080216744885,525.7056961511349,S1,1,39360,39615
-39.58584157470652,39.58584157470652,43.289957051727114,17.52088834399145,-12.837051472340205,-82.15063147746808,69.31358000512787,279.1932681016286,18.321667119537032,56.88515176506241,100.54769332435617,98.86432696786872,375.4818953639024,-41.87348737774194,417.35538274164435,1015.224625923884,S1,3,39868,40123
-23.54899072782985,23.594415521483292,25.306691498438376,9.26680475124607,1.954823759705258,-41.04168220320766,42.99650596291291,281.15594731188196,-20.39000453913122,20.421579499467885,23.504680854286022,11.692636014006766,1.6687138767121663,-41.87348737774194,43.542201254454106,291.565127288613,S1,3,39996,40251
-11.281335523183127,12.66612298528091,16.79869252010697,12.446989161980675,7.707453187817725,-35.44627869218284,43.153731880000564,265.30335684626596,-10.611856436869903,10.792798414911804,13.705467911021772,8.673428020299138,3.953680667841625,-38.8538050968107,42.80748576465233,264.87110740785204,S1,3,40124,40379
40.59097731067015,41.89623184955661,43.55565211791174,15.794536789067635,68.35067983326925,-50.377837520117666,118.72851735338692,365.13248995995593,40.38818309004063,68.32684068707023,126.80340130825498,120.19940619665189,421.178322457909,-41.02083126239045,462.1991537202995,1081.5547483708847,S1,2,40642,40897
-0.13157731435336206,13.880636622347549,18.562858784849887,18.562392455624522,44.385208536211124,-30.450447433780177,74.83565596999131,257.4398458245713,2.2084810809118647,7.759689229785487,9.093495060493577,8.821239353428487,19.624749645046833,-15.992492436735764,35.6172420817826,305.78204777307167,S1,3,40906,41161
-10.485583339470416,14.297628218710685,17.242568616961773,13.68790394989881,17.097190719107132,-31.39503356062472,48.49222427973186,261.52175973851905,3.7803659632677915,7.310964899645874,9.000983907587644,8.168631739062432,19.624749645046833,-19.92658263805139,39.55133228309822,341.83629519586646,S1,3,41034,41289
48.14288185290526,49.29755172252182,55.142184657572315,26.88723592537933,88.65438765598411,-16.011144351737766,104.66553200772188,371.98886758610723,-42.32808239341941,42.32808239341941,47.613724606936685,21.803674273871973,-0.555840249056309,-72.43159627362078,71.87575602456448,273.8254646076937,S1,1,41416,41671
6.9206132836981995,12.801740748535536,15.643628781157972,14.02954857506734,35.70144601455044,-18.392295988681326,54.09374200323177,285.5366956329381,-26.585652530512185,26.585652530512185,27.934690992716657,8.576132017724317,-5.60348170484068,-44.81842704548333,39.21494534064265,330.8527414500884,S1,2,41687,41942
14.033195238814276,17.123565246956186,19.795942466364924,13.962405577870546,34.69705710793998,-13.67689096291663,48.37394807085661,276.5711474934259,43.247627741800024,69.36888434268579,130.38309814768718,123.00160558828537,420.192177304985,-41.20935922912918,461.4015365341142,1048.257713507366,S1,3,41951,42206
5.978986521009354,10.351163575670014,12.169264473465375,10.599184780290178,25.00632299843008,-13.67689096291663,38.68321396134671,304.70089955808885,-1.7823605989806883,13.800597949946138,22.279257635108028,22.207847970182087,123.76846108576949,-24.275732934839002,148.0441940206085,398.7863589918752,S1,3,42079,42334
-91.37578610392066,91.42538810680658,99.20214232407243,38.62034121516876,2.358893923762967,-126.67429906786072,129.03319299162368,389.0136624065499,32.303532992573054,34.269083752805386,38.95730963454931,21.77507130091411,67.45930855922603,-14.155280904420232,81.61458946364627,298.60335893286714,S1,1,42461,42716
28.797926169262148,28.797926169262148,31.72205044816134,13.302929488853922,51.1425635864958,8.591671895290292,42.55089169120551,258.0689487676641,26.301293240469228,66.43189588570448,116.58238023993725,113.57681698431311,399.04260801981377,-51.93632772286622,450.97893574268,1087.658536099999,S1,3,42969,43224
28.744321090974815,28.744321090974815,30.913399852049075,11.375512974438047,52.01129938826043,8.591671895290292,43.41962749297014,230.7933572397638,-31.804299534925775,31.804299534925775,33.276477652718576,9.788283611777857,-7.828007015187721,-51.93632772286622,44.108320707678494,322.549819284823,S1,3,43097,43352
41.78341356048908,41.78341356048908,42.688575767698666,8.744189631274395,63.71753519397113,26.895482041599905,36.822053152371225,227.55051253692665,-39.571810031454405,39.571810031454405,41.83996716623172,13.588771221336886,-10.030350628189241,-80.23970279498812,70.20935216679888,279.59149119195035,S1,3,43225,43480
-5.083125861729929,48.09079770203772,52.674583274094715,52.42874740610681,43.567846012835645,-90.50365126494225,134.0714972777779,380.67477031119375,-68.73904288271505,70.6027791407204,85.87120521732034,51.466570402965516,10.714190302733533,-125.46023503299938,136.1744253357329,354.0096103340618,S1,2,43744,43999
28.79053245402333,30.156865941082106,32.88685266531037,15.894977799407624,64.57450851618349,-13.338229459573155,77.91273797575664,298.62939804705,85.12802206750669,156.54896154328344,211.88295645532222,194.0299128874774,428.161944040077,-121.92905779369755,550.0910018337745,1161.1257117698913,S1,3,44008,44263
-1.2778689487140227,24.574823814915064,27.661422366611784,27.63188987915961,55.63488875365307,-44.86744572871573,100.50233448236881,311.26165158016454,-8.2585975896433,51.66839214005133,76.19094712924611,75.74203582096216,308.2181731623149,-56.09871981786974,364.3168929801846,594.491501043633,S1,3,44136,44391
-30.7920148006485,31.98457487368731,34.11688504733023,14.690598008569586,12.062569259180412,-49.161131793554965,61.22370105273538,290.7965032319605,-36.68397346465516,36.68397346465516,37.48103742471922,7.68857966582114,-17.20441176312616,-54.38004438435398,37.17563262122782,286.9457400675414,S1,3,44264,44519
12.624674098604197,33.50042933567309,44.322051120069546,42.486019105043134,86.78572329952128,-33.54993745536112,120.3356607548824,367.36747649586357,-29.729509519252375,55.95108338975507,57.40265184222181,49.104182126006464,59.444119524100294,-75.0942515114628,134.5383710355631,357.10980844362916,S1,2,44782,45037
5.697987357406718,10.073206792122312,15.305405720736404,14.205223840235107,42.748584147271565,-23.875155776170352,66.62373992344192,301.8771028932374,95.04817252746943,138.47351970334836,207.24162417062078,184.16008168999392,440.3947318347764,-64.03338659674755,504.42811843152396,1087.099914610891,S1,3,45046,45301
-6.206965953910198,9.496192719686421,12.924338893452859,11.336318162429013,17.305945410924366,-37.56428458956421,54.870230000488576,263.9812899806815,-15.962130466443822,39.101102057994154,51.95779861902907,49.44515373934846,224.02261886039645,-48.24881333810502,272.2714321985015,492.860924434969,S1,3,45174,45429
-101.93237983170478,101.99831407017682,116.25732807045807,55.90667466347094,2.7680156432899308,-160.61941410794913,163.38742975123907,359.79293497069335,-109.60569545541873,109.60569545541873,118.69253441005337,45.54678087873731,-23.43992125797008,-157.31332612968916,133.8734048717191,362.3891236170877,S1,1,45556,45811
7.57126968874154,31.07331868631783,40.911363221094994,40.20467032458677,46.51435807702358,-140.59202535182277,187.10638342884636,368.3647121880206,-60.11729421474888,60.240054864333956,65.06588782926495,24.889369122334333,5.280384029611315,-157.49585823020436,162.7762422598157,515.2099741748158,S1,2,45820,46075
35.76613405666302,35.76613405666302,36.79548535572456,8.64241848119788,63.17147000375928,19.657871871060973,43.513598132698306,311.5617305792279,180.9188535407069,204.32739065544135,277.8561469524317,210.88481887695846,484.0002136383203,-70.09265431765887,554.0928679559792,1154.9847427387572,S1,3,46084,46339
26.937697785838886,26.937697785838886,28.756039848503995,10.063312862450449,63.17147000375928,4.48698787035625,58.68448213340303,295.30037601838916,42.696685756915585,77.02375727886303,138.2343785549727,131.47523127895494,469.4432288146743,-46.72785878651872,516.171087601193,680.5828546834387,S1,3,46212,46467
86.90134690327143,88.54129554807494,104.99907396119325,58.93183722832175,143.69726027016205,-10.550496347568998,154.24775661773106,535.2671035319433,4.704076233837499,31.802281138823997,35.55417273153767,35.241607020825,69.87085319151929,-61.11878600309333,130.9896391946126,409.9531008098241,S1,1,46594,46849
-11.561560844088195,12.66381684937165,14.732781504848836,9.131547608048844,12.281194141077627,-31.655851692681022,43.937045833758646,294.3413700163685,-41.86870757279489,41.86870757279489,43.71644426115984,12.575326040420693,-20.012828161315664,-71.08748912993437,51.0746609686187,346.7053498317115,S1,2,46858,47113
-8.37641186051886,10.614004549515299,13.420179580647384,10.485081989177957,11.341278708631226,-28.479208955116235,39.82048766374746,279.8122347453215,38.76651304805138,73.41931406227356,132.31144959634295,126.50485034330053,416.6604864199814,-43.88845105708048,460.5489374770619,1044.546103120701,S1,3,47122,47377
5.571562314599926,8.410706329956636,10.184063513599835,8.524836832665205,24.34922546345128,-13.529960284160632,37.87918574761191,270.0982209656755,-20.609900173006242,27.125277599504734,31.169017632491155,23.382465118829145,89.76970655421816,-55.05970805216845,144.82941460638662,367.41555941392403,S1,3,47250,47505
-138.50351895654927,140.28901681632317,157.04283336734082,74.02179914521922,13.244350602173286,-195.715966907448,208.9603175096213,440.58369093880424,48.76684695415868,51.83081791959652,56.85282037449716,29.223925518049484,91.30291060628328,-14.459425794320033,105.76233640060332,321.1920228636269,S1,1,47632,47887
-8.758966645428966,9.173935716908193,10.673206077790212,6.099002482639334,7.6811919860522675,-24.076492043814532,31.7576840298668,296.6374677883099,-19.595658810671175,33.03093210790721,48.608020811514336,44.48314110973253,29.933890563739176,-107.03890427470539,136.97279483844457,332.69052494976137,S1,2,47896,48151
26.60435707868601,27.164129748086598,31.740531211128065,17.31096490650837,57.20660400531581,-8.609648567849042,65.81625257316486,280.06748809219414,-8.479543709931102,64.62480163617215,91.11065053278777,90.71520257916613,334.3205828593972,-87.30154424806334,421.6221271074605,973.0237102706475,S1,3,48160,48415
39.51870357107417,39.51870357107417,40.35556352670285,8.175792048439048,57.20660400531581,23.035638423715294,34.17096558160051,251.6208515462817,-30.905375417676687,30.905375417676687,32.86785084119782,11.187197558445714,-7.683563814462048,-55.56164959344907,47.87808577898702,275.0621794329694,S1,3,48288,48543
117.51757277267362,122.87844648119798,150.22457164141798,93.57906824961917,219.72156957372377,-23.674610390356513,243.3961799640803,603.9998650203697,2.7261785286150193,6.852258807942615,8.876721589149774,8.447729683257872,22.362285640261852,-17.202179332728523,39.56446497299038,291.60412565478225,S1,1,48670,48925
-50.91405693737903,50.91405693737903,53.338553008004716,15.898428952731605,-24.159297053649244,-79.75707285675695,55.59777580310771,249.59286020977618,36.317216727265475,71.95130892962504,129.2474212511831,124.0401373316944,422.98195278137854,-41.942422393160555,464.9243751745391,1088.6233812982675,S1,3,49178,49433
-31.796239138389737,31.796239138389737,33.890560085662905,11.728991413342415,-9.720358804615454,-52.57954413039418,42.859185325778725,219.26095711289656,-28.475803212899752,28.475803212899752,30.049306458679354,9.596324818795829,-0.8123219597556632,-44.88051710712849,44.068195147372826,317.5977845201782,S1,3,49306,49561
-20.625609351984465,20.738777870076362,22.714510754186716,9.514895567550651,2.8130383858262467,-44.82240000895852,47.635438394784764,241.3893287284363,-40.2862792095019,40.2862792095019,41.479567724980136,9.877765238416501,-18.92448471710754,-62.1039587921589,43.17947407505136,291.333303819912,S1,3,49434,49689
-0.03075900609023119,6.394792945662177,7.810639156204795,7.810578590090742,18.69044969520366,-12.197552477154877,30.88800217235854,240.7220720842451,-38.457388537254744,38.457388537254744,40.70659590175406,13.343770711584057,-13.550318207602785,-67.18345762537311,53.63313941777032,309.241462339159,S1,2,49952,50207
9.115840933287163,11.347089429914757,15.102728366487232,12.041339136113736,35.06870090783208,-11.826336472754086,46.89503738058617,241.79541952466676,28.762024910206822,55.620864313255325,109.70620459157675,105.86877371989125,413.9761094213676,-45.032318280865404,459.008427702233,1053.0304536024018,S1,3,50217,50472
24.512976258487697,24.662494429709653,27.437404966184268,12.325793533448936,52.276684346680355,-4.881493319622702,57.15817766630306,269.3000114752876,-19.935830054196135,19.944246690319115,22.516622249705495,10.467137029108908,0.688690284589976,-45.032318280865404,45.72100856545538,286.1905873401679,S1,3,50345,50600
-61.71233677099187,65.48769824935786,72.5524297729464,38.1502628591469,27.294310644665718,-100.49401362967352,127.78832427433923,327.90334170896256,45.94956562005956,58.31840034815974,62.27279266691171,42.03020492293625,121.1719195290211,-44.93097472977993,166.10289425880103,433.9851527413913,S1,1,50726,50981
-8.600620907290374,36.182170412743304,46.98228561874817,46.188358727830014,52.93422559369507,-109.32466155052315,162.25888714421822,407.2791309767455,-38.93166671450976,60.558903033908514,61.5071152571948,47.617754609937016,71.31214520137212,-82.43987255422022,153.75201775559233,358.93815432978136,S1,2,50992,51247
6.445632073724161,12.43791641216088,15.419524300332567,14.007696342322848,39.68053099803967,-16.76267099358839,56.44320199162806,327.82798959737295,-5.838447775132817,79.3547676458773,110.97469073466105,110.82100212157764,370.54538816117037,-79.60615428610522,450.1515424472756,1083.670166824889,S1,3,51259,51514
15.35039425524248,16.590708913688434,19.565545198566145,12.131609749977677,39.68053099803967,-8.966689639085818,48.647220637125486,351.30251522051435,-54.61894815874616,54.61894815874616,55.45488846214843,9.592453095091146,-37.07216411340487,-79.60615428610522,42.533990172700356,317.7844241625121,S1,3,51387,51642
80.29272736493617,92.3231520194191,102.50302519204172,63.71772207024018,131.58950628554624,-37.80357980994324,169.39308609548948,373.4730736600943,33.5195560778008,40.07955575433593,44.56740597514214,29.371636585323312,87.57546817779102,-27.079002614131007,114.65447079192202,356.0190980385717,S1,1,51769,52024
-29.09171350281908,61.17798246871312,63.96849581740376,56.970524507073804,107.49653665727024,-71.0782991888078,178.57483584607803,399.38526078400685,-24.085493940718578,42.30255720930222,45.06964762013044,38.09412183309044,59.07084966375846,-60.47466734024497,119.54551700400343,314.7655772831319,S1,2,52034,52289
-6.409957305937905,14.40995548031146,17.91683435641543,16.730971301489987,16.073384445645075,-46.65093155829993,62.724316003945006,331.05747462541535,36.85910194042495,87.1409503237996,142.63331125834762,137.78849039257975,416.2895273295154,-60.941048634506075,477.23057596402145,1144.6068452939521,S1,3,52299,52554
16.81285936843746,17.42030809805127,20.824229961342954,12.287241893119802,39.57920037792107,-6.889375788143234,46.4685761660643,280.68036340634575,-26.6770938475197,26.945962996853137,29.45049067617354,12.476540582950511,6.794652852279443,-45.614634584089956,52.4092874363694,319.53630291065724,S1,3,52427,52682
-117.32104028097501,133.8210517817393,140.98036751385638,78.17440458188248,57.57790006919819,-177.41352475811854,234.99142482731673,456.1322210772666,14.707737030087866,19.3210446812012,24.158872903964063,19.16594927061196,65.960448040257,-18.66853827855829,84.6289863188153,387.55018187005277,S1,1,52808,53063
38.2763848797922,38.2763848797922,40.999455666566,14.69264188254536,92.0298069639639,22.161119693097948,69.86868727086596,295.2140102850278,76.25376139865774,110.01789263492213,178.892622207142,161.8268647434777,437.3707443718154,-57.55224984154022,494.92299421335565,1097.9593836677632,S1,3,53317,53572
27.77481925742618,27.77481925742618,28.577116418501497,6.723912403794044,42.77087330938329,11.663560040470463,31.107313268912826,253.2681631378614,3.012247763295033,29.669412146586108,53.22481928417754,53.1395121472326,244.72753075719277,-41.905099882054174,286.63263063924694,567.6736538924981,S1,3,53445,53700
5.031630731895984,22.079220086130633,24.498725412788893,23.976451760614378,40.01160687474967,-53.06364447582608,93.07525135057574,321.6070484345282,-13.137685387423666,13.92674889568649,17.033534430094836,10.841702718775354,7.368461962259067,-41.905099882054174,49.27356184431324,349.83524918802334,S1,3,53573,53828
-33.98584906265188,60.54190908090252,62.07327051177093,51.94278559644385,70.84083815069084,-95.99625859950467,166.8370967501955,365.4351541903826,-31.65285732763093,31.65285732763093,33.61269314634029,11.30971987038903,-5.18383477416028,-57.424503557392924,52.24066878323264,290.58720769734083,S1,2,54091,54346
-37.06626416609588,37.078938786763736,42.40473652796119,20.597420731125602,1.210622146813458,-79.82501956964545,81.03564171645891,274.6070721351948,92.21595654364405,113.26974309507736,193.8693876576276,170.53315463417735,459.7775304391057,-31.55580778390421,491.3333382230099,1130.6100734317629,S1,3,54355,54610
-24.228672694970385,24.228672694970385,25.337573637927942,7.413774834550708,-6.848634372274238,-37.788560198427554,30.939925826153317,251.1576199881345,4.3591920051098505,36.90782154916507,65.78023722843669,65.63563860352083,318.0363519313427,-45.21593216041699,363.2522840917597,582.6747669030846,S1,3,54483,54738
81.94550093673406,101.73908699162331,120.15355879388237,87.87384461296014,174.84108318898672,-53.77602173900097,228.61710492798767,603.4631318476769,-38.40320673117324,38.40320673117324,39.79592382454974,10.435960224729472,-9.45232134357091,-58.187654769885185,48.73533342631428,301.1771027983151,S1,1,54866,55121
-15.530464782460523,15.617268975573474,17.65674469483881,8.4003152833374,2.017239091687308,-34.87902517605492,36.896264267742225,268.3148313975912,-43.32158813694006,43.32158813694006,45.79946765686713,14.860391614817987,-20.263773547441698,-73.9646662628458,53.700892715404095,281.6284520379477,S1,2,55130,55385
2.9553725946618763,14.690511326058399,17.620608173121894,17.370998970048085,41.83049431800746,-20.427057098474307,62.25755141648177,358.37941634742106,128.38386059265565,138.4529741070833,214.387719586993,171.6964724420298,470.45705780553317,-53.003809766211624,523.4608675717448,1105.6565040016808,S1,3,55395,55650
-6.972274825088492,10.309891169775035,12.002072153569072,9.769192379256095,19.55120214597133,-25.666290625257666,45.217492771229,292.225554049831,13.397376792352869,23.858005291673468,35.77062694938876,33.16697223799698,155.35229537249856,-23.238304086235622,178.59059945873418,373.94990492748843,S1,3,55523,55778
27.994005390540572,28.735693504916703,33.897833302462686,19.11540647739236,71.73162237146052,-7.754180921415917,79.48580329287644,292.1321440544358,-71.67096051227952,71.78822214611975,82.84454447983228,41.551076632479464,2.6961227250556985,-115.81264383369202,118.50876655874772,318.535212767153,S1,1,55904,56159
-23.21163722548376,25.701303962938745,28.267959421214993,16.133735684955113,34.29285331120937,-47.10243828764287,81.39529159885224,287.71448861294334,-15.970360394298698,16.15571440110181,21.717165624284736,14.716754792712631,3.3895387928699905,-95.77822611679105,99.16776490966103,417.14856218392515,S1,2,56169,56424
-40.69387838970758,40.69387838970758,41.33273145744053,7.2389882812852,-24.223827560627047,-53.3391079077548,29.115280347127754,245.36618773312375,83.13398292784487,91.44761343497578,172.46626195124156,151.10708915860656,460.2631117145621,-27.15668069069157,487.4197924052537,1137.3839720985075,S1,3,56433,56688
-35.81558076182313,35.81558076182313,36.543347339868824,7.256749237476979,-21.681327047011166,-50.3763633034382,28.69503625642703,239.23652826151644,-7.635206792125311,11.320446696652303,15.371721303533004,13.341417955936091,24.743787195008306,-38.829838112851206,63.573625307859515,335.0035693772436,S1,3,56561,56816
63.621922199112646,63.77134603481508,70.35947759458136,30.045084507660384,103.43004093771684,-13.81503788888551,117.24507882660235,439.04192947166547,-24.307987391646034,24.99439455979374,27.965205872229227,13.82658629032277,12.594182083872584,-45.464776033132416,58.058958117005,305.49680472809985,S1,1,56943,57198
-18.13006174618958,18.90143778289734,22.88156193593135,13.959467672773764,7.766525486458713,-47.348872271516214,55.115397757974925,312.63487090981175,-25.12125185754922,25.12125185754922,26.527131123147807,8.521231761562229,-8.31450698595713,-44.539565922718545,36.225058936761414,231.7689937020869,S1,2,57207,57462
25.190668060032596,27.44652236597298,33.07963450247837,21.440439862717625,63.4745986956445,-20.130784643660967,83.60538333930546,349.15323003325807,57.96882746805106,89.28787235395751,154.26945418277282,142.96390990676622,420.03914135901454,-57.59591525333708,477.6350566123516,1050.358614284077,S1,3,57470,57725
35.5865519844651,35.5865519844651,37.47019798629334,11.730859089980756,63.4745986956445,14.59447886307251,48.88011983257199,270.7013848081946,-27.726955619990708,27.756464486195274,31.19681936239124,14.298862555348046,3.7239808981236258,-57.59591525333708,61.31989615146071,272.5789992361313,S1,3,57598,57853
-15.964117872438923,26.95851141479516,28.798929600995624,23.969257116522787,31.788864736350348,-41.07532082957843,72.86418556592878,334.40847172816433,-14.142666336367611,14.142666336367611,16.23929086620791,7.981200206452533,-0.42729367492233594,-31.31715086816758,30.889857193245245,304.0854041484889,S1,1,57980,58235
-23.061257135907262,23.061257135907262,24.785014298959048,9.081594194367561,-2.626580620737206,-39.92547960290071,37.2988989821635,369.5617912390055,71.5000135782082,71.89938718868916,129.6669785662468,108.17242434565081,372.246125263219,-11.338960751162984,383.585086014382,942.4827518271804,S1,3,58488,58743
-26.402501625726742,26.402501625726742,27.99294365805397,9.301225862566755,-2.626580620737206,-43.33618294015259,40.70960231941538,388.61280903051545,7.542358436161313,11.782939478698768,13.836196312667976,11.599705066214103,32.747816415446266,-25.555985108907592,58.30380152435386,417.4595907561927,S1,3,58616,58871
-41.702122395010605,41.702122395010605,44.023447880362696,14.106627911253865,-8.30053469223706,-73.71264684405607,65.412112151819,364.9431553784025,-15.720931360473976,20.15948776870915,24.08322411716079,18.24428680537173,19.346394163739483,-48.975809000185286,68.32220316392477,488.98665197047427,S1,3,58744,58999
41.228345995690134,59.39134160499028,66.52527985194621,52.20954267027648,100.33414670841127,-54.48206996678111,154.81621667519238,519.3802844049994,-25.453152209997697,25.475827266607826,27.84899093072036,11.300590180784095,1.4650444981403887,-49.413912988785306,50.87895748692569,326.9138902213159,S1,1,59018,59273
38.241705875229364,38.241705875229364,40.152583265664724,12.239357608084951,67.76199533691836,14.993627002240418,52.768368334677945,287.79708743219913,54.14101955777869,94.50364190927836,159.88464907988413,150.4388613777767,438.2429145462534,-58.57298191061084,496.81589645686427,1138.7988967901547,S1,3,59525,59780
45.17045058340949,45.17045058340949,45.77755758900214,7.4306912805047025,67.76199533691836,34.20345889346859,33.55853644344977,264.59433030780554,-28.271510307191143,28.334720252633687,31.112365456815517,12.988494495854106,5.554588505410884,-58.57298191061084,64.12757041602173,371.5506866807136,S1,3,59653,59908
43.758734590690594,43.758734590690594,44.12919669463273,5.706062384436613,59.9597625919376,28.373770930028087,31.58599166190951,246.11834053906415,-21.98006919875192,21.98006919875192,24.106116597992198,9.898556230788007,-5.204539350748248,-48.05882237972653,42.85428302897828,355.07746734702783,S1,3,59781,60036
35.68497544550999,47.878172942165996,52.60930358693374,38.65645290705691,69.42215210226799,-162.6144639662797,232.0366160685477,449.2472118394271,5.930572372696091,19.47556232059819,29.085039790972303,28.473985512650952,79.7843175161607,-118.57151220740705,198.35582972356775,516.7980998831893,S1,2,60299,60554
30.394100597681053,30.430071596913052,40.448128078602885,26.688006930475478,97.34417771291776,-2.2912179590436117,99.63539567196136,386.9210744616857,130.28099492145734,152.09974937646115,231.7850480276678,191.70594892038034,451.76229278119905,-37.71908853946159,489.48138132066066,1140.707502391765,S1,3,60563,60818
16.921127068804473,16.957098068036473,19.084610761920725,8.825974544229823,60.54185345533398,-2.2912179590436117,62.83307141437759,356.28561260345447,4.666857289967673,40.93740876028753,74.52051721145553,74.37424237259776,316.4361318922294,-37.05523737522153,353.4913692674509,598.6954791653638,S1,3,60691,60946
-92.10530085762318,97.95368365547685,109.92288896889706,59.997125541105625,22.281354256697252,-149.37723859485382,171.65859285155108,403.34169137891956,-37.4972997352517,37.65648381777028,43.505385599773625,22.060623036298924,5.3816954909658765,-74.28908820559715,79.67078369656303,285.29377152050546,S1,1,61073,61328
25.134544799384184,63.579811153214585,67.07703391849016,62.189895779218254,72.24578443975633,-116.50941397163231,188.75519841138865,374.33282020377067,-67.62931355349465,67.62931355349465,68.98127648691043,13.590160192090725,-31.94745703910351,-99.41428747323438,67.46683043413087,347.8694493213774,S1,2,61337,61592
52.4010369413396,52.4010369413396,54.807967303725796,16.063766913107273,85.98108789065991,21.059564386523114,64.92152350413679,265.77945161070375,64.3843527188818,88.68540512129667,161.57600702414177,148.19399843055766,438.44387399806544,-71.37054429829337,509.8144182963588,1146.2860312365158,S1,3,61601,61856
35.90552592428075,35.90552592428075,37.867751310099756,12.031616574025495,60.8310101026438,8.865781960733715,51.96522814191009,279.4896110595068,-8.848239881610004,11.617694154404113,13.787974943196426,10.574351234553289,12.671853245494285,-27.669922799672324,40.34177604516661,304.5424794224555,S1,3,61729,61984
-88.22498564705462,90.78965148370504,118.07183946036572,78.46853624945085,11.213951861205064,-172.2635071779194,183.47745903912445,533.6794563116953,15.90045416487867,20.802802492347016,24.642066043038508,18.825699886592904,61.67579240155758,-23.425947869848134,85.10174027140572,280.0175816592691,S1,1,62111,62366
32.5370266859147,34.33380699031354,37.34065615220645,18.321203462583668,55.70245058221759,-20.770805524794447,76.47325610701203,324.28367979332455,-20.666487532038197,20.981789644793633,23.074055053307664,10.261983711309561,5.729177763171178,-36.354242372125746,42.083420135296926,286.3392816687388,S1,2,62376,62631
32.640210493404,32.640210493404,33.19109514081009,6.022080669717666,46.44311248627014,17.900228378573946,28.542884107696192,264.17861768005093,30.85668402955863,60.28641117943834,114.75183297004888,110.52532841247739,407.2111307265345,-35.077434126761254,442.2885648532958,1032.3601261201813,S1,3,62640,62895
30.12089451556586,30.12089451556586,31.135152338639116,7.882222068200014,46.44311248627014,11.354209216784417,35.08890326948572,269.60875807502043,-23.018069832541947,23.018069832541947,24.028094573101306,6.893314877337535,-4.10184737097576,-35.88389635888965,31.78204898791389,294.37869220548055,S1,3,62768,63023
-66.21509201933796,92.77505782403516,99.94249555997115,74.86029660391053,55.57870856282061,-131.07152955359206,186.65023811641265,441.9433368385629,-25.525112585034556,28.105597572475496,34.824995455512926,23.690693024852745,12.760715823757568,-73.76345256136771,86.52416838512528,273.2584053021653,S1,1,63150,63405
-10.013067552369861,14.58090436717069,16.727669687255055,13.399754152878682,23.28762478718219,-43.40205669443842,66.68968148162061,309.5812324461607,88.78527363212712,125.6779332138079,201.533046518911,180.92192798348646,463.79995469387393,-53.26534553308754,517.0653002269614,1148.2150627577066,S1,3,63660,63915
-20.376790013521173,20.376790013521173,22.088489816133393,8.525714697448674,-2.2963651868004944,-43.40205669443842,41.10569150763793,375.38896141104374,-35.89710615653231,47.88629471561619,54.897392665758304,41.53458186963129,161.4452461967988,-84.1284620946296,245.57370829142837,482.6705642942448,S1,3,63788,64043
-25.269483717883404,25.269483717883404,26.864907314598824,9.120111712781313,-2.2963651868004944,-42.64012204352901,40.34375685672852,363.6665717650575,-61.42313089723776,61.42313089723776,62.687406543403824,12.526369382977048,-28.780998122648963,-84.1284620946296,55.34746397198063,372.2257884677249,S1,3,63916,64171
112.58729474269175,116.61705789443025,125.94410749007145,56.444833899949835,182.37957447648114,-21.451205321681766,203.8307797981629,471.32718976607805,-1.7459766729559631,18.479732872638955,26.67487678176076,26.617674894318114,63.71597447017091,-54.48669903035287,118.20267350052379,369.9307522460143,S1,1,64190,64445
-15.54627609970386,36.782694864967276,46.514544188608454,43.839663781851534,84.81912340330261,-81.73479616072986,166.55391956403247,460.71741651270656,121.24870951646861,178.26907394959977,246.5505082017788,214.67627613489668,472.49501490651346,-85.46559345401377,557.9606083605272,1171.6371511910925,S1,3,64698,64953
-26.042009629237857,35.0562690982022,42.717735051152864,33.86175752041198,74.76123261498904,-71.79988816519621,146.56112078018526,443.4769193236334,-5.923917392828798,75.3847224095758,109.31180323336599,109.15116824318952,390.2477110408476,-78.60278061017013,468.8504916510177,696.6512687068814,S1,3,64826,65081
-58.29736890882294,58.29736890882294,59.118004767853414,9.816071823318296,-22.29682864311575,-80.25656900018693,57.95974035707118,390.00955203864396,-63.11495558993587,63.11495558993587,64.69699083347926,14.21981025849933,-34.332829567260625,-91.507992390519,57.17516282325837,323.1412479557075,S1,3,64954,65209
14.424266613757428,39.1623991215898,58.44921039143932,56.64142236948134,137.61225998772267,-36.23507908729561,173.84733907501828,420.34429383016277,-41.56091083780984,58.27852222887184,60.16333347790183,43.50077453913716,46.06769771934843,-81.95383173095117,128.0215294502996,346.6084500352044,S1,2,65472,65727
-6.750620256652835,15.5354628612258,17.469144612554842,16.112111582434572,32.235300949025465,-27.483553957868217,59.71885490689368,266.687880538016,104.93335736355452,138.84694193004876,216.8481652332027,189.7685887532996,465.14542393737815,-66.24787430868965,531.3932982460678,1128.7575306036706,S1,3,65738,65993
0.3550491870722041,11.957341757595504,14.504522844767042,14.500176655100736,32.764988240370535,-27.483553957868217,60.24854219823875,229.97763545828312,-7.983898265351422,32.489414783968925,49.150518159095455,48.497740192673824,242.38432673943407,-40.641227343475954,283.02555408291005,487.87405505916445,S1,3,65866,66121
-100.48837070360244,108.5439423249048,118.57727303808568,62.94963887492996,29.531386002945464,-156.56369534063865,186.0950813435841,408.54888149503415,-42.463501682470664,43.106341687334684,45.58151563124759,16.568813841204193,13.797785120794428,-67.92502222827464,81.72280734906907,325.0128333841617,S1,1,66249,66504
3.908714042810077,29.76461591714874,39.476322757101265,39.28233716257691,34.63711092499118,-150.2100688204713,184.84717974546248,427.1127716608826,-40.60024743255734,40.60024743255734,42.56790812336781,12.792447397374929,-21.27779228799201,-69.13838987540633,47.86059758741432,243.15555050740716,S1,2,66513,66768
13.272091235817317,14.339974648702745,16.765820470293068,10.24423400114617,32.307178045878544,-10.476984191365291,42.784162237243834,277.637852410858,47.4505926692048,64.99990820614998,134.58565028931147,125.94339410678931,437.62860376606153,-35.07403448138604,472.70263824744757,1105.2493108013555,S1,3,66777,67032
0.9697007117707419,8.576578992459854,10.925518225213946,10.882399965957571,28.339388300203463,-27.64722235947895,55.98661065968241,296.6437162997004,-13.166933682584347,13.166933682584347,14.4900938818697,6.049353527760097,-0.23428652127092836,-30.113777681242976,29.879491159972048,285.26343183556753,S1,3,66905,67160
-2.2990658857221016,7.05738750416389,9.191435515254229,8.899257434425955,19.338461813576732,-27.64722235947895,46.98568417305568,290.95690907615983,-20.571329970611654,20.571329970611654,21.574009210692868,6.500635096917493,-4.486264195737371,-33.385018966829186,28.898754771091816,271.7264578514772,S1,3,67033,67288
71.33663508943633,71.34416881816577,77.90777464191666,31.31622333188141,103.92548146690328,-0.5565968532579137,104.4820783201612,307.8098926638663,43.21695764049916,49.85895362095626,52.4098040784469,29.649319314960522,103.18755821742339,-28.005558423866027,131.1931166412894,373.16079619073446,S1,1,67291,67546
11.020742257191028,14.437989159470831,17.55962918503062,13.670545607851322,42.487858643079,-16.908034718739664,59.395893361818665,254.61920184076664,96.26359259084396,124.42259556947619,197.42068645489573,172.3608081375411,459.09411764341013,-73.4275789346824,532.5216965780926,1087.111996856198,S1,3,67800,68055
10.999229417069614,11.26192833811593,13.091321248442894,7.099270685119903,28.15536827785831,-4.152508667715085,32.3078769455734,238.9824532685618,7.465298053115318,22.565372045870635,39.16131638109763,38.44317918277023,187.6289179666151,-26.044771740275994,213.67368970689108,390.00856862493094,S1,3,67928,68183
14.742667967034992,15.005366888081305,17.0143310912782,8.493597806430229,30.238352628440584,-4.152508667715085,34.39086129615567,226.56021760421123,-20.30653308711194,23.31235099040005,25.855170472681763,16.004204264925608,16.22565620920809,-50.96717105665446,67.19282726586255,243.676439768965,S1,3,68056,68311
-126.67474896542666,131.67696358192296,141.17085881639707,62.311470481005756,22.25502184536633,-174.10490122549908,196.35992307086542,439.57210262055355,-53.98540860782905,53.98540860782905,55.87744075150668,14.417490849099835,-17.43656829540671,-78.38313415195898,60.946565856552276,285.832405079454,S1,1,68331,68586
67.1746494489013,67.1746494489013,67.70812555735944,8.482731747991126,88.46655821515516,51.963839492940224,36.50271872221494,228.58669332596043,62.640889450604426,94.85517029492124,161.7221016304176,149.09781059625345,419.63877008383736,-54.90282005198599,474.54159013582336,1063.171811477691,S1,3,68838,69093
62.87214426994133,62.87214426994133,63.47134559842351,8.70087277083158,86.04626102186829,31.269454335375563,54.776806686492726,283.12889273691155,22.430421765486653,29.469130284006404,73.8480363791991,70.35914053259816,330.875445931346,-13.700007770757388,344.5754537021034,554.1089280079452,S1,3,68966,69221
51.70358225124538,51.70358225124538,53.10673699115372,12.127039879388477,73.93049492964765,25.104521204987705,48.825973724659946,325.50833816483464,-0.6100690968940052,6.101801430518718,7.383163239293068,7.357915133722558,14.634067493278577,-17.56590802492912,32.199975518207694,273.04019999330666,S1,3,69094,69349
28.432533074903613,67.25562934903985,69.57566908163788,63.50090386051283,78.76454960773259,-105.02123260349863,183.7857822112312,448.67890509568565,-11.758150738389384,31.373741705737753,45.00038334768043,43.437085453003256,52.70511505150348,-106.41469534490913,159.11981039641262,466.0864181328196,S1,2,69613,69868
35.65379910399582,35.65379910399582,39.04382346643658,15.913100273993448,82.38207918272232,13.331003353684139,69.05107582903818,274.28908478835314,91.18984841365572,91.18984841365572,163.633922969489,135.86932064553477,494.68806969845093,4.1706168005789905,490.5174528978719,1099.8273270314735,S1,3,69877,70132
27.57834098412798,27.57834098412798,28.23370144508396,6.047892678719,44.044198577202046,14.542824630282075,29.50137394691997,227.18548866824852,16.216999360946534,17.629584921108115,23.390934694634367,16.856593891285076,87.20992774156757,-13.269887597988218,100.47981533955578,321.23491193901,S1,3,70005,70260
-76.13448637293783,91.6011868113513,96.98744393676512,60.084143216959504,44.6198178776779,-124.36000388427637,168.97982176195427,435.30607263233145,-9.861133762848038,13.064710353632517,17.889915056366874,14.926724410775481,16.060618924285095,-45.43754181799997,61.498160742285066,304.3857227672954,S1,1,70386,70641
-12.85649633908327,27.35901465479927,48.209041588227294,46.463127238042944,27.016806029590434,-134.46163780454012,161.47844383413056,371.6126966887111,-55.381248072763285,55.381248072763285,56.71099160178682,12.208764489537371,-28.34131542865177,-79.12318525490319,50.78186982625142,290.15990308575294,S1,2,70650,70905
14.037955711008543,14.25011593692349,16.9721772154673,9.538899249336371,38.41653529709561,-4.995917317871082,43.412452614966696,288.4783246329149,30.561192435839263,73.65502975870432,130.1791943364322,126.5410453370059,438.71033205403546,-56.11849015805944,494.8288222120949,1132.23001620949,S1,3,70914,71169
13.821617748242646,14.26180107186932,17.071925759651453,10.020655266224598,38.41653529709561,-10.12587719277884,48.54241248987445,290.6002202858852,-24.300866156400026,24.300866156400026,25.437672227245287,7.519512776071205,-7.146715391931362,-43.65953143276597,36.51281604083461,328.61892179590177,S1,3,71042,71297
7.422332491819372,8.214091290212718,10.30955879262195,7.155136817658415,33.747281258757845,-10.12587719277884,43.87315845153668,290.5238672876295,-12.503858441922578,13.470749048857241,15.902595445666101,9.825785768725154,8.045064392817714,-31.577702027897534,39.62276642071525,323.9338703454441,S1,3,71170,71425
-5.449989690642156,9.061836059978507,11.589215099899846,10.22778172448165,13.424998474500226,-25.4732975593397,38.89829603383993,276.6849941525412,-11.209661960107542,11.209661960107542,13.045721975632674,6.673405472891876,-0.1981745885955728,-26.85769115631211,26.659516567716537,307.4852365485633,S1,2,71680,71935
-19.6741047783407,19.895777416791773,24.674202295863974,14.891133607220462,4.151390791148258,-50.82604148037544,54.977432271523696,309.9384673661697,74.40955932146326,92.0417518553406,170.43380036231426,153.33263771137192,456.9209651645619,-26.732428684521853,483.6533938490837,1092.371215386359,S1,3,71944,72199
-24.330637763158887,24.330637763158887,26.997084619316063,11.698830880923904,-2.1566869362368597,-50.82604148037544,48.66935454413858,297.992369710881,-16.0683434826727,16.550318647930887,18.215037030950516,8.578805963637851,8.324901249906192,-37.29680580439582,45.62170705430201,301.6574907319674,S1,3,72072,72327
50.723122847997416,65.9117524445349,69.12908831113323,46.96802805393707,100.45334810126221,-42.40808122547052,142.86142932673272,372.53849540068575,23.224970483303004,33.452465944069274,37.14530435054211,28.98921146468298,91.67350152827404,-37.137795057288024,128.81129658556208,361.2092022324101,S1,1,72453,72708
-46.01491418842148,68.39259073230899,69.43167578418849,51.99408884126035,74.62511264486491,-94.55203886617579,169.1771515110407,409.65212409368564,-39.69867785364211,50.040334995157906,51.86662475261018,33.37906139933865,40.6132120233543,-71.71416755590384,112.32737957925815,329.2094675908718,S1,2,72718,72973
-21.115395690221423,21.115395690221423,23.66212864456389,10.678782554077484,-3.7162914577264354,-57.48336040883042,53.76706895110399,234.22536312404773,32.1280536956141,91.01484280958509,142.2553730967605,138.57986628883097,408.93482988338064,-61.3372456234649,470.27207550684557,1111.2748475186986,S1,3,72982,73237
-13.424248691723669,13.424248691723669,14.785099620545196,6.195862962671223,-0.6633626988134027,-26.07926376631765,25.415901067504247,248.64456639818354,-41.8781181938663,42.121139815462385,44.07646670885928,13.746204351665389,10.242968794613638,-64.67656111151128,74.91952990612492,310.5457719620665,S1,3,73110,73365
89.77750287504209,95.49426080894705,106.12285491032253,56.58675032054038,144.38492427814083,-26.74480008557139,171.12972436371223,436.8421229689224,1.4463740874422784,9.567195075267303,13.743104159595326,13.666781403851527,51.33233280013466,-19.17269580176716,70.50502860190181,327.56637039317053,S1,1,73491,73746
-10.2387992294813,48.62911564844444,60.63037057982693,59.75959192452301,144.0346524269278,-68.64085182052925,212.67550424745707,411.1404027392256,-41.29173773740449,41.29173773740449,43.2964683009748,13.022156578797622,-13.742134441766725,-64.54251294289526,50.800378501128534,291.01065954168155,S1,2,73756,74011
-13.737465010117042,13.829866374734438,15.207970695044168,6.524141917304697,1.8803709445276189,-26.26206174557944,28.14243269010706,253.08626872206145,81.22168883011133,105.27617553738824,184.6573884936809,165.8354256149474,475.6928559995858,-47.66767707054176,523.3605330701275,1201.687851338735,S1,3,74019,74274
-6.8690932748207825,10.608702979663441,12.208521209567099,10.092747282393509,12.67910537406308,-26.26206174557944,38.94116711964252,239.11294241817737,-10.823649812236223,12.684411274712579,14.98230784645162,10.359447531018464,39.26048912714454,-27.182016795617024,66.44250592276157,385.6068461196728,S1,3,74147,74402
-23.318840561809182,23.318840561809182,24.869372241967053,8.643919860945283,-3.7160386043261604,-43.07943010474555,39.36339150041939,257.7850841605889,-21.645406508910437,27.90974558081531,35.890020760234044,28.62813244404966,47.08073288134521,-71.05617142391353,118.13690430525874,410.9355917853151,S1,1,74529,74784
-20.609131721378613,20.609131721378613,22.903833629701303,9.992461389862976,-0.0741665595398654,-41.785413668784024,41.711247109244155,218.16464618869554,4.098370159258952,75.6608095891886,124.35007591346934,124.28251985586421,416.93657398727424,-63.95954569470119,480.89611968197545,838.7323486837935,S1,2,74793,75048
-29.2313387459577,35.702159995369904,40.50460371549798,28.038397908379224,22.36865583644115,-73.89885260681818,96.26750844325933,314.0072332342959,20.54051163944615,21.041490976978974,36.95354100967138,30.718912330081647,186.8347871978784,-6.006854209082533,192.84164140696095,420.6800477905132,S1,3,75057,75312
-4.88140449570554,18.454457208202555,23.391946348295164,22.87695443259057,22.36865583644115,-52.66632343610863,75.03497927254978,292.97290993502907,11.846559169060939,12.545465654746597,14.849304442670771,8.953260762708751,30.976750058445376,-7.933775028642417,38.91052508708779,275.2455395293139,S1,3,75185,75440
93.50542451728198,97.25669508609933,108.96490644673331,55.94717528873305,143.58920222264902,-21.41686027277107,165.00606249542008,510.74776120675773,-42.36117715214975,43.567177019928906,48.82894155559773,24.28572016070688,20.366121580812937,-78.72851117850344,99.09463275931637,351.0263732272365,S1,1,75567,75822
4.321607733537687,15.049255211083437,20.0930668444001,19.622819415439714,48.79088806240116,-28.855636578485342,77.6465246408865,316.1430405360874,135.14910944318763,157.02693832177107,238.5265751354709,196.54425777053558,483.39808461225357,-48.33899995473274,531.7370845669864,1148.2099998784624,S1,3,76075,76330
-10.28442776116038,16.32600526027032,18.95248929104176,15.91940312802356,42.861676914472135,-33.109908169775,75.97158508424712,304.2117346255692,26.18337242916728,53.36116507086335,102.34480767213802,98.93882284362616,385.8508311150132,-33.49179752803514,419.34262864304833,568.2626935426277,S1,3,76203,76458
-5.041201851846655,18.428330264993228,19.934143434279292,19.28617013166062,30.26587280762597,-33.109908169775,63.375780977400964,253.40464225932462,-26.6258472969889,26.6258472969889,27.699952598965325,7.638823842867075,-11.934326229161218,-48.14723992309914,36.21291369393792,295.434800859763,S1,3,76331,76586
-68.07789717285078,72.99730752194989,77.18892704535756,36.38035699297477,31.328126095654895,-104.17103133965955,135.49915743531443,321.4331196568223,-80.45500723594063,80.45500723594063,85.64565751650052,29.362739349359828,-11.209706663794323,-133.65795024755852,122.4482435837642,354.2473738974246,S1,1,76606,76861
25.534833747462777,25.534833747462777,27.466351049609553,10.117939783860349,41.33201284764033,2.969494742887806,38.362518104752525,284.44999879424955,46.97520779303634,70.98262199103024,132.48111434317542,123.87322354088705,419.13885344258085,-28.08285942480229,447.22171286738313,1009.597781068315,S1,3,77113,77368
0.8829782268106658,19.792764949876123,23.209865417816285,23.19306366490039,40.208442497803674,-42.28274673331233,82.49118923111601,283.38924019969306,-12.783715320989533,13.540459689061276,15.371390163156738,8.535587744255766,21.706519126066965,-29.25967767520777,50.966196801274734,274.5229092968989,S1,3,77241,77496
-30.9147330473295,31.3191415602009,35.23873710302989,16.912949867743627,5.093492229058257,-55.28899057345358,60.38248280251184,263.27399343206076,-20.30889459945618,20.427931214493906,23.623240229435645,12.066742687478097,3.2900671345076997,-46.722512745789075,50.01257988029678,306.93943651430493,S1,3,77369,77624
-32.0882920459468,86.60336213868868,89.94844383781847,84.03013782220764,137.88709795745476,-104.29967591953378,242.18677387698852,440.340064594885,-32.55264923091639,66.99123605068228,68.40457601963266,60.16237236408337,85.05831339802539,-80.3156529964132,165.37396639443858,342.65104182300774,S1,2,77887,78142
-80.62023741151002,80.62023741151002,81.24926716766181,10.090626095235494,-47.50366408596403,-97.9338259379199,50.43016185195587,280.9064390400793,31.35349043321769,106.10185826478968,154.15099048295957,150.92874644855306,404.2421504669595,-82.12784934786733,486.3699998148268,1103.385401967532,S1,3,78151,78406
-63.54202768006495,63.54202768006495,65.55710969571042,16.1290219778283,-31.28682594113788,-93.53470163900198,62.2478756978641,242.49000531742854,-48.44076711941331,48.44076711941331,49.06019201986966,7.771391246697625,-17.4547381824981,-66.49398949762241,49.039251315124304,275.7550985679289,S1,3,78279,78534
137.25653583842538,147.27915454835306,161.49043893486947,85.08704505982011,203.29996157671303,-38.69221505490596,241.99217663161897,462.09926094914204,27.060075905264693,52.00626568476263,54.3337491014067,47.11590584310066,115.24863180712532,-70.90237055920448,186.1510023663298,478.5080161091545,S1,1,78661,78916
22.672764301972734,51.81615189567523,80.37379642850799,77.10961620471491,183.89146992722155,-33.69467080121923,217.5861407284408,416.9024572446814,-42.96559381791808,61.897052433801896,63.569604904768084,46.85138648558861,55.58776574603645,-84.19650863080726,139.7842743768437,359.6697157728526,S1,2,78925,79180
-4.949381297367923,6.428375857006664,7.87806520611646,6.129236181212745,8.851092175427013,-19.548796812080543,28.399888987507556,248.09805460040138,58.43141510153909,96.51852886203405,163.6428333074019,152.8553127048771,436.1844432456763,-75.78717010006572,511.971613345742,1113.0142732501336,S1,3,79189,79444
-4.045236848031801,7.089896079625815,8.559774349589494,7.54359302714668,13.352807699316847,-21.18307110605353,34.53587880537037,248.91011783138214,-13.7361362834251,13.882372303208474,16.084492146689616,8.368359912198587,8.785249256680412,-35.56016296074317,44.345412217423586,312.23188662627285,S1,3,79317,79572
-121.08211319501595,124.82030210605984,139.7679702166222,69.81552379452533,17.15146002711015,-178.41810845204054,195.5695684791507,552.2947289863702,-33.06073848290785,33.621066609198266,34.98399546771818,11.439733819023136,11.745498251137056,-49.309653957848376,61.05515220898543,299.2180440906153,S1,1,79698,79953
14.754795120652986,22.231941254863727,23.81938741610354,18.699177463888265,34.79317643021471,-35.73600765412873,70.52918408434343,273.6591258074628,-19.17407743353092,19.17407743353092,20.403200314396035,6.974620967646247,-2.7382865656280515,-35.68498934127064,32.946702775642585,251.08274979642823,S1,2,79966,80221
15.602001239002636,17.65870746809548,21.333847049599573,14.550277910537261,42.56398713839061,-11.409574649292653,53.97356178768326,294.0635346202222,62.305682085507904,63.61404294665599,133.07046225686338,117.58294904073004,430.1431580548468,-10.557528835926137,440.70068689077294,1036.2667913035625,S1,3,80230,80485
23.201294464189168,25.258000693282007,29.526261533044032,18.261983881925342,46.39972467367688,-11.409574649292653,57.80929932296953,279.3400015999075,2.766526848268575,6.545060826377158,8.310535285948806,7.836537879498151,21.716827563163356,-13.987502820479982,35.70433038364334,263.4095894144688,S1,3,80358,80613
-5.308462638082531,28.165819272767294,32.09213730473089,31.650047412378104,59.87122535137066,-42.98133671702746,102.85256206839813,353.16289891981194,-30.13321427843557,37.14600268793637,39.65074401222597,25.771513303897393,22.05815921431952,-62.17092495341595,84.22908416773546,317.3831794462311,S1,1,80740,80995
20.949712202955297,21.669334394688143,24.748486735427146,13.175627283243841,43.388352785411584,-9.04687033548789,52.43522312089947,302.10281739722404,70.80708058089802,92.17140384104019,167.14717323089863,151.4085032575458,474.4429687529949,-53.060774769014564,527.5037435220095,1154.0124249918433,S1,3,81249,81504
9.660939115769024,10.811307001879712,14.88033543734521,11.317713467362378,43.388352785411584,-9.608985507445425,52.99733829285701,318.6876960102593,-17.805357753313416,20.78403824922206,24.255918628045826,16.471758369005492,38.46472881793358,-53.060774769014564,91.52550358694815,405.44540305777855,S1,3,81377,81632
2.84846773673116,6.759783331873784,8.013721369297134,7.490391294020038,21.02874515018057,-14.394369329516802,35.423114479697375,265.83577237536946,-22.755241324767397,22.765087453142364,25.61921978504222,11.770446662973196,0.9499743906835265,-45.95363920234635,46.90361359302988,318.2625919029076,S1,3,81505,81760
6.052242758872708,34.638841101492204,37.73778276294854,37.24930342236173,43.24737347401441,-68.77042037689212,112.01779385090653,271.7308993168706,-10.84516509238191,30.52746578697075,41.248979807175424,39.79774779119727,67.81709352368976,-87.642787192817,155.45988071650675,468.29738661317776,S1,2,82025,82280
38.966455042906645,38.966455042906645,40.72788735718285,11.848045829102364,67.99073252316143,12.100424589115761,55.890307934045666,255.2320421719161,99.91321056640189,100.39215935159748,171.2914083192949,139.133378160387,474.02798425194663,-9.092881031002126,483.1208652829488,1133.6177830293789,S1,3,82290,82545
35.34350761303156,35.34350761303156,36.75644027640395,10.093184403369968,52.21103264592011,12.100424589115761,40.11060805680435,215.11047445025991,26.045374935499296,26.058236676762704,27.93767125955784,10.107023294540728,46.9464158893507,-0.6264524524291275,47.57286834177983,340.76809421287095,S1,3,82418,82673
-70.699446183407,78.46362541821222,83.45205768302347,44.3377293159022,44.8015387723641,-109.51984149369434,154.32138026605844,319.3182324074542,-66.28447825745903,66.28447825745903,72.68322710670166,29.819782775547054,-4.165399441167835,-99.10111743641899,94.93571799525115,339.8514285788991,S1,1,82800,83055
-12.008185068402401,42.2955544524867,54.653149938169406,53.31763582087098,53.737498815427315,-107.8128417518643,161.5503405672916,320.3262100037086,-27.837034475930388,29.233837386321802,37.70426467820416,25.4305148691476,21.78815502962383,-82.14503743399273,103.93319246361656,416.98779515185515,S1,2,83064,83319
14.36795535110186,18.477943198741126,22.960947169659576,17.90996800546114,56.09620835793728,-24.02557439592155,80.12178275385882,313.7746757620706,104.98470865675694,107.66839635215767,181.27323612654095,147.77752563920043,468.127698392389,-14.432229571994224,482.55992796438323,1097.4975195010138,S1,3,83329,83584
-8.895829665403483,13.58422557025139,15.832470198499799,13.096996875257762,19.087385191291887,-35.51829636195565,54.605681553247535,289.1242302122097,25.810900226026973,25.895222136009444,28.530146299178945,12.15593177731081,64.16795579423811,-3.067092168924546,67.23504796316266,275.9495325704426,S1,3,83457,83712
50.0970115418367,76.88361582989961,79.22789202178099,61.37872847161357,110.96281898752302,-67.73129339006913,178.69411237759215,337.4549569913748,-75.23891739158705,75.44003600173302,82.55987893071568,33.98880578655821,3.552872099270894,-115.61262906663963,119.16550116591053,324.0674034089949,S1,1,83839,84094
24.99027622596097,46.08998019439946,62.50952022078861,57.29682550005149,116.99942981810437,-37.38056724420845,154.37999706231284,386.21607469232896,19.500836297819305,73.53266665942817,121.05010032336834,119.4690092533758,394.8202561938257,-94.96685704863111,489.7871132424568,1051.7860031831253,S1,2,84103,84358
-8.31645242253767,9.008629310245887,10.656210913049158,6.662690907362826,10.481835315458202,-25.570077324690082,36.05191264014829,263.9611056037911,-18.697468257443774,18.697468257443774,20.36646025184961,8.074489702269279,-1.357624875245205,-36.17771730067266,34.820092425427454,321.44965999426665,S1,3,84369,84624
-7.112959854359381,9.164777902553068,10.7071348712819,8.003033128888863,12.441854514042985,-25.570077324690082,38.01193183873307,241.53446087851677,-16.772796029730277,16.77808752779033,19.160118498058836,9.261935769844271,0.5578570438204518,-36.17771730067266,36.735574344493116,310.74695528173504,S1,3,84497,84752
-43.72475982790381,53.176969737298435,57.02891866015085,36.61206005591914,35.20878137994656,-92.57131398700645,127.780095366953,282.1640099184345,36.24633125341646,46.175920289738215,49.177698781359815,33.23626826371704,98.8581572500791,-40.13324739866179,138.99140464874088,413.0627208187773,S1,1,84879,85134
-23.239558631496678,24.17332711373532,33.62950007515759,24.30773930085339,16.463917478587113,-91.86310121017907,108.32701868876617,350.52177766104313,-26.825168833281005,35.48164779386989,37.750417219851194,26.561331241841156,45.72397984688727,-56.45959165147788,102.18357149836515,307.37686862949715,S1,2,85143,85398
27.306552244256363,29.618691035802247,32.20454005555398,17.072920216573333,55.16609692908535,-17.88414486034628,73.05024178943162,285.7799627784425,73.08906569880622,104.92334872713346,175.99122855444182,160.0965365127471,452.66521623980697,-56.2254832693849,508.89069950919185,1148.6470282800244,S1,3,85413,85668
44.3290862063203,44.3290862063203,45.448526145887335,10.025000994814345,64.94341374312079,21.706093843323483,43.2373198997973,227.2894083951439,-34.24115892253885,34.26241356092663,36.425846946373724,12.425190598219487,1.6149621739056856,-56.2254832693849,57.84044544329059,309.55234337605634,S1,3,85541,85796
-66.8274279413014,86.0843988113254,88.358575947583,57.804262976314845,58.95223594006465,-112.61488674090569,171.56712268097033,386.31803705086,1.8476487988199692,17.526915985110442,21.973908300543545,21.896091886839436,42.253666219591615,-50.92671718660039,93.180383406192,376.58891821908423,S1,1,85922,86177
21.82316094316602,53.19321819803357,57.204644233232614,52.878360113560504,68.10521150636477,-115.55962710849712,183.66483861486188,471.01416669343837,-39.6472641281488,39.89676855048106,44.19919229572765,19.536198369885486,6.875756795914041,-65.76102688085466,72.6367836767687,300.7958868415521,S1,2,86192,86447
36.982752021917975,36.982752021917975,38.60511509085994,11.073886583483851,53.50464243789435,11.38710224570974,42.117540192184606,241.72760483817927,67.28432824332926,82.50166433071612,152.63710833881498,137.00695608208756,431.95788208421175,-51.203045386377326,483.16092747058906,1095.0738309313642,S1,3,86456,86711
36.0894091707507,36.0894091707507,37.703851578232126,10.914896680202363,53.50464243789435,12.900360027619207,40.60428241027514,274.2532510314869,0.5915627446635141,8.885774616502186,10.763138974710705,10.746869967951728,20.53806349258581,-21.93097277201959,42.4690362646054,271.44334391194764,S1,3,86584,86839
-80.05105829250981,91.0754235966728,96.3570949646251,53.63317831595456,40.78791838090596,-125.67338007272056,166.4612984536265,360.6354967406991,-71.1093198994734,71.92659665096998,78.90092295742055,34.188013498405674,9.312058095162103,-100.28586866644638,109.59792676160848,348.0051701459349,S1,1,86965,87220
11.674775303060834,12.198532232337925,15.209051631656017,9.747557291825443,38.28478779311689,-8.474784148670615,46.759571941787506,253.71781961731378,99.30144083438816,110.86473361085338,195.54218167379366,168.45168049610373,476.2422325224339,-27.53744712868742,503.7796796511213,1115.4993811033041,S1,3,87474,87729
1.3833910983267685,7.0644884960076535,8.358127673127829,8.242847036635792,15.654577136006566,-20.35422756625673,36.00880470226329,225.85332728559248,1.6666039460564495,13.636175991090308,25.89255932552469,25.83886722967562,140.45317654890152,-28.911811834202155,169.36498838310368,346.3994639115953,S1,3,87602,87857
-14.626741900115846,15.847112717165313,19.704552865037435,13.203326285389245,10.835999478296452,-42.42377146325819,53.25977094155464,247.30655696912328,-23.0253043711009,23.51088016704697,29.146100067484806,17.869821145215738,5.094302657859442,-55.399404318458515,60.49370697631796,247.29649908396277,S1,3,87730,87985
-28.82337821063998,51.40760880844494,55.71774119902573,47.68311601445541,123.5661028715549,-66.68986988229447,190.2559727538494,416.0609004154687,-53.48019862582256,53.48019862582256,56.8549799977811,19.29655682992837,-7.857332912014438,-85.30996834528482,77.45263543327037,269.1188149971548,S1,2,88248,88503
-40.52112390060927,41.30633644125454,45.36886077579139,20.405196542170685,7.752092236858423,-66.39783966734974,74.14993190420816,281.3102061291854,107.89552947911383,145.78289050194445,218.23628755011347,189.69879262155965,452.7054056446471,-72.69198024988941,525.3973858945365,1147.246405973785,S1,3,88512,88767
-52.44281317997131,52.44281317997131,53.05581717386901,8.04183323363774,-32.01615095311413,-67.6566585750886,35.64050762197447,231.61702560515653,-8.798489228036958,42.00848129243355,60.980260582741295,60.34218067026704,263.4571633889475,-54.00997390406457,317.46713729301206,560.6117521166967,S1,3,88640,88895
-46.27388285174746,46.27388285174746,47.85143140539683,12.185534595090616,-22.615992518999022,-67.6566585750886,45.04066605608958,248.71687687112438,-42.71251307240972,42.71251307240972,43.844038742315185,9.896512531031501,-22.04638464172606,-64.1956267395098,42.14924209778374,317.5114764166218,S1,3,88768,89023
-4.097352702298824,63.625395194146165,73.33177062153536,73.21721302618968,140.331191204615,-64.261180588043,204.592371792658,404.61867956033825,-22.087708339957864,41.8187566152221,44.28349207143202,38.3817770605992,51.360199854002836,-80.93198068239536,132.2921805363982,371.0081217109273,S1,2,89286,89541
-15.840533420812644,16.606266568680326,21.878499240559265,15.091263365380316,6.515829446087463,-46.3650320929012,52.88086153898867,263.34956424627507,-3.8459680078639416,67.10533273364565,99.67552000515175,99.60129426056618,363.84968858408473,-91.470107656234,455.31979624031874,1055.474737801428,S1,3,89550,89805
-3.2691415593018713,6.638715288246916,8.053177001059693,7.359780789917734,16.443740005038155,-17.203664533392608,33.64740453843076,221.57411392836946,-31.12733698060935,31.12733698060935,31.78720119638139,6.443217549859681,-12.172627090760056,-42.65176240103281,30.479135310272756,253.4485688290914,S1,3,89678,89933
-10.350462839637867,12.981749741186452,16.241327221661297,12.515935000084971,16.443740005038155,-41.01910076627941,57.46284077131756,250.29456413659165,-13.594336161483989,22.203240015731417,23.972886158486013,19.7457158668988,24.301012633569556,-38.48747100287114,62.788483636440695,281.77707424852576,S1,3,89806,90061
-6.543259544836499,10.60019401963524,13.361956512286904,11.650220442770705,16.17413441819249,-29.784649857687487,45.95878427587998,299.04698483090567,15.637149298834837,16.24172552137525,17.371944190577608,7.567298511786899,33.932562599292545,-25.20360963163069,59.136172230923236,355.29189428702364,S1,2,90319,90574
27.660757592441318,27.660757592441318,28.60777657773234,7.299819869945495,42.22985251250767,11.117189266975664,31.112663245532005,297.0016016611926,95.69447695882617,96.29010021877683,172.53360607152004,143.56326934010366,476.8644732166442,-8.21291051363552,485.07738373027973,1084.898308605278,S1,3,90583,90838
31.845852586787384,31.845852586787384,33.03468477858732,8.7824866319987,53.40678683602203,11.117189266975664,42.289597569046364,262.75160986227866,10.840221226188987,13.303705387488526,18.79199091342626,15.35019629377999,66.95088315285211,-11.268127489388098,78.2190106422402,279.6086727418715,S1,3,90711,90966
-106.52702364152366,127.92263438532439,137.22246602995938,86.49854575321841,62.57031370408593,-187.45088143145475,250.02119513554067,441.18664646533887,-82.43598941963724,82.84886581808513,95.7626242609615,48.73179510085332,6.556440811124057,-144.49483199172252,151.05127280284657,328.89405572028585,S1,1,91093,91348
1.6748330290001299,30.688740723946758,49.482495162241705,49.45414301963228,34.56714263561083,-167.20605198478162,201.77319462039245,466.8118830624974,-6.246153699312415,24.05568702823,40.205437741621274,39.71728575771449,120.88412776064087,-112.98270676689356,233.86683452753442,561.61231566999,S1,2,91357,91612
30.629742720200575,30.629742720200575,31.70807651921353,8.19884000591671,47.71817660209487,13.874985630278193,33.84319097181668,302.9050649269627,43.546876659699805,66.0470608306444,127.82924637735053,120.18313426844166,434.1223756626653,-31.599531370064216,465.7219070327295,1093.720805190623,S1,3,91621,91876
27.890104516639653,27.890104516639653,29.215191801887272,8.698821878391229,46.56040933580358,11.93118076298523,34.62922857281835,256.0387639434541,-21.757351752637728,22.174031039890924,23.513356736436638,8.916029930800043,8.888809435001573,-37.70097317768777,46.58978261268935,284.94920231494507,S1,3,91749,92004
10.534485636261834,13.213840182412017,17.394011134072574,13.84110673723867,42.19946832493158,-13.710907484416243,55.910375809347826,285.8142156771514,-46.55059975235186,52.12655460531764,57.35446944585597,33.504877676421465,22.224275082707894,-92.60862758092668,114.83290266363457,334.70648290834606,S1,1,92131,92386
9.805364418166835,11.092384959841468,13.537076886513773,9.33312805324845,28.354462076286904,-8.975920810479,37.3303828867659,267.41287909899035,15.718014946957014,30.67543349836778,32.93935103333028,28.947277119345664,67.36851926126582,-56.48728694554409,123.85580620680992,390.0617734847962,S1,2,92395,92650
13.163797489157247,13.64087251709287,15.286194550477374,7.770597113446398,26.5522996491967,-4.19088075319192,30.74318040238862,213.60518261456184,91.61123050794355,101.97893509679213,186.79781882670798,162.79068635286254,493.0701837969319,-34.91071132170535,527.9808951186372,1178.2468737843178,S1,3,92659,92914
16.86503764952728,16.86503764952728,18.40719789579008,7.37532639649298,34.84216882129563,2.4260661697080845,32.41610265158754,218.23396520328436,-11.73925060975777,14.48015409608697,15.744857580860229,10.492403698050968,26.698776706428077,-34.91071132170535,61.60948802813343,326.3707052396892,S1,3,92787,93042
-96.73535656564192,106.91779870996402,114.52292836960514,61.30066812415531,44.61360734653875,-150.6738171231878,195.28742446972655,379.4619379073681,-60.718584822473076,68.25320091825634,74.34863532599583,42.90656164264455,26.790654885040208,-106.27738670424561,133.06804158928583,320.419447641129,S1,1,93169,93424
-24.270531780713412,30.420873361593255,56.17585282373847,50.66229098210725,17.542304985171448,-141.25963244240887,158.80193742758033,416.18428324614086,-10.341506394201003,25.490828894118007,37.29451692629771,35.83202810705259,83.66914349037006,-87.58035478976146,171.24949828013152,401.54053508537606,S1,2,93433,93688
-10.209586479580224,13.623736346594288,16.292180519697254,12.696436114216278,16.275637946258417,-32.63799383110032,48.91363177735873,249.63380062251713,38.70420711557208,79.35322496562213,139.6213259543587,134.14953974132067,435.8525002197402,-50.277765602279466,486.1302658220197,1101.9293721225026,S1,3,93697,93952
-19.313968837554935,19.359301927951304,20.370804434026358,6.476131640980194,2.8690465498035245,-32.63799383110032,35.507040380903845,231.6574570692059,-12.703787261613368,19.49022174330218,23.518537771306054,19.792306791074644,23.991767895904726,-50.277765602279466,74.26953349818419,296.2464249185116,S1,3,93825,94080
139.45938410848615,149.9901712704414,162.02262361784625,82.47672852442679,198.67612561753356,-35.06731453633018,233.74344015386373,432.62880013805847,-19.075751456355015,20.889725203530947,23.65474958588677,13.987954973704335,14.631018932857623,-42.968573385396205,57.599592318253826,360.0357368061079,S1,1,94207,94462
-27.42190256239852,27.42190256239852,29.60333109086462,11.153316615862447,-4.0100935752764695,-50.661177213140384,46.65108363786391,259.3911196178754,75.08746620479786,125.66507297298185,189.45555716700306,173.94045119063853,437.0958477276587,-57.06743842960497,494.16328615726366,1137.9840287814786,S1,3,94715,94970
-28.60295438076751,28.60295438076751,29.734850534098673,8.126028364270026,-7.237553806995664,-44.19547234367141,36.95791853667575,206.80337581456166,-27.585586934710122,42.87383557665218,48.30131909088947,39.6491212940145,178.6117729026761,-57.06743842960497,235.67921133228108,438.4776782496209,S1,3,94843,95098
-15.659160166473765,15.683604786739672,17.80155651541259,8.466765453946964,1.4282386877422009,-32.99762937906699,34.425868066809194,256.14498499202847,-40.09638737663846,40.09638737663846,40.69056831574342,6.9283525603659974,-26.308010930750996,-53.501063858559384,27.193052927808388,246.06440844737574,S1,3,94971,95226
-17.80353201354825,31.98643145810999,52.53875829107853,49.43030821885431,32.9246585649292,-120.5982118112082,153.5228703761374,359.5419965355515,-34.33735230623199,42.8985012922075,45.54047107078443,29.914557358360792,29.62977176234997,-66.73541275275738,96.36518451510736,370.60086714681574,S1,2,95489,95744
-6.294287693228531,10.057180970297997,11.322522288616065,9.411772065401895,12.742081422168264,-25.203185425073297,37.94526684724156,231.91781045500704,57.81895880504606,87.73471846689019,155.59582319833765,144.45424258037124,437.94379475750884,-42.54838242494417,480.492177182453,1094.2692522378898,S1,3,95753,96008
-12.006510764170407,12.541752911049812,13.256055393953526,5.618425391283973,13.465095298087858,-25.203185425073297,38.66828072316115,238.11056587955102,-7.811904298679747,12.031998205196874,15.639036054276556,13.548195449403252,61.39734353831171,-31.1089037619349,92.50624730024661,282.90075075773603,S1,3,95881,96136
-2.7580899918468,9.309530499850553,10.406933613442423,10.034799790303355,16.31723686843287,-18.921394972232996,35.23863184066587,226.38651654319642,-8.516990004063935,8.876573491373321,10.838357294173317,6.703049314068556,6.02619133687019,-23.528494656454193,29.554685993324384,210.32164080805464,S1,3,96009,96264
21.582392735585742,62.741108798359726,75.20248494597162,72.03897601893036,142.0577701881951,-69.7842114083179,211.841981596513,374.52778866046276,-7.141707604986175,12.451050423009121,14.495486175347557,12.614084665348287,15.021982408476205,-30.467684668234877,45.489667076711086,287.9641524599483,S1,2,96527,96782
-73.57439158315694,73.57439158315694,73.82711940319356,6.103479543808182,-62.09015237657436,-88.87139851435396,26.781246137779597,240.21909184109913,44.867505232612224,69.3314628122907,130.54558239816515,122.59305061004741,424.5472767357996,-31.736341744836885,456.28361848063645,1059.615220796233,S1,3,96791,97046
-72.9854735503053,72.9854735503053,73.25345958071456,6.260190985989619,-60.79477483039422,-88.87139851435396,28.07662368395974,256.6397128660656,47.60769680095019,65.53032644652035,130.11226117417618,121.08966806943454,424.5472767357996,-28.53734902859342,453.084625764393,988.328193577076,S1,3,96919,97174
83.43171279423652,106.66130109489202,111.85108229069252,74.4970731627713,139.4776333027909,-62.5877865187821,202.06541982157302,487.24941687339617,-51.93589606920129,51.93589606920129,55.20262795371165,18.7080953729937,-14.279173491522164,-77.97980886322962,63.700635371707456,293.7018348973302,S1,1,97301,97556
-10.757790464056821,37.03141027509898,48.89657527685889,47.69848024976242,138.1432132177867,-45.93433302366297,184.07754624144968,434.0660858134975,-11.450720660384908,19.23365952336323,24.009304921086937,21.102789368980673,56.72150902195946,-54.2763155914538,110.99782461341326,374.4377553183118,S1,2,97565,97820
-18.1350588870399,18.157412382078267,19.866922036501258,8.112597017479324,1.2508601780585664,-35.05350173369604,36.304361911754604,308.5374228326428,76.25829477378187,105.73137220050698,177.59110735939757,160.38476826473288,441.9510658080632,-58.45360789950504,500.40467370756824,1135.448890856729,S1,3,97829,98084
-18.375026360719644,18.375026360719644,19.227002701178403,5.660038790854683,-6.1972144986431905,-30.582270098191927,24.385055599548735,239.14224275439292,-30.637924617572157,37.26393984173288,41.5578700311325,28.07800093761069,80.27565786080795,-64.08285754664465,144.35851540745261,380.77442997080396,S1,3,97957,98212
42.02078223229893,57.09217388375189,59.080328958765826,41.52997869565664,78.84765337540499,-56.7588544425416,135.60650781794658,356.42945635141933,26.49303125417491,42.15321738914628,44.50570160687307,35.76138658504918,105.89941611524759,-48.11916594061508,154.01858205586268,449.63841524138957,S1,1,98339,98594
-4.185462546570623,34.839412958284655,40.73960662739612,40.52403547804971,87.95199014168297,-42.7712168322764,130.72320697395938,398.76825730598216,-30.778470782050977,42.949696861741636,44.5126173736546,32.15678531463945,35.843544756410886,-64.65983492454708,100.50337968095798,338.1852850135551,S1,2,98603,98858
-41.80625483939517,41.80625483939517,43.01456162590979,10.123713161322716,-23.533920237940084,-63.40390657272499,39.86998633478491,292.4307490100638,68.51866828926583,104.33939743745107,170.04238458557495,155.626490840776,441.07857553709437,-61.93349964337733,503.0120751804717,1117.4754015599124,S1,3,98867,99122
-38.6437873428992,38.6437873428992,41.179597078226045,14.227329873234336,-10.114367063878458,-63.40390657272499,53.28953950884653,281.9583074179966,-28.616854561978112,32.590138064318154,36.20260754981217,22.17440931308678,36.184828991712585,-64.91901752544311,101.10384651715569,332.4015720757542,S1,3,98995,99250
106.41837918383212,117.92247476888359,139.65313001030952,90.43298786152397,184.80176049637984,-28.383289241110234,213.1850497374901,564.6550520477961,-21.351532402548074,21.85430624773215,25.50999588147153,13.959654506313338,10.34744571311257,-51.219767073835655,61.567212786948225,329.2486051322731,S1,1,99378,99633
-0.423109734179802,7.6908692731228,9.184192136604894,9.174440765241087,16.739755406641432,-17.474401058228427,34.21415646486986,239.22382820603133,78.80719418339444,89.08009473674669,161.18941821145725,140.61100486195537,447.91769128590437,-32.423808884871676,480.34150017077604,1075.8103122308498,S1,3,99887,100142
12.000664673404811,12.435425806403854,14.595707314166102,8.307750561812483,26.570945680533818,-6.543358707256991,33.11430438779081,218.72356993205025,16.813203931521155,18.959776754807397,36.35919836653733,32.2382921293032,192.5033305221488,-15.45789607448089,207.96122659662967,444.98400112103593,S1,3,100015,100270
23.62000723166322,23.62000723166322,24.991711660106148,8.165837989947077,39.809753509882256,8.530762062927153,31.278991446955104,224.5861042224945,-5.702475511746238,10.970897825276037,12.681840631173564,11.327438140745647,18.463067946761388,-26.877734518841265,45.34080246560265,273.1340429806517,S1,3,100143,100398
-119.46630599515107,125.95557196540926,138.18820881924907,69.45345771482742,24.290775830265556,-183.43962048070824,207.7303963109738,601.0484227901655,-58.225499907581025,62.032633444036165,71.08883331833901,40.784965159662306,65.69877601271979,-112.91949735240891,178.6182733651287,451.03978868749,S1,1,100419,100674
-6.507816518941665,9.792729666048754,11.527132148561657,9.514362812411226,10.802557144693514,-22.461701041902597,33.26425818659611,253.1628048148309,45.08507623853299,95.79977932511018,152.69737448482348,145.88976686225834,418.25612243227357,-52.75631547740818,471.01243790968175,1111.8631125939414,S1,3,100928,101183
-12.629241276720052,13.34446709194326,15.0252581276014,8.14006428570699,7.361558344648574,-26.218819127560103,33.580377472208674,235.21157056490378,-34.07550689011263,34.41762550689814,35.79703572525504,10.967570236705711,18.657304716893474,-52.75631547740818,71.41362019430166,388.40826738262245,S1,3,101056,101311
-22.971881218842704,23.170162088227585,25.623640959599598,11.35181259948613,4.026606666168132,-41.385565165098434,45.41217183126657,238.47331900089839,-28.399098879929955,28.399098879929955,28.950413458652108,5.622954938007813,-14.36450454055384,-43.6047844139232,29.24027987336936,270.4577331740485,S1,3,101184,101439
30.278396288431182,36.80761635523905,74.43098614158731,67.99404691743153,184.45261700684495,-12.56774604126466,197.0203630481096,452.2396316048222,-18.293658451694903,22.94368938471682,25.311782697413136,17.493667533533237,15.973064483862023,-40.20947224097984,56.18253672484187,290.2764758067319,S1,2,101702,101957
-11.338402064294595,14.759337447070259,18.09052183974095,14.096369002780268,16.048415618412978,-33.98377543777649,50.03219105618946,241.3616239181033,89.67776387813555,101.57062210451525,175.56012177155364,150.92797958715312,447.6140593494408,-45.741007212787885,493.3550665622287,1084.2433539673566,S1,3,101966,102221
-10.868441121074333,18.134454507653835,20.485671967750218,17.364899756923666,31.544703845345015,-33.98377543777649,65.5284792831215,240.2414131070241,-13.919050978120147,22.996412717595057,26.81730561387019,22.92221412203032,31.343796139835735,-50.44801426691149,81.79181040674723,284.731031474827,S1,3,102094,102349
-120.58097748414815,126.62849940309665,139.53854620800718,70.22274380007883,31.212493312508485,-183.31527253687548,214.52776584938397,382.10095793755215,-40.194329250889865,40.48039823113357,44.09254319898066,18.12645199218629,6.1876528981785315,-70.83374038034769,77.02139327852622,358.8272027945703,S1,1,102476,102731
-9.419079765284277,69.07926637764582,86.48047135245027,85.9659982883767,54.89639110851128,-179.05997710136248,233.95636820987374,428.80006079184193,-48.93839033230173,48.93839033230173,50.88844154716043,13.952327217422942,-16.672414631097148,-78.83743335545776,62.165018724360614,328.72413852240567,S1,2,102741,102996
15.698495154474202,17.63754937171729,20.0374470722625,12.452169893583646,34.81030830678286,-12.77028363132092,47.58059193810378,269.5618294534073,55.7286322144579,101.1879010114362,166.27143577052593,156.65410912164998,455.98080335737853,-53.13772830930775,509.1185316666863,1127.1057276695287,S1,3,103005,103260
-9.838905298130701,20.160206440301092,23.39794352498759,21.228747106999137,34.58849671549933,-38.37620651567511,72.96470323117444,248.7510701132401,-22.921311443911684,23.225161201530582,26.19972100413444,12.690108840576844,9.823772961450263,-48.839367069764286,58.66314003121455,281.46478042819604,S1,3,103133,103388
-2.2782961667216384,57.250876978797834,68.08369801860168,68.04556783850693,144.0498087354506,-52.078856195768694,196.1286649312193,393.4216961446048,-17.77496460741729,19.788674235978124,22.139686047566414,13.199103435077314,16.09482558099707,-33.57190700035438,49.666732581351454,214.14326403881927,S1,2,103759,104014
-29.920024801187143,29.920024801187143,32.551016482424224,12.820327216393487,-1.4076703554523315,-50.80244645834422,49.39477610289189,316.3494111503238,93.19188599628099,114.06858962590675,194.14213870654115,170.3127781641942,451.4768603096646,-46.86095279801674,498.3378131076813,1109.1978802218853,S1,3,104038,104293
-49.63456099005798,49.63456099005798,51.27896139031462,12.881856876770213,-14.88003105082244,-71.48981225149473,56.60978120067229,246.99844208428985,-24.846808317944678,27.33967498378946,30.81307724952113,18.223112961189475,39.46237838388534,-46.86095279801674,86.32333118190208,295.47509547153925,S1,3,104166,104421
90.75976269226791,106.73137659987813,110.91343667545307,63.753085503393095,133.9912680962209,-54.301172157138815,188.2924402533597,394.41212891378535,-67.39988932055167,67.39988932055167,72.70901205912101,27.273711778758503,-2.209642824658338,-97.50413204488876,95.29448922023043,294.2857908378127,S1,1,104549,104804
-22.273005227901074,49.145345562901284,54.6549764659526,49.91071719191905,116.49901748900507,-59.31395043501959,175.81296792402466,351.2845877741232,3.084450641487729,48.92297151392965,86.72887595754435,86.67401045930286,342.49479450989685,-90.36318287303875,432.8579773829356,872.4253062971151,S1,2,104813,105068
-22.852722756289054,22.852722756289054,24.316546836883624,8.309483298890692,-4.115573964940626,-39.001902989700355,34.88632902475973,225.67679269660573,-27.209975414056366,31.702293039729557,33.59465723355922,19.70325436588537,85.54611383599902,-49.062988487091516,134.60910232309055,412.12947026000313,S1,3,105076,105331
-17.340050201984994,17.340050201984994,18.345097976500725,5.988762706941323,-4.115573964940626,-32.35076426619791,28.235190301257287,198.38949331419295,-28.708231394072843,28.708231394072843,30.272824305322672,9.606317798475404,-9.638519082689305,-49.062988487091516,39.42446940440221,306.19627003996396,S1,3,105204,105459
-14.084380834675976,14.084380834675976,14.706871196954053,4.233471023593851,-5.9091761552771915,-24.954419091858036,19.045242936580845,193.27078283981126,-16.025923435301088,16.87361898896292,18.80315524270414,9.835061012881388,9.599865764267804,-36.73780340811314,46.33766917238094,268.1078994967039,S1,3,105332,105587
-1.9903202186956337,9.29325507731378,10.771470684354597,10.585991032065062,19.289599319766857,-24.710251274301914,43.999850594068775,217.96306318819734,83.63931998241252,83.63931998241252,91.29843908703424,36.60422287945089,177.42020613627093,1.109159507916363,176.31104662835457,436.98353241139773,S1,1,105594,105849
8.147640849076165,8.819249009994685,10.256643576411902,6.2301433408884686,21.969625912568823,-4.833776214379311,26.803402126948136,273.3947143463737,-28.618597413245585,28.618597413245585,30.214689445176976,9.690373592749763,-9.427810079745024,-51.11648619739948,41.68867611765446,309.8369043570045,S1,3,106103,106358
5.299612519586113,6.383993104912847,8.36112980338643,6.467039410064155,20.767465478191774,-5.736761116702637,26.504226594894412,269.4523105270703,-21.104114417774333,23.547804638489172,27.208729429275785,17.173564330011047,15.968989727420896,-51.11648619739948,67.08547592482037,267.5291204149563,S1,3,106231,106486
-2.7876722808975494,9.097363494481574,11.428026127470032,11.082809410273784,20.767465478191774,-24.169224670842482,44.936690149034256,257.4358831726234,5.630398635754036,14.830485272566847,16.14350018477018,15.129811942591152,30.973974536378137,-23.737254819310238,54.711229355688374,269.27249783947855,S1,3,106359,106614
17.15568818663928,23.862209273670178,25.005325332150793,18.191994332934133,41.65577531657801,-30.230022719501232,71.88579803607924,255.77100084662572,-52.572359150165596,59.24045961827304,62.42882224504735,33.667564513782686,28.269942391051305,-80.83969449837898,109.10963688943028,305.1070102336324,S1,1,106634,106889
-19.214817178885067,24.816516397730254,25.44472192012145,16.680068176549288,32.75919913506439,-38.71413456428299,71.47333369934739,269.96580886852564,-11.414233236447004,25.657220169508292,32.20569508957157,30.1151469501054,62.03944716828689,-71.42672831989036,133.46617548817724,371.10663172204636,S1,2,106898,107153
-25.180053860768886,25.180053860768886,25.74922344796984,5.383994403995768,-10.252901815791747,-37.84468316161706,27.591781345825318,250.0116302435572,37.598888517277715,62.48977167782135,121.90082417783893,115.95746857146254,404.6364146067541,-36.64795144055442,441.28436604730854,1055.4279232641193,S1,3,107162,107417
-22.27635492348058,22.27635492348058,23.529631023880956,7.576776850554841,-2.8312188309876083,-37.84468316161706,35.01346433062945,277.47431585518245,-14.662218796385329,15.095212351536714,17.095771109600644,8.791173402838826,6.817632778150005,-36.64795144055442,43.46558421870443,312.6559096078255,S1,3,107290,107545
57.918527551195524,63.237703001197765,67.72253019162096,35.09679845593354,92.94661701220068,-22.857559232676888,115.80417624487757,311.6004625358225,-5.981990022367437,9.012487292850778,10.384246228083288,8.488130836512736,18.51151018913244,-21.38819230619479,39.89970249532723,310.07644063954325,S1,1,107672,107927
-4.458711486869324,25.62792005151612,31.280807020805064,30.961407909681803,67.37867172971005,-33.80541466636478,101.18408639607483,316.2406301516751,-18.89524607451294,21.689522631887726,24.220708164830935,15.152966039343955,13.894165906785792,-39.203902414194,53.09806832097979,229.17774769445376,S1,2,107936,108191
19.432907669783603,19.432907669783603,21.4541717441014,9.090851705041974,37.18588304358124,0.24886306574993028,36.93701997783131,212.2935272419523,64.7738464324043,68.0587918124148,140.25026712919566,124.39648808612743,443.78626754669654,-13.43651791732533,457.22278546402185,1038.4162995805332,S1,3,108202,108457
25.13824339175779,25.13824339175779,25.69574704132093,5.323545358903132,37.28177266498181,11.343478477187347,25.93829418779446,250.61169071079036,5.0028948049736215,6.482866835310074,8.3898333961004,6.735009130260294,20.028503469778787,-9.813607276963543,29.84211074674233,265.4523680093145,S1,3,108330,108585
-83.54606746028377,110.81810184775865,116.58735693180707,81.31830303361167,70.2371047208366,-155.51982887622057,225.75693359705718,411.79558085344837,-78.16612956359661,78.35288162792817,86.96749290003469,38.12349682760766,4.670723370434784,-119.32241412584382,123.9931374962786,386.86324247098946,S1,1,108712,108967
-12.744650300430685,32.85869812422909,56.16750935399722,54.70249533386111,29.499352777859865,-145.91130023012798,175.41065300798783,346.5382628411355,-5.345127981134488,26.557843508953788,43.748194210891356,43.4204341707814,82.73742726823359,-112.4030011891459,195.14042845737947,514.6640287104672,S1,2,108976,109231
13.022219431454221,13.038146953520918,15.046643327873797,7.538121550844423,31.774535872708583,-1.0162324807161303,32.79076835342471,242.38145938427607,63.21478010139129,63.92716602959698,126.95270275344652,110.09486960407234,437.29600634194685,-11.164475839632395,448.46048218157927,1044.696085363339,S1,3,109240,109495
4.154767842189292,6.156514873627415,7.4499202887128915,6.183786581511826,16.975048173229514,-13.033015907888508,30.00806408111802,243.1244701863102,17.710878596948234,17.710878596948234,19.21534884041495,7.453483104092812,34.42336205000838,1.1852331327027592,33.238128917305616,273.8186117575308,S1,3,109368,109623
-1.293535094344766,4.668246154746555,5.710153947647493,5.561710624037602,11.48952344033808,-13.033015907888508,24.522539348226587,246.17485183100072,20.10325091545502,20.10325091545502,21.14106774940839,6.542480280087396,39.48874107111299,7.5228285983852015,31.965912472727787,264.4029515292257,S1,3,109496,109751
16.38623399407539,18.29921841294093,23.95391304504281,17.47230052571442,55.97678292614453,-12.935780195459877,68.9125631216044,260.18888412326214,-8.138489471798584,18.96942890341834,30.3274043704321,29.215003764592048,57.99167296456435,-73.98656170662521,131.97823467118957,382.83096957743186,S1,2,110008,110263
9.811035436523078,10.885525984962312,12.745523554596286,8.135843800372347,26.514866373860265,-9.373716076112204,35.88858244997247,253.09494556151543,30.385349480225955,58.95667273193949,110.0225530421516,105.74352327626308,402.9672598490689,-44.244363342866926,447.2116231919358,983.0913498182358,S1,3,110296,110551
3.870691838386945,9.465589469132503,11.100067311373866,10.403328265957743,22.405325628782773,-16.24852496555015,38.65385059433292,234.62260796906725,-26.707107541152656,26.707107541152656,27.993240914109812,8.387606551376773,-1.4872031988953773,-44.244363342866926,42.75716014397155,264.480767964704,S1,3,110424,110679
-91.59624035412287,95.03394005828827,103.00152900027327,47.11097249456739,24.16755933727922,-132.55605129190542,156.72361062918463,377.5949447158992,15.623084462157868,27.20229510280561,32.066368659874655,28.00305752804991,80.77088349308995,-46.161234326122084,126.93211781921204,378.88205252701914,S1,1,110798,111053
55.44244583407256,55.44244583407256,56.33828149495001,10.006855736951405,81.5142817247715,33.04505797992084,48.46922374485065,308.5498695790585,85.63407022409535,131.95131229526672,203.18376253926428,184.25647173564042,459.18212123285144,-66.89506235503796,526.0771835878894,1186.6011325572645,S1,3,111306,111561
49.112063883089,49.112063883089,49.70470450555375,7.652635567423842,67.49240075305696,33.04505797992084,34.447342773136114,258.53671239996766,-17.19276901039797,33.22601997408403,41.8475499470935,38.15266871831621,189.7854800399383,-41.92857341114649,231.7140534510848,455.8527586102258,S1,3,111434,111689
50.196675642359025,50.196675642359025,50.5139976651391,5.6531154746279695,61.04668277366135,33.897911128299874,27.148771645361478,234.3233831016684,-28.650136256050835,28.650136256050835,29.368986912829662,6.4581022596178626,-11.971320371434604,-40.33130813201078,28.35998776057618,206.76333401273575,S1,3,111562,111817
-105.26884694202484,120.21642774899695,124.46794227714754,66.41339110604036,64.9000029918543,-156.55123221183453,221.45123520368884,444.0699496694927,-4.32189803850314,12.424613735914514,14.430861684515852,13.768477268834427,41.03565403777227,-26.84749372266764,67.88314776043991,318.3989126772076,S1,1,111837,112092
9.7108464234026,81.36293029175803,88.898242168218,88.36626574853224,76.55183936999752,-153.2412545685364,229.7930939385339,419.8890981743449,-37.37830053431669,37.37830053431669,38.83816741615093,10.548265137512834,-15.967222893302665,-65.73920450112207,49.77198160781941,300.22551190040394,S1,2,112101,112356
70.39578784381575,70.39578784381575,70.73722011955829,6.941711899187648,87.1561758248069,53.34358334589261,33.81259247891428,273.2667593377898,45.74539028228188,70.18014914818602,136.93700228712748,129.0701431908498,430.0527290007433,-39.73404570767171,469.786774708415,1102.5127228235324,S1,3,112365,112620
77.23563018136589,77.23563018136589,77.43593656784304,5.566120967630179,88.18257265116432,63.4401152011229,24.74245745004142,239.79145746753449,-15.279403819307358,15.279403819307358,17.091799382628672,7.65959692559351,-0.7520110070084294,-34.627471577344664,33.87546057033624,265.33064201084875,S1,3,112493,112748
75.71152067872289,75.71152067872289,75.94696257647604,5.975513459776477,88.18257265116432,61.68079994737884,26.501772703785484,184.2845247366207,-29.651914686848134,29.651914686848134,33.71401386456937,16.04364940605022,-0.7520110070084294,-57.04240873820528,56.290397731196855,220.6269890954013,S1,3,112621,112876
-123.7008489216904,137.07041469571746,142.36961437708868,70.47841565993144,63.40925836361333,-169.22916023510405,232.63841859871738,443.49027750951416,24.62303422178163,38.115763151970576,39.69089975290699,31.12994874567388,71.7269547593647,-57.426143987959705,129.1530987473244,335.7603964492472,S1,1,112879,113134
-27.39678509213025,57.488116034829126,82.82087122326178,78.15825533362256,53.258209845979955,-167.6439610351361,220.90217088111606,544.0906330095495,-16.055451773478932,37.53867670289874,39.10788601105669,35.66019092213747,50.70362453594028,-64.32572545689692,115.0293499928372,363.7696577467665,S1,2,113143,113398
1.0264242970728998,4.664817034888481,6.105891939631117,6.019000709489129,16.555227826339376,-10.486024543865572,27.041252370204948,323.7303795030049,5.435960919598049,102.92181461217675,140.98001453554514,140.8751746310297,391.60391409383493,-90.44498092166499,482.0488950154999,1172.1802792736735,S1,3,113407,113662
-4.488711601256306,8.455137912718532,12.735324969165719,11.918052283448116,16.555227826339376,-42.90758434478963,59.46281217112901,256.82267077784314,-42.10905446914116,55.437872861770884,59.87310701654738,42.56308818130843,202.22837079837367,-75.52381777539217,277.75218857376586,531.5683075772298,S1,3,113535,113790
110.7356781346679,119.2503132561671,131.02423528486054,70.03541832557097,170.4277122143212,-42.27101424933614,212.69872646365732,427.5331140942768,43.22434101680168,43.32346394315057,46.822922127839476,18.001177190754934,73.01344668707071,-3.7724328407510788,76.78587952782179,273.0961905001686,S1,1,113918,114173
-9.13046045279592,58.57882051436337,73.16527923141548,72.59333837846918,168.55240802617683,-60.52576019940883,229.07816822558567,428.2196861458185,-2.9535789971931647,22.036821164218555,27.201459929527214,27.040632267108954,60.51337506774596,-37.23708421632423,97.75045928407019,330.18776884025505,S1,2,114182,114437
-32.886349661539896,32.886349661539896,33.400684338465744,5.8389828066852205,-12.138741941836129,-44.48680507550904,32.34806313367291,217.46278213532588,35.11107513447381,54.789333005807805,112.60080010532677,106.98669350559952,413.35395958792,-42.19456826546718,455.54852785338716,1063.0274412916035,S1,3,114446,114701
-28.983146892187577,28.983146892187577,29.546647851442547,5.742960515538305,-12.138741941836129,-39.70576809415574,27.567026152319606,236.92230554258077,-6.027599387193456,9.070982439025517,11.526526263541616,9.824909838345576,12.141229004109796,-25.733169825065012,37.87439882917481,246.26884977059356,S1,3,114574,114829
3.157327214711459,6.466704795330169,7.645703649437912,6.963337501103231,14.721232172315538,-13.291080331997092,28.012312504312632,228.5184438441364,-23.001676591604067,23.001676591604067,25.446200092841913,10.88264550282702,-4.822625650390376,-52.47845874081234,47.655833090421964,268.11246402723145,S1,1,114956,115211
0.45282489443000706,10.871627254124856,12.693346167159907,12.685266514123287,24.4141728057494,-20.627157933919364,45.041330739668766,206.48200722809952,-26.862476075869633,26.862476075869633,28.11216175744283,8.288607708774908,-8.956237592947224,-44.18359215931609,35.22735456636887,278.1543435378935,S1,2,115220,115475
29.588677309496955,29.588677309496955,31.043138171707362,9.390772205850531,46.6796614564447,12.897142059737172,33.78251939670753,179.83899571028778,19.83431291306816,67.1201168380107,111.4025211847979,109.62263341844987,384.0859886315614,-55.92874998069822,440.01473861225963,994.1219072990593,S1,3,115484,115739
28.002042420147752,28.002042420147752,29.373817011163972,8.871682259052777,46.6796614564447,8.259651224090879,38.42001023235382,190.41981788689867,-35.26235392065756,35.26235392065756,36.25155309478249,8.410796499625986,-10.321796342775372,-55.92874998069822,45.60695363792285,241.99393996908077,S1,3,115612,115867
-89.93449406292358,103.10238846710719,108.23851294362332,60.22758887663423,43.772078536005964,-133.78446399084424,177.5565425268502,430.48677681814576,9.989057939913767,11.29556266909406,16.12634183952395,12.660079881194525,52.769427160757175,-13.910407036955695,66.67983419771286,296.6077871601865,S1,1,115995,116250
7.882631593552713,53.24754940333612,62.24971281919149,61.74861022915526,57.12265299007595,-134.57853489247321,191.70118788254916,422.8084456541823,0.7270106447235634,7.902006670472468,9.768667053145155,9.741576439040157,19.756955877719115,-25.253121670427692,45.01007754814681,233.37816319565025,S1,2,116258,116513
22.615087022388117,22.615087022388117,23.87377315905605,7.649502194252757,43.4192350047979,4.2985638717793435,39.120671133018554,250.17573237092378,86.41178850105159,92.48178022242203,170.82031115416194,147.35189686887043,464.9243080138657,-32.57770353618878,497.5020115500545,1072.518532643493,S1,3,116524,116779
15.878211852508594,16.09792936171123,17.839830326123696,8.132769173641803,30.853578088386367,-4.612813008731329,35.46639109711769,218.15095867909122,6.399824186667358,7.505877470863189,9.997053571789566,7.680060578991419,31.501714324263624,-7.495739863916027,38.99745418817965,256.17023945138646,S1,3,116652,116907
41.25597257638999,42.40206961789755,47.5460944787327,23.634208828660476,70.44525523404604,-10.168639666940887,80.61389490098693,283.97572643870274,-79.47055558244668,81.02056479731793,90.15851297417454,42.579199817888224,13.623335561621646,-126.0088622457575,139.63219780737916,410.7059479566616,S1,1,117035,117290
-6.712866346444725,27.082199909993097,30.525816803718477,29.77856472278258,62.956326574198236,-38.54061387451792,101.49694044871616,287.0749892858353,-28.068131331036327,29.99962170520815,42.41155503590322,31.79496822057139,32.87676952814367,-98.28871432225509,131.16548385039874,380.0628024733292,S1,2,117301,117556
-28.977694687797797,28.977694687797797,29.473197079590072,5.381687158608536,-18.663624150869165,-43.00343464162478,24.339810490755614,203.6299245073663,37.90380612279564,64.87448628121457,123.67803461369232,117.72662284849251,427.00445479514246,-37.77599290510415,464.7804477002466,1101.3613875656845,S1,3,117565,117820
-27.850617051654105,27.850617051654105,28.495103678333,6.026115123448978,-15.724017870550377,-43.00343464162478,27.279416771074402,220.9596761276808,-15.888907847433618,15.890174044846962,19.03003929930544,10.473060829999598,0.08855242139942279,-37.77599290510415,37.86454532650357,313.7541854026081,S1,3,117693,117948
-19.53826892345127,19.53826892345127,20.599426643181857,6.526287267867459,-1.9869319687051763,-37.02945963788744,35.04252766918226,207.49130650627697,-5.998474276700884,6.872739886159506,8.457659793262465,5.962408534336295,9.767865123415557,-26.110093457516577,35.87795858093213,291.9361855994307,S1,3,117821,118076
0.8089182029408237,9.222085821175021,11.136439039670737,11.107021465057747,24.41288426370633,-22.77672005480897,47.1896043185153,284.09536561244977,10.512296521477706,11.476311112026178,12.816663696453345,7.332018150039784,24.08439281814984,-7.61656155675744,31.70095437490728,281.6534300745464,S1,1,118077,118332
-4.381271888478266,8.007794767904155,9.785460388727534,8.749839521876142,14.832616645785189,-21.259600465314733,36.09221711109992,224.00097185832348,-24.44872582416243,24.450593882173088,27.988379033640093,13.623845510928161,0.23911142536381025,-43.65649921610828,43.89561064147209,241.58035521077886,S1,2,118341,118596
32.37499229864967,32.37499229864967,33.08176709416269,6.801704766806608,47.22553477182005,11.455721443193204,35.769813328626846,226.9968727257522,73.55831905243542,82.62227238613522,161.75294697568762,144.05967358528798,452.9024779711033,-25.153488907189658,478.05596687829296,1117.3723630876048,S1,3,118605,118860
38.6444398334239,38.6444398334239,39.165583577587476,6.367904438186033,52.978378069419925,25.692695377174797,27.28568269224513,227.87217856927478,-6.812235808401996,8.328347273602628,10.237550580479699,7.642047185054918,10.639789655631962,-27.534784242631403,38.17457389826336,302.88602607888595,S1,3,118733,118988
-48.19402266850176,57.40753842192586,60.69113697284312,36.88834892055137,34.074806773779784,-79.82863161287824,113.90343838665802,321.6192918286072,-53.12760063928953,53.12760063928953,56.20267419362323,18.33572024292269,-12.838737417263541,-75.8942675730594,63.05553015579585,285.78687634108735,S1,1,119116,119371
-10.110100524620005,20.258487586422525,32.05498452244073,30.418874077059346,17.431825879173267,-74.93662891124671,92.36845479041997,322.5010663202698,-25.849990519888443,27.163243562802194,35.31039987442937,24.054154098903144,22.32071821792017,-78.56532105372399,100.88603927164417,358.5588145951484,S1,2,119383,119638
5.094425121174777,6.516888707725852,8.084008376299007,6.276784536115276,19.60470706970245,-7.328712824011473,26.93341989371392,239.40915544396046,68.18740474502816,68.40266288163745,138.6150177824635,120.68388868846736,434.64344118577964,-6.228307212256304,440.87174839803595,1043.752905044911,S1,3,119648,119903
3.5639989969607155,6.369884904347826,7.79865851189543,6.936640810566887,19.60470706970245,-12.76781272507414,32.37251979477659,268.0556176399273,10.806819298341447,10.82349907581852,11.787263711666053,4.706616880664312,21.394010646182238,-0.8175059496278896,22.211516595810128,252.87471309989587,S1,3,119776,120031
-9.147623518004483,12.150962238783586,14.559118163744708,11.326469250332707,13.970929033707279,-28.80340710473871,42.77433613844599,242.76884762347908,0.5430430413320639,11.568200645499205,13.268690358563541,13.257573235200246,18.726209098584896,-25.052337676402935,43.77854677498783,216.17210446582786,S1,3,119904,120159
36.72548482468322,40.68726671569011,43.99100571514369,24.216675003430332,65.04815300555586,-20.946277829813695,85.99443083536956,289.9359730405772,-47.57850949421149,47.57850949421149,50.304929014019514,16.336196540650747,-5.9487519660718045,-70.01513785701707,64.06638589094526,292.7735718434145,S1,1,120161,120416
-33.80709686505129,49.02753434219752,50.08591591863699,36.95509673868835,54.011132474362796,-67.06619033445901,121.0773228088218,284.0817113671228,-12.92546366876654,15.286366383292203,25.78953803853225,22.316645383845174,9.179275155864719,-69.09557509927025,78.27485025513496,294.1485061502185,S1,2,120425,120680
-9.811242145847249,16.02787990839891,19.852981117862456,17.25921165122422,26.26999071244133,-44.51712626446905,70.78711697691038,272.2067144589048,79.75868738781013,89.65382543442794,172.3952667626978,152.83546639558276,473.49058514763794,-20.056756013352395,493.54734116099036,1169.3464184429572,S1,3,120689,120944
7.376009409465826,9.35904653897683,10.939388359283292,8.078657244040894,26.26999071244133,-12.599669109518832,38.86965982196016,297.5082265423619,-4.9752491541552,10.056085340309988,12.192563275459916,11.131284520672883,37.40568167287069,-25.419974392872604,62.825656065743296,329.76531728450027,S1,3,120817,121072
0.5929574931843771,13.106725044756688,16.49024137894448,16.47957712282476,41.017304321343815,-21.59127157309405,62.60857589443786,254.70489754563187,-62.300064504004425,62.55023980115187,69.38968432888618,30.55536375269259,5.2193075156058315,-95.69794402135416,100.91725153696,363.5169442624619,S1,1,121199,121454
14.116943304521886,17.81590489849612,19.68934871456507,13.72524551841095,40.69705026623088,-16.51982172344931,57.21687198968019,282.0373746680068,-1.2711515694883966,21.599998101030845,31.2954323224957,31.26960597671956,76.98630777765993,-68.5341694117002,145.52047718936012,421.6964342482427,S1,2,121463,121718
13.0687878274309,13.0687878274309,13.58786505080851,3.719793187877164,24.081071325509253,5.1657471939611685,18.915324131548083,209.3996659592623,47.89474858485949,66.79069678741632,131.31806648162063,122.27235027783034,436.36652535568845,-25.433598601300233,461.80012395698867,1036.1204931069317,S1,3,121730,121985
13.178563646388673,13.178563646388673,14.108726472711608,5.038017755017957,25.61991707244175,0.9050382061530661,24.714878866288686,216.32988336901315,-24.718386132876045,24.718386132876045,26.34082964082653,9.10168628074418,-2.7782885114696523,-45.79867206342918,43.020383551959526,259.1767302445693,S1,3,121858,122113
20.30739799326158,20.30739799326158,22.32675731089955,9.278667941201581,38.63718065817985,0.9050382061530661,37.732142452026785,233.98280415567717,-28.85506274204885,28.85506274204885,29.834920598570434,7.583392464815916,-14.210338235525874,-45.79867206342918,31.588333827903305,271.61898023678395,S1,3,121986,122241
-74.7107027850427,85.77539949018781,90.18081499827376,50.506339038955204,39.841454370875056,-112.4988440692534,152.34029844012844,360.73845053149853,7.207086795470278,19.41739568084864,24.526607740685964,23.443813409683045,57.00058007973422,-44.00994106005901,101.01052113979324,374.3368125910001,S1,1,122242,122497
16.475783153316854,60.64070590129089,63.57978498799569,61.40796062893346,70.28575369559266,-95.14620630622026,165.4319600018129,357.06448046719134,-12.626607323403434,26.756635136322075,28.165284912578276,25.176418762550092,38.62550126965102,-45.91397802011901,84.53947928977003,302.6598305759138,S1,2,122506,122761
41.80224137687129,41.80224137687129,42.94188015092623,9.82739470899089,54.66345039777357,14.260184193162035,40.40326620461154,197.5678191876013,46.66942198645734,56.13245520611462,122.77045378407291,113.55416933691671,432.0357367474774,-26.270294347721254,458.30603109519865,1078.7363282872348,S1,3,122771,123026
26.409708553796143,26.409708553796143,30.114370489776405,14.47074994943465,49.8266312078989,4.42278198417583,45.40384922372307,191.1108378936419,-3.2969635552694845,8.519921491130487,11.046652930555453,10.543176574608536,14.812580106143026,-27.127290645110328,41.93987075125335,301.4954131020056,S1,3,122899,123154
-61.545936754340275,67.70423252139747,72.47597357526135,38.27354719271168,23.729244351329754,-97.24961705785263,120.97886140918239,345.3292634692375,-55.833288111004606,55.85333952196156,61.05499880921028,24.70540058987551,0.9604941659913213,-81.89814352150276,82.85863768749408,343.5490979569796,S1,1,123281,123536
-8.26078260495269,23.520743317576134,37.157047386891996,36.22713956780811,20.96627593286236,-90.01167426219664,110.977950195059,352.97702978853107,-4.284165928938228,21.71941489919514,33.10704731505822,32.82868416819091,64.23133145129876,-78.22473723860978,142.45606868990853,436.42020720025334,S1,2,123545,123800
19.084722267824027,19.256448430852554,21.481351609743115,9.860113738767671,34.729678273612315,-5.353869679274287,40.083547952886605,203.0412857726477,77.12045254925016,78.96734349478798,155.26662910297264,134.75964496687772,453.4876735910646,-13.181583168172367,466.669256759237,1132.2033965978333,S1,3,123809,124064
23.979335931919003,23.979335931919003,24.64972842941371,5.709690001044271,34.729678273612315,8.858901137716554,25.87077713589576,258.892577614547,-4.705138881889791,11.556043718597664,14.330333881462751,13.53588332013571,24.15208156356243,-27.475760116344894,51.62784167990732,310.23815434342464,S1,3,123937,124192
-24.716481295651754,31.15607085708866,32.27905517406461,20.761333177134937,28.33226186825532,-45.812499539331924,74.14476140758724,292.46547725388933,-8.93144056236988,11.360302374262394,14.872222061310248,11.891692836672886,10.56494788563113,-37.95058691412363,48.51553479975476,300.2139066425261,S1,1,124320,124575
21.570635201134714,33.652172069051026,34.56309174802675,27.005832855183016,54.4415355450424,-37.0167022542523,91.4582377992947,341.86435222069827,-23.20245104314078,24.902707034432808,28.226244067158333,16.073802279779553,9.587912156408088,-45.345262734872456,54.933174891280544,275.4892807935681,S1,2,124584,124839
33.72556141197397,33.72556141197397,35.3196571327311,10.491171880245565,57.0109882927974,17.130701381834704,39.880286910962695,236.5176983536242,25.54658922279629,56.69138607367199,105.75983199242333,102.62803633582452,384.883101373209,-48.49500257046198,433.37810394367096,1035.2548259750279,S1,3,124848,125103
36.737486620040514,36.737486620040514,38.194793656755834,10.449848770412876,57.0109882927974,19.27773624151765,37.73325205127975,222.85437401962128,-11.48503950414494,12.067861918958748,14.720407796101092,9.20783760020473,5.923723882619076,-30.397654779192276,36.32137866181135,304.77730548369493,S1,3,124976,125231
28.98161818151648,28.98161818151648,30.694939734321693,10.111633541344041,51.58269458577632,10.274098243486831,41.30859634228949,242.32741575599272,-18.36967505382567,18.77726875893407,23.559843490312886,14.751991855505254,5.923723882619076,-59.22384583301504,65.14756971563412,309.8794432950886,S1,3,125104,125359
14.736582137828691,33.67270592531696,42.377124783417656,39.73227720386008,43.81826892220707,-178.32007874399935,222.1383476662064,457.36249002177067,-39.52695452602832,43.19327764534651,44.69022892647383,20.852731892918175,48.21344772287777,-61.172416006910716,109.38586372978848,282.27887862774793,S1,2,125622,125877
50.81177979001906,50.81177979001906,51.901784494805064,10.581033423810638,82.72016573984989,34.97492055421007,47.74524518563982,257.7991680042777,75.9461547839819,100.03731972153254,174.04562713337617,156.60160247512687,444.39652359033295,-51.18255361441505,495.579077204748,1081.6994826438047,S1,3,125889,126144
44.82762783155413,44.82762783155413,45.29903805462769,6.518177020477464,57.282507478758774,29.13959339621316,28.142914082545612,238.17216488383386,-8.847242511151144,10.86618796004192,11.950873956780926,8.034282063740642,32.16838747935543,-21.15384093874127,53.3222284180967,281.14256719633227,S1,3,126017,126272
38.66452690498026,38.66452690498026,39.22787100659635,6.624214891156571,53.44567240734714,23.383319604486815,30.062352802860325,230.48284361095182,-10.503927416358817,10.559284730127185,11.51082526053248,4.708142628508423,2.413533338653635,-24.52242296108443,26.935956299738066,277.61854917241936,S1,3,126145,126400
-9.237951695079508,18.67789300082839,29.09564699837269,27.59015988959273,19.878197947868074,-68.76140509718354,88.63960304505162,272.0339732280429,-23.284241763157176,28.96993482876656,41.25341892928685,34.054201779957936,62.85821818994288,-91.1190210243288,153.9772392142717,490.4230370658076,S1,2,126663,126918
-2.8859121840020556,5.819733733422071,7.201873906612302,6.598370907502216,14.115395025906011,-21.35115116111447,35.466546187020484,291.5645606019194,113.94123135831379,115.23825576586744,190.8656317758497,153.12441082252514,466.6108136309535,-7.51375342376573,474.1245670547192,1053.1484110220254,S1,3,126930,127185
-6.060918481464111,6.6253056022467725,8.326853435339583,5.709794680605721,4.24138763303736,-20.06661534912758,24.30800298216494,315.60092820826287,27.767906691229815,27.767906691229815,31.02192980040889,13.831250360276615,88.31566110782687,6.315924042995273,81.99973706483159,374.8681984305406,S1,3,127058,127313
-10.34871208281791,10.65934889156311,12.328660433837017,6.700748191045307,3.749639050998907,-21.67776932646221,25.42740837746112,316.84386699723177,18.298805616214942,18.936603260451996,21.626166897314437,11.525832190799903,40.088435277771005,-8.900019207450955,48.98845448522196,351.1262029747975,S1,3,127186,127441
-16.32040398800595,22.411125212218757,23.726512822297313,17.221841491980996,27.83984674301703,-37.04665716840402,64.88650391142104,242.76173861847582,-37.37329774244524,39.24297680882435,48.71973310274641,31.25458381513634,32.069819264894484,-109.70823678332216,141.77805604821665,416.7230183124153,S1,2,127706,127961
-12.745770241894089,12.92014697883194,14.693008637269127,7.309572063788155,3.1147914283844655,-30.680821603626747,33.79561303201121,278.04673076457516,47.18571735014138,59.25268281809226,118.24148106177947,108.41842980709377,407.68536759679097,-39.64230978796804,447.327677384759,1031.9045084447018,S1,3,127970,128225
-8.245923751725591,8.473140757802943,9.92390493290371,5.521651075361276,3.1147914283844655,-17.528243333488838,20.643034761873302,250.09580590577005,2.147224640862249,6.656523748330022,8.022419532667453,7.729724542297626,18.885837357869825,-18.886024718174976,37.7718620760448,295.5853678473644,S1,3,128098,128353
-5.581616455995733,6.621885067261952,8.194352574041043,5.999414291899727,7.08203118903184,-17.528243333488838,24.610274522520676,206.77971432921848,-6.6782596796309015,13.368971552920376,18.010149229478777,16.726216634956966,16.924990531941383,-40.005107394777106,56.93009792671849,226.9320499837708,S1,3,128226,128481
26.779838503722793,26.779838503722793,27.484257900797918,6.182611266455213,39.47361983257365,9.69978370092322,29.773836131650427,233.71650114268917,-30.977949953126743,51.324204066422524,52.06188754070128,41.842642734442585,57.933746937402034,-64.35990748981501,122.29365442721705,310.1179615803312,S1,2,128744,128999
18.771434732413578,18.771434732413578,20.15200800732216,7.330529640749942,36.99587792522436,0.6424274471905953,36.353450478033764,237.5229557863957,28.67986218298114,88.40579462801546,137.89137823773402,134.87586032150836,393.95007630988056,-74.48829443050975,468.4383707403903,1034.0277390928745,S1,3,129008,129263
25.879429297814013,25.879429297814013,27.01701418903268,7.7572027761196765,43.8557412407239,10.678668786236639,33.17707245448726,246.47739379054713,-29.19065053807284,29.19065053807284,30.528682490466693,8.939036624146658,-10.435043993551684,-46.82129367663415,36.38624968308247,302.8891804074507,S1,3,129136,129391
27.502260306074476,27.502260306074476,28.410821139765282,7.127442451023664,43.8557412407239,10.37726145210495,33.478479788618955,260.1375028845623,-23.74720354569172,23.74720354569172,24.913230498914277,7.532554523634011,-6.280095736136587,-42.2142169264927,35.934121190356116,317.4489188547998,S1,3,129264,129519
-128.9794021057674,139.23408435041878,145.41333345577,67.15170421633182,49.193844205834665,-173.39764414093173,222.5914883467664,393.056995819484,-17.40158314601384,17.41142735718013,19.552688624984903,8.915858706708006,0.6899647762784992,-35.223881792312056,35.91384656859056,236.74186963996382,S1,1,129538,129793
34.72582423984686,34.72582423984686,35.216048113945696,5.85552522213015,46.736312147798486,19.920517058192353,26.815795089606134,209.9201421635315,66.26687171800718,96.72278008054388,165.718227662572,151.89217455923534,437.24443918997264,-44.4348786427488,481.67931783272144,1112.875755947714,S1,3,130046,130301
29.0682249118907,29.0682249118907,31.138637638012757,11.164813228316968,46.736312147798486,10.917169636072108,35.819142511726376,211.47113129450776,-22.364101245404896,24.53584643239268,26.74980355424487,14.676476609730639,38.9514767132508,-44.4348786427488,83.3863553559996,337.5071723493495,S1,3,130174,130429
19.685612414293654,19.685612414293654,20.431074174591483,5.468588099488437,39.07434189103603,9.998151495665315,29.076190395370713,257.4893736422888,-24.87569693972298,24.87569693972298,26.1249534005287,7.982035576396075,-7.021495319683259,-41.35480748211398,34.33331216243072,262.9088580441685,S1,3,130302,130557
45.21122859234063,45.54054359109668,49.71907889760543,20.686508057123486,70.96679473919077,-6.618435936037512,77.58523067522829,297.939400094011,-59.7071373817343,59.7071373817343,64.00870435045854,23.06885299062606,-4.324803391585022,-92.73004777672476,88.40524438513974,342.18603911045,S1,1,130576,130831
-1.7622368493484866,5.56543329371779,7.590280744547576,7.382877695576978,39.51936179873822,-19.24998002818833,58.76934182692655,298.25521857037944,-11.665940987147632,13.26536856275602,15.848325967310549,10.727313589642039,21.60335165322836,-52.09562744836011,73.69897910158846,355.2773444901103,S1,2,130840,131095
-28.934782821075714,29.058716573419687,31.74463602407668,13.05757479007065,4.905587028968342,-53.84053040625419,58.74611743522253,302.4459537860276,85.56866826731205,92.73266300641949,170.9527662342202,147.9961191859119,445.76527094234604,-18.917035458722374,464.6823064010684,1080.7313267607933,S1,3,131104,131359
-24.541777419123775,24.713365665512775,29.354915087503187,16.106278307067356,7.023150824551968,-53.84053040625419,60.86368123080616,256.4014324298168,-7.300698269310522,11.395764171312601,14.089262604175843,12.050191928343473,31.265557855229137,-29.453764916058518,60.71932277128765,293.67365566709617,S1,3,131232,131487
-19.99629998867639,20.349075241660515,21.694552900945318,8.414369396144629,7.497391234501807,-34.29704336766036,41.79443460216216,245.74286836536464,28.792534543469984,42.25487196400357,48.88326976941647,39.503974710307745,115.60801036278534,-53.69746652704027,169.3054768898256,451.0145365643389,S1,1,131614,131869
-7.800490376308492,9.508242617751426,12.614509180400809,9.913535784549069,12.571935114023265,-29.229222069115252,41.801157183138514,228.3999177191348,-53.902191708005134,61.8236148081597,67.73540502542316,41.01998077804992,24.34384832213227,-99.64453640314768,123.98838472527996,358.4121397231312,S1,2,131878,132133
6.853876542719777,16.16453116014297,19.42949390020911,18.18047330394395,42.33773445149401,-19.985612205454686,62.323346656948694,246.19498782765965,6.074098865650001,73.98473822726609,109.62153519443504,109.45312376243571,372.66731860926114,-62.7794004845918,435.44671909385295,1029.192944039004,S1,3,132142,132397
15.009910668095033,15.39944138619174,19.27702707862927,12.095716379198597,42.33773445149401,-6.072473475786743,48.41020792728075,221.82096373809566,-42.29150023203959,42.29150023203959,43.136785784771185,8.497722987049682,-24.16969520901159,-62.7794004845918,38.60970527558021,266.01592067228887,S1,3,132270,132525
44.964588655132985,45.78898034830283,49.75512400606616,21.301599281126908,73.61016845392713,-7.225013815053783,80.83518226898092,283.0706236881008,68.63982420803251,74.85507751278422,81.17824401067108,43.341456290097696,164.24512840181526,-30.865085703719185,195.11021410553445,487.8533312604702,S1,1,132652,132907
-22.06167737347827,31.42022875081379,32.384891738620325,23.70788063895033,39.848798089681196,-42.95764745236479,82.80644554204599,234.77386245299738,-21.87491519033516,44.452375785032075,47.09026783398837,41.70109602986957,80.3050714959879,-63.01695970593396,143.32203120192185,392.74445819146945,S1,2,132916,133171
-21.657883057873946,21.686687554237178,25.167434556363254,12.819355038389567,1.0196465379534934,-46.15949388014213,47.17914041809562,264.7362170857588,45.71511184910201,72.23616733037005,134.00997894035817,125.97143725551174,428.6772385549711,-44.8202586625448,473.4974972175159,1093.046890889385,S1,3,133180,133435
-31.326802686061804,31.326802686061804,33.090671775605,10.659455522181831,-4.839255887352697,-53.21509634527999,48.37584045792729,394.5736148150014,-26.368322505178334,32.69079494044298,36.34708761950345,25.01644152717901,86.17848625697741,-59.96778716174132,146.14627341871872,382.4233758733377,S1,3,133308,133563
56.2702007392461,68.08761157414054,71.8344189550399,44.65252798412585,98.46919228892656,-38.58471812595774,137.0539104148843,384.36427212554645,-28.1546991016901,28.1546991016901,32.413816816525504,16.061395926524014,-1.8099668584062671,-67.1663875476767,65.35642068927044,286.86134771165354,S1,1,133691,133946
-0.8685877272172,31.315911595074084,40.14837600732079,40.138979202084094,87.1581507413823,-49.708160852509145,136.86631159389145,372.5643633878937,-43.44171507019034,43.44171507019034,44.021047110000175,7.118284935379625,-29.30818140435527,-62.17753431877231,32.869352914417036,284.3724629238753,S1,2,133957,134212
7.223809461865732,15.793037428362704,17.64138139522564,16.094561640208546,30.87265153651327,-25.016342765747787,55.888994302261054,238.4213901772654,106.98207766607638,144.9229215948063,220.53197518796338,192.84498214512635,469.88260278507204,-62.24277483460222,532.1253776196743,1176.3046551257582,S1,3,134221,134476
19.624438178609495,19.624438178609495,20.62159027805536,6.334935814191135,30.87265153651327,3.5032078024162856,27.369443734096986,211.00535156587955,-2.160772104605485,71.23150107591238,104.89516772692173,104.87291011682187,400.28816619406257,-70.22903669654835,470.5172028906109,643.2068123144271,S1,3,134349,134604
-85.0620943715342,96.25439145629153,103.15482626920385,58.35544776417913,37.49336080897721,-126.64601523523373,164.13937604421093,370.31152364402806,12.681216565898852,28.949879200040197,33.4946466222839,31.001259631835072,88.17321386094305,-47.9202596934949,136.09347355443794,402.63688014588894,S1,1,134730,134985
2.058423929141142,52.48583446881652,62.355991955100905,62.32200753852966,54.70738406327779,-122.23990800536812,176.9472920686459,380.0707672710093,-36.188052266265885,44.80801222611446,48.14952124059916,31.76163202470739,26.810763762576624,-78.58871746318381,105.39948122576044,320.4074641506311,S1,2,134994,135249
15.109498594730123,23.511111520914554,31.358425905403095,27.47824462152749,80.17428997103478,-20.79305477146986,100.96734474250464,332.9231744760554,97.52670296233661,131.10601080171972,210.62042401312397,186.68022182535643,467.5157164903513,-53.84000170209822,521.3557181924496,1172.170430733761,S1,3,135259,135514
-11.924807401805275,13.217574637621299,15.535544976345557,9.9575160628495,11.046518715062197,-34.88632558300645,45.93284429806865,225.81220993625413,-21.687818950357784,31.463385504838662,35.86125697373173,28.559906528427643,139.94996832960257,-45.30123444787493,185.2512027774775,429.13513657376143,S1,3,135387,135642
-27.231922106680607,27.231922106680607,29.909684116096727,12.369786671578808,-2.572754327189123,-47.647040952867684,45.07428662567856,204.25245212021522,-30.032287466216527,30.032287466216527,31.004703567704773,7.70411272423883,-11.94449435453103,-45.30123444787493,33.3567400933439,264.30362146819516,S1,3,135515,135770
98.5918218906088,122.5190592713923,129.44207277379286,83.87432777832771,160.49118262546114,-63.67659273379694,224.1677753592581,420.03189290203517,-53.620409382217844,53.620409382217844,57.911870507307626,21.877761387731862,-9.333282575807042,-84.26246369899232,74.92918112318527,290.24844247677754,S1,1,135771,136026
1.7057979836044588,61.23921122142177,76.6241385712701,76.60514907647091,159.6266542666749,-49.063986159471874,208.69064042614679,415.50807021092396,-14.460840988081044,19.85025558849648,32.034902204905215,28.58529407221966,40.61007419846852,-79.90070413672355,120.51077833519207,375.52127315946035,S1,2,136035,136290
-21.707861949271177,21.707861949271177,23.33173277198366,8.55210405307612,-2.823635837653473,-40.03664623999834,37.213010402344864,259.01460182496,65.92847171721579,65.92847171721579,124.84589611633707,106.01855683852477,445.01122462409745,4.758902746475851,440.2523218776216,1069.6737716303794,S1,3,136299,136554
-20.545139109845778,20.545139109845778,21.105096484879482,4.829322581186487,-4.9984062961926865,-31.17322063325038,26.174814337057693,252.21238648961497,14.714905777905642,14.714905777905642,15.433115426132787,4.653235401706756,24.27730937207354,2.544389890383643,21.732919481689898,314.3465803899146,S1,3,136427,136682
-16.864617851699908,16.864617851699908,18.400403869606308,7.35931568019388,-3.5907257072927843,-31.17322063325038,27.582494925957597,220.5883344208998,4.841521822607294,9.870883793479424,11.111409918532962,10.001154774269322,21.99620760264573,-16.304725261893648,38.30093286453938,318.6047532387056,S1,3,136555,136810
-38.46400334681995,38.51840510448927,41.06722998995559,14.38880903979657,2.159100470469234,-55.61435351845915,57.77345398892838,252.39770097069152,-27.073909692389925,30.23570125828174,45.57344521299767,36.659818910496746,46.69663928415391,-107.3870684299161,154.08370771407002,466.83451559105566,S1,2,137074,137329
-28.204519036615267,28.204519036615267,29.043461604105808,6.9302069133883215,-15.529410721798769,-46.61547567328293,31.08606495148416,247.0409513311722,105.81592209769714,109.65969903032088,195.19904544572833,164.0294423984231,475.5103435993271,-22.304963736403245,497.8153073357303,1119.174087782915,S1,3,137339,137594
-21.19627355495618,21.19627355495618,22.664079003414667,8.023619161979646,-7.687472792377486,-46.61547567328293,38.928002880905446,223.5122311321253,8.780500139138422,13.667440647958745,18.084595679598767,15.809978437719407,66.93330246785175,-15.83069439821418,82.76399686606592,312.5136210212389,S1,3,137467,137722
-14.774561014171214,14.774561014171214,15.701290341936717,5.314401682252418,-3.854167364952788,-30.978985191034386,27.1248178260816,216.3740972225097,6.6245427496375395,13.317354972542393,15.279507212571207,13.768760801802037,31.463273132266885,-15.83069439821418,47.29396753048106,325.86689002719606,S1,3,137595,137850
2.3809262264098656,48.23403576710784,69.55904844018879,69.51828831472281,175.71739786899857,-49.40294779301442,225.120345662013,397.80588341537714,36.73368972346024,63.39852701361579,125.1796688248762,119.66864888685855,431.413557812413,-58.5395251463664,489.9530829587794,1042.0473345047694,S1,2,138114,138369
-42.10868359778498,42.10868359778498,42.890782772533186,8.153404963710793,-27.944791282157524,-59.60518714938967,31.660395867232147,192.15354751029247,6.488167565366868,9.187908879054618,16.28566703609467,14.937423889488503,82.00126788957921,-13.383604256183467,95.38487214576267,386.3733678736368,S1,3,138379,138634
-42.328587162443,42.328587162443,43.16894898509354,8.47637099878681,-25.57224788571816,-59.60518714938967,34.03293926367151,194.5992056668798,-7.436029562330826,11.113174861884533,13.061839812341011,10.73858108091561,18.0846776043119,-28.518828952580392,46.60350655689229,311.0741315686737,S1,3,138507,138762
-37.06956043475367,37.06956043475367,38.32176322259655,9.716235158892504,-10.077947644004556,-54.18313590868684,44.10518826468228,199.07548961094128,-15.370727358512962,15.370727358512962,16.059501686304543,4.6527771150872415,-5.6190900573263,-28.518828952580392,22.899738895254092,236.7885180570139,S1,3,138635,138890
-12.02678767083572,14.278553494585132,15.685681229910172,10.069606445486846,55.762790709879695,-23.15782092214766,78.92061163202736,294.4174781874431,-38.01396692372709,38.31492658662398,40.2573946764992,13.251269556582479,10.043341425488101,-95.62110947304853,105.66445089853664,382.2132832793037,S1,2,139155,139410
-4.585366846217251,9.342152189623867,11.541616546726152,10.591662919356647,25.011712158544164,-24.40363122804717,49.41534338659133,298.61817839539935,151.7299724198548,177.19732797418476,253.7044438033632,203.3321427493548,467.1177928413281,-46.97032734136044,514.0881201826885,1112.5391175051507,S1,3,139420,139675
6.098996081504893,7.766432802281807,9.463756853033265,7.2363623852818515,25.011712158544164,-9.330667544801576,34.34237970334574,285.30629153114535,51.220750572649735,74.0155539566837,145.61846084992825,136.3127684814467,461.1089342171307,-32.74020749247726,493.849141709608,673.9937321950151,S1,3,139548,139803
36.4030772489852,36.467616346514745,52.978479717511654,38.49071680266828,107.18488449661321,-1.86340264345355,109.04828714006676,354.14238132576077,-14.590594992451836,14.59501269246906,15.826773142719144,6.131988737541473,0.5654656022048812,-31.642695405173903,32.208161007378784,275.18451812538643,S1,3,139676,139931
20.343096859247417,34.47983985963363,40.922242213632025,35.5075811337022,50.079952248436754,-128.0815728267829,178.16152507521963,373.0324049428894,-3.2606492505839375,8.069390120631763,15.578469168040629,15.233412883666576,33.10621728548262,-67.6981400959925,100.80435738147511,343.88701989046865,S1,2,140194,140449
30.482203348922937,30.482203348922937,30.943021752224485,5.3203265081712,42.13004335155011,18.83301015176133,23.29703319978878,227.01527283890314,66.14642758033659,67.76744619813189,136.10623283553127,118.95190933750975,431.5409065917619,-13.738805193547579,445.2797117853095,1031.6652723486955,S1,3,140461,140716
35.49350080237908,35.49350080237908,36.10403837406385,6.611579819331443,50.09135842506064,20.86463434176636,29.22672408329428,248.30611816281655,5.460175189358931,11.79499887432049,15.773223581629,14.798008955855051,59.46245498281215,-18.28154640504424,77.74400138785639,278.36931397030463,S1,3,140589,140844
44.46081991317079,44.46081991317079,45.060261923026815,7.325482729511862,62.133293721113105,28.892442209734604,33.2408515113785,233.47900863150088,-9.032990971604175,9.829896724871343,12.11685145620052,8.076085890983705,5.903952006139305,-29.18232032301661,35.08627232915592,291.93977752003957,S1,3,140717,140972
9.650051578983582,77.98659292846312,81.54393705337878,80.97092178485039,78.65591884361645,-123.5070793934666,202.16299823708306,408.1581917388618,-15.15208815105813,28.97713016466264,39.115570961537244,36.06164328354463,46.080548868232015,-78.45407598380571,124.53462485203772,395.0477281635696,S1,2,141235,141490
53.91154476128177,53.91154476128177,54.4082411984448,7.334988190887428,69.71051372253206,41.20594758942726,28.504566133104795,189.4473323066922,58.82696137077755,59.45537354442019,123.32545141400104,108.3907541368182,425.68292813024266,-6.32821284872257,432.0111409789652,1049.73002945891,S1,3,141500,141755
52.96477663151409,52.96477663151409,53.22935710445918,5.30065034951922,63.161767169366044,40.40776291360377,22.754004255762275,197.58694955938088,6.228765910103545,8.541478306294485,10.425607242361385,8.360368509169328,25.82624003772405,-16.375594957070973,42.20183499479502,309.89774822000595,S1,3,141628,141883
49.94473446815607,49.94473446815607,50.40100815926834,6.766470451869042,63.161767169366044,33.26316365126685,29.898603518099193,257.72451338066065,-4.13008172706473,8.876087979347908,10.843436819616334,10.0260933064069,17.875472845775075,-24.597957322870517,42.47343016864559,273.3092637220132,S1,3,141756,142011
-4.283020841872201,77.39945287435549,89.97842493646962,89.87643009441345,67.5756493163542,-162.9385647179776,230.51421403433181,416.08378057996157,-8.353471076543727,11.389547265157285,13.908092625850996,11.120007260006545,16.334316147660815,-28.10335904426024,44.43767519192106,277.60165342552625,S1,2,142277,142532
28.60848616688323,28.60848616688323,31.069517615552645,12.11897042253948,58.29275971259919,5.892593113991861,52.40016659860733,248.36753828805797,7.5851829299013644,52.12800182582352,86.77836432055834,86.44622324932122,330.5712028693859,-39.17261615958404,369.74381902896994,914.2932099104905,S1,3,142541,142796
32.58780088719386,32.58780088719386,34.19874907583631,10.372544128063382,49.55197052412057,9.440615092387569,40.111355431733,207.6978883330301,-23.395656157390633,23.669708867957024,26.063571764469284,11.487081704540557,14.41650955509316,-41.25711182998128,55.67362138507444,299.04160766390794,S1,3,142669,142924
45.17981227835617,45.17981227835617,45.944348803449486,8.346720881012386,61.418246687802494,26.888069526878773,34.53017716092372,230.98187553651223,-25.445220222628556,25.445220222628556,28.199625959748946,12.155643631321274,-2.0256787581606686,-45.24468083656491,43.219002078404245,273.9135008653742,S1,3,142797,143052
-77.99861583883238,90.29051191171479,93.54245237804204,51.637257132079625,56.94138395671487,-116.14384537489825,173.0852293316131,318.9392811036638,28.69075574078736,39.737674141127584,40.93929157307784,29.203871824262603,79.85824410719022,-55.5091102203915,135.36735432758172,389.3789890798569,S1,1,143071,143326
20.191877336785506,20.31059468347866,23.834604732558507,12.663983274369414,43.01951379630343,-5.021058621509624,48.04057241781305,231.10403842221874,32.19987086933693,54.084755956461954,109.04441650235262,104.18182704453105,402.81344689214814,-36.104496779535104,438.91794367168325,1055.7880616185255,S1,3,143580,143835
5.103446395164029,6.917743273996303,8.165413140631422,6.3740730031027715,19.305711416456774,-9.50109470655881,28.806806123015583,194.61912111179663,-9.38023510650466,9.536943546424569,10.692055259319492,5.131396984743933,4.2297472161292085,-22.448380607538706,26.678127823667914,343.6855418840728,S1,3,143708,143963
4.890357516060455,6.804298054505011,7.991162307850107,6.320053670303383,17.648363473954618,-9.50109470655881,27.149458180513427,215.99946756595617,-14.282049927135628,14.438758367055538,16.95669778217028,9.140713842729339,4.2297472161292085,-35.23250755392666,39.462254770055864,356.06725197163234,S1,3,143836,144091
20.905122473950737,20.950279118563756,22.18794801684379,7.4351120736194805,34.92415622750569,-2.4291496051943904,37.35330583270008,272.5009509124226,0.8556352800539022,9.605843566405138,12.04373930396899,12.01330698390308,16.321563963089197,-32.620932036532466,48.94249599962166,293.3702422929274,S1,1,144111,144366
-20.92824724628172,21.37500836675855,23.057866970451247,9.678517263792424,5.685455971755285,-37.63651187257561,43.3219678443309,263.1277736084294,47.11521386868989,85.40361806222501,147.73779877604034,140.023618755185,422.1159963919277,-46.79673655238998,468.91273294431767,1048.6948077038244,S1,3,144620,144875
-13.10919312076656,14.139428832198508,17.462060480639337,11.535710292476697,6.867552152651554,-37.63651187257561,44.504064025227166,236.1993262951465,7.589473708633502,35.55345772833475,70.44039728216556,70.03034669409598,342.2714269309161,-29.99699753071433,372.26842446163045,552.7520367799927,S1,3,144748,145003
8.706142094139318,14.150909107944528,19.040501185929564,16.933510423064693,50.38054115311031,-15.674437745781415,66.05497889889172,234.90036074493625,-20.720451326208234,20.720451326208234,21.742917673450076,6.589185518154963,-8.199400422974968,-40.44967613378793,32.250275710812964,283.317102526339,S1,3,144876,145131
-78.1933830073137,89.78984361811877,93.02138176540095,50.386231446854744,47.649959202189514,-113.79522925862857,161.4451884608181,330.92843505797146,-39.580013355131534,39.580013355131534,41.26563454617836,11.67369424416959,-14.253509364034564,-59.8218813900238,45.568372025989234,294.0831817577263,S1,1,145152,145407
54.003806061508946,54.003806061508946,54.729822602157164,8.884954301206257,71.12430397970276,27.375985209479943,43.74831877022282,262.090522301743,73.67734127631465,81.47648723381974,156.1216442810256,137.64307899587453,436.1006979123805,-31.013753818548835,467.1144517309293,1096.0515729097892,S1,3,145661,145916
58.639641118988024,58.639641118988024,59.099269998486825,7.356371645745861,72.36760646718079,40.74568257089646,31.62192389628433,242.0092950377124,58.47814942238398,77.04976138977474,151.1253178391553,139.35267393243316,436.1006979123805,-31.40948952845955,467.51018744084007,763.4469607165086,S1,3,145789,146044
60.58078329445587,60.58078329445587,60.82077241237611,5.397689530551694,72.36760646718079,45.875157655182306,26.492448811998486,250.5698077949407,-16.597116063246375,16.597116063246375,17.53461874771798,5.656729886688241,-4.138165376124949,-31.40948952845955,27.2713241523346,278.3890303009818,S1,3,145917,146172
-81.47264552887856,101.76714650655884,104.12515659399385,64.84023647589083,78.4566768304405,-134.21750066881447,212.67417749925497,410.6232372062445,-26.898507949536665,27.32859483941829,29.416746127902762,11.90861968668891,9.679376630773069,-44.78122283126959,54.46059946204266,321.152423605525,S1,1,146192,146447
30.211643595999192,30.211643595999192,31.324195472834827,8.27416541100593,54.72850216069485,14.32183751683833,40.40666464385652,227.27853341703965,60.279939974923195,79.28701327969708,149.90504827572494,137.25105586175678,434.9452373290196,-26.212385225281217,461.1576225543008,1037.1356925984173,S1,3,146700,146955
25.807187580909357,25.807187580909357,26.1917312223492,4.471672347963336,37.436579947322954,14.433771880075085,23.00280806724787,202.20285686814807,40.80789531578674,61.639753855106555,128.7900839718837,122.15400693133499,434.9452373290196,-29.467620295291272,464.4128576243109,667.2100633495429,S1,3,146828,147083
19.949090195818215,19.949090195818215,21.50719114439809,8.036981478191,35.42482853791083,0.37825497902020555,35.04657355889062,181.2212417953673,-17.66529198506734,17.707840606950867,19.355884909119382,7.911241349964675,2.3815900970722392,-34.2806649853006,36.66225508237284,333.50864814114766,S1,3,146956,147211
2.5478544434901194,7.941374875057623,10.31642260194461,9.996850155759127,26.487019281995508,-22.946910110531793,49.433929392527304,272.9499300977661,-63.96343955661208,63.96343955661208,67.5382505231514,21.681643937109435,-16.21868006371264,-97.34049976173165,81.12181969801901,340.63106186113396,S1,1,147231,147486
-19.397339977351624,20.58703932308517,22.610614744060616,11.618222794703492,6.937322436827511,-43.223814960982835,50.16113739781035,230.5839652297722,3.18647080571821,17.47561703849218,23.756521029689782,23.54184986865727,43.494406589765035,-62.07998239179892,105.57438898156396,360.6957194321142,S1,2,147494,147749
-32.65524925347735,32.65524925347735,33.9114443851197,9.144438554571483,-11.037029222155661,-47.29356421668517,36.25653499452951,217.4564082763563,83.06475812998184,84.0711989298635,162.08092023929441,139.17783825891294,455.6074744739923,-8.079246813158784,463.68672128715104,1078.1838503811625,S1,3,147760,148015
-47.06835740254934,47.06835740254934,48.24749030070733,10.601417440263635,-24.625692860738614,-69.98318821152087,45.35749535078226,239.5149718057438,57.61629800606599,91.29056609682812,160.52062607571008,149.82400875632095,455.6074744739923,-48.67440011756704,504.2818745915593,852.2151136427817,S1,3,147888,148143
111.10874048926449,130.94679145692584,138.05467402008605,81.93864049202608,170.9444956798637,-61.50942896149588,232.45392464135958,381.8967955793016,-7.282006677952468,10.17264846544897,14.578405270241406,12.629421165107216,14.259718422044465,-46.091934133430925,60.35165255547539,270.7800947643984,S1,1,148270,148525
9.579794175341483,45.16744161173399,69.46773687833128,68.80402612169699,177.82634404577306,-36.56939525720542,214.39573930297848,376.7491680979181,-25.80740049870306,26.283961738658892,28.907993971276984,13.024983491080802,9.318597577577977,-43.56875668851877,52.88735426609674,279.8346268463959,S1,2,148534,148789
-1.9993307792016344,6.479742930473059,7.840817821910997,7.581629148918727,16.638298076135413,-16.644111207596563,33.28240928373198,243.68220698102374,81.63185502088619,94.88649292779701,172.69296056420492,152.18113836569583,444.0882091115652,-36.55602320223023,480.64423231379544,1110.544418048235,S1,3,148798,149053
3.4100460823187553,8.004799280462041,9.777819077374359,9.163914645299162,23.062703335053833,-15.308471737764684,38.37117507281852,224.317195922028,-3.942770664672768,5.136190974926237,6.611830674210267,5.3076232298669845,15.30236454405822,-18.258081520485906,33.560446064544124,301.1677191827879,S1,3,148926,149181
14.213352595078927,14.225641415141403,15.782832880416708,6.861371709733105,31.932166898200375,-0.6653895933809876,32.597556491581365,239.5754326720261,-0.19529241032319722,5.554423360755106,6.925856568943852,6.923102634516757,17.115468946463125,-14.61645074770756,31.731919694170685,296.14194266782215,S1,3,149054,149309
-88.73067024679075,92.38418238935915,100.73224145226152,47.68493080158545,17.04730888885929,-137.28177858146174,154.32908747032104,347.8720196777141,-80.35079012129584,83.49997816379913,91.83845323959994,44.47529674241255,15.539831036159866,-116.58017585769366,132.1200068938535,356.78389082615206,S1,1,149310,149565
4.609056675715086,43.357897513096106,51.838899457994536,51.633594621874934,47.00345658224614,-108.10919841422265,155.1126549964688,337.85848508675423,-34.770264497072255,39.60418118675244,51.43514043482588,37.902537888034594,60.648598097554355,-117.75300445458691,178.40160255214127,529.4927702452758,S1,2,149574,149829
34.13094944133749,34.13094944133749,35.764339895037736,10.684863048287136,57.204410883659946,13.053248598022627,44.15116228563732,229.15351080654557,48.28840341319902,59.767379470628676,124.56813087199768,114.82791178431876,415.8324081454525,-29.449444396392895,445.2818525418454,1091.633505610834,S1,3,149838,150093
44.54092155604796,44.54092155604796,45.3980683888445,8.780143528222283,62.005120293534446,21.09760177705934,40.90751851647511,186.66550752141637,7.48846698456507,13.704835428863916,15.48073464620081,13.549022378281064,31.55490261263233,-29.449444396392895,61.004347009025224,307.6820019259964,S1,3,149966,150221
-79.29781548411006,94.95547474625832,99.16468645580014,59.54402992177457,49.844858047125626,-132.78614599526847,182.6310040423941,372.52880045306836,-19.766117120349527,27.48483345151223,30.125990293541257,22.73490499542867,33.55139599501788,-51.20141237941471,84.75280837443259,301.78983381977446,S1,1,150348,150603
3.6572955400339993,54.25625750347083,62.8984991513609,62.79208059004413,62.44496345148267,-120.51731941998818,182.96228287147085,413.69732157407213,7.432297315557393,24.694532178378157,26.7173960290002,25.662817600247912,35.04761714205971,-48.371616418041974,83.41923356010167,303.99958658285595,S1,2,150612,150867
39.41424369786611,39.41424369786611,39.88394568281775,6.102992459046469,54.36010371259751,28.25275655949676,26.107347153100747,261.9831269651737,77.02965959555871,77.81571117492655,149.9485646362001,128.65070376429753,450.130497321767,-11.792519993381077,461.92301731514806,1165.8988471411162,S1,3,150877,151132
38.02622510678701,38.02622510678701,38.338859179030905,4.886136231985748,52.50513981769762,27.37915255690315,25.125987260794467,229.03062739692626,15.72169080887426,15.72169080887426,16.845501596179822,6.049740666925777,29.720203968488775,1.8737749225291356,27.84642904595964,353.3740569602844,S1,3,151005,151260
-74.18017863072163,85.47415346131861,90.9944262542885,52.69996876338143,40.028461365894785,-125.04794957774679,165.07641094364158,359.0598183270826,-104.11722506457687,104.11722506457687,110.66264376484662,37.49432183514714,-21.85401858170724,-138.63420812193212,116.78018954022488,306.49342126915917,S1,1,151387,151642
12.439665557301936,55.13305672811502,59.33238409118045,58.01367530820504,58.55638843814172,-104.12467327648905,162.68106171463077,341.92379607420406,-34.541891230311236,37.90875305942512,60.37667463031914,49.51969900603972,40.378491443605895,-132.8070688259255,173.1855602695314,447.54774481623525,S1,2,151651,151906
60.8671771287904,60.8671771287904,61.510899579288974,8.87566985786568,80.93955401435194,41.13738010285873,39.80217391149321,272.69686718743594,67.30643855800376,94.55692410161602,164.37932318319994,149.96801398566484,444.558411316083,-43.850198224414356,488.4086095404973,1107.286700304525,S1,3,151915,152170
57.83741695155483,57.83741695155483,58.79981147931104,10.594858676476822,80.93955401435194,35.62399246908879,45.31556154526315,262.928219588692,-29.963040771017457,30.54300582264986,32.21281838793981,11.827166027782777,9.19398831228712,-45.292225983927956,54.486214296215074,333.7815039639057,S1,3,152043,152298
52.5047689084208,52.5047689084208,52.94485018235622,6.812224504923085,65.41764532077148,35.62399246908879,29.793652851682694,233.76708936599522,-33.04723664319965,33.04723664319965,33.40260287627471,4.859426834357922,-20.62446794612526,-45.292225983927956,24.667758037802695,304.22713223660986,S1,3,152171,152426
-110.46348372282192,131.9973719884966,139.47439389561157,85.15236530106527,62.087268160033645,-176.3779728978677,238.46524105790132,488.58976403609176,32.863614506010535,45.72396759148634,47.87606921629674,34.815238692330844,81.28719283612953,-45.03945320966096,126.3266460457905,357.4852282971706,S1,1,152427,152682
-31.332921060782553,71.83389117188526,92.60450712370822,87.14265773674623,44.007162505600185,-169.1112606638434,213.1184231694436,476.3037568169759,-5.411948639917888,26.879211597845213,27.85243550092455,27.321584420601475,44.952936119067374,-35.97361596237509,80.92655208144247,358.237726769644,S1,2,152690,152945
18.358265504569474,18.358265504569474,20.02331885062623,7.994209495477221,40.112734570370236,1.3929680178022619,38.719766552567975,198.67373656994434,38.48133726881328,57.528568656881106,118.75246849719636,112.34471708176336,437.11243254211126,-25.67451120043096,462.78694374254223,1108.5101213494872,S1,3,152956,153211
13.627882123632833,13.68059332856429,15.06132451510034,6.41282503843128,25.631806819244947,-1.7936398628088344,27.42544668205378,217.15315495027644,-9.677270920702798,11.103207614069373,13.128201555594787,8.871307886193637,13.993899087807057,-25.67451120043096,39.668410288238015,348.87570562780286,S1,3,153084,153339
4.550249966269357,8.778622149033614,10.981052964617174,9.993935633982908,25.631806819244947,-14.082934234486792,39.71474105373174,228.03805759668825,-9.60140535890378,10.840512862545168,12.528953334058285,8.049079871701112,13.993899087807057,-26.772338104438294,40.76623719224535,353.75741083297635,S1,3,153212,153467
61.70746557209567,66.44082084669,72.52798026229065,38.1116335729112,92.01764874235313,-27.0727996644937,119.09044840684683,310.25067310599457,-40.63845036328683,41.327650602241945,46.20181997934817,21.980093754913085,5.980270016930822,-62.51206634470872,68.49233636163954,344.23049826301667,S1,1,153469,153724
-7.996492650624919,29.070660834822704,34.1528900140909,33.20355405078034,79.34080967954719,-33.6514322314147,112.9922419109619,328.9922856333323,4.981886129099047,15.68694756808499,21.132098555992776,20.53646512856783,59.74163849157114,-46.72059443691622,106.46223292848737,432.7077119634156,S1,2,153733,153988
-15.613621584487657,15.620598053793492,17.00737501541296,6.742820324709408,0.545365363069099,-30.2037117830477,30.7490771461168,267.7767883066841,55.89139257169859,66.12097976657714,138.13713703898068,126.32506032344654,438.6499407783843,-21.40824551424378,460.0581862926281,1086.340675964294,S1,3,153997,154252
-20.10871967174333,20.10871967174333,21.26171282173966,6.9065060108112215,-8.314991305729862,-38.08555622612422,29.770564920394357,257.53907098831644,-3.853970768549983,7.200528191917165,8.773913673024126,7.882161534556492,14.225492859066957,-21.40824551424378,35.633738373310734,399.56749383244266,S1,3,154125,154380
-4.374618146589183,6.953026056190671,8.642496309118258,7.453553415965792,11.67245257217198,-21.57086385235826,33.24331642453024,254.8407746060224,-77.17465661701014,77.71137350360867,86.97790290440426,40.11518377989245,11.388460421282899,-112.41139915001669,123.79985957129959,383.39192214807997,S1,1,154507,154762
-6.7302800479207034,6.936688563857638,8.649109474322705,5.4323498760093925,3.535834810102141,-23.354330794559143,26.890165604661284,217.04499304490813,-23.291435648441528,35.15289898661425,52.09773581969002,46.601320828628026,44.7777853168178,-114.1466912929074,158.92447660972522,453.9115080704369,S1,2,154772,155027
6.607370304535377,11.978256592333722,17.071541986529176,15.741035653875276,44.60782329559486,-16.062877335559,60.67070063115386,230.14729515195663,70.19078615229299,89.28990978824953,165.78281018947658,150.19052464667368,444.66921693291613,-40.3933479413204,485.0625648742365,1165.8524071192248,S1,3,155036,155291
19.230099725856917,19.476051174499187,22.265118768524324,11.222244798171703,44.60782329559486,-6.443668325085651,51.051491620680515,270.9386860216955,-22.52294338284571,27.4098562091458,29.595793683167507,19.199688151367052,86.8045095540314,-47.51298959032078,134.31749914435218,559.544697907827,S1,3,155164,155419
14.340479831739284,14.962548371114305,16.839773101435853,8.827717502464687,33.97920311470318,-8.429416812327892,42.408619927031076,242.31487464331246,-28.874970686357216,28.874970686357216,29.543111604968853,6.247520401379801,-18.081273855810995,-47.51298959032078,29.431715734509783,445.63367504670333,S1,3,155292,155547
-6.570038640019916,9.15300873623946,11.048421175992209,8.882691188528298,19.137001356070055,-22.67349740665391,41.81049876272397,265.30974791742904,-27.324858032782366,38.82183460286667,41.016467208306835,30.58925817567989,29.328647509250732,-64.16143124647361,93.49007875572434,408.6003668011372,S1,2,155809,156064
-6.849715697102492,29.656280330165025,35.282349428915936,34.61106147018598,86.874476050206,-45.60183397033728,132.47631002054328,339.70713910224475,96.00709705775456,122.5888407509469,197.53627565486883,172.636084044267,434.68993483014594,-50.06616629675355,484.75610112689947,1090.4063893435336,S1,3,156075,156330
-23.60175606921187,26.670859745564243,30.02167589753445,18.554194516227902,45.08927493774933,-47.373494398714804,92.46276933646413,287.92181705739756,12.488818161875475,44.751014757707075,85.32202392047738,84.40306384726873,356.4235574484926,-33.92272028399882,390.34627773249144,604.6076734760311,S1,3,156203,156458
-15.214956579753288,15.27506593841071,20.321761210998034,13.4714169630758,2.203918007190582,-47.373494398714804,49.577412405905385,258.6929979855852,-20.052493316152372,20.052493316152372,21.885854619435023,8.768588496942353,-0.24413518164175502,-33.92272028399882,33.67858510235707,323.7333790637464,S1,3,156331,156586
5.413343669980736,18.517175645042023,25.707743127600285,25.13133038709569,61.263224461057845,-23.181603840411668,84.44482830146951,260.3333329248119,-19.111201574011595,22.967613439060095,34.12047011171955,28.266030054506132,51.081566958642405,-84.56175520595761,135.64332216460002,458.79097878036634,S1,2,156853,157108
-35.28997120651189,35.28997120651189,36.90291278440315,10.790871337238096,-12.577405496336441,-51.89788334639082,39.32047785005438,243.29173418184558,56.67179030689653,70.94247896242143,137.49391495780895,125.2712450398588,423.8483116918778,-28.42636509930367,452.2746767911815,1129.457927521573,S1,3,157117,157372
-38.94453499493505,38.94453499493505,39.76692127950694,8.045571581856773,-19.952588947593725,-51.89788334639082,31.945294398797095,240.89509653601027,-16.290959506189033,20.918866038503356,22.280633709300744,15.19971305175653,28.698370728600388,-34.07187666583199,62.770247394432374,392.4945012222545,S1,3,157245,157500
-30.167424112656267,30.167424112656267,31.45751995959932,8.91639413752638,-11.358799312543992,-46.65255725613692,35.29375794359293,267.6851699870231,-26.13291462206631,26.13291462206631,26.570424609581238,4.801899341847249,-12.61895002810825,-37.20099932389015,24.5820492957819,336.08380590117895,S1,3,157373,157628
-15.040730785414434,19.00169414089382,22.686705456600244,16.984199183806744,15.07549983734047,-42.68996118974352,57.76546102708399,260.25570526123363,-18.71948457877344,19.96880715606406,24.666978082121148,16.06364543959149,15.048328335387174,-49.30739700299934,64.3557253383865,287.18484885107273,S1,2,157892,158147
32.049208641755534,32.049208641755534,44.608924322627594,31.029088846744084,130.00526036274226,1.064639413811858,128.94062094893042,439.9362445750769,131.99144619831588,141.8155192924723,223.43552646875614,180.28225819211193,456.1225040543378,-32.75289563231215,488.87539968665,1088.8915009569123,S1,3,158156,158411
19.11326826382943,19.11326826382943,20.52846951242094,7.490062536273438,56.66915739514286,3.3214517474870684,53.34770564765579,284.83828126571626,16.69316105749001,31.475610017773057,64.29223211606954,62.08727312723006,310.0886165519587,-29.625145744607767,339.7137622965665,537.2293020582908,S1,3,158284,158539
15.148830063398721,15.148830063398721,16.727279771408924,7.093295162422978,30.07319942495524,2.0393413808922682,28.033858044062974,263.1655895753901,-12.642159292310856,12.861666524562548,14.023458267538638,6.069035360684273,7.454950798907759,-29.625145744607767,37.08009654351552,339.55367983954403,S1,3,158412,158667
-118.20957679455611,122.31598414093129,130.8891761726881,56.20028819514121,20.04391685434562,-159.57478808218752,179.61870493653313,394.9228804537191,-71.94952142379194,71.94952142379194,76.31922074356847,25.453679926345345,-2.1661215800227813,-100.08707677405573,97.92095519403296,392.24860300261173,S1,1,158687,158942
31.582679697737653,31.582679697737653,32.89703604151194,9.205939573267097,50.46222040927014,11.490385949306642,38.971834459963496,283.08605216497904,51.25114761114943,83.60610150860163,144.9248629432708,135.56008176327572,417.19180483127275,-40.642774326312036,457.8345791575848,1190.3517778945625,S1,3,159196,159451
29.552329286456157,29.552329286456157,30.378328008242672,7.035811703083523,45.689671560822745,14.853536538758508,30.836135022064237,317.2803893485069,-7.380071903103674,26.29868523054446,39.06854395995779,38.365162137754275,199.12813291124544,-40.642774326312036,239.77090723755748,643.0660251639209,S1,3,159324,159579
29.874682441860898,29.874682441860898,30.707188468737534,7.101744338719599,45.689671560822745,13.961398089045797,31.728273471776948,266.24666932184164,-13.733475917236742,13.76915197267131,14.978166262868463,5.978051842265122,2.066181133266233,-28.302622086659344,30.368803219925578,420.0768323986521,S1,3,159452,159707
-27.33535050766639,37.11850112368088,38.50912738631564,27.124371046689877,42.036325217066626,-56.88418031203322,98.92050552909984,331.90495754937444,-49.836134198327386,49.836134198327386,52.41663385063494,16.2438675320206,-1.7817775061753198,-71.33303345773409,69.55125595155877,456.528876540875,S1,1,159726,159981
28.55788284598775,28.55788284598775,29.552308530226274,7.6017278838776745,41.815100696212745,13.95941082341585,27.855689872796894,245.7632257911168,101.13368863431172,101.13368863431172,182.00887636465052,151.32484296618557,481.07514611161736,1.1567815824109131,479.9183645292064,1099.1251075042157,S1,3,160233,160488
26.17435872768803,26.17435872768803,27.082856279545975,6.955864392930915,41.76508324683332,13.95941082341585,27.80567242341747,275.6924647028832,100.72343646005737,100.92429755926042,182.10996541734633,151.71957306815708,481.07514611161736,-5.2105124647746095,486.28565857639194,1185.7293273440985,S1,3,160361,160616
26.97835692063039,26.97835692063039,27.53637809165374,5.515467003761545,41.76508324683332,16.5809688452019,25.18411440163142,266.175577128631,11.749006410354626,12.529614098329649,15.58119307323758,10.233983875058268,35.69195487747161,-8.203234418638147,43.895189296109756,402.15574305644066,S1,3,160489,160744
-105.26127088831555,112.68924656666334,119.72873726987963,57.0529173593824,33.54138527286663,-146.63230052743555,180.17368580030217,385.19181734403134,-95.27193929340004,95.93129140313081,105.31304557265705,44.87867144940052,8.68596585023136,-135.6181146849833,144.30408053521467,315.4741000827213,S1,1,160764,161019
-14.165521961840469,50.343590651316624,69.45328995298065,67.99336344704106,38.442775407294704,-158.78396989761757,197.22674530491227,421.09299449553635,-54.71196410959087,54.71196410959087,66.3056644294653,37.45720382921952,-2.6086319824492805,-131.9074069995749,129.29877501712562,412.30722873854415,S1,2,161028,161283
49.60882798748112,49.60882798748112,51.22957021536937,12.784093638579593,75.90170679629914,28.41566782202269,47.48603897427645,204.35451929063902,63.86016448578167,91.63833460369845,161.33886095506867,148.16243601577256,436.3156313661278,-40.927134310905515,477.2427656770333,1144.7009745859477,S1,3,161293,161548
64.61937562971637,64.61937562971637,65.07659542458792,7.700621097100928,77.35560182596761,42.674907280199825,34.680694545767786,199.11823793980417,-12.986356327546003,13.438970003375477,15.810881075518918,9.018786488115135,5.298874152694605,-40.927134310905515,46.226008463600124,399.09102850237747,S1,3,161421,161676
-79.61954290154489,98.17377948285424,100.62747597371663,61.53549633333567,67.51021588121989,-123.12977026498342,190.6399861462033,444.11210643247625,-4.7846968718694525,10.134583446691625,12.56062966819309,11.613616728040201,26.235584252288422,-29.315996614529112,55.55158086681753,412.448498523783,S1,1,161802,162057
14.479043958258723,55.12030026076472,61.347523412930165,59.61439352165571,61.426696121992435,-112.81248442296575,174.23918054495817,387.5889605429197,5.135648459653835,10.695611108214717,14.063613476381827,13.092377129915088,45.92446673770577,-22.427135654754228,68.35160239246,433.19591256787305,S1,2,162066,162321
43.01351710847335,43.01351710847335,43.55747775426651,6.862303860402266,57.46342800064709,27.389609233977783,30.07381876666931,173.5205124898512,73.52545169547389,90.2321418664323,166.8748602938068,149.80396173350715,458.43815034542854,-44.273373808959576,502.71152415438814,1294.548635389005,S1,3,162330,162585
40.39034907324293,40.39034907324293,40.877968965491036,6.295081292980459,55.81282834742799,27.389609233977783,28.423219113450205,183.72850038864615,-20.394788385454937,20.473241245475013,22.449989451592643,9.38374302126467,3.020993361835352,-44.273373808959576,47.29436717079493,576.2091523610139,S1,3,162458,162713
-109.09067749664212,120.89403301370139,127.84535601699709,66.66077661141037,43.29122174094578,-161.04395713782708,204.33517887877287,388.84519288648545,-60.09487212756722,60.09487212756722,64.05878907542365,22.18411147152305,-8.161723830853106,-88.66116263715458,80.49943880630147,349.2976185622132,S1,1,162840,163095
8.5222107046283,61.63235640826606,70.9844868398394,70.47105289848629,57.29114941441378,-146.2590242628077,203.5501736772215,428.18665726212333,-28.122526333891244,33.94920697598347,43.60535653232072,33.324925069839225,41.94007482486148,-98.85682646129065,140.79690128615215,458.1760728371645,S1,2,163104,163359
46.474350434764276,46.474350434764276,47.234640129599626,8.440733370952382,63.53246591825454,30.404153122729802,33.128312795524735,269.26198665918247,71.08067110880125,87.47579467383675,161.44937445172582,144.96012798551197,434.6616279617169,-43.24619549505772,477.9078234567746,1125.320545708384,S1,3,163370,163625
46.33101842989822,46.33101842989822,47.01065995124381,7.964852810938146,62.47715170747797,30.404153122729802,32.07299858474817,234.3696486815444,-6.796724678029955,8.616741506887621,10.358534129277691,7.8168895961545575,14.5516869458778,-23.325647933201775,37.87733487907958,400.56151080074164,S1,3,163498,163753
-67.76782929421697,83.86863054602892,87.43545530419824,55.24925480947518,59.21024657056888,-117.27754971629504,176.48779628686393,360.86467905580673,-33.521686751402775,33.89972148936542,37.84324703520241,17.561545020532318,6.893206192139078,-56.90727689660636,63.80048308874544,346.444558825371,S1,1,163880,164135
-24.33056977172822,40.29549382926406,58.34537580799121,53.03023904112437,25.07826403808014,-114.21566636063015,139.2939303987103,313.6286681486432,-17.82840411157455,17.95224030297504,22.97149544911711,14.48577267539429,2.813563575738231,-45.392168098237015,48.205731673975244,359.8152623227781,S1,2,164144,164399
17.051378121693954,17.275906134448604,19.08353032742911,8.56922598073614,35.0865344007339,-5.04450252453555,40.131036925269456,220.57659573595484,93.2365089973193,97.50903805838493,176.77645900333417,150.18944652588038,460.77030654043034,-15.817137763497216,476.58744430392755,1130.9215833068008,S1,3,164408,164663
8.190239451271674,10.923106065158386,13.055844017883885,10.16735170780216,29.908533354983803,-15.291774232723185,45.20030758770699,209.48453330472216,2.5759762889093443,12.234123872364183,16.919842234496507,16.72260169349341,74.27823002419127,-24.29457679379101,98.57280681798228,412.7152684117949,S1,3,164536,164791
69.73898062663956,73.20828357841323,82.6554516961143,44.366634718512,105.33017579173845,-17.026173602392657,122.35634939413112,323.7032771321904,-51.82476045341406,55.04355342752294,62.03275522988674,34.09188943659901,16.67948748211563,-86.13066476879955,102.81015225091518,440.1856904141911,S1,1,164918,165173
-21.85755189262187,48.27050679750872,51.32924974876114,46.44286064651959,93.35196519569877,-55.46671477574307,148.81867997144184,347.3836999355407,-23.68182007363633,24.993166532910223,36.81816498351259,28.191287142538698,17.460698376573355,-100.86507953830977,118.32577791488313,459.0745367802381,S1,2,165182,165437
-43.19173799305416,43.19173799305416,43.816008220637805,7.369962383239249,-28.28495030165841,-60.17493269757884,31.88998239592043,222.66689708330532,15.490085327398582,82.3643825802184,124.17531428117589,123.20538110561046,394.68619597404296,-67.58514145825701,462.27133743229996,1066.8918342179638,S1,3,165446,165701
-49.3002364296318,49.3002364296318,49.94904202540856,8.024555267330147,-30.87383877529661,-65.5296103440549,34.6557715687583,245.76431049606109,-47.24256755507739,47.24256755507739,48.53440969078998,11.123341891598816,-23.797597557132526,-67.58514145825701,43.78754390112449,411.7718619125437,S1,3,165574,165829
-44.23288771121764,44.23288771121764,45.56570341477079,10.940062724210764,-19.76598817948583,-65.5296103440549,45.76362216456907,249.61102803507356,-35.30530625378918,35.30530625378918,37.075105493456505,11.318073938488071,-11.930829698173133,-57.599796972961144,45.66896727478801,411.5034818142376,S1,3,165702,165957
-16.154576780146506,21.029015386365785,24.786312020854,18.798694440026487,108.73449757963836,-36.24712559764386,144.98162317728222,347.2658908590146,-26.826783751867858,29.960233967933725,31.737844384654547,16.959199265150076,67.73137492629583,-54.489722443796914,122.22109737009274,422.6166713750782,S1,2,166221,166476
-1.0079828670876148,8.47702638635306,11.234636219159428,11.189326231570277,33.51340465268611,-14.508999155127297,48.02240380781341,214.06481796993205,74.69531219829868,95.89840999883855,171.08577061724395,153.91865138213402,443.39155564227684,-37.18450670266077,480.5760623449376,1116.1713056882793,S1,3,166485,166740
-8.05284154274328,8.095431970019945,9.095365635508736,4.228169714079754,1.5684993984724138,-16.604063204332324,18.17256260280474,179.13585790503004,-20.470058251688922,21.32151697661617,23.231883101134184,10.98622353664927,8.99820442573657,-37.18450670266077,46.182711128397344,405.3904757761919,S1,3,166613,166868
-12.90319277639521,12.993948902415703,14.56011445200252,6.745705969770333,2.8854786734597653,-27.883654230883455,30.76913290434322,176.48412032389533,-25.801082548754852,25.801082548754852,26.48222180122432,5.967596739188928,-6.526128732142948,-37.35889380692394,30.83276507478099,417.7446708842809,S1,3,166741,166996
8.925248891520543,8.997915653803163,10.999820699274753,6.4293069331464245,26.503927227414152,-2.0331962176052842,28.537123445019436,234.04074146554584,-72.75395747382224,72.75395747382224,77.92781752240654,27.921432909196433,-2.625271156801246,-101.5276892050696,98.90241804826836,315.32007234710403,S1,1,167015,167270
-21.538190190609956,30.00038740800756,31.51987012684646,23.01322611296341,38.80599116042766,-50.06975066047483,88.87574182090249,294.778068618117,96.78467903199825,143.66582407153868,214.5981425983943,191.53351850617125,458.5317065422227,-59.769297799539736,518.3010043417625,1159.0980910625226,S1,3,167522,167777
-27.494146204192873,28.302298375696875,29.962113762687505,11.90798831166266,17.277177934900834,-50.06975066047483,67.34692859537566,267.44022395067634,-1.144511387973921,66.33643116247907,100.89384023738252,100.88734852066074,383.1938981052188,-62.76914176530991,445.96303987052875,665.9768891567667,S1,3,167650,167905
-24.02251901814102,24.02251901814102,24.670091623309123,5.615336207701193,-13.222593944810022,-40.034936931628486,26.812342986818464,237.76809852799366,-41.36860073708613,41.36860073708613,42.16021335381057,8.131571994047855,-24.980904361331874,-62.76914176530991,37.78823740397804,299.40550037652764,S1,3,167778,168033
66.95659569087428,81.07237588547123,88.85569755599354,58.413605278659126,117.15099615289975,-40.51625820446312,157.66725435736288,345.5627146741291,40.47842961303178,50.71726940494469,56.31539257427126,39.15252452725262,124.53713962360496,-27.574176674537537,152.1113162981425,524.7601983857417,S1,1,168055,168310
22.746988984178653,23.70709764200319,32.603116409803256,23.356748313599592,80.86093121994423,-7.638566428085411,88.49949764802965,291.4960251129495,85.7057486084432,135.87256330198986,201.28956757928827,182.13186067166615,438.37027640871526,-75.53618559368483,513.9064620024001,1153.6497263600336,S1,3,168563,168818
16.785009121095914,16.785009121095914,19.2991733870287,9.524786728705468,64.49121873723733,1.4700817981242138,63.02113693911312,228.0079395123035,-2.5774101365055913,58.67738644492146,87.7521701668081,87.71431083906823,337.5608633356247,-57.31037145506166,394.87123479068634,628.219519839741,S1,3,168691,168946
17.860448655624015,17.88887677049122,20.572783797460207,10.20998565115836,36.70953465600745,-1.269459091944686,37.97899374795213,215.06075561450427,-40.74897753547397,40.74897753547397,41.31115579913237,6.792085340572971,-19.25562493238275,-57.31037145506166,38.05474652267891,366.9115069491961,S1,3,168819,169074
-85.8762687556277,90.5191695754294,98.02973396381981,47.27679352101291,21.927451761055494,-123.0966376378648,145.0240893989203,325.34273336922763,-64.09135537543617,64.09135537543617,66.95093885209101,19.35785058615698,-18.424412489148636,-91.65851046699288,73.23409797784424,313.79039814950653,S1,1,169093,169348
7.360220038116719,9.108709742541004,14.11194419067855,12.040520330589173,40.28036439235085,-10.608369489279948,50.8887338816308,246.92593690377706,110.14492307856813,121.6143004104195,202.33146222690937,169.72364751823937,450.35692379614255,-27.27880934687003,477.6357331430126,1071.1633869617513,S1,3,169601,169856
26.308430463343576,26.76386307054683,30.764403839404636,15.947257762681025,49.24816417547844,-8.764997282369377,58.01316145784782,230.22097286814102,16.713453615769964,47.020473183251006,86.94260180339677,85.32102013324452,357.8254261655416,-40.0644548657778,397.8898810313194,595.5735018570467,S1,3,169729,169984
37.555062906041215,37.555062906041215,37.9590562153753,5.523332226591972,51.46710650887459,22.911459252141544,28.55564725673305,246.79889065009775,-20.981992385806443,20.981992385806443,22.294129420391066,7.5355293201676945,-5.487543213296008,-40.0644548657778,34.57691165248179,280.26371576870406,S1,3,169857,170112
-2.613845996433394,12.182176021343661,14.543561930833512,14.30674675609095,33.78646190569731,-19.751069371549438,53.53753127724674,301.816133567047,-10.275432389750863,11.75079560552805,13.832717286997797,9.260645590112306,14.284542978935992,-27.61049074756766,41.895033726503655,357.65494266282815,S1,1,170133,170388
15.492955583801386,17.151850690857756,18.450732630827982,10.019873347136576,34.0942301694824,-11.127748722404165,45.221978891886565,259.0959700200086,-32.006057587802665,32.006057587802665,32.57686990117297,6.071633243552251,-17.573797731151664,-46.48416841083485,28.910370679683183,434.8645429779034,S1,2,170397,170652
9.184680043152593,10.959895343458475,12.112419708170401,7.89635128979133,22.344223541245864,-15.26216251526022,37.60638605650608,255.94828470512206,69.25332869824366,92.09267135213787,165.54321216101604,150.36133664210422,454.9678647653386,-37.9145747709479,492.88243953628654,1137.709789064756,S1,3,170661,170916
2.3883494433912515,6.774701055267179,7.868804475497452,7.497591000438836,16.882700887990843,-15.26216251526022,32.144863403251065,265.62971227279263,-19.435424358660956,19.92397724318714,21.51169095778125,9.22047329923231,6.14090085929254,-37.9145747709479,44.05547563024044,370.50739519955573,S1,3,170789,171044
-29.137190632638067,33.58804169480807,35.204862103436156,19.758705366477425,18.916156350337594,-47.72864193344911,66.64479828378671,261.77573568472997,-41.16390291252053,41.16390291252053,43.25630236494754,13.290627949662507,-5.528908067395418,-64.81388957810377,59.28498151070835,447.8906212985013,S1,1,171171,171426
1.318114858712434,19.916006314879006,20.989599719953212,20.94817103288737,26.921076046588798,-36.95333047546839,63.874406522057185,281.6081903638641,-33.17531135357398,33.17531135357398,34.68690362721922,10.128178505408522,-0.05450834851626296,-52.20657818827969,52.15206983976343,351.26397740888615,S1,2,171436,171691
-4.393766294650003,14.34083456836808,15.594514586403836,14.962743830379493,21.86262058681359,-28.70004314766708,50.56266373448067,223.96152267508526,49.83947116594109,68.50745191104187,133.14365530051546,123.46359811977702,413.7440982610472,-38.809042782473234,452.55314104352044,1111.7091324146259,S1,3,171700,171955
-13.867566502441655,13.867566502441655,15.142064940421928,6.080520533664293,-0.654929950599374,-28.70004314766708,28.045113197067707,248.11355242969222,-2.3238606152512773,16.083387416075084,28.644842198632393,28.55042305160179,160.54297492490443,-24.25068254346012,184.79365746836456,493.8360918891041,S1,3,171828,172083
50.739175550884724,55.14755242940462,59.56144040725161,31.194570806521547,82.29813166500367,-18.602915535207476,100.90104720021114,262.0627886898179,34.36082704423103,34.63276695559023,46.333564793512515,31.082676707630316,119.46260711109927,-5.568759758602747,125.03136686970203,559.3303951244452,S1,1,172211,172466
-20.628136815358772,34.9697826761018,37.635139119769875,31.47830472073223,60.79587689003758,-55.78374050098856,116.57961739102615,345.4887327212218,-31.25772567773867,32.30602745099364,35.07239476380139,15.906836892454766,10.036990009445482,-55.875879544346105,65.91286955379158,394.9162455515825,S1,2,172476,172731
-44.930803305058994,44.930803305058994,45.812850392931345,8.946517506114297,-24.78300573279635,-59.7783674643344,34.995361731538054,231.7494231304322,56.50030862891309,90.01901197084138,152.56210509679258,141.71418784441576,419.2592982678078,-48.654097893996486,467.9133961618043,1117.6182345547643,S1,3,172740,172995
-48.13675271802525,48.13675271802525,48.67715902658674,7.233176941241238,-28.96714635818326,-62.69280166965061,33.72565531146735,219.81059851035252,-20.363056229640254,29.441497380042783,32.893629330117015,25.83286262681013,108.17733469602815,-41.2892084903494,149.46654318637755,426.5187944142011,S1,3,172868,173123
106.55635642424203,118.5039624257793,127.43152413277987,69.88945734796599,156.93611476832046,-38.46358307035816,195.39969783867863,400.7174166286496,-15.098363059174794,16.662034863461827,28.285531389478535,23.91883606947716,15.797986218993909,-72.96570605728449,88.7636922762784,436.3237580771874,S1,1,173250,173505
5.064613429231624,41.60295239057254,60.35579398617943,60.142926088731166,152.29308141379389,-37.49237222863287,189.78545364242675,452.1945960741883,-35.29936499263553,36.25770407281328,39.42977952032725,17.568788920648913,10.022459234854571,-54.633529272747744,64.65598850760232,355.52920817120366,S1,2,173514,173769
-7.263065030328885,8.695540545076042,11.850601340940877,9.364007609305078,11.610064261880686,-34.75068558781932,46.36074984970001,277.17572662091703,72.20884393312804,87.87705048593772,161.3248279576394,144.26220216468036,446.4639088086225,-52.348907783829006,498.8128165924515,1129.4274701371285,S1,3,173779,174034
0.6288117096026244,7.025399399997128,9.113655454943522,9.09193662457501,27.331677602202472,-14.727012027531108,42.05868962973358,235.48351448763304,-3.391152532373537,7.813399012011212,9.81732810715614,9.213035095218867,22.533728956888513,-21.424720804229228,43.95844976111774,310.6958012131899,S1,3,173907,174162
-78.92417743280652,79.66249245578621,88.06084947616212,39.06004898893697,8.488452961082682,-115.03578610143005,123.52423906251273,346.04215109606594,-49.9809340978707,50.785904976846425,56.22241993880873,25.746198369469298,11.658452332411185,-76.80036329172992,88.45881562414111,397.52987634757784,S1,1,174288,174543
-2.134934484006454,32.01922824859112,46.365680743631444,46.31650251874979,28.875290606767702,-116.75573442698499,145.63102503375268,351.095810938502,-12.200412183911443,17.620276874513902,26.035819012560722,23.000300306680423,37.49893653437168,-71.25655431745321,108.75549085182489,506.9536984352591,S1,2,174553,174808
10.89235510783309,10.940527098346278,11.686237920584238,4.233763921307304,23.067253298769206,-2.051365018770551,25.118618317539756,220.65848209703745,73.6252268306795,78.56126669225823,155.68322455979043,137.1735848604429,457.1583971319355,-18.643182895966902,475.8015800279024,1160.9015848387735,S1,3,174817,175072
12.387785279532407,12.396374449952024,13.635230811911493,5.697569232778197,27.88019165931902,-1.0994138137109937,28.979605473030013,218.74688882680286,6.564271730978554,8.360674955605218,10.604359241062355,8.328431518322065,27.38697228756558,-11.352985754232161,38.73995804179774,409.37257094093127,S1,3,174945,175200
66.58166160611081,69.84867911460411,77.83098850152719,40.3056461168185,100.51174135824093,-14.701142866958756,115.21288422519969,340.0947661117606,-57.282240393964706,59.193055427916036,67.00756865336028,34.76721433021101,15.051624338717804,-99.40894572405412,114.46057006277192,453.9455389519501,S1,1,175327,175582
-8.825191650806053,38.78256082294001,43.785693869963886,42.88709572821102,84.169973852198,-49.101544906393535,133.27151875859153,312.79649923835825,-35.09220281982491,41.134239360394695,47.63876456362347,32.217839629630966,64.35879579552214,-104.11364432603804,168.47244012156017,645.2025801693374,S1,2,175591,175846
-16.662834151537815,16.7805985174193,19.933299817561505,10.940127954239964,3.5364707559292268,-42.76171415770206,46.29818491363129,217.9503267341904,103.74030695158159,122.52338178580906,205.22016377017638,177.0685300426071,466.5445775028553,-42.684330922294606,509.22890842514994,1198.2326914216897,S1,3,175855,176110
-18.004298331408833,18.004298331408833,19.20375352178178,6.680523251884935,-4.293848879829258,-28.91892627827409,24.62507739844483,172.03812023501447,-6.564775652343765,13.422072525032831,16.75000203280797,15.409941230694738,75.93776123398929,-25.22840475254158,101.16616598653087,499.8463013290661,S1,3,175983,176238
-23.07730103742655,23.07730103742655,23.41864895992675,3.983879508251921,-15.160201304426689,-31.35521791303976,16.19501660861307,174.3249666568978,-15.560038950272645,15.917155379385015,17.461159162369047,7.923210659800902,8.699305626970222,-33.02646914495804,41.725774771928265,391.6813653554992,S1,3,176111,176366
-2.2536880516520514,8.882312568570345,10.064771798054856,9.809205957301598,17.970439175630794,-18.762059056277458,36.73249823190825,247.15179729220625,-9.039337517946173,25.367703685692344,38.94453614216814,37.88096187486917,68.6309942714268,-100.14528016172383,168.77627443315063,531.6391066061129,S1,2,176631,176886
-8.735383428492845,10.240946207318366,11.635013461115154,7.685480765543778,8.492192481518996,-22.09506909120455,30.58726157272355,226.93388901690474,81.10518367952486,88.75314941898574,166.12844095298956,144.98485463586005,454.11855524798113,-26.44442658801089,480.56298183599205,1080.3421368489144,S1,3,176896,177151
-0.43150633505450875,5.623078634262962,7.0868638595930245,7.073714840676966,9.880434374954831,-20.140328002924022,30.020762377878853,236.7292880568516,-7.899223379654517,10.397594928160906,12.768032001571637,10.031196897253931,21.691440047108898,-26.44442658801089,48.13586663511979,394.9646219336416,S1,3,177024,177279
-3.2425132608739857,7.055898352491269,9.35175126375031,8.771622395663865,9.880434374954831,-27.76404479118024,37.64447916613507,233.03102495140973,-8.662303242691845,9.329089297885837,11.205948370065382,7.10899299508878,8.547286261802517,-24.24933837891201,32.796624640714526,400.54369747620365,S1,3,177152,177407
-13.532411602748079,38.39722051722869,43.32907814605169,41.16166723057345,81.53858102991927,-52.82881939826819,134.36740042818747,374.6803050933022,-24.30966663277334,24.30966663277334,25.697461739468604,8.330645116368801,-5.415256379660922,-43.28292074282688,37.86766436316596,383.01744149459137,S1,2,177673,177928
-17.5733551547311,19.523758288822226,22.380396597668778,13.858547560066677,13.258392822475313,-43.03849637393606,56.29688919641138,355.06523022121655,58.70180320891488,84.14386816828677,154.83603687938432,143.27699262804165,442.55464389677286,-45.69898431003314,488.253628206806,1137.3282335622553,S1,3,177937,178192
-25.442235040901682,27.39169970519197,31.0369638368385,17.77598943329837,13.258392822475313,-52.048284644597814,65.30667746707313,399.6977544085091,-22.69921219420491,22.69921219420491,24.660237968251813,9.637069181720511,-1.9348385463632072,-45.69898431003314,43.76414576366993,376.7116966388408,S1,3,178065,178320
-50.58799513614427,50.58799513614427,52.60977270737499,14.444477575430057,-17.842695009200852,-76.77730772777689,58.934612718576034,455.62272890406183,-19.388615458690545,19.388615458690545,21.033209123526536,8.153372101715087,-2.9665242579728264,-40.4543318137057,37.48780755573287,360.05853080865415,S1,3,178193,178448
7.239567350629354,41.028881290513226,57.46473853524035,57.00688414129682,133.23010264708765,-39.17422070261258,172.40432334970023,387.07930787144846,8.425297213986314,22.346037566781256,27.48536050415736,26.16217515611972,75.44331401174364,-48.52069704646326,123.96401105820689,470.9127257039837,S1,2,178711,178966
-7.551477153226473,10.7669550056702,12.503663840141517,9.96578156651856,16.38413246260743,-29.99848572902387,46.382618191631295,265.75213358304995,67.06632377006241,92.30058755224728,169.14125344856637,155.27675883441577,469.9986479011807,-40.35490000583094,510.3535479070116,1201.6508725483095,S1,3,178975,179230
2.887013115567939,7.639957331867034,8.920819908113252,8.440745411604857,17.166734119874477,-16.40768767810172,33.5744217979762,250.4197349324038,-15.714745872750454,16.38787820534148,20.19456756434185,12.68334818829951,19.167381879426976,-40.35490000583094,59.52228188525792,422.412344954455,S1,3,179103,179358
10.97358680989064,11.103550327067312,12.982865791748438,6.937953350401393,31.197047574750858,-3.7172383206856203,34.91428589543648,246.01087366364442,-11.303826868919767,11.597908229847192,13.369713141027109,7.139518722633936,4.3534968481342275,-25.302425096720143,29.65592194485437,375.054144393101,S1,3,179231,179486
-70.47175567252415,77.0931887492369,81.42611200672751,40.79146196159427,32.73045161730901,-102.29463572668779,135.0250873439968,365.38693514708643,-63.02379003868923,63.02379003868923,67.9522094448501,25.40678369247061,-6.138538786431916,-95.86036784383806,89.72182905740615,349.45458859410235,S1,1,179506,179761
26.11003268119379,26.11003268119379,27.9360128776561,9.934133524749894,47.50395509760318,0.8578479380308117,46.64610715957237,228.1094555891993,81.45461907011877,85.747214562039,166.71393479890696,145.46023885679566,466.77098030332724,-19.10425841392019,485.87523871724744,1178.8995464840445,S1,3,180015,180270
12.487892541191478,13.936505747979101,17.79536557657188,12.677837981434124,47.50395509760318,-9.09392873579588,56.59788383339906,218.98052394823247,-4.879325740892158,11.904109791092065,15.474206231095424,14.684796178249789,40.417583680540524,-34.00232103359682,74.41990471413735,414.7232287794152,S1,3,180143,180398
-6.8258501785176415,12.36733499709926,14.820855667412468,13.155437357028575,17.94888769166314,-30.792012568954444,48.74090026061758,213.83031788094277,-19.83003044121358,20.139379513037404,22.154702070189717,9.879307491894933,8.738779182951925,-36.08028318839901,44.81906237135093,358.14315851135166,S1,3,180271,180526
82.24845543059544,94.62329098221613,117.73247425168115,84.23851300150139,171.70291354807765,-40.20318070522461,211.90609425330226,551.8713535645786,-21.235734793162777,28.75607534240153,30.98252004011647,22.560144410678628,31.7018964221226,-54.70935719659009,86.41125361871269,393.6509075255924,S1,1,180545,180800
-0.5536462520570273,16.04727548126032,17.893286498512015,17.884719107255094,30.5327817272675,-35.2544479464372,65.7872296737047,226.3245199215208,80.94069172372772,95.59488544727384,175.19481035286282,155.37640103265375,478.6042538432832,-28.08128563038953,506.6855394736727,1171.8562277715841,S1,3,181052,181307
21.82695114511336,21.84063371429338,23.64319433451302,9.087620263214298,47.57219236283914,-1.7513688550423783,49.32356121788152,224.63600645578484,-11.65682856937141,11.893821945467266,13.370555002849509,6.549052510746155,4.703063431479211,-28.08128563038953,32.78434906186874,367.68944406426385,S1,3,181180,181435
33.57117275916488,33.57117275916488,34.64232446381551,8.547923948572375,53.57644155224125,14.275555691234455,39.30088586100679,236.13293132468897,-15.419669003231139,15.615018200326373,17.951370939828525,9.19160086438227,4.703063431479211,-37.38460576796546,42.08766919944467,378.72927573196625,S1,3,181308,181563
-106.77177481467268,122.06818058535615,128.10225356185697,70.78118020032672,53.43812827822126,-154.4029683391629,207.84109661738415,408.9469377414715,-84.04952478713182,84.04952478713182,90.09202317630914,32.43840352202826,-10.850193164522596,-114.74848205844584,103.89828889392325,395.1767060286003,S1,1,181583,181838
-29.475543128789006,71.65350689092261,88.48757635772682,83.43406694466856,49.757290342347915,-152.54876599534214,202.30605633769005,380.9171938369823,-25.202328179684205,45.97180768447083,63.36963990908963,58.14253104682647,77.42268686252223,-119.30140584103513,196.72409270355735,678.0197593637853,S1,2,181847,182102
53.449511147802596,53.449511147802596,56.68752437031519,18.884522162236582,104.60452809335352,32.4673032050729,72.13722488828063,302.9156774033971,122.6837847647086,156.1542487845693,237.2588428771334,203.07744207371462,498.28660260849404,-70.10405974050643,568.3906623490004,1233.85333530784,S1,3,182111,182366
41.16466861888348,41.16466861888348,41.56437753613856,5.750438023678693,53.96556203366272,28.392824806981793,25.57273722668093,224.9084332769351,-37.71674410424641,51.19461183721887,55.635372532983,40.899167363879094,172.29122334454098,-70.10405974050643,242.39528308504742,504.3696329443063,S1,3,182239,182494
24.26431822585337,24.26431822585337,26.92181864877963,11.66306908117665,53.38099990706961,1.8203771281631305,51.56062277890648,250.78950064098117,13.519930396510915,23.668676851477766,28.94131488784507,25.58927880013235,80.16180332086431,-42.66902036682289,122.8308236876872,486.61752928421873,S1,1,182621,182876
-9.27513511692507,13.634955115597219,15.93939593216894,12.962878200663122,22.51589691083798,-31.003504018270046,53.51940092910803,243.84984412400397,-51.578055441252985,51.86857870036846,56.084978080354524,22.027913273228595,5.606349537204922,-81.53272707432745,87.13907661153237,398.4642748933617,S1,2,182885,183140
-51.70277283801815,51.70277283801815,52.83741764295181,10.891096548833241,-23.033880854477758,-70.44707176089898,47.41319090642122,208.4747615114095,25.672223470544182,76.57510502651547,126.16999505737063,123.53058161789481,401.3814839675852,-52.22025900144066,453.60174296902585,1077.4634569824204,S1,3,183150,183405
-57.92753914149061,57.92753914149061,58.18691972900376,5.48797198977904,-43.89156987134183,-71.1366422903272,27.245072418985373,191.19203144062195,-23.775100307580203,23.80853950322559,27.151562058263977,13.113044176249069,1.6265752164775855,-47.05478997613186,48.68136519260944,382.52800408174187,S1,3,183278,183533
82.89532997399797,99.82987472469429,104.73674887127636,64.01680117458854,140.6918946403316,-56.988293966325216,197.68018860665683,367.68546237016665,59.38224253127903,71.17831084514859,74.978134572139,45.776303213279895,133.25511145389785,-38.23410373008081,171.48921518397867,490.67231443264944,S1,1,183660,183915
28.37640540747718,35.48637060023355,66.06505146223576,59.66046128600046,146.49287571409639,-22.607779864273766,169.10065557837015,343.3526942365106,-6.261204794149705,40.98539435338972,46.840400765040606,46.42004371341472,89.67632341915555,-52.484445539266005,142.16076895842156,494.4009365089979,S1,2,183925,184180
9.669240209265318,10.141327762561017,11.598560405716132,6.4056535389117615,21.907977228346475,-7.689025537524326,29.5970027658708,232.5756525623165,43.224191695235,71.16535218987165,133.85506097332765,126.68404240655903,426.1697213565666,-43.39466417991418,469.56438553648076,1153.5996162726117,S1,3,184189,184444
13.958272610103597,13.958272610103597,14.692401343108148,4.586205726850667,23.291943312541292,2.6174583314627524,20.67448498107854,180.68233225631838,-15.263453498541317,16.13196994874881,17.561441755924907,8.685115073769012,23.274675282026543,-31.30755068675446,54.582225968781,360.5517381006208,S1,3,184317,184572
-87.32260954016343,90.97914380888436,102.17505749504188,53.051901353403665,18.380409961468054,-127.96290309312283,146.34331305459088,367.5828777873064,-102.48101969377343,102.48101969377343,105.98568047211855,27.029707132383685,-41.63393980545377,-132.50420191863876,90.87026211318499,454.52058208451433,S1,1,184699,184954
-8.36577792839053,31.15736359311856,50.44462641280283,49.746096264733154,25.841653113614004,-134.31907863521786,160.16073174883186,387.9219166361335,-26.349347179901986,30.125053192530284,43.6266203535009,34.77058967951925,44.33157115050187,-115.1940578144722,159.5256289649741,567.7985261584722,S1,2,184965,185220
12.42390000254166,14.635464607488581,18.227968003776482,13.338123041625629,41.19688830484142,-20.93724706187693,62.134135366718354,375.3046302949094,146.58951437465703,163.1722358413957,249.4366254722388,201.81710631752736,481.90645338645146,-27.042065868620046,508.9485192550715,1156.223724038489,S1,3,185229,185484
18.687815637036202,18.72389496798601,20.74722229102323,9.011813330805097,41.19688830484142,-1.89573188551415,43.092620190355575,336.8152911590795,25.06847788802476,49.66016011454065,106.01701573671868,103.01057733115212,446.97190152524456,-27.287496582040983,474.25939810728556,765.7964461447913,S1,3,185357,185612
-5.742346821206907,11.788447185327477,13.099762611823314,11.774091619785318,21.256350782600396,-26.952944890047714,48.20929567264811,260.0246135582618,-23.39250844996966,23.39250844996966,24.43607851012141,7.064876599836349,-1.9211005086339128,-41.14763702145055,39.22653651281664,375.8144691137036,S1,1,185740,185995
30.731867508374208,31.465245698267744,35.71886249633104,18.204105511656916,55.60916650573968,-6.034870601305838,61.64403710704552,272.5108893967474,-32.10825204420253,32.10825204420253,32.75852560843983,6.49470174101725,-13.412797289111959,-44.69674147962941,31.283944190517452,393.2766600103057,S1,2,186004,186259
30.41667896265927,30.41667896265927,32.485298797427205,11.407027607604295,53.309434692484245,4.883479304957645,48.4259553875266,227.03915392858377,37.355156187805164,48.956221970286606,106.23904004324815,99.45514534449973,397.73394104860995,-38.8008436505382,436.53478469914813,1037.6252328607613,S1,3,186268,186523
11.462449158133975,13.3436724488099,17.01886932394305,12.579911460842784,36.09187465043842,-12.343655088578243,48.435529739016665,210.146906549401,4.1801679148444295,5.990121721532771,7.594367303981737,6.340395173133296,18.317767512568913,-7.581166552640148,25.898934065209062,329.6586831888328,S1,3,186396,186651
-62.51483251933932,64.07894322603306,70.58334309330763,32.77047508515145,10.491909526866612,-86.99291316451588,97.48482269138249,258.12276877398546,-34.73333684576241,36.00049557482256,39.84229840055727,19.5193251265983,9.158150718316477,-61.31889631153119,70.47704702984767,373.7672461990942,S1,1,186778,187033
-7.9042683013650255,21.94045174613174,32.73221805065613,31.76351115880823,21.37539889084538,-81.08323537177166,102.45863426261704,244.57290164673773,-8.529723732524609,17.65896378182796,27.51697068397914,26.161565103597564,53.447056987131795,-63.4416793298563,116.88873631698809,414.2480649504551,S1,2,187042,187297
16.601123239810313,16.601123239810313,17.51741556990627,5.591292822364481,26.8411572804842,4.412468795381011,22.428688485103187,204.256662439372,68.29507729060848,68.52798293269825,129.71464361624055,110.27996729396557,446.0421106031729,-3.509258472367339,449.5513690755402,1189.7078506328949,S1,3,187306,187561
15.08377844270238,15.087171538570711,16.70055977920269,7.168565046799076,26.8411572804842,-0.4343162711463796,27.27547355163058,210.64762288979006,21.12271429260431,22.1027569056505,24.563338126487334,12.537484629268981,45.501207468639,-18.049462893743346,63.55067036238235,502.91673527484625,S1,3,187434,187689
4.412727785131593,6.816551753273224,8.488810501033633,7.251740288840087,24.238863192643052,-10.95204340911667,35.19090660175972,222.56434552659528,8.618941411357998,16.68220176936119,20.600766964244173,18.711104950340918,45.501207468639,-18.049462893743346,63.55067036238235,419.4798932319428,S1,3,187562,187817
-8.142013498474736,15.182937567476717,16.27452146482538,14.091403943529446,26.349277098810308,-26.735112388065527,53.084389486875835,236.40469177998992,-25.46438977744406,28.45722430057866,43.25524578875922,34.965427803880424,38.0057782290731,-102.40679117192671,140.4125694009998,542.9750360270277,S1,2,188082,188337
-9.182242068398292,11.307530938902758,13.710575038753463,10.18166481920448,9.052985431613891,-28.23587251542249,37.28885794703638,218.01824650925758,67.27469649244921,70.7896198301951,141.51415256708276,124.50048429073848,453.5562660305098,-20.379633602255524,473.9358996327653,1134.9100649645147,S1,3,188346,188601
-14.358942334336739,15.052785012515262,17.520384960210432,10.039156547895846,5.876760145993862,-34.68865362681275,40.565413772806615,210.64306623437255,-1.8683580734549303,9.57155543599505,12.149250193910671,12.004729000839388,31.94660762246893,-29.131925092583423,61.078532715052354,382.1482371304124,S1,3,188474,188729
-28.766268109189877,28.766268109189877,30.74669712152955,10.856389959525169,-9.837290232098068,-55.12167162747091,45.28438139537284,221.6780748844303,-20.86851056890758,22.235735777338242,25.279049468340457,14.266590645918052,16.44680467979699,-48.38571795368437,64.83252263348136,409.6103854592029,S1,3,188602,188857
-12.006971863858364,23.02020562060752,29.230576773429853,26.65068939385791,105.35727003034928,-32.763102280790115,138.1203723111394,328.36585150544215,-60.13614339112239,60.37757917372426,62.692122437336344,17.718534751506382,7.276906733074285,-80.12344367420255,87.40035040727683,401.4332471422769,S1,2,189122,189377
-0.3542536815844519,9.933286945216366,12.507635054417413,12.502617285335704,28.784161971864204,-21.789625888723528,50.57378786058773,275.40217107059436,108.81109261238701,166.20435606259366,231.85326483637368,204.7341753098006,468.1179236327209,-87.55757773799782,555.6755013707187,1292.1313430594828,S1,3,189390,189645
1.0657698970704403,5.231493011994959,7.114091203190855,7.033806094414032,28.784161971864204,-13.207205701509148,41.991367673373354,205.89063142141208,-0.10183962814835112,69.68624658515236,105.33872765349727,105.3386784251056,422.90084295778877,-60.162507708056204,483.06335066584495,726.5095067107131,S1,3,189518,189773
3.0364060655993814,4.740180477733929,5.798532298437463,4.939961034341641,13.93469625526139,-5.895140379612654,19.82983663487404,192.58800303251203,-37.251295609676355,37.251295609676355,38.75278542453539,10.682666032437295,-13.919695548139307,-58.6942039023611,44.774508354221794,370.98074160349995,S1,3,189646,189901
-35.11319640150167,36.798080408966854,39.482858689449614,18.054350410929143,17.76363481526916,-50.89441123762714,68.6580460528963,236.52882840773236,-9.313414184245428,12.133464729391566,18.67945780367307,16.192049285742026,25.216705589526253,-47.59451605736658,72.81122164689283,428.50081819905665,S1,1,189911,190166
16.12651349638196,16.181795840696097,17.74392568118136,7.401517481591041,33.472858351147956,-1.6851410971112546,35.15799944825921,260.2889808944219,46.67301923552081,66.52587248465133,132.07901564171954,123.55766122878138,424.8883770017461,-34.69723921575493,459.585616217501,1177.1908150867773,S1,3,190428,190683
20.28918906198954,20.28918906198954,21.011954359518164,5.463609906766607,34.4550284083576,4.352327800115188,30.10270060824241,244.6213611374746,-20.210880034682233,20.242236036491832,22.85201913044793,10.664666265853853,2.1739229115311653,-42.34471403575315,44.518636947284314,349.3022661235061,S1,3,190556,190811
15.219713596528855,15.736584386509001,18.618893685633306,10.724901869786523,34.4550284083576,-6.106633417227173,40.56166182558477,254.19470453385554,-26.40022577731209,26.40022577731209,27.169408409010558,6.419099017974389,-14.136325338215476,-42.34471403575315,28.20838869753767,311.2875813481032,S1,3,190684,190939
36.99528523869412,38.727180318372845,41.939724153975284,19.755741753201722,56.78405085727499,-9.310386545712696,66.0944374029877,260.67143130735207,-14.17246714542413,14.285444655796411,16.889639695325425,9.18700735004528,2.6492700864457355,-36.53357704794268,39.18284713438841,342.72320724091577,S1,1,190959,191214
-40.33989195481891,40.33989195481891,40.71345894412499,5.5026226718255025,-30.208469661415716,-54.49543556370617,24.28696590229045,183.8268820910672,53.653888777312574,55.2816391187732,116.68146242329435,103.61382095218003,413.7695220617448,-13.258069708568755,427.02759177031356,1132.3480822189458,S1,3,191466,191721
-41.88875059367187,41.88875059367187,42.33807044059661,6.151811305142126,-30.208469661415716,-57.49584826732495,27.287378605909236,183.68937826760828,-6.596161113342865,14.88985074313847,17.701548751617626,16.426669984288324,35.19428770955807,-35.73128061965654,70.9255683292146,423.7423354035395,S1,3,191594,191849
-47.208039930468786,47.208039930468786,47.526621300390964,5.49369621967217,-32.19918641680328,-57.86251770853678,25.6633312917335,227.88629096008475,-23.228528199603787,23.228528199603787,24.443802103442767,7.6115004402866875,-6.911557756466772,-36.079147423714176,29.167589667247405,403.7580137815943,S1,3,191722,191977
96.25385371724298,116.33943403967976,122.38350075920034,75.58384022168218,151.260015198158,-58.93257639783297,210.19259159599096,419.27771772499443,-7.470997811987565,10.570379618406523,12.75738844478182,10.340945393160613,22.84919448190413,-30.00562583466172,52.85482031656585,380.2240980068717,S1,1,191998,192253
-24.184987771452462,24.184987771452462,25.130325957749903,6.827858319960471,-10.936828433411378,-38.98722440948652,28.050395976075144,202.7864954915861,65.81834695341314,104.58787048020639,170.00610135957336,156.7482685831064,434.8094083855862,-43.520218534546785,478.329626920133,1181.984451735581,S1,3,192512,192767
-18.72933357989175,19.331269682163963,21.608173638443155,10.776141779052884,7.970624775482841,-35.55825235349705,43.52887712897989,206.30790154218792,-10.392912253015151,47.8163214668218,67.27102492368851,66.46335959898994,273.4236745570395,-50.10219852468701,323.5258730817265,661.2849770586275,S1,3,192640,192895
-7.419461793200609,10.037916258357104,14.167931648478913,12.069874642895295,9.857775782172794,-54.539247854367446,64.39702363654024,239.8642612635428,-36.08075160441433,36.08075160441433,36.56627961143762,5.939037656253028,-19.439396679077074,-50.10219852468701,30.662801845609938,416.92557162045534,S1,3,192768,193023
44.47319913253745,71.88991781240047,73.208040522016,58.15111139084795,91.37983890474399,-75.74418270871202,167.12402161345602,360.0548865311914,-17.208453062687795,17.230729871551457,18.83677256402162,7.661145072242704,1.4449093390363572,-37.13095979730679,38.575869136343144,367.92786946562967,S1,1,193042,193297
-28.214277372847974,28.214277372847974,28.86227247593063,6.081556116888334,-11.552073427372818,-41.01279423999582,29.460720812623002,222.1770981966467,74.0027088019819,74.0027088019819,137.22138118180598,115.55650800976797,450.7936340979331,1.1369843847627046,449.6566497131704,1157.4743072106437,S1,3,193550,193805
-23.601130380674622,23.601130380674622,24.10473509214483,4.90152003126335,-11.552073427372818,-37.4178547160052,25.865781288632384,233.91060540289334,15.439506084018797,15.920551545852405,19.0112915513236,11.092829140078491,47.00868091543504,-11.602800190652278,58.611481106087325,436.2531657383776,S1,3,193678,193933
-31.689545834267456,31.689545834267456,33.64669465780706,11.30808322455952,-15.84897094014522,-53.75293182858338,37.90396088843816,207.00882715920076,0.04397361907526953,9.214857012522831,10.826376655187188,10.826287350740674,20.851273468329495,-23.369500505574006,44.220773973903505,455.97846426303715,S1,3,193806,194061
63.690931200206855,82.0246014309603,87.35160451355901,59.781001111923004,111.9917745904988,-51.86559377321331,163.8573683637121,485.97754971448074,-36.84902974872403,36.84902974872403,39.95395893751941,15.442404001924015,-4.5445500976036906,-65.22077179487654,60.67622169727285,445.19886765370455,S1,1,194081,194336
-24.548263060655767,24.548263060655767,24.96069003232289,4.518719685325371,-14.243465176562625,-35.09334750887083,20.849882332308205,207.95218806656666,50.82787034194722,95.49096730008137,154.72732751236566,146.1405948927986,427.8068296225421,-53.31162127076119,481.1184508933033,1150.734916403661,S1,3,194589,194844
-24.58027580924774,24.58027580924774,25.07337945533952,4.948171223063355,-13.417131465254151,-35.09334750887083,21.676216043616677,182.88770933508377,-36.51472061831427,39.55341686656062,42.264885978286024,21.28369716294547,54.16766450228045,-59.43083698480843,113.59850148708888,443.42949509319766,S1,3,194717,194972
-28.680889690345253,28.680889690345253,29.978057891984797,8.722988108752585,-13.417131465254151,-44.97010365808965,31.552972192835497,209.03294742132908,-50.209936911452175,50.209936911452175,50.48279325617097,5.241626683892485,-37.837965806376985,-63.733636841810835,25.89567103543385,407.96276379812446,S1,3,194845,195100
109.065404768316,120.23751832894037,128.72445145605894,68.3719378501638,160.18064172551396,-37.16686203244043,197.3475037579544,446.4184496793077,47.93654820226486,59.998799952189394,62.57534376383419,40.22139969734966,108.61415829490609,-48.68551444879313,157.2996727436992,454.8525142063221,S1,1,195124,195379
0.5026583195840559,12.454281000250221,15.154959364739359,15.146621008022024,35.81498351481245,-23.07146940053647,58.88645291534891,265.70098780942703,107.1861512647135,143.2563634052549,218.87964656456688,190.83875040800197,466.9631622048015,-54.61738025317694,521.5805424579785,1210.993804259765,S1,3,195631,195886
5.685897691450289,6.7148543585066935,10.097306373431383,8.344229349754134,35.81498351481245,-6.753814037765429,42.56879755257788,223.13032097409067,16.72414141607114,76.21025513553678,128.85967883574608,127.76979268804844,461.60341311344416,-59.93146028097328,521.5348733944174,775.8035489801659,S1,3,195759,196014
6.071976914373803,7.504384515684503,9.880163993788177,7.794147605444737,26.05003571023392,-8.147293324743277,34.1973290349772,227.0737050166329,-48.28860727358758,48.28860727358758,48.99977172497488,8.317934640093771,-24.008016572489794,-65.02023759653814,41.012221024048344,398.5693840038148,S1,3,195887,196142
-87.0623710148445,92.50025013924918,97.8034418210572,44.56070898581493,28.437754159518796,-115.99773550293179,144.43548966245058,343.66893163424004,-35.11392134796318,35.11392134796318,36.992109049235154,11.637381985634104,-12.889190184727227,-61.837091231597526,48.9479010468703,414.0174831905045,S1,1,196163,196418
22.751173880594358,22.751173880594358,24.601238600725495,9.359755752410795,41.12867394326041,4.804761698736708,36.323912244523704,222.96046190656202,37.735026881476465,76.05190370922634,130.51126407988255,124.9370153236545,412.3979980422569,-48.74494144093833,461.1429394831952,1120.393111707282,S1,3,196672,196927
16.494621970495903,16.494621970495903,17.832388671586983,6.776542760506836,32.54479359586374,4.804761698736708,27.74003189712703,226.85373496430014,-27.527822793690728,28.156641970402553,29.97267444710629,11.856651540438365,18.046498813417614,-48.74494144093833,66.79144025435593,448.0458202590898,S1,3,196800,197055
19.274472996936453,19.274472996936453,20.18806793013903,6.004396509415031,32.83397193344989,5.230037401257916,27.60393453219197,217.36840227856487,-24.43415096965837,24.43415096965837,25.48131115114305,7.229763784060327,-5.491434408396673,-44.35642190811486,38.86498749971819,486.37119953492584,S1,3,196928,197183
39.362122302537394,39.362122302537394,43.60252540374728,18.756426883191676,84.53250188526715,9.636591908298367,74.89590997696878,283.20012524470314,31.851641283507664,33.81589851173659,37.590169439937156,19.96230913671902,65.60503310212269,-14.38174872245918,79.98678182458187,462.65227424386694,S1,1,197202,197457
-20.866125301115666,25.761492371415983,27.362669557189516,17.700861566999688,41.775385476214325,-41.23397535858796,83.0093608348023,301.51196462979703,-26.20117998429531,29.96968671726512,38.37189645141413,28.033918825390977,32.59807460889647,-99.56973836493587,132.16781297383233,552.848245103931,S1,2,197466,197721
-24.713569033614593,25.91545206383997,28.551512919834025,14.297845838874297,12.781564438391564,-46.058009732965495,58.83957417135706,301.3449962288031,42.89598985469052,132.37603333758918,180.99427838924385,175.8376036689234,418.0364124947432,-112.86571908876114,530.9021315835043,1133.7668572417433,S1,3,197730,197985
-26.75862262638309,26.75862262638309,27.38036985119672,5.801790096784011,-11.966126245085484,-41.44013537455653,29.47400912947105,223.39445193368368,-30.118299706973627,56.82014218612869,67.87109943295926,60.82248072053255,262.94606991698805,-65.16563198759849,328.11170190458654,617.5997819351284,S1,3,197858,198113
54.96924346540739,60.41814951104959,64.87053623134926,34.44660714473292,85.42525008374447,-29.615163956389257,115.04041404013373,346.40804827747536,39.99605217086439,52.91723288968012,56.49193995885653,39.895552271657365,126.78577739330217,-46.865657500716246,173.65143489401842,569.7261397708446,S1,1,198240,198495
-0.029834467232189965,19.642542978209562,28.130402985340485,28.130387164456476,71.77934962365806,-29.41546036847798,101.19480999213604,317.4009983100991,-44.45988896341957,51.6321695452184,53.54686371005275,29.842668891092273,31.773114947341895,-71.46185779842848,103.23497274577038,479.72851574751917,S1,2,198505,198760
-27.656204119310253,27.656204119310253,28.373482941302147,6.33947221236992,-8.354798105890056,-41.139804086726016,32.78500598083596,240.19952834703656,20.724101894877613,80.3708891288352,125.71024797572653,123.99023367495276,393.5052438132307,-72.8244627795753,466.329706592806,1185.1518582103206,S1,3,198770,199025
-31.70890466983762,31.70890466983762,32.03068575960454,4.528818264148288,-19.79520175020426,-42.228383419704116,22.433181669499856,238.67586383395906,-32.30824680683211,32.375158289892184,33.606974003552764,9.25234510512304,5.729159262100857,-53.846528499674555,59.57568776177541,482.8156668245149,S1,3,198898,199153
60.09502446463762,71.812208809955,75.67071420422263,45.98526962812927,98.71348566929883,-35.57544629368566,134.2889319629845,305.8749743070723,28.361746815132967,35.861108384542426,37.99491506688568,25.282897154680505,78.71450614017282,-26.51430122598638,105.2288073661592,469.84140097590887,S1,1,199280,199535
-29.863216862245867,33.44520415901858,34.7145567842611,17.699964162849668,80.93888750830861,-50.65114378138988,131.5900312896985,371.73765817152037,-31.813572167928253,32.522241444535204,34.26612031555597,12.730421336160822,27.599658364143313,-53.55411082820481,81.15376919234812,464.97062099722837,S1,2,199545,199800
-12.425274603575339,12.436406344036811,14.141759738849435,6.75291933441297,0.7513357629208308,-33.45134665570108,34.20268241862191,256.1801618983416,77.23200565115592,78.93607558812747,150.00223099798404,128.59193834557587,442.81654469551444,-16.20925262297093,459.0257973184854,1132.0390381814518,S1,3,199809,200064
-14.837988111855097,14.84911985231657,15.906458817554395,5.731451902179831,0.7513357629208308,-25.627468412904676,26.378804175825508,195.38614322490707,8.082810106179657,9.396909526415751,11.533062938961825,8.226768596569054,30.06296618815747,-8.26252573843485,38.32549192659232,384.8984930649053,S1,3,199937,200192
51.394308079930234,58.08919225955909,61.77436315330781,34.273853591068075,78.50238668633637,-22.548395701365855,101.05078238770221,275.1163730737312,-58.58149177757157,63.556220281106405,68.56768086738062,35.633350679458545,20.605577771198977,-94.38972993383275,114.99530770503173,503.645670181093,S1,1,200320,200575
2.837741429814871,23.37310196679897,31.461258124628667,31.33301751127755,77.90241775053475,-27.90434116677421,105.80675891730897,343.58178285897793,-29.27449731852486,30.577946665882177,38.7212595528921,25.344422426051036,22.162154564070388,-95.01157246221271,117.1737270262831,524.4131673391119,S1,2,200585,200840
-12.630694309248348,13.174050424208087,15.334825160002815,8.696115451980658,6.289511963710619,-31.072504809120222,37.36201677283084,252.09329389890536,46.286835936261966,55.478208537504344,114.41835935985326,104.63789838108411,411.50087956714344,-36.26737459199516,447.7682541591386,1065.4719358324467,S1,3,200849,201104
-17.894076638987727,17.894076638987727,18.67347364102187,5.338598979130409,-4.691075914978851,-32.18762120221343,27.49654528723458,233.7855873116413,9.519722724790576,9.72923885931031,11.046154593630977,5.60289305176358,20.79558411605637,-4.518171476350305,25.313755592406675,385.86550534214985,S1,3,200977,201232
-37.33027128143449,42.024494215214894,45.152783951071896,25.40127446776408,22.225513160988925,-63.76791673414268,85.99342989513161,254.42464687230319,-48.211504388372816,52.10486839213928,56.96551461742099,30.343379842026714,21.159661959348533,-84.0422508872149,105.20191284656343,491.7536047243508,S1,1,201359,201614
19.64105919867038,28.891577602986494,29.411038838737305,21.89150518187454,38.1189854221437,-39.81771857617724,77.93670399832095,296.5144493816292,7.413647920709747,23.882964501515247,31.386009279969475,30.497858990920758,81.10718016535839,-67.88078969525058,148.98796986060898,576.9048956721701,S1,2,201623,201878
32.31106090691983,32.31106090691983,33.12605900968256,7.302816482856999,46.716375919693164,14.715417240457525,32.00095867923564,269.84092110489473,63.23220896164095,64.90571038189431,130.27671885388256,113.90220026481023,428.2346616652531,-12.15981968038543,440.39448134563855,1104.5695337368302,S1,3,201890,202145
33.70087859817353,33.70087859817353,34.25622186765669,6.143249820517621,48.27071202065681,17.75498773947716,30.51572428117965,250.75407800512232,3.8998364408040604,8.574620306363247,10.327909864104159,9.563315214716951,22.23758755294174,-21.922676843225354,44.16026439616709,474.12329752810274,S1,3,202018,202273
-100.98047461572125,113.49562673354797,120.00142083780753,64.83274442344906,41.44714750035793,-156.3367973609536,197.7839448613115,352.8839533650598,-66.5604759183485,67.89919062188208,76.0571076020335,36.80199264048418,7.690994608982548,-107.80860250481543,115.49959711379798,395.47347507223174,S1,1,202400,202655
9.469407128388713,64.04384200174488,72.56682154581864,71.94632664632371,61.3386286584855,-141.55793958572764,202.89656824421314,396.28453112322063,-34.93031188615237,37.179154399946924,47.75215961868191,32.5598227849016,27.618014620710213,-103.79848969807688,131.41650431878708,468.1030325416498,S1,2,202664,202919
70.64090927186774,70.64090927186774,72.65161736639438,16.974081512610013,117.06549008368276,49.654339635745096,67.41115044793767,323.51167301813325,91.4799335861293,116.42358813670407,191.36683745041083,168.08535994205246,437.25740793480855,-52.606673657853655,489.8640815926622,1166.1236904175303,S1,3,202928,203183
47.55960785623331,47.55960785623331,52.48978075465863,22.20947510035846,87.0022988569459,7.9644156390897605,79.03788321785613,274.3736410804344,-9.843814783369599,19.69187041520128,26.746810829968638,24.869483309567205,136.47266298990186,-41.59939499880366,178.07205798870552,566.2035107832629,S1,3,203056,203311
30.958518386706732,30.958518386706732,33.18569001297352,11.952412348020463,57.52456424240432,7.9644156390897605,49.56014860331456,233.04499952979353,-28.176428811130492,28.176428811130492,30.572299422181143,11.86399390638721,-3.2751799763019624,-51.52315122427399,48.247971247972025,442.1527336006313,S1,3,203184,203439
-92.07802389634719,107.10109655533188,113.07164261094863,65.62647238791529,52.38740786717686,-140.89268460471104,193.28009247188788,332.83455933381697,36.64555665829779,47.899013470779636,49.78059570312209,33.69289073025917,87.8534786775085,-41.11845240608561,128.97193108359411,558.6192602929594,S1,1,203441,203696
-13.3651912956984,56.249651182395525,71.41992885016145,70.15823471689914,43.253777457606134,-141.24871520108573,184.50249265869186,375.28155811405463,-12.316414497739542,34.30184034797987,35.483701702085746,33.2776053886465,48.57290111871069,-49.259386386504254,97.83228750521494,408.9692171393385,S1,2,203705,203960
42.17106945630995,42.17106945630995,42.98103997896079,8.304859937657449,55.25029339078979,19.646809809638647,35.603483581151146,263.08259963271286,11.80590745879536,48.5992932726838,85.92457690946063,85.10965554003948,329.7967942895217,-45.05380116340117,374.85059545292285,1019.4758765480905,S1,3,203969,204224
44.23558925272597,44.23558925272597,44.66652396535142,6.189588565601736,55.25029339078979,27.916375484702336,27.333917906087457,309.12677497709217,-26.63300430105628,26.63300430105628,27.82183821595219,8.045978101793192,-9.515713341185029,-42.78096342997466,33.265250088789635,464.07542252175136,S1,3,204097,204352
-36.83847215701606,53.843277054200485,54.90837429777742,40.716784464905594,54.46076720119753,-76.50504839436462,130.96581559556216,310.8855518757508,-36.85876131722843,36.85876131722843,39.10190111041749,13.053366792075282,-14.362524159972203,-67.3975078954358,53.03498373546359,372.50225581417044,S1,1,204479,204734
0.6167185828554125,26.72227392001175,34.01318411122151,34.00759255774234,33.351128657943164,-73.48388832916231,106.83501698710548,319.6725630524502,-11.961164032599687,12.937032968310305,18.297652679129605,13.846828104345862,10.521752669631105,-49.19866008331682,59.72041275294792,447.05624419733897,S1,2,204743,204998
-13.087469101824325,13.087469101824325,14.348428634252889,5.8817987708728845,-1.8671368584100625,-26.67387291576442,24.806736057354357,255.03279986174215,53.997894770407626,68.57396256287984,135.26407879678666,124.01854044096511,421.0057693109131,-31.234758725591945,452.240528036505,1146.6293578745026,S1,3,205007,205262
-14.631492815299389,14.631492815299389,15.842745690449268,6.075525410044075,-1.2198272915912192,-26.67387291576442,25.4540456241732,207.42262946038096,-15.247774251718246,15.313000913184379,17.107340389398495,7.756705200494802,4.998565175364742,-31.234758725591945,36.23332390095669,455.9325799923769,S1,3,205135,205390
-16.13853537341661,16.13853537341661,18.15295013577506,8.311273947651868,-1.2198272915912192,-36.57846543309275,35.35863814150153,167.94718950587725,-21.543330973641226,21.543330973641226,22.50480387465138,6.507771354056197,-4.417177562148705,-36.50564211895931,32.08846455681061,432.9909060449513,S1,3,205263,205518
-11.725137596102076,45.91693499645754,50.73349459589864,49.35999009587168,97.34737353207505,-47.1650543185288,144.51242785060384,314.1712055605123,-31.5458782326162,61.38933358182321,62.909956987788604,54.42903870856405,85.73111792512712,-80.81207903219348,166.54319695732062,457.60249601024367,S1,2,205781,206036
-46.98777514728651,46.98777514728651,47.29699266602992,5.399490898087704,-37.31310510812329,-60.732628717316516,23.419523609193227,227.45771024559372,26.42016132824604,92.47939398535549,138.23137053875664,135.68303827823317,391.9746557309602,-87.33074110886973,479.30539683982994,1187.6138531609834,S1,3,206045,206300
-45.15167460598603,45.15167460598603,45.39138817453564,4.658798201954032,-33.45993406017284,-54.94121424209313,21.48128018192029,245.74052732273145,-41.333352676652346,41.333352676652346,41.604041167760904,4.738163990009246,-29.942274600435184,-52.67728528105801,22.73501068062283,357.1652363832675,S1,3,206173,206428
-38.74562242643222,38.74562242643222,39.52917712160725,7.831512414581897,-17.873241080174555,-53.408017649073095,35.534776568898536,255.7945161954515,-41.225779454231905,41.225779454231905,41.504646790529925,4.8032086772986275,-29.942274600435184,-54.06195538173552,24.11968078130034,329.1929393225156,S1,3,206301,206556
87.41592363808078,99.78789180802228,105.71434076157033,59.44727190674639,136.91271242701657,-38.47721549138184,175.38992791839843,346.2379937519547,-29.942306060514632,29.942306060514632,31.545483073138374,9.928535143520858,-9.266179414398897,-57.67833274174515,48.41215332734625,366.0661475840374,S1,1,206576,206831
-26.526660714098327,26.526660714098327,27.886393030045408,8.601580528326027,-9.862295332997418,-42.86567517387876,33.003379840881344,179.62969396558444,69.04613253057711,82.86797905871487,158.9718746872356,143.19458273323096,452.1230592860387,-27.408214393697843,479.53127367973656,1216.28662232433,S1,3,207083,207338
-20.048632962215066,20.048632962215066,21.30588364015276,7.210616758233135,-5.246625283636401,-40.93672202287599,35.69009673923959,205.2625315379928,-5.207043906881683,11.7102340087118,15.751067687772471,14.865491147506573,77.9514585683748,-27.408214393697843,105.35967296207265,444.4140378262297,S1,3,207211,207466
-19.128887329215985,19.128887329215985,20.18452604098071,6.442108431654073,-5.246625283636401,-34.26857501629187,29.021949732655468,199.97961758921403,-12.636021571589868,12.847362602101043,14.751189193300597,7.6110801768779055,3.7832786349466514,-34.9796885281482,38.76296716309486,358.09101206833725,S1,3,207339,207594
21.66880630202033,21.66880630202033,22.469500126569407,5.944852343282107,36.229613071648984,3.4969766216762013,32.73263644997278,226.40638675570017,48.735158296278186,64.67001903244838,67.36478307793239,46.506970928814454,118.98593761267281,-48.48671111480552,167.47264872747834,449.8576697891783,S1,1,207628,207883
16.164915213938738,16.164915213938738,17.03216244883328,5.365638248113496,28.5027180437931,1.7878185408049472,26.714899502988153,202.13458585007882,-48.69640940320941,68.60911984655165,70.18734630321346,50.546249043051944,56.64275304621878,-88.04591162360077,144.68866466981956,313.40096755305626,S1,2,207892,208147
16.171013612799197,16.171013612799197,18.944565714647045,9.868884883878387,37.34098871296854,0.44072590729357536,36.90026280567496,215.7769051424059,35.36617616871619,103.12608556151481,155.05045854556104,150.96316861536815,409.89806144535015,-77.43175871341799,487.32982015876814,1067.4647601184658,S1,3,208151,208406
7.649662160654847,7.660289386624379,9.122665123756704,4.970481645479876,23.148820710327843,-0.7859580986273447,23.934778808955187,229.26555215047287,-42.51746161554928,42.51746161554928,43.41686268203927,8.791440321207244,-12.215673815382582,-54.509634488120774,42.293960672738194,213.96029825101016,S1,3,208279,208534
8.426049256649065,8.436676482618598,9.28034811957065,3.889287228393169,17.653982977643217,-0.7859580986273447,18.43994107627056,201.5930672409361,-40.318481357916816,40.318481357916816,40.728236972330485,5.762755232145659,-26.228376189739375,-52.89748409294622,26.669107903206847,220.85281353242758,S1,3,208407,208662
6.660629199023527,54.92852086067258,63.01125206422592,62.658230946736204,49.11304382884781,-126.85321203777323,175.96625586662105,348.4466615279664,-60.70222453416332,60.7058656927062,67.04439572958503,28.46385313602535,0.45817782826274445,-88.39906562360389,88.85724345186664,275.3133900672981,S1,2,208926,209181
22.152597704661247,23.356525484030207,28.668215747091885,18.196950542803712,64.69486382503575,-9.035119530038425,73.72998335507418,254.81326620442522,61.75456729388156,108.74614125138164,166.9060423708948,155.06127949381943,391.2053319567546,-86.12755928945234,477.33289124620694,1020.4833296181976,S1,3,209190,209445
0.5061836321031699,10.07776063537937,14.301299769097401,14.292338969398122,38.058758351827834,-20.62368438395378,58.68244273578161,199.4257810183676,-13.009535297834763,16.042160101373586,18.843097166860478,13.631371984291844,70.97472500955529,-34.85900211365782,105.83372712321311,319.29843125875453,S1,3,209318,209573
-15.842294971487705,15.92579288054717,19.655947927693887,11.635204294407076,1.9686870219462294,-42.71204287876982,44.68072990071605,220.31533228815297,-5.820933786499264,7.58402481837344,9.172378344984638,7.088670845562974,9.369139920043942,-18.734682737764025,28.103822657807967,234.22550437973155,S1,3,209446,209701
83.89250397835767,92.3791411370664,97.0508441591497,48.79461167224111,124.44925714830451,-37.290226318661276,161.7394834669658,338.1638894874795,65.52466110357342,65.90021528149143,71.99468611322449,29.82873808600643,133.8616295445437,-3.347457322216472,137.20908686676017,334.12199381405117,S1,1,209720,209975
-16.012681216308273,16.012681216308273,16.92570728552932,5.483940862218383,-6.329089955683788,-31.425580686856904,25.096490731173116,201.89476832748286,-0.12041427301145191,64.50698105910351,94.49373896504085,94.4936622424813,331.39304634727347,-57.671021392822475,389.06406774009594,940.7488937583768,S1,3,210228,210483
-13.337192763087144,14.0581540661038,16.5526379844414,9.803525561971478,10.20000241961668,-31.848290166863134,42.04829258647982,221.13614947914866,-49.5051563992612,49.5051563992612,49.78388594024165,5.26068333923252,-32.48955931511821,-60.87139952335341,28.381840208235204,277.25031889177484,S1,3,210356,210611
-2.998685565134142,8.461736793239888,11.837761048080704,11.451658024623024,17.517702923874534,-31.848290166863134,49.36599309073767,227.04301010308956,-44.316303882139124,44.316303882139124,45.29324027555474,9.356432273309848,-21.181124197935592,-60.87139952335341,39.690275325417815,214.71139149836185,S1,3,210484,210739
-80.27514759833394,81.5371597330153,86.53412655932044,32.31185134668375,10.371149776912468,-104.84107534781413,115.21222512472659,280.96155383833434,-25.099317718130884,25.183839866369784,26.4195127182763,8.247114789760387,3.96627703182982,-36.978146170172685,40.944423202002504,256.60223785816373,S1,1,210760,211015
16.228114164591393,44.755000292159174,48.53818262305758,45.74498314580821,50.36327238435202,-97.29590285064857,147.6591752350006,363.11175457330336,-29.464574722550587,29.464574722550587,30.080007832389835,6.053569824150622,-20.046918073029186,-48.5936003215369,28.54668224850771,290.1653053130103,S1,2,211023,211278
46.607048123363654,46.607048123363654,48.50278028719431,13.427686353736066,79.28359333386818,24.88407824169828,54.399515092169906,309.1876779396612,97.62491224911011,134.4389445766723,205.62407881665817,180.971374248948,443.2497797396021,-52.031134015840614,495.2809137554427,1086.8989555915268,S1,3,211287,211542
34.035295547826806,34.035295547826806,35.87423637842979,11.338407855935355,60.46052614543562,16.588714173728892,43.871811971706734,235.1874313754989,-39.326566265960814,42.08657321302301,44.994079043182104,21.860657233329288,52.639566211083434,-70.08701665236413,122.72658286344756,375.3039830079055,S1,3,211415,211670
-90.45327801727821,94.06106139051724,101.2804613149969,45.56244440443858,15.672762862630941,-124.23841019627322,139.91117305890415,290.08493972466783,-34.190446891113595,34.190446891113595,34.899663654249316,6.9999903261127105,-18.173486099374006,-48.50997402658851,30.336487927214502,270.8144375170855,S1,1,211797,212052
21.109798403795324,62.52174174420482,65.92136326007659,62.450000363635674,72.13063221409632,-107.21203942216131,179.34267163625765,353.0250563368869,-3.83918932975333,9.50022625205854,12.892658368087105,12.307772547724248,33.24084745895367,-27.41679378553369,60.65764124448736,303.2094800441208,S1,2,212062,212317
76.57751057821821,76.57751057821821,79.65490636713938,21.92690087542287,136.20084208209136,51.96369093709625,84.2371511449951,275.5789723438107,114.15560953324923,117.79225027822635,197.4807732613221,161.1432673740422,473.1523613309668,-21.88550833159268,495.0378696625595,1063.7348768791528,S1,3,212326,212581
58.93061063095604,58.93061063095604,59.65858277730141,9.291373938163089,84.5424473274445,44.92035141737128,39.62209591007323,208.72659845163355,14.358305291182532,14.38501104342879,18.25863865200217,11.27904936550893,69.07632122770096,-1.0986862013220344,70.175007429023,236.5660829974102,S1,3,212454,212709
-100.19583030635417,116.97829779795748,123.85777542456641,72.81170319627614,57.10730894211349,-159.41835009585986,216.52565903797336,410.141218364411,-99.45959886867487,101.14113476003845,112.12580590333575,51.768567126730574,11.634071664490166,-141.073431950152,152.70750361464218,324.7092984050726,S1,1,212836,213091
-31.744620132393933,64.13587152487688,89.30016704170394,83.46735245786964,46.06979340852364,-174.35859381757618,220.4283872260998,423.3752360876383,-35.497887628029936,48.38426237876844,68.87587653025147,59.02360834240995,63.999678608190614,-134.57453544613708,198.57421405432768,466.3519434474353,S1,2,213100,213355
44.181399301058136,44.181399301058136,44.61072999004597,6.174235664861417,57.04045858649806,29.475756818290336,27.564701768207726,225.4164537200304,86.97445135941341,105.80863866817427,186.40397907098085,164.869306495247,458.3177364587508,-29.550813362723687,487.8685498214745,1090.7327321392254,S1,3,213364,213619
37.99372011375691,37.99372011375691,39.37682113445605,10.34462539546255,56.20187943074116,16.47373411701522,39.72814531372594,181.96525132268084,-13.495660512464097,13.52373042454667,15.1922856146544,6.9765815074112325,2.3608939828764015,-29.550813362723687,31.91170734560009,253.6786193616859,S1,3,213492,213747
-34.27522036520501,38.86531073074411,41.16767840704194,22.803223770823788,16.289852462846266,-55.10003569377684,71.3898881566231,250.95315966992402,-50.75064960301963,50.75064960301963,55.108412837833754,21.478098853870716,-1.0419152347574918,-78.51358242337697,77.47166718861948,265.51019246704914,S1,1,213873,214128
-2.0919233502800587,13.413977853169623,20.017376719644933,19.907768017352822,20.591467331765703,-54.75313367944302,75.34460101120872,333.6976585342503,4.325158640585844,20.57087680846412,24.978600529272246,24.601290355075385,40.99227839200565,-52.64425283117243,93.63653122317808,351.78098582783605,S1,2,214137,214392
11.993858276886701,14.32679499419363,21.597450604296327,17.960992072794202,63.98307214968396,-12.451267625397673,76.43433977508164,307.0870738849845,102.40353688876512,112.61379732230161,193.9954989877364,164.76580124580508,451.4404544877973,-24.24258006982479,475.6830345576221,1085.4729355336933,S1,3,214401,214656
-1.175789061562948,8.308203725051756,9.129375594393876,9.053342964133385,16.872620809168186,-15.46766158482461,32.340282393992794,227.65815425777024,-4.359678260658156,25.038096652023476,37.95181252388736,37.70057399180863,184.15096358647648,-33.09228410886141,217.24324769533789,516.2245429589175,S1,3,214529,214784
-2.278883271195238,6.827257691028885,7.692922328303273,7.347635332919941,11.777467033435068,-15.46766158482461,27.245128618259677,173.43516460279443,-15.549595503852718,15.648165735184673,17.565395663794046,8.170263428568141,3.596700362583759,-33.09228410886141,36.688984471445174,368.9871627619543,S1,3,214657,214912
1.2370890367579062,12.836602818423,16.9617473031577,16.916574188981375,44.94010563003161,-19.773421994940364,64.71352762497197,251.1292846191252,-37.26568771056904,37.65979596470125,54.24194993768983,39.413927138781716,8.80139702537652,-121.33717914056719,130.1385761659437,401.68888221973737,S1,2,215175,215430
-15.782016571180636,15.844556605976154,16.98387774211104,6.275353066238958,1.8380657452599853,-27.663032361406803,29.501098106666788,228.25433882009835,81.87707610347185,101.47590074290835,176.63841911304877,156.51605513653655,432.47467148834465,-43.179451967231486,475.65412345557615,1061.5696563403212,S1,3,215439,215694
-22.26646853055102,22.329008565346538,24.36938600676126,9.903098178070968,1.8380657452599853,-40.30525413647813,42.143319881738115,219.5536496210119,51.779239733214474,95.27444161546603,161.85838170514987,153.35268520916188,432.47467148834465,-43.179451967231486,475.65412345557615,681.1186831169525,S1,3,215567,215822
-30.97211897221036,30.97211897221036,31.4583189378066,5.509417098387866,-19.96928604862236,-43.88667057364669,23.917384525024328,213.51232926495433,-29.4457289320247,29.4457289320247,29.973643378268918,5.600745042346383,-15.972484938091506,-41.865177546526,25.892692608434494,263.39019939109136,S1,3,215695,215950
-23.263038656810004,56.01314135352166,57.37536162938716,52.44771829693562,79.35585327400331,-63.26440319255251,142.62025646655582,332.314146313846,-41.003486212504285,67.87935072473992,68.9863468529592,55.47819545134615,73.44006645108723,-82.66067513436977,156.100741585457,324.2522277765676,S1,2,216213,216468
-53.54520744322617,53.54520744322617,54.411547011969716,9.6709465978087,-31.832463306516367,-71.67104442391378,39.83858111739742,245.40080163953667,25.156773628201563,101.5467448285469,146.0742537736604,143.89171051923444,396.26890011624204,-83.19301656540655,479.4619166816486,1100.3983037371609,S1,3,216477,216732
-40.59674438105186,40.59674438105186,41.31576944566337,7.674447898497004,-25.455429960650275,-61.94096076124423,36.48553080059395,223.4483080048229,-45.39744926800757,45.97487907180705,47.59285807320862,14.288167815897802,25.8384815022711,-62.62881719889851,88.46729870116961,326.2859181738131,S1,3,216605,216860
-25.41500903717784,25.41500903717784,27.67342543869012,10.949693655573668,-8.601518597156822,-43.085275630151386,34.48375703299456,174.31018401884126,-39.39912764845006,39.39912764845006,41.0131726923372,11.39250081556336,-21.25412162490338,-62.38815926438412,41.13403763948074,244.73965222919577,S1,3,216733,216988
83.43237454181265,89.33197912536714,96.43549013928344,48.361582239609625,120.2756546301987,-21.532461063754226,141.8081156939529,300.3928514831525,-12.240837689575622,12.324680589323487,14.29860956235944,7.390001899476196,3.3031340783625467,-29.486616162798637,32.78975024116119,280.44542984903484,S1,1,217007,217262
15.61122929032754,15.890356618914819,17.826405609409864,8.606407903185799,32.58628556062972,-7.330610150294892,39.916895710924614,199.93748405476506,104.66884691995523,114.29704536073308,196.88261379321722,166.75489827437184,469.1089502525129,-24.020553105818593,493.1295033583315,1124.816955847216,S1,3,217514,217769
26.271849093421604,26.271849093421604,26.966081823578335,6.079433701291947,37.20407922110921,7.359410415611881,29.844668805497328,199.50293403504566,-4.602176609443072,20.484464584897935,27.724827984305232,27.34019124320109,135.2780324875449,-27.544070262390175,162.82210274993506,426.1904644140741,S1,3,217642,217897
29.697201565626965,29.697201565626965,30.123931575227747,5.0524719414883,38.452390017794016,18.456502260269623,19.995887757524393,204.82223939526267,-17.27799811753777,17.27799811753777,17.99720920131463,5.036895878042863,-6.9159354481219,-27.544070262390175,20.628134814268275,251.37491668303025,S1,3,217770,218025
-109.89562233248489,124.31737201052793,131.22415092886996,71.71282994805527,50.86939845656813,-157.0175722468476,207.88697070341573,394.4443471125643,-104.25727008873697,104.25727008873697,113.74000606145005,45.46658786958662,-6.6987414270222585,-142.49380059496096,135.7950591679387,352.37568500945997,S1,1,218044,218299
-29.18687883579382,64.18210752143142,87.47978410776956,82.46719791145243,36.66525180996414,-164.19753679493166,200.8627886048958,381.2874670031727,-39.8822151743993,47.407942213017364,75.48513570986587,64.08911472254692,52.60815403198494,-144.38833506531898,196.99648909730394,427.3055372981065,S1,2,218308,218563
44.53549687318652,44.53549687318652,50.57408337347039,23.965129403471355,102.97769080218998,18.71539008764596,84.26230071454403,303.55212552863566,150.01530458101308,153.6440804716029,239.75666558670363,187.02584603396483,472.80883319133255,-18.565872820645083,491.37470601197765,1068.7126470874243,S1,3,218572,218827
44.78127521496491,44.78127521496491,49.54000222792047,21.186061711982582,102.97769080218998,23.39892060799789,79.57877019419209,259.3057449038307,73.06947219042581,100.92808280456555,180.83709417481356,165.41737170987508,472.80883319133255,-42.24970483832217,515.0585380296548,657.0547337088053,S1,3,218700,218955
-25.711780722824095,38.21635811717082,39.30376564925095,29.72692931119274,41.126660115401776,-52.63950542415808,93.76616553955986,212.98753763105282,-7.016464061174832,13.330891000109997,20.76627119892301,19.54500579650621,26.667032986212686,-51.19171055620719,77.85874354241987,315.4586608571216,S1,1,219082,219337
11.886085440637697,32.75239714892182,33.66942354470027,31.501604002499263,38.323773871074174,-51.81137659041131,90.13515046148548,262.63107808305364,-37.336833159180884,38.270675806726985,43.393253088264,22.111881494473145,10.814747345559185,-59.70420467141876,70.51895201697795,251.40207191870547,S1,2,219346,219601
18.888832541386243,22.63130514722245,26.923950289302738,19.186221733429253,52.498888446589135,-15.698936978718184,68.19782542530731,254.46376978939364,78.02479928826679,113.26246650375597,185.61848241725536,168.42313294470753,442.3069347275227,-54.96816903460273,497.2751037621254,1147.9176521871786,S1,3,219610,219865
-4.04721507987213,11.149832457454025,13.223695621086682,12.589129277928745,32.56462744051579,-21.622641241536144,54.187268682051936,230.29400681170387,-23.206218335286966,26.0006610687449,27.40548225583289,14.578473454026742,56.09544948073464,-40.7892928914998,96.88474237223444,378.5158841907606,S1,3,219738,219993
-6.696145231860255,8.194141870393235,11.160250730587773,8.928204489337151,12.50475361349409,-29.403620028196592,41.90837364169068,221.3829821149061,-96.82443104471645,96.82443104471645,103.61994834405003,36.9069539205086,-23.01883526926985,-135.871277823197,112.85244255392715,305.15448895792116,S1,1,220120,220375
-15.951494041375033,15.951494041375033,16.926873914281895,5.662940787079947,-3.765552964941768,-27.587683307859002,23.822130342917234,207.12032718771252,-1.6936509244198756,28.5795416315285,40.78092242163098,40.745738183340066,55.284584952093226,-97.65560155591513,152.94018650800837,402.94789311570094,S1,2,220384,220639
1.98855804391249,4.252953133399939,5.293613416017457,4.905912749349598,13.25220920333524,-12.708016916180085,25.960226119515326,213.71946064264895,117.92707161121567,117.92707161121567,190.48208909363274,149.5882082474346,485.2797478088027,5.3666861471262495,479.91306166167647,1073.0252375870423,S1,3,220647,220902
-2.144833453043006,5.226353021597066,6.701410990198816,6.348905316530173,8.660117937923255,-17.846057409002654,26.506175346925907,197.5855976854857,27.635609956030994,27.635609956030994,30.56400136345896,13.054931700458715,58.384344606698534,0.09665541966792279,58.28768918703061,270.80552577386374,S1,3,220775,221030
2.645596957295586,6.134996018089172,7.091541700654275,6.5795729672727905,16.652999040309084,-11.415779863347197,28.06877890365628,194.8848870539356,-65.34775394483472,71.19917216378596,77.99868942049412,42.58481660967954,20.26995697635378,-105.20330108051058,125.47325805686437,298.12309665006364,S1,1,221157,221412
22.34883099160603,22.34883099160603,24.07190210640704,8.943501793429332,38.885518254256326,3.7774487669736128,35.10806948728271,191.83701895454942,-29.463999289361,34.77685761074149,49.0572737057905,39.22357517260988,55.0252325689889,-98.34005157499753,153.36528414398643,439.7914123879316,S1,2,221421,221676
31.54978783303779,31.54978783303779,32.10062264359433,5.921221309556114,43.43605793784389,17.50125909926136,25.93479883858253,228.26349956194338,50.701160714866255,78.97745449721938,143.63223568571863,134.38605370440462,425.38619758734825,-36.34588580632653,461.73208339367477,1065.4346796628563,S1,3,221685,221940
36.94408700172113,36.94408700172113,37.207634286919365,4.420688276546644,49.6531417691469,23.61000460781722,26.04313716132968,222.30536558973407,-20.154471086035073,20.154471086035073,21.042905300925355,6.0498891515373066,-2.422793406038782,-33.944517598637205,31.521724192598423,293.7855454422486,S1,3,221813,222068
41.51341765462074,41.51341765462074,41.939340408270844,5.961914836178274,55.60709348979643,31.233200736321713,24.37389275347472,187.31173018291804,-21.825445750137565,21.825445750137565,22.57822222645428,5.781525466082123,-7.125318630938308,-33.944517598637205,26.819198967698895,276.429671616322,S1,3,221941,222196
-16.77584136313621,63.30071656088412,86.00336741703599,84.35135063310234,44.26270656325766,-180.72571387214265,224.98842043540031,400.532012530934,-23.859344178531984,24.161295906695052,28.371525972076846,15.351715909128302,9.282858779135676,-51.0040873794402,60.28694615857587,310.5594720886801,S1,2,222459,222714
32.04364450088292,32.04364450088292,33.051817923588615,8.101081110264825,50.370017944935796,10.97784873727263,39.392169207663166,215.04473516764187,92.72040616967388,132.5497094212523,199.75236174489345,176.92917312414443,429.7901230740777,-59.50629236794454,489.29641544202224,1116.9420606986214,S1,3,222723,222978
26.01381649601062,26.01381649601062,27.262902071877416,8.1576455361007,37.44707223279804,5.750992249589286,31.696079983208755,180.8452320499425,-35.15764650271008,35.15764650271008,36.606519712498844,10.19692001792915,-9.344049838289461,-55.193071189704774,45.84902135141532,309.2630393815783,S1,3,222851,223106
14.38307608197345,16.89286017294826,19.300021253526076,12.869263491230628,37.44707223279804,-12.745752494967679,50.192824727765725,220.3131352873163,-26.263283521407445,26.263283521407445,29.80315280739423,14.087862007240796,-8.00917820303252,-55.193071189704774,47.183892986672255,268.5723241249872,S1,3,222979,223234
27.239290304885234,32.42792218795377,34.13898941721147,20.578913045024077,55.348839772723835,-25.486857675006313,80.83569744773015,225.81910832711355,-45.65277706431914,45.65277706431914,46.69796135162873,9.824639469913732,-14.613869093616092,-64.35881371920881,49.74494462559272,363.1919157722151,S1,1,223253,223508
-6.702465106456181,8.486017292894488,10.182827142190813,7.6659591770681415,6.971505749221638,-19.984453353221003,26.95595910244264,182.95754393511686,69.8210247565083,100.17270766868627,163.16617573028984,147.4727954722459,415.62441331739376,-42.71325996666597,458.33767328405975,1023.715777405071,S1,3,223760,224015
-3.72835104801252,5.175761667723007,6.33692574788056,5.124063465350086,11.044097556499672,-17.298296750203868,28.34239430670354,195.61654849047932,-26.444161231125964,35.95003037690266,38.90570151145821,28.53699260400255,112.24905342188653,-52.143785504299665,164.3928389261862,377.34585861213577,S1,3,223888,224143
-4.877000333771919,5.888416114007866,7.019996242923728,5.049278660863535,11.044097556499672,-17.298296750203868,28.34239430670354,230.1718615281962,-37.51840657764316,37.51840657764316,38.000079150469,6.0311842383209475,-23.939350002611448,-52.143785504299665,28.204435501688216,250.60833893930453,S1,3,224016,224271
6.913594100039429,9.088186273154111,10.267038308702077,7.590407910794782,22.831861320521632,-12.107462051090621,34.939323371612254,230.64750043166094,29.130100261179393,37.94451676607785,42.498334728081225,30.944235544502817,96.02166169576724,-33.58007383237503,129.60173552814226,373.1185113726925,S1,1,224290,224545
-0.8758021506891678,6.677131632471834,8.487092873037337,8.441783936373248,18.421739706846633,-20.78199475397056,39.203734460817195,214.26396117036035,-43.51130808859742,51.91104510265933,53.694084671373034,31.46141759545704,33.673397911335,-68.25696679844927,101.93036470978427,311.5232637404371,S1,2,224554,224809
6.868943891761605,8.09947526781252,9.825515919791561,7.025551430450734,24.63989610795502,-9.799544369808087,34.43944047776311,271.1927126572893,61.270499873688934,112.74187096408563,168.5582005834732,157.02800014381725,408.7406458070431,-65.06717995134112,473.80782575838424,1022.812808849797,S1,3,224818,225073
11.559361055242746,11.64417349004228,13.022771757924653,5.99781262240971,24.63989610795502,-1.8948664112289477,26.534762519183968,213.6051925786561,-5.862810479808573,55.602519308785276,77.95509667455816,77.734320289159,289.21286876183325,-54.83323197654466,344.0461007383779,498.45853384102793,S1,3,224946,225201
-47.32382589928558,59.4125506338619,61.451490241961245,39.201290223817445,44.58454391061381,-78.88174087913525,123.46628478974907,289.7171677764274,26.12514174317323,39.25602224603345,41.15190116502371,31.795533308862538,85.19878545399693,-45.185500597284786,130.38428605128172,425.00764123031337,S1,1,225328,225583
2.2376141517324637,33.71579106213667,40.1773917257499,40.11503320193469,32.96719354627125,-88.38626808047485,121.3534616267461,298.38094501029946,-26.179930284365724,39.9880814405698,40.816680627899565,31.314735633335662,40.578523053271496,-55.67747081002677,96.25599386329827,319.88758981159526,S1,2,225592,225847
15.05204952267268,15.067118891504803,16.92709517867503,7.743536424330457,29.259803691046976,-0.9973704185206795,30.257174109567657,238.49466420412472,32.16017371058285,92.93293458558111,139.8364890622598,136.08808507788126,383.75953621903443,-58.72711359339675,442.4866498124312,1039.9518263446953,S1,3,225856,226111
7.149848262800585,7.7005574237570995,8.902148479523838,5.303575904087358,19.274316785460943,-6.183222368479042,25.457539153939983,212.14492600733692,-50.59093805272654,50.59093805272654,51.11603566310595,7.307946965947728,-24.113802730593854,-61.21801084466527,37.10420811407142,256.84436038923633,S1,3,225984,226239
-8.737293766927152,9.721725179994642,11.596170082429344,7.624359527923993,9.990716415146958,-28.71080092776056,38.701517342907515,237.6158974270333,1.7895809697204204,17.140136441810146,21.6379709591121,21.563839806031606,21.53777377265066,-55.06968833401822,76.60746210666888,338.54137489592347,S1,1,226365,226620
10.713390381353475,18.508747754474463,20.64922652389495,17.652586852125935,34.757380351288376,-17.062476385857956,51.81985673714633,234.69932170047468,-7.871037804377616,20.37552338420422,21.50130163113658,20.00881644963477,29.96835363706734,-39.01835725966698,68.98671089673432,345.6368719426806,S1,2,226630,226885
19.772578786875407,19.772578786875407,23.78845565537401,13.226327932744606,50.82820229327534,2.7770477563929123,48.05115453688243,216.63782990293703,83.83487423771504,116.01414824181717,185.13093841920735,165.06113480017893,437.84646494430376,-53.66245224811037,491.5089171924141,1070.1450712798041,S1,3,226894,227149
36.98536653191424,36.98536653191424,38.83175879393537,11.831658950896744,50.9169495263473,11.048995247789948,39.867954278557356,197.2353668013648,-22.30986156746622,42.1745033897726,50.052311970485036,44.80517838856635,188.54869990191534,-54.3430277983663,242.89172770028165,460.7646210165452,S1,3,227022,227277
-92.26236467589098,104.75280849268219,111.02326146127993,61.75613856057251,39.495566337407745,-136.94065509289098,176.43622143029873,337.8300169216528,-22.71195985584547,23.108704088509384,24.562187881983558,9.352430328867664,6.647226633852292,-44.25298719426014,50.900213828112435,335.12364924211795,S1,1,227404,227659
-12.891696923887782,59.6217901899075,72.04937716615073,70.88664825235333,45.49534960266502,-133.22607845890175,178.72142806156677,406.2769523842661,-34.54010503456129,34.54010503456129,35.332526802677805,7.441007624201121,-17.42310046708542,-55.77701407933028,38.35391361224486,275.64666882623203,S1,2,227668,227923
46.57958998830193,46.57958998830193,46.7490347506709,3.9766878983795007,56.9930813405931,36.58071588184064,20.41236545875246,208.67430244345923,50.90437172408811,78.84165329541955,142.2709690995561,132.85245043996255,428.6229799217479,-34.19753335939034,462.82051328113823,1080.3058379732151,S1,3,227932,228187
42.263125997045066,42.263125997045066,42.82606070845297,6.920957792241849,54.20310861389126,26.68860617685161,27.51450243703965,217.24982459472147,-13.620904008772557,15.274121170434826,17.93394773674023,11.666081407564997,15.552115221484335,-33.41683574688955,48.96895096837388,368.7452596581136,S1,3,228060,228315
39.713289717379624,39.713289717379624,40.25056805484879,6.554605141538619,55.61550949528217,26.68860617685161,28.926903318430558,232.0548762736485,-1.1691868002483754,8.802400433570192,10.40611629786026,10.340225269824534,17.14055746491768,-28.711836960602714,45.852394425520394,358.7175993075226,S1,3,228188,228443
-16.345844751051185,22.317415855779437,37.92394332969344,34.22044472312322,12.581509771136151,-84.81541281996395,97.39692259110011,286.5526642925637,-12.568242440509788,16.77401984406819,18.81261580059694,13.998349731930489,17.43505530703223,-32.62442058595909,50.05947589299132,337.45282414477276,S1,2,228706,228961
0.11684904831381315,6.357329794547108,8.02522391927283,8.024373200093383,13.799411321081557,-23.15232812248125,36.95173944356281,253.67930564442173,15.809468631351102,61.813931440274956,100.99319306577415,99.74811149698553,361.4582269180822,-48.182755465148794,409.64098238323095,978.8519864305914,S1,3,228970,229225
0.3558388031019051,5.596105910019739,6.7721119330294375,6.762756744086445,13.799411321081557,-16.046144422907076,29.845555743988633,215.3962711314248,-41.87185413443744,41.87185413443744,43.627944005312955,12.253380328510053,-14.006351141895921,-69.5100666074685,55.50371546557258,253.89624359709,S1,3,229098,229353
-12.3641437278294,14.120184056302179,16.637146642319326,11.132052743120385,7.847534735539165,-31.716751066418208,39.564285801957375,240.0140041446652,-52.406250649316306,52.406250649316306,52.90215621982237,7.226550047396462,-33.694786552020986,-69.5100666074685,35.815280055447516,265.2119246277948,S1,3,229226,229481
55.23744735283751,62.985019050410244,65.40909645386951,35.031047784131566,81.28148109762388,-33.64219165826718,114.92367275589106,315.62404623961226,21.295825591267082,36.19498137895192,38.69832252761831,32.311731288154526,88.51960504783044,-56.630402233457716,145.15000728128814,409.6543705188544,S1,1,229501,229756
14.159990896229667,16.76377665142843,20.013619255211378,14.143536103508929,38.57364748170782,-16.026886848806726,54.60053433051455,278.3112404281994,69.30236620345416,111.53629790804109,177.29132836182336,163.18516216526,438.73337791365304,-57.377309605537356,496.1106875191904,1110.536345175345,S1,3,230007,230262
32.79855273679327,32.79855273679327,34.45266545042423,10.547089409436413,46.47928872577063,4.810186992853711,41.66910173291692,239.26961602846848,-10.825840951712532,20.05631615683702,26.38420959811545,24.060916104868312,115.2786476260511,-43.23966162666085,158.51830925271196,434.4851219465379,S1,3,230135,230390
40.263214566370586,40.263214566370586,40.63714639774653,5.5001109201803535,55.84942277219728,26.557576238264133,29.291846533933146,246.4604449052668,-11.757540829718675,12.537637398243636,14.225571346797965,8.007940670380716,7.917400383520572,-28.21686201775813,36.134262401278704,305.04488284819365,S1,3,230263,230518
-121.34651827632996,132.6704698627284,137.92698569534429,65.5658133878931,56.495852642130664,-158.23139844191846,214.72725108404913,376.38485382223837,-14.361424993078003,16.686980673614617,18.91747530121985,12.313421293063007,17.826332923782832,-43.87165216127914,61.69798508506197,322.9028383749012,S1,1,230538,230793
-6.255491470943596,90.37221674231114,95.63485779394159,95.43005214147365,84.10817026824262,-136.95993961463816,221.06810988288078,391.60814652210644,-11.774185753140099,12.177131417523526,13.501430790792986,6.607358265534394,8.32007760220694,-24.42431087918209,32.74438848138903,347.48175679938794,S1,2,230803,231058
58.32281108899443,58.32281108899443,58.85907975716636,7.9272300671760005,75.66638050062393,34.34139782703301,41.32498267359092,227.94969406990674,61.23113191875295,74.52889917254055,142.2274267931442,128.37207412886752,413.04603063214586,-33.51563771977939,446.5616683519253,1083.789066527413,S1,3,231067,231322
58.793022306713866,58.793022306713866,59.010397418200895,5.060388472860245,72.39890320368502,46.52758545228593,25.87131775139909,196.90817800797714,7.7179650669980155,17.804728648637717,37.660760562479304,36.861441932851655,198.97860371414905,-20.885395795477788,219.86399950962684,442.9880499500778,S1,3,231195,231450
-34.653190896595866,49.09178502116929,49.99712053665283,36.03981718378546,51.036481555189425,-68.95756756675462,119.99404912194404,312.93566895738263,-55.754342385431954,55.754342385431954,59.262659120858196,20.087709457353842,-6.603183218670889,-77.94140230971723,71.33821909104634,320.6573081725432,S1,1,231576,231831
-20.278287452405323,24.15294538814672,36.330810592253826,30.14496402863741,11.105505417590964,-77.88239666163734,88.9879020792283,284.3390235810876,-22.22309710500431,23.59354515320572,29.775532891064405,19.81707127727019,22.807940939150427,-67.18953853746216,89.99747947661258,351.92840520021366,S1,2,231841,232096
-6.434782570652563,7.453040002602737,10.14986431704235,7.849415196229309,9.002537187207798,-34.022394876085585,43.024932063293384,280.5531301668891,101.95615265143647,118.46403702097406,177.67347437028903,145.5087847221835,408.61829067118384,-27.423344124604363,436.0416347957882,1526.6871124787992,S1,3,232105,232360
-21.86416652108926,22.321038591005927,26.458834425772647,14.900608763018079,4.311560283906871,-44.596435320127036,48.90799560403391,240.02714568803574,38.153312745244875,66.84072043408139,126.20050801192414,120.29502462292972,408.61829067118384,-33.459456045865224,442.0777467170491,919.7863879014742,S1,3,232233,232488
91.30015593138233,115.68245384180074,126.94878272636082,88.20586693984725,166.78535798111537,-62.438870849222745,229.22422883033812,582.0022425774432,-46.848743127081356,49.39320080239972,53.39214407792327,25.610863254690667,19.28848643292989,-76.33544239910161,95.6239288320315,394.85567492313317,S1,1,232615,232870
-33.22613050530258,33.22613050530258,33.86733701830498,6.559021905440818,-17.274936034181444,-47.001373497390304,29.72643746320886,204.1281440144282,-30.811860331699656,30.811860331699656,31.858166244926036,8.097655178456174,-8.146579610016104,-48.355120611847084,40.20854100183098,305.2867964352805,S1,2,232879,233134
-8.23259793291981,12.385973097360123,13.764201516051799,11.030755851226475,21.66850761032044,-26.781746858836495,48.45025446915693,219.70251598017637,75.50155682663441,124.10623271098862,192.0757553949882,176.61429932853636,455.8318039867516,-53.836291579319855,509.66809556607143,1167.8876157738941,S1,3,233142,233397
-6.094105993557687,9.022945508514379,9.818308171509162,7.698119737312992,13.61062786282969,-17.634955891672682,31.24558375450237,187.47326443484263,-42.674522991979316,42.95205380055417,44.31076277055652,11.930162811779487,8.199476887276964,-59.39857086652363,67.59804775380059,353.98791785146045,S1,3,233270,233525
-24.097551316126953,24.68087833749307,27.191282115139703,12.596580632526608,8.424260968796839,-39.81887197171869,48.24313294051553,227.73563811080172,21.399899985893466,40.23225470796254,42.3535675783765,36.54954127222203,86.49883273755292,-60.146283303210495,146.6451160407634,399.0088432490507,S1,1,233652,233907
16.106843240201123,23.18164853258434,23.892430552055124,17.64703483649206,35.94354609654338,-20.56590380279972,56.509449899343096,248.28561902065866,-42.522492890093844,57.20209182828467,59.04892194760717,40.97087723720986,42.358923608083174,-80.51508575676684,122.87400936485001,398.089722455253,S1,2,233916,234171
39.27076413493377,39.27076413493377,42.643158150136166,16.620650446836418,72.0965722255957,10.527902635370406,61.568669590225284,249.4897125357214,93.95993142714411,124.7385818256645,196.67750161349588,172.78185936935927,441.5419120899561,-48.095369410375305,489.6372815003314,1133.2517358284867,S1,3,234180,234435
47.1799656624423,47.1799656624423,47.417599877834135,4.74126757999809,57.426649822324464,36.38635302963189,21.040296792692573,162.85893827795527,2.6400555520045614,47.10298109938921,75.63324860631073,75.58715764881183,304.6692266525847,-44.122875746134596,348.7921023987193,582.9922467024278,S1,3,234308,234563
-89.17675407565736,105.89213527324134,111.61410294172286,67.12089472001425,58.100576721124106,-149.36808035802937,207.46865707915347,361.4749224564539,-10.94644067764306,16.11260789298809,19.152824194021026,15.716428064223706,38.18508600198562,-40.69300024958674,78.87808625157236,374.3718178448513,S1,1,234690,234945
-51.34556714014619,74.27852141263838,93.12741422948952,77.69393809125437,36.877956309224814,-148.6246458399927,185.50260214921752,363.63067069029853,-36.255805340426846,36.255805340426846,38.99514529677314,14.357504512746068,-8.825995606228215,-58.04873739470753,49.22274178847931,285.6224796290128,S1,2,234954,235209
7.974844250068047,8.803271262863273,12.002693427304502,8.970312630951906,27.001077968963685,-4.606264197656291,31.607342166619976,217.9113181851937,21.83242281060471,57.797305659776654,103.08537752209695,100.7469124742403,364.3923116732168,-48.4787796606256,412.8710913338424,1079.8586753430736,S1,3,235218,235473
-3.6566151532858244,6.44948975283718,8.256563418723857,7.402702554349287,13.364883772104296,-18.1141200233709,31.479003795475197,190.30334677796506,-15.019100662917209,15.02118023765634,16.14492422920912,5.923275584004474,0.2661855666088278,-29.753939257510513,30.020124824119343,341.5507050289479,S1,3,235346,235601
-11.249298422781813,11.254732084614226,12.561852802313792,5.590476797393709,0.37259209036972724,-22.07118621418556,22.443778304555288,175.5215238365262,-15.8769549959953,15.8769549959953,16.867217610243557,5.694324364351772,-1.0121780876539426,-27.369648238005976,26.357470150352032,283.122377433682,S1,3,235474,235729
18.692727114764956,40.72977679241355,65.56651684919306,62.84544601439669,148.7360492535728,-27.31081499153664,176.04686424510942,352.9175211462025,-4.708833222720688,7.352089994324174,8.577416456368528,7.169306992072774,18.825890522044446,-17.22829571213123,36.054186234175674,331.6234149279506,S1,2,235994,236249
0.427268653746647,4.86914422158159,6.10562849329478,6.09066012806975,13.410542412534745,-14.962842080314628,28.373384492849375,219.6285930152454,81.52151412597524,92.55110934219395,167.65822938038087,146.50435015238568,434.86724971519163,-18.42732404994138,453.294573765133,1066.5267147765499,S1,3,236258,236513
8.044061104983037,8.505665089390376,10.065560602255697,6.050503382114679,21.633744128336613,-6.278672110213893,27.912416238550506,211.73367589335226,-4.266663896872302,8.323148731087542,10.322560546811122,9.399512510428826,39.40400446676178,-18.42732404994138,57.83132851670317,309.5327632138612,S1,3,236386,236641
9.094046123331992,9.094363695056241,10.414827976294552,5.076117303857155,21.633744128336613,-0.040649180703770604,21.674393309040383,184.4881698595554,-7.939974063338921,8.592311723108534,11.443615741357192,8.24094370259519,4.846134073874457,-31.87854556131801,36.724679635192466,238.287887188736,S1,3,236514,236769
-118.63460505877937,123.9244426975952,134.38575394928665,63.129718414275,24.064340584729816,-160.70703575443582,184.77137633916564,370.063209239498,-76.13537044002692,76.13537044002692,83.51717046105783,34.32962466706075,-2.7355998528468546,-109.6660412059287,106.93044135308185,309.68521954683354,S1,1,236788,237043
53.68319013831756,53.68319013831756,54.42141946284447,8.933420001550926,74.23861810986844,39.14870883393238,35.08990927593606,275.3589058933816,56.62299864167839,60.03300766178877,126.8042999071484,113.45997752408788,431.81891753012417,-14.838797351702391,446.65771488182656,1006.7164690321069,S1,3,237296,237551
51.962865285165165,51.962865285165165,52.324211469250606,6.138708107951815,62.81251568439075,39.14870883393238,23.66380685045837,199.61547839439532,3.9274536826870268,6.373810339967427,8.395906731686866,7.420670954673368,31.430750251746783,-13.509580365864887,44.94033061761167,272.08706433489954,S1,3,237424,237679
52.473306940090666,52.473306940090666,52.7321908507118,5.218813149263528,62.81251568439075,42.963315226858256,19.849200457532497,185.5566089661057,6.258117318833723,9.052502479790032,11.065144282271586,9.125425229061984,23.57707988660746,-13.509580365864887,37.08666025247235,297.74188158409754,S1,3,237552,237807
-67.49453476387248,83.35157932309528,85.4616471901123,52.42309526778858,58.03844283680391,-108.6641715187479,166.70261435555182,328.5011911149033,-40.74357339116989,46.335031255071954,48.649391520354705,26.584290899309565,24.386160510297632,-63.84978917459254,88.23594968489017,323.317307891661,S1,1,237826,238081
1.0615198859830848,60.667569147766386,65.16691855337339,65.15827230117188,58.122371969537525,-110.7985137326695,168.92088570220704,335.28244053478187,-16.469680421126316,32.7745101890181,42.41261210819246,39.084258885975586,69.95307831544706,-78.68571530752699,148.63879362297405,402.70946613492254,S1,2,238090,238345
50.46845967482968,50.46845967482968,51.65353212765648,11.000998105305289,74.19294167569491,27.69868263145094,46.494259044243975,213.20483848332432,79.66522193343128,85.66957906991969,161.4300599557545,140.40340690886256,442.8229885814043,-14.856587416518838,457.6795759979231,1026.4790752171973,S1,3,238354,238609
38.51474557680086,38.51474557680086,40.81874553558635,13.51977663473951,74.19294167569491,14.9439239356841,59.249017740010814,209.20128246491709,66.67121794202897,67.86736632286515,143.8096579849559,127.4212165531175,442.8229885814043,-12.305039360195329,455.1280279415996,648.716313998355,S1,3,238482,238737
-63.141871484524636,67.73298864353933,72.32247611720294,35.265345839154385,20.620261703422376,-93.98757029139057,114.60783199481294,288.8741997778228,-24.06341081456884,24.09271301236965,27.150492468304552,12.573841944320511,1.3046394421184937,-45.95445678423327,47.259096226351765,294.0846786048067,S1,1,238863,239118
-19.92483188247883,36.303204590372935,51.20248293273827,47.166676085265,26.02018454710365,-98.3673498442989,124.38753439140255,337.2563890278852,-35.534502904751704,35.534502904751704,36.398389000009104,7.8830086330142,-17.285788052442474,-54.60868173765043,37.32289368520796,353.6862812849621,S1,2,239127,239382
23.820923494038546,23.820923494038546,24.159306725286303,4.02935544940213,33.900218714976624,14.833474599439818,19.066744115536807,211.20533557938398,23.73962042491567,78.81070688009986,125.80600384599887,123.54586608130768,389.92958707929984,-58.99387941644064,448.92346649574046,1059.682018260035,S1,3,239391,239646
14.433367551529198,15.3243945913571,18.28407585774191,11.22431873630309,33.900218714976624,-5.382928613530474,39.2831473285071,190.6598565319783,-31.117091075938745,57.30199218281804,67.51396700003079,59.915460300768615,264.6396700455183,-70.19590812469211,334.8355781702104,588.0174528788743,S1,3,239519,239774
46.34205998989083,52.08408253991235,55.81986054929115,31.11704207722305,74.86919882200762,-24.171711572254086,99.0409103942617,306.01627281397384,59.44913326993408,74.31334878876379,78.20506167046861,50.81173313650515,144.81217644292073,-46.62162597134777,191.43380241426848,457.95115127166275,S1,1,239901,240156
-25.36387507754882,39.09253754745948,40.78208427385761,31.93512546977892,67.73243123467665,-51.94609507338937,119.67852630806603,288.29842908668985,-34.3737639865587,48.81587297251893,49.99476136726814,36.30317497914537,72.47560468423063,-63.463534321950775,135.9391390061814,428.7601704205239,S1,2,240165,240420
-46.09210609917301,46.09210609917301,47.7559994801757,12.496129068360359,-23.218380167914383,-71.68059310418327,48.46221293626889,230.83840430070956,62.1180353058904,101.28493293453474,168.77252225043733,156.92518585781735,448.4217394704809,-48.95809046959772,497.3798299400786,1223.7822367745036,S1,3,240429,240684
-46.02720159694324,46.02720159694324,47.27696382249255,10.798519409049293,-27.602997939448002,-71.68059310418327,44.07759516473527,201.20380581851106,-30.185717911902806,30.185717911902806,31.03757452860091,7.221735716674093,-3.8005021077053573,-48.95809046959772,45.157588361892365,458.6521552426241,S1,3,240557,240812
94.74212726215578,106.39494067237226,115.59889094898722,66.23468057201846,140.99611802482136,-34.29411987876341,175.29023790358477,366.19577153688857,-22.19462752799137,22.240561371306743,23.454231133673307,7.582840296715875,2.7076801821866643,-38.571825007426014,41.27950518961268,382.42393383252136,S1,1,240939,241194
5.810021227586043,47.867484163606555,64.36412474917535,64.10135886283851,150.2563024964102,-37.3795919973034,187.6358944937136,365.3155348069872,-8.007203474025587,12.722729098005184,14.585851700583154,12.191462683245069,36.33505049099293,-27.595826306579117,63.93087679757204,335.86344783146,S1,2,241203,241458
-12.980395731586137,12.98453535569916,14.613905103499759,6.713832662906984,0.26709941240013263,-34.35905730861412,34.626156721014254,251.46720255784942,55.94676956883492,82.50275634037051,150.88952475864133,140.13424869281715,447.68475460234805,-41.483204411029554,489.1679590133776,1140.2674381539268,S1,3,241466,241721
-6.875946135170487,8.271396753186075,9.465783561334925,6.505568628204037,11.264735562994437,-17.705686347385004,28.970421910379443,239.47066984848527,-14.81649584350302,24.482001881533694,28.51214550945375,24.36008810476106,108.65119169988613,-41.483204411029554,150.13439611091567,392.45857085191994,S1,3,241594,241849
8.718403575027741,14.029605303245614,16.51450156208066,14.025626579476157,30.093995843793195,-17.284135715954122,47.37813155974732,234.9746568581598,-9.741986652027085,13.169225990872182,15.73576807193111,12.357511597620801,13.184241602869921,-33.10896212870971,46.29320373157964,321.06072892649007,S1,3,241722,241977
-4.9299800550232185,37.52338928134681,46.554311470603395,46.29253949783947,32.35279139637957,-92.78858989223583,125.1413812886154,287.5426448139481,-11.226045863512976,27.096661941441738,40.554352884401254,38.96962191429174,58.59527029030268,-86.98574209225633,145.581012382559,469.1629645933441,S1,2,242240,242495
14.277852805077782,14.413430958025252,15.99606335913222,7.212278576559901,36.20105234004548,-4.19099128613611,40.39204362618159,214.93404669867786,71.43532956028298,93.21900005808158,168.8871403452259,153.03548563846815,453.02186844643114,-33.32625170489519,486.3481201513263,1135.7559159824486,S1,3,242504,242759
5.30608299874678,8.772917633766703,10.717686311179072,9.31205042271817,25.329351117067947,-10.251971575865236,35.581322692933185,197.3169174939593,5.102504493438669,51.60292626095605,87.26452048985342,87.11521672026355,375.20057149238454,-48.86648874020182,424.06706023258636,708.2619530373519,S1,3,242632,242887
-3.322301403469554,5.283996819003169,6.219192417053659,5.257439272577664,10.479613006973608,-15.471172982389437,25.950785989363045,209.130685362334,-33.15148823163297,33.15148823163297,33.84503638997119,6.81654723935624,-14.973935272408772,-48.86648874020182,33.89255346779304,379.29443907021385,S1,3,242760,243015
37.63171047853373,39.81460617491294,42.21833639824588,19.137457895323166,57.06923310334421,-13.596151321216992,70.6653844245612,284.2403675857586,42.57346715278831,55.42125513538657,57.27089460401747,38.30737870613092,105.83548433511665,-61.115692037829966,166.9511763729466,499.14726157540997,S1,1,243034,243289
-30.242560924670666,30.242560924670666,30.96142524348654,6.633050717851368,-17.338467587423942,-44.32709389432635,26.98862630690241,210.44285404461436,39.99966203040174,84.78168185541774,141.83869549556297,136.08174961153563,416.77506171741356,-49.90345844661462,466.6785201640282,1129.9830587796819,S1,3,243542,243797
-26.23796531420072,26.28822345472686,28.074690409850177,9.987863524284531,1.4094827857024026,-44.32709389432635,45.736576680028755,231.55460804711197,-32.984525793513235,32.984525793513235,33.996273219025845,8.232110966192932,-7.711918311891495,-49.0007944208229,41.288876108931404,373.4914726057656,S1,3,243670,243925
-12.262913353240643,12.521084595488098,15.10659188723064,8.82213548627853,4.166171777607075,-29.540396477088837,33.70656825469591,203.85545060220306,-43.14028738485196,43.14028738485196,44.19128012254312,9.580440659043719,-24.903768221904297,-65.5973401835496,40.693571961645304,275.4221819436981,S1,3,243798,244053
85.52156374766818,91.32580458918022,96.78785485447311,45.32053597966468,114.39770673006376,-23.601133478469887,137.99884020853364,296.3859692753148,-15.012273643550618,23.89937276287629,28.447119884929432,24.163407661145452,39.18329101275728,-57.212440056167765,96.39573106892504,403.48632470761186,S1,1,244072,244327
-26.18417160350584,54.833196028961936,57.67537990438452,51.389090326189276,101.41202344087439,-62.28388057434169,163.6959040152161,323.9865611978389,-58.34847903484387,58.34847903484387,62.00199148995543,20.969071105818966,-5.866149772468016,-83.63594513333554,77.76979536086752,359.78077597633285,S1,2,244336,244591
-35.55948706913864,41.55973222187469,43.622764771672514,25.267933942141642,41.32110942321331,-64.1757921588861,105.49690158209941,346.8812531827766,95.97496587111698,129.3599297551857,202.28816616804508,178.07107597155849,440.3911014998181,-55.192821881627594,495.5839233814457,1162.3683088819553,S1,3,244600,244855
-54.85974731914644,54.85974731914644,55.56916419370776,8.850996173689024,-38.10903270458581,-68.68776503268731,30.578732328101502,208.51095454705379,-34.23764953889731,34.24416879837203,35.65674799633983,9.95926863409807,0.8344652127641328,-55.192821881627594,56.027287094391724,339.92629920500394,S1,3,244728,244983
84.10928735635999,108.62411622436187,111.98791454753763,73.9386285044012,144.1390575209927,-75.05188097272521,219.1909384937179,408.27599534534545,46.118290853540266,54.99652488419053,58.03576986091904,35.23143244459162,103.74922251537008,-34.092043752742796,137.84126626811286,502.9208230183012,S1,1,245109,245364
-21.246890753485918,50.38576519197208,57.637523551677134,53.57848219648977,135.69947366289983,-51.23050673629616,186.92998039919598,401.90076765562435,-26.74276806739973,44.2470926887837,50.16855390879389,42.44653292546783,238.4811510566866,-61.362701972137025,299.8438530288236,608.7577100533133,S1,2,245373,245628
-24.407473575737278,24.407473575737278,25.666287421540755,7.9393667036374955,-8.728713529189593,-39.718896290014655,30.990182760825064,226.92481556538414,7.100353670775073,51.13909073058158,91.858675779878,91.5838484329123,379.820490955951,-40.06239065196972,419.88288160792075,695.4666000638756,S1,3,245637,245892
-22.651347768932087,22.651347768932087,23.53650457852291,6.3940200207479245,-8.728713529189593,-36.789926549923116,28.061213020733526,218.98767863083503,-24.41099896514261,24.41099896514261,25.394336466599114,6.99824650199262,-7.129119446903959,-39.87160935493961,32.74248990803565,352.3550356875407,S1,3,245765,246020
97.89334758406581,105.26210546662642,112.46720060670306,55.36933908846722,136.27356006897654,-29.107864346406952,165.3814244153835,393.7140368474118,16.091630565812252,23.458828341894478,24.906159938274705,19.009898174486274,54.163311709995384,-32.191588470699394,86.35490018069478,410.93752321884665,S1,1,246147,246402
-21.036987549905554,24.564500256159437,25.72274418478324,14.802186433798179,31.881546516438622,-37.46829752531252,69.34984404175114,272.49283930737056,-36.006646785624895,36.006646785624895,36.714903530910384,7.17673522845203,-21.555224159120318,-53.61632772522498,32.06110356610466,301.0229753313065,S1,2,246411,246666
-8.118548049876505,9.67359104437601,12.51627568166299,9.52608705089528,6.389718013266714,-30.55496825382497,36.94468626709168,200.82864016272387,40.1872940335257,75.72882272554027,133.72538104322416,127.54394902706457,411.1553628642359,-44.176483076038174,455.33184594027404,1071.5183610392173,S1,3,246675,246930
5.760171903066959,8.538725947855276,10.852437820370037,9.197598941686682,23.52229027904128,-11.066587314396553,34.58887759343783,202.53293650549955,-30.54015413826463,30.54015413826463,31.72243799821203,8.579746952063596,-16.67603890748308,-51.67172191981295,34.99568301232988,404.8537229424589,S1,3,246803,247058
-50.45328221707349,50.45328221707349,54.87396013870857,21.578179136083584,-0.6844897770475644,-75.26767777454994,74.58318799750238,260.0249033116892,16.630605155952612,24.535097862866255,25.379400200636283,19.17125261141951,38.67653652358539,-29.294756039622303,67.9712925632077,382.51545716554085,S1,1,247185,247440
-24.185191993375756,24.185191993375756,31.95517256284936,20.885630030359,-2.9152059810412574,-80.60314681836329,77.68794083732203,245.21157441122176,-7.346595120000346,14.7533122504901,16.05056887941638,14.27053963575578,29.77386841587122,-25.08895168011162,54.86282009598284,360.45823450078706,S1,2,247449,247704
-4.922026498128976,8.80811025079656,10.434275362102406,9.20042159272571,15.870977267369009,-22.787326100588167,38.658303367957174,242.78184900970555,37.66256479335476,60.050165318140046,115.50081427239739,109.18777088471579,401.18248816485533,-39.62618312525243,440.8086712901078,1007.6126049435911,S1,3,247713,247968
4.046944936378164,7.627804651663984,8.901369747466925,7.928216701317044,19.649186189998023,-18.487081887004152,38.13626807700217,231.57290512399575,-19.913699092404936,19.92786720947116,22.21233336108044,9.840342565221901,1.0025967237943485,-39.62618312525243,40.62877984904678,386.04392188032955,S1,3,247841,248096
103.20279713181404,110.2985618296822,126.0283008770425,72.33474466757995,171.18097275618447,-28.11134825062824,199.2923210068127,369.32465223153866,-34.53919303398054,34.59815387306412,38.84846287838805,17.78334087214561,2.5964354516642874,-59.475715573391966,62.07215102505625,398.5666177016641,S1,1,248223,248478
-6.001784732038008,61.56466256357395,72.77393269519166,72.52602195043211,148.09726622081416,-54.54821757720675,202.6454837980209,373.4128721575065,-17.283408270558,21.60532204196776,25.65996915620062,18.966228292688417,46.32711927794129,-56.75471142079071,103.081830698732,441.22367405633236,S1,2,248486,248741
-38.44103313266267,38.857492904093924,41.20927388572242,14.848946962058113,7.901603466956101,-57.85848094018946,65.76008440714556,293.67494863699335,84.1361739726672,114.22599690107477,187.0485276854606,167.05764256249878,446.1585743873171,-49.88337855864881,496.04195294596593,1077.8316897336817,S1,3,248750,249005
-38.40913770967951,38.40913770967951,39.30868830776607,8.361286795462723,-14.845417105771721,-56.45422044759038,41.60880334181866,222.63523329784564,-36.48230270083236,46.63582455928226,51.407535474731084,36.218452385912,125.1069872356484,-73.19145644242369,198.2984436780721,373.26834330440784,S1,3,248878,249133
-23.090729444224028,23.090729444224028,26.588784187176362,13.182627138999461,-1.8030376655824478,-44.32626565112129,42.52322798553884,214.24433676064484,-59.607868765512464,59.607868765512464,60.12412924399964,7.862117945097014,-39.71497392612167,-79.76202271743095,40.04704879130928,334.5327677547498,S1,3,249006,249261
14.278496020348943,23.06298134355073,23.80068926814099,19.04198941905706,35.74580056181721,-28.188816478540605,63.93461704035782,262.86143154050444,-40.26366830241057,50.16814332067242,52.87195984148063,34.267785926619155,32.27905943646514,-71.46898761139444,103.74804704785959,377.5846738465425,S1,2,249524,249779
30.877182858290553,30.877182858290553,31.801399000149964,7.611081204561353,51.78912998495448,15.897370239488295,35.89175974546618,279.3096361575962,40.89221820464913,96.85513319751023,152.52485983448,146.94100638634245,425.9826678646604,-66.21506424399053,492.19773210865094,1192.1480444887347,S1,3,249788,250043
31.127340714904214,31.127340714904214,31.766660410963688,6.34108615962234,45.95916670364597,15.897370239488295,30.061796464157673,200.9863817319178,-32.49993338849883,35.74880162070279,37.15041055334986,17.997425761080034,66.6011931746738,-52.00849198530271,118.60968515997651,380.0363027606712,S1,3,249916,250171
34.47583758558826,34.47583758558826,34.87883092424758,5.286725774464709,45.95916670364597,21.360391053174705,24.598775650471264,183.38574290615597,-33.28736528422459,33.28736528422459,33.6901246239318,5.193824179798076,-22.28452066870767,-44.31508691414231,22.030566245434642,285.31482497435206,S1,3,250044,250299
-90.60312972971863,102.05973908576341,108.57775238386985,59.83478249239927,37.332137530875144,-135.08515723072807,172.41729476160322,346.64069916621867,29.481713407668764,34.13187302246622,36.56456346130675,21.628589312851922,70.23691392789925,-21.961546149205624,92.19846007710487,399.62437421507855,S1,1,250318,250573
40.29511066566803,40.29511066566803,40.9414189768003,7.245953648448948,53.894387806548956,22.423345493171812,31.471042313377144,215.2644108491914,40.07346429983261,71.26424775046151,130.4816144190078,124.1755578219831,417.0544290347268,-40.79189508786249,457.8463241225893,1130.1675948587658,S1,3,250826,251081
39.981206845996894,39.981206845996894,40.41906540540826,5.933291446093135,53.894387806548956,26.4355410775205,27.458846729028455,214.50566962245207,-23.29189935022065,23.29189935022065,24.57203205057993,7.827655060994851,-2.861737811857721,-40.79189508786249,37.93015727600477,375.00662428751025,S1,3,250954,251209
39.0101207841915,39.0101207841915,39.64794265709363,7.083066662327468,51.50315677929297,23.480307901222716,28.022848878070256,225.01132249281267,-14.658611840577079,15.531000185490306,18.478853759708443,11.251361481171264,8.077724003491683,-38.40209745321634,46.479821456708024,424.751355781386,S1,3,251082,251337
-32.13832394250375,40.57288027444997,42.018753063198076,27.068500940257255,37.3829541936065,-61.51425628333918,98.89721047694567,338.6674394275871,-73.95407002794866,74.0759207048576,80.44008050018084,31.644937623209803,4.179801629852543,-100.1392542202886,104.31905585014115,466.89900534517665,S1,1,251356,251611
13.059394368152246,18.866952677162086,20.899318922693823,16.31667092790504,26.488254253295302,-50.73591587548721,77.2241701287825,280.3332974722292,5.211886504284418,16.30657936953567,26.314488686731792,25.793188130019782,59.687030896849265,-94.05836082622679,153.74539172307607,421.39034368644707,S1,2,251620,251875
-10.08762960401096,14.00268630660765,17.22566294593179,13.962922075952767,15.651633333085428,-30.424034171450483,46.075667504535915,220.0432393515345,66.25772990647532,68.8032315898143,135.929938226728,118.6880842122016,433.67258947910824,-13.157859077021916,446.83044855613014,1092.1999701711663,S1,3,251884,252139
-19.93713102159436,19.93713102159436,21.014261401179557,6.641535128634395,-2.8408831491579876,-35.40769547967464,32.566812330516655,230.81975253999298,-1.4189098312053696,11.838780856461952,13.664884864823222,13.591018109758501,24.775699570504617,-26.590400471355068,51.36610004185968,419.26224861659665,S1,3,252012,252267
37.968851534521775,47.898718334297975,50.8828948456267,33.873814385459276,67.44625520945678,-30.075981044318297,97.52223625377508,271.5296316956404,-22.246071625629,24.04635594151123,27.224153250083234,15.692890664609939,14.889525462889123,-43.541452377662736,58.43097784055186,283.42002940824864,S1,1,252394,252649
-32.92746865915706,45.239449607513365,46.149825848295244,32.33555679941524,53.60997487332423,-60.65808279489378,114.268057668218,242.75663367455357,-32.18540056127693,32.18540056127693,32.922305470118914,6.926628918743682,-6.6469968601578575,-48.169633615741006,41.52263675558315,371.31402256110886,S1,2,252658,252913
-21.428561654565218,25.771054734099096,33.15400381939083,25.298314463075982,16.403657181409244,-68.19405638359265,84.5977135650019,302.17286620983145,44.54262079867172,69.05000069898202,128.2435966898102,120.25961510134829,401.45756711012456,-35.47477110329377,436.93233821341835,1093.9779978957133,S1,3,252922,253177
-1.302230080463402,7.24513351045943,8.763457606354331,8.666163282324298,16.403657181409244,-18.745344595460114,35.149001776869355,245.89109476224883,-19.22332569124383,19.22332569124383,19.922080237729872,5.230012463361066,-7.763182939790347,-35.47477110329377,27.71158816350342,381.49048223811576,S1,3,253050,253305
88.93199602028857,93.75830690292749,116.39762404979957,75.09665084599887,174.26879566014537,-20.684947331391925,194.9537429915373,553.1920472978709,44.04754883775431,44.14223832563558,54.67185535021774,32.38557099729416,117.89952546101415,-2.026005520256231,119.92553098127038,411.11762910387756,S1,1,253432,253687
-7.8668209112418275,12.098975770762758,13.593370093337242,11.08570427374299,17.927324131931343,-33.13829481862165,51.065618950552995,254.760653002646,-16.663169073754702,19.17000110195982,22.277138662726884,14.785455806901114,14.395737226811278,-54.109799844351066,68.50553707116234,336.7987799318898,S1,2,253695,253950
-44.36365568330726,44.36365568330726,47.46564631008738,16.87760747402518,-12.11227235761095,-69.43596620950971,57.32369385189877,391.3658024676429,-16.725432625390617,62.81359789981232,82.16493304914135,80.44461527326364,293.1328041990197,-77.41682701593263,370.54963121495234,915.3614702511139,S1,3,253959,254214
-65.47307067311553,65.47307067311553,65.89095620927438,7.409124564058349,-49.58686727842251,-79.07345064704563,29.486583368623123,219.68108420008446,-4.65448685019426,50.742652124615965,74.70766410481112,74.56252965235723,293.1328041990197,-53.63503949325851,346.7678436922782,970.007154146346,S1,3,254087,254342
83.23348228072027,107.37891508842017,110.97583877174873,73.40179983159948,135.98926380335516,-74.32903677986218,210.31830058321734,392.9510345362311,19.418017769727776,30.041975013481924,32.06806662586169,25.52060898597917,70.72414914695503,-41.02545791624982,111.74960706320485,462.65669012669383,S1,1,254469,254724
11.923318567501166,45.15015208270519,64.55761686961065,63.446988661569435,141.38156247960788,-43.719433578560704,185.1009960581686,408.61599973422136,-13.232601124198865,17.906249360544397,19.640456634575436,14.513642006832374,24.239377088519547,-34.95134576447289,59.19072285299244,365.17420935415157,S1,2,254733,254988
-4.85713321706746,8.381323067172762,10.379788987873763,9.173236961097503,14.969142189501687,-26.475898793004305,41.445040982505994,282.1536417894298,65.05392191607879,80.56664900501582,150.9203112922325,136.17976209364255,435.25391313550205,-31.44603390163026,466.6999470371323,1087.1327330416404,S1,3,254997,255252
-7.257378267036886,8.47328649106403,10.494252966551693,7.580224667852511,7.422290226352469,-26.475898793004305,33.89818901935677,227.306039743913,8.942843906681627,24.507257299785223,48.09814908760846,47.25946982896166,249.07364870103171,-28.458105431143725,277.5317541321754,555.317492200654,S1,3,255125,255380
-9.848256747224594,10.495770138837795,12.749305923500986,8.096705538165665,5.459994940963893,-25.118877177802354,30.578872118766245,185.2620759011083,-13.15842157245889,13.563101037827977,15.336228645154257,7.877553603619497,9.844369788671893,-29.095348862443164,38.93971865111506,415.32405891493016,S1,3,255253,255508
-11.126699402415468,19.121405612215263,19.62209537958356,16.16240042486764,27.172751349584175,-28.581244258480872,55.75399560806505,267.003091148651,-26.375821590756082,26.375821590756082,28.492868812258177,10.777736708843841,-1.7590562729891646,-53.75081346484566,51.9917571918565,323.79908844813224,S1,2,255771,256026
-35.712494929221364,35.712494929221364,36.539306658914754,7.729077373435331,-17.059549002934475,-50.09483288784425,33.035283884909774,340.45536719594867,53.86153351116653,79.89029146921771,142.2799779346463,131.69102979667565,405.9267729346323,-53.0127205113634,458.9394934459957,1022.1284456681375,S1,3,256034,256289
-37.02865117925761,37.02865117925761,37.68356944673995,6.995026668436398,-21.120635781565536,-56.703427159986255,35.58279137842072,327.7234250646585,2.5490671432291148,26.601378536211005,44.636083351752355,44.56323814181252,230.4780589874268,-36.4946663594929,266.97272534691973,556.7133315236007,S1,3,256162,256417
-39.05878274461912,39.05878274461912,39.38623939556173,5.068268366330155,-27.42454672415623,-56.703427159986255,29.278880435830025,252.46802054655606,-12.800746227810635,12.872226403045953,15.24392891679812,8.27757602390855,2.673869958803841,-36.4946663594929,39.168536318296745,395.4691498824553,S1,3,256290,256545
110.2309837087603,121.73482100449314,127.53780192193214,64.14843060961837,151.76793185761946,-45.77983123252701,197.54776309014647,424.1532648636122,-18.296450045253277,18.296450045253277,20.359154239488184,8.929449988035156,-0.7990284786314312,-37.76975169086525,36.97072321223382,375.70373942501516,S1,1,256565,256820
-11.99176391702376,12.182583083015592,15.456364310474521,9.751758603271382,3.2045520053373493,-38.47797052162176,41.682522526959104,245.33795940684337,38.5811707611561,68.61389776427205,128.86163447254734,122.95045384883666,432.9359308541317,-45.87584398793933,478.81177484207103,1204.495095611024,S1,3,257073,257328
-8.962932526490757,9.153751692482588,11.048485468750842,6.460253220948273,3.2045520053373493,-21.383111906735504,24.587663912072852,213.8874550281052,-23.80615720448192,24.13348513479174,26.093510804656532,10.683547410304353,10.61926630469783,-45.87584398793933,56.49511029263716,404.4027953540443,S1,3,257201,257456
-8.901022787960676,9.192914754203242,11.329741202393137,7.009624029961198,2.5229681417671648,-21.383111906735504,23.90608004850267,193.57419152016965,-20.76833219059324,20.76833219059324,21.834652962258655,6.740062907973425,-3.952654280460946,-32.892586158438405,28.939931877977457,349.49244867934095,S1,3,257329,257584
-24.026730849434525,24.599559741533522,26.78812438103666,11.845666403487906,8.919944225098588,-42.1006289205268,51.02057314562539,241.834718689949,-54.27063326455992,54.27063326455992,57.420624903963265,18.757039463233237,-9.087073263589161,-78.00900839062317,68.921935127034,472.1515683813963,S1,1,257603,257858
4.841837331889949,10.121801958441562,11.543154598776681,10.478598634491926,17.954427704102436,-22.230034744633773,40.18446244873621,223.6454990469231,-7.56316510312217,15.396860071183562,22.892751653980504,21.60732773652823,35.52243897207305,-67.79563888224516,103.3180778543182,407.78025199633345,S1,2,257867,258122
13.428332347693091,14.689899725360892,18.64182090724884,12.930482477380309,38.83370126987166,-13.549377234936683,52.383078504808346,232.68514478341837,121.01461385291762,124.87123728058374,216.3543636032791,179.34512506396467,503.89127006981624,-15.583446838757155,519.4747169085734,1198.183796589266,S1,3,258131,258386
35.41042906593362,35.41042906593362,38.96457095226153,16.2585147802715,63.961241675448846,4.991516989798764,58.969724685650085,177.73031568210925,15.701407592055856,19.513368504425628,47.4237955378612,44.74910259262184,242.0713650059137,-12.95011483417292,255.0214798400866,567.6156091175451,S1,3,258259,258514
-93.75315348333584,108.25473535479668,119.37129296438356,73.89080995576354,34.01846038800209,-155.45965018009193,189.47811056809402,377.18091263581096,-99.75644492625838,99.75644492625838,109.3146451379469,44.7028336608501,-19.272692416595795,-144.8660315936074,125.59333917701161,409.57465325527,S1,1,258641,258896
0.027388186898626543,65.58411045553325,76.01829985942857,76.01829492566388,59.2452578761634,-142.98711888391992,202.23237676008333,383.5600251426738,-40.41294393254918,47.84223363296089,68.7414041199636,55.607325084819415,51.46554388700108,-143.0068230019846,194.47236688898568,612.730891949083,S1,2,258905,259160
46.80028676025632,46.80028676025632,50.03195966031779,17.68983172925746,95.70768162802847,19.52623517807672,76.18144644995175,277.3421112377315,104.43937374435487,132.20416187082927,209.6717034291739,181.80935187932002,458.38751888748783,-40.68132726816286,499.0688461556507,1170.769192689234,S1,3,259169,259424
31.75602240833433,31.75602240833433,32.68867069971581,7.75269197865017,51.175319058823625,15.55761904971446,35.617700009109164,213.0930892349881,-18.732378372449777,47.08245633890013,60.81103020270584,57.85394882655614,255.19304479581228,-58.01401598668409,313.2070607824964,544.8766464237355,S1,3,259297,259552
-35.76061396954781,47.603201345585035,49.4753408173076,34.1904641312417,41.2444144968765,-72.60300580459702,113.84742030147352,287.8277338216879,42.58706034612351,56.7145193853636,58.94573478541235,40.754655445332936,105.12332734075254,-47.789487485261965,152.9128148260145,513.2925831115531,S1,1,259679,259934
9.815485021509604,47.492351009873595,48.02407447574059,47.010296564093274,62.02673259397753,-52.24902745627503,114.27576005025256,358.0049482663922,-23.036094492086683,53.67020148233978,56.33569843759112,51.410594910026674,54.767555498907996,-81.34690192236017,136.11445742126818,434.9630834470998,S1,2,259943,260198
45.79272419180999,45.79272419180999,46.99843869363295,10.577317747519668,63.346003179676664,21.524130003919424,41.82187317575724,247.46264448688228,40.2461469509282,113.79602562397045,162.827072846665,157.77485004720313,410.14326486085133,-78.58340495001906,488.72666981087036,1153.5402129338918,S1,3,260206,260461
37.810352474811666,37.810352474811666,38.94099740177361,9.315499147949202,63.346003179676664,19.988772666502992,43.357230513173675,202.56842495850623,-46.95616486133943,48.130636437885485,50.022840775137404,17.245381431834474,42.71408898727947,-71.69669686828631,114.41078585556578,456.2265475280192,S1,3,260334,260589
-125.62778770473795,137.64852482244544,151.14086267231073,84.03106167211972,34.64715596838493,-183.9694512929273,218.61660726131223,393.0912471730476,-16.573821482786112,17.03065542771182,18.312172721416,7.787432904090398,10.392015894408457,-36.05658744161098,46.44860333601944,299.2115708899303,S1,1,260716,260971
-16.17991244599648,57.78345306215524,83.36631097787448,81.7811239791895,39.5538944351469,-187.68310722183483,227.23700165698173,441.4691061214494,-16.358798680924775,17.230937384326793,19.15084244510346,9.957131719232708,12.624526656905916,-36.6783150349773,49.302841691883216,414.381739981195,S1,2,260981,261236
21.50647521225629,21.50647521225629,22.64487321399958,7.089556179530667,35.20102326504594,7.414736544658652,27.786286720387288,213.70363507376783,52.91484107135565,97.99719587318434,159.97613879433106,150.97146941702678,432.28916939644563,-50.856271731805606,483.14544112825126,1178.5465891893907,S1,3,261245,261500
14.671332535849864,14.671332535849864,16.28612927875147,7.070361271301426,31.1703875073646,0.5431666469710066,30.627220860393596,165.9485887915318,-39.65610465661459,39.65610465661459,40.71657727926136,9.232173568650717,-0.7722073086008182,-52.56600049864067,51.79379319003985,422.19980461120906,S1,3,261373,261628
7.2814868146731015,8.268220108814042,9.518369413677728,6.130196249956233,19.516105663089526,-6.417195207749108,25.933300870838636,215.22557390452792,-44.6750736168175,44.6750736168175,45.018795101003406,5.552450781237547,-28.9353108847217,-57.081871579186036,28.146560694464334,434.1996219407107,S1,3,261501,261756
-5.4900347969921,32.29288310055199,33.63101562008282,33.179884411583934,94.91490833421547,-39.51155308420291,134.42646141841837,321.87104333357956,-42.243189558453984,44.83599147913814,51.58322411743086,29.60307325730936,50.17571976160523,-73.64159392967944,123.81731369128468,425.6166000650949,S1,2,262019,262274
-31.535499245825918,31.535499245825918,33.05904952222579,9.920334804304241,-9.798816055242373,-54.2865464967249,44.487730441482526,273.06669547293893,50.69820582988047,90.19101011591914,152.36472605265806,143.68264220403458,419.0025554811689,-61.16724010747943,480.1697955886483,1140.5875232477715,S1,3,262283,262538
-21.53481859034879,21.53481859034879,22.69935747561256,7.17721520413146,-8.261925885554191,-43.26251015716562,35.00058427161143,216.96225654276452,-13.66713701138579,22.724635477332846,28.567579957817685,25.086171301302947,127.1819116431937,-40.772904735990586,167.95481637918428,519.5241045211674,S1,3,262411,262666
-16.95050632284051,16.95050632284051,18.126748848577552,6.423344862200024,-4.853933775658711,-39.52197698738444,34.66804321172573,237.4521460785861,-21.350576320634985,21.350576320634985,22.784497076373853,7.955262270976942,-1.0972460705929314,-40.772904735990586,39.675658665397656,385.3179296421648,S1,3,262539,262794
5.052470316762663,10.979165351711053,12.640352694653235,11.586675966102593,23.93165793921782,-22.38870477231585,46.320362711533676,222.17744331239703,-7.429267468018398,14.571632726140699,20.925722068062242,19.56251080404636,38.39054004727,-54.29653210437175,92.68707215164176,463.57055717470536,S1,2,263058,263313
18.72413209273042,18.72413209273042,19.43756840933002,5.217848506939155,33.59103163303473,6.510408456169014,27.080623176865718,249.66632428947042,84.72302724038256,101.14225370169937,181.17630874428548,160.14638149340135,455.2528249932975,-26.460806565850454,481.713631559148,1152.9386792960881,S1,3,263323,263578
26.99938557581551,26.99938557581551,29.052212494927453,10.726799586962757,50.74933132563331,10.96829063003447,39.78104069559883,240.16998267807855,-15.57609555754911,15.57609555754911,16.66092684169642,5.913690083734443,-0.5480601331462126,-31.036360787982847,30.488300654836635,408.2857217457308,S1,3,263451,263706
35.91528982716355,35.91528982716355,36.78086575188126,7.932467591408997,50.74933132563331,14.7605994745111,35.98873185112221,210.39647467335038,-21.5461783391892,21.5461783391892,22.503598957439724,6.494163919484654,-8.12026329074128,-39.01511748985636,30.89485419911508,353.7953938940464,S1,3,263579,263834
-93.815291919442,102.20280132712827,107.31938634906996,52.11661624099193,37.90678733799912,-131.34324649295394,169.25003383095304,370.9632028963383,-81.7011201404045,81.7011201404045,85.41800597625932,24.923136094068617,-21.009543122460776,-107.29462481315315,86.28508169069238,375.6352638313044,S1,1,263853,264108
54.30551722751025,54.30551722751025,54.710592608709305,6.6452796968032,68.79194507806754,36.35725930785287,32.43468577021467,236.7822379737504,129.66178666261075,129.96638355044817,217.17947546415445,174.22613363770913,494.76881970624817,-6.657863382152812,501.426683088401,1166.5065907382475,S1,3,264362,264617
56.55735535183886,56.55735535183886,56.77539519951704,4.971021591903149,67.31532631018246,36.35725930785287,30.958067002329585,218.67282371114862,19.78114452291354,22.156650175054565,51.06856505969555,47.081893107860104,244.8188517720366,-9.721425060981934,254.54027683301854,543.3623365252711,S1,3,264490,264745
57.621924989577536,57.621924989577536,57.73601509969151,3.6278368330598347,67.31532631018246,49.933446435117425,17.38187987506503,206.46021155970868,-8.481615678544035,9.99383547383477,13.89883737001362,11.010898043282532,11.364931778421195,-31.879337068183567,43.24426884660476,381.79831019625624,S1,3,264618,264873
-88.92820359801098,103.74704309219203,107.6871176533282,60.731292702464835,59.29097773133967,-133.42107301910812,192.7120507504478,374.8056853171506,-44.25816201897723,44.25816201897723,47.01862374163612,15.873439238536445,-5.1832606291704995,-69.64677908066382,64.46351845149331,350.7440606950969,S1,1,264892,265147
23.894688668974617,23.894688668974617,24.358968550760796,4.733202115875623,37.56665604208301,9.063413382564859,28.50324265951815,257.88516985854005,27.5697538072936,72.56105728962086,122.92689058617128,119.79536345030114,411.72318479735713,-52.07433451996453,463.79751931732164,1139.4661579633168,S1,3,265400,265655
27.39943797417831,27.39943797417831,27.88566496748209,5.184699545568053,40.29983028480394,18.272437056441746,22.027393228362193,200.7790901596399,-46.48691458911013,46.48691458911013,48.255790542545846,12.945581982701157,-13.51306995649655,-68.65227954465418,55.13920958815763,399.9092481385553,S1,3,265528,265783
28.34961600694837,28.34961600694837,28.79747981963732,5.059062780890904,40.29983028480394,18.272437056441746,22.027393228362193,182.4387298290551,-49.398183821660815,49.398183821660815,50.34846628905419,9.735886851306025,-26.809355534860156,-68.65227954465418,41.84292400979402,385.5027117421276,S1,3,265656,265911
-57.818808589125794,68.20190011598133,70.83756233660314,40.92609938811871,38.52667697157485,-89.84598812002615,128.372665091601,298.03311885624464,45.838117579450426,57.03481097202602,59.8873948208201,38.54045971699439,125.99669208416975,-43.194846180965,169.19153826513474,529.1481110238476,S1,1,265931,266186
32.72413313634416,56.97993328590543,58.04477520023111,47.94087023115232,68.67298792844599,-80.47079938786673,149.14378731631274,315.00840811918016,-42.65592647201875,58.85424827095052,60.123951340386505,42.37170590848206,53.895225695759,-85.11980534906905,139.01503104482805,409.5628019141927,S1,2,266195,266450
44.95000057220268,44.95000057220268,46.092360971877426,10.198195356082735,66.15836728210759,21.332810328258216,44.82555695384937,251.31117697010453,62.90027744795194,141.55365655280477,198.13852672996262,187.8894112814524,449.1976144915982,-85.47267271564745,534.6702872072457,1253.0145142936,S1,3,266459,266714
29.943562766825472,29.943562766825472,31.31993519449231,9.182667881197789,51.525522276980205,14.000687255015071,37.52483502196513,219.525539118024,-58.78402389535615,61.01981498604822,62.965568421808584,22.563274171796436,63.60019322399378,-83.13496095261709,146.73515417661088,473.11533039673645,S1,3,266587,266842
-81.66109841389189,90.43721686045902,97.7759422823323,53.773598494378625,28.35659161982315,-128.78473178627831,157.14132340610146,317.6329879016639,23.382164390276884,47.89857439214181,49.2412222209154,43.335578388151696,73.21650468677979,-70.32695529886324,143.54345998564304,455.7056616112816,S1,1,266969,267224
-24.009648199346824,50.931901163224296,68.73195446750758,64.40200585592918,38.70613779749164,-124.39444653796775,163.1005843354594,324.78557966225435,-6.072848137358367,41.43075844081156,43.58307794561221,43.157910036445145,71.2988113305847,-48.48104777890688,119.77985910949158,479.3856472945047,S1,2,267233,267488
13.351347080349697,14.741745926759785,20.201092881284318,15.160002794799004,50.87052161065472,-5.825048829537861,56.69557044019258,241.9593749119942,98.1124120545025,127.05753565575195,207.4141416237122,182.74184180517844,487.7532691945982,-49.22362788653199,536.9768970811302,1279.4938765339405,S1,3,267497,267752
-7.814251498087145,9.552005141208058,12.333679003405939,9.542384989283304,10.695778040307026,-27.887054552767204,38.58283259307423,185.1220773108162,-4.637477945496171,27.47591602981924,43.53347095274921,43.28575852978547,212.53860031437367,-31.51657507507074,244.0551753894444,532.814776762424,S1,3,267625,267880
102.31596693149825,110.73250787092007,121.8821467326431,66.2321719637073,155.73076098270914,-28.162738571240542,183.89349955394968,384.481925121715,-85.16251941131713,85.16251941131713,90.31055447595182,30.055640689742347,-25.930052840787944,-120.96659051730346,95.03653767651551,434.84622148766954,S1,1,268007,268262
-7.273542123592929,56.24020290819264,66.97607024961334,66.57994871624236,135.03937263068562,-65.478268035315,200.5176406660006,349.6517130663783,-44.99280744116075,46.19926457280152,53.69722561141727,29.309372509934022,22.400294733394883,-115.14512980786043,137.5454245412553,522.2926252542509,S1,2,268271,268526
-39.58720610941786,46.39196880257093,48.692567236798844,28.351705708134123,41.46105071116908,-74.74970849455389,116.21075920572297,370.21609479315157,85.86907105354909,134.96656085086073,203.3116883094195,184.28821242723882,457.6270468088184,-63.62109689199636,521.2481437008148,1151.3637349684946,S1,3,268535,268790
-56.990592274891924,56.990592274891924,57.84391917966591,9.89905946142115,-37.17384329932647,-78.07217032814465,40.89832702881818,217.22084583187473,-37.114073476601604,44.719541765193036,47.15903633647909,29.095021191928574,112.05158126207311,-63.62109689199636,175.67267815406947,421.7206681774425,S1,3,268663,268918
49.51714673399432,66.32525085095503,68.73240738721483,47.667557149135924,93.88124600588851,-46.32995585453853,140.21120186042705,310.3377308934514,25.9904725363521,42.64225999364688,46.31111260574197,38.330333785643454,96.20758791566747,-49.37886711871809,145.58645503438555,522.0275529465991,S1,1,269045,269300
-0.6825912600876478,29.47763112483559,37.12749607382623,37.121220802711136,79.47728150324372,-33.75655202234396,113.23383352558767,311.34126925784466,-38.0994777939556,47.9447521309656,49.84430300599007,32.13851791823691,33.795139280080306,-68.866570686204,102.6617099662843,376.139494729209,S1,2,269310,269565
11.582203878692956,25.07445189928056,34.50612862134086,32.50423765826402,83.6138240786898,-33.48462024536584,117.09844432405563,352.3376247762394,136.38150321651253,168.28101813294157,243.89139496286506,202.19569262804941,465.8267311595166,-56.02681988729807,521.8535510468147,1209.5241054800802,S1,3,269574,269829
5.1548707024641445,7.741610979823268,11.245808682304776,9.99477468279692,55.01364794542252,-12.268762673963886,67.28241061938641,302.44702915443787,9.596292079995557,56.15545044064714,93.09757985527497,92.60167683808277,355.33482841187504,-43.869972992968584,399.20480140484364,691.1652852536439,S1,3,269702,269957
-36.37388514746636,39.681190673655436,47.867307818198306,31.11622787294556,11.72176693009655,-77.43948766356041,89.16125459365696,264.71397675462265,-75.32259371575887,75.32259371575887,82.92567632336609,34.686808293909074,-19.028765031982505,-115.18312363355822,96.15435860157572,442.58945958387363,S1,1,270083,270338
-6.829507058543385,20.441641083837716,28.874819661168498,28.05553499404902,22.576393712547063,-65.89417292572367,88.47056663827072,327.50868111959113,-44.85234511352374,45.58686811412526,55.382440830415085,32.48818077627295,16.14167634814471,-111.58876818971045,127.73044453785516,506.2367797810689,S1,2,270347,270602
31.57114979631887,31.57114979631887,34.64971595474131,14.278141205445817,68.7124085657334,13.580519260578768,55.13188930515463,247.2792279784925,93.88605347516491,117.68518861397055,194.75926465767319,170.63581140210886,470.43137430939095,-43.82935052148523,514.2607248308761,1125.4019086500348,S1,3,270611,270866
23.543465459070156,23.543465459070156,25.39161803638142,9.509968490119242,52.2586762639885,2.4689638804161493,49.78971238357235,226.7835863737695,21.523467629424427,39.58114645391637,83.72871994301796,80.91501025459648,346.7966312720673,-27.841228358942505,374.6378596310098,594.3132473689544,S1,3,270739,270994
19.40721481603272,19.40721481603272,20.28473192220142,5.901725361276776,32.41245494530304,2.4689638804161493,29.943491064886892,235.3998953074707,-14.799427724759303,14.81275857388744,16.64325581470852,7.61412523757356,0.9101806637998571,-31.12594660605698,32.03612726985684,287.29962220971356,S1,3,270867,271122
-3.2849003910828944,15.805089144182945,21.509209110544585,21.256893140386193,22.887135522092272,-46.508702974551206,69.39583849664348,262.98877687524,-35.21255547104517,35.26414416203035,38.88046260672377,16.48533620255929,2.028784345091154,-57.81576961583147,59.844553960922624,420.5611417779769,S1,2,271385,271640
21.558189441269157,24.201780706507808,38.925680793966244,32.410694119196265,99.43629459429346,-9.183072843608667,108.61936743790213,350.5359083554348,82.90444099433131,126.71989861372475,191.92912498171293,173.10009439530475,437.31357483076323,-59.77304952695022,497.08662435771345,1210.5266520140135,S1,3,271649,271904
-7.267537305923131,12.473809591557178,14.97257772040032,13.090492164179448,23.808342356683763,-33.058685543910784,56.86702790059455,217.48065025851105,-26.67757214818969,38.53712656348344,42.66334085339644,33.29366001284958,141.61836197424162,-54.90506672186445,196.52342869610607,510.90261791962223,S1,3,271777,272032
-22.87180579209641,22.87180579209641,24.69467162566597,9.311675816312396,-7.190664796848691,-42.14752532175712,34.95686052490843,190.2734289012461,-31.15581540184282,31.15581540184282,33.150094285051786,11.324483112006348,-8.771861821885736,-54.90506672186445,46.133204899978715,334.93969284368717,S1,3,271905,272160
10.340639109810814,17.81348304472477,18.55157216349844,15.402337891961118,25.85592730178162,-29.52817546279326,55.38410276457488,260.76794479862383,-15.495696076030445,17.01386951104636,18.63211612712901,10.345972863588784,14.996994418140535,-32.12335137843966,47.120345796580196,364.3484095522788,S1,1,272179,272434
-2.048500312490693,7.508555664622617,8.609525481694293,8.362270952897239,17.182231139836755,-14.355382215401947,31.537613355238705,228.9864737986801,65.18575096530255,126.93190016923462,183.00814766167952,171.0052630232434,434.0971421333729,-78.70420897531969,512.8013511086926,1143.3949185771899,S1,3,272686,272941
-2.601486574842502,6.722247126049208,7.930489374729292,7.491657314880895,17.182231139836755,-14.355382215401947,31.537613355238705,227.43433114609385,34.61919002101752,81.78767019442652,138.37292849026718,133.9723069192334,434.0971421333729,-45.19039450780503,479.28753664117795,721.638199163027,S1,3,272814,273069
-4.5452067455987795,5.8855801073579155,6.795357045780963,5.051531749816914,6.689370718123831,-13.318356633489962,20.007727351613795,202.8475734118225,-22.24451568967826,22.257119522670916,25.264757635023376,11.97871028483992,0.6043379958814312,-45.19039450780503,45.79473250368646,335.6626490692331,S1,3,272942,273197
2.5251109460003116,4.451992152621224,6.059246309840984,5.508019658072309,17.364730881564398,-12.058143568443462,29.42287445000786,180.89687968722595,65.36342913498561,68.77308533681577,77.21102402180657,41.099444792012775,146.20675346897752,-26.232980862501535,172.43973433147906,613.8735989066926,S1,1,273217,273472
21.223823388400742,21.223823388400742,22.088356543855795,6.119216909578445,37.18676659506386,4.946338482668155,32.240428112395705,248.51087625956882,-36.33935037803999,50.21674652577802,51.47714815518152,36.46023033789765,59.644793178722466,-75.0672775041579,134.71207068288038,563.2864062920014,S1,2,273481,273736
16.822382750402404,16.822382750402404,18.253539302218467,7.0851348368678195,35.28485386540763,3.9765788500266823,31.308275015380943,196.74849397414215,26.686831489670443,71.0378678628173,117.74011116141165,114.67583355416915,379.86271295474296,-46.01678394187705,425.87949689662,1102.937873015942,S1,3,273745,274000
10.731080982476712,10.821186237455994,11.919660288707298,5.188660939559689,21.10968555088805,-3.312896461721043,24.42258201260909,224.25540837333148,-28.671032254526974,28.671032254526974,29.276252951637993,5.922068586918434,-15.740058137803723,-45.74400368111837,30.00394554331465,419.28090427351634,S1,3,273873,274128
-59.27571531138538,59.46953866169687,65.48481457147335,27.832544148601286,5.8065918549244,-85.85079221655239,91.6573840714768,224.05166890625634,-82.80286764154638,82.80286764154638,87.96716154863377,29.696912655358325,-14.434710083737409,-115.064239058778,100.62952897504059,358.73513716135085,S1,1,274255,274510
-15.729299260057871,16.07659181072909,28.61850033465692,23.908318765490414,3.506238211045008,-73.68852226134901,77.19476047239401,235.4624861759842,-25.269997123010732,26.855560621286326,43.48122500640592,35.384236228308346,26.886070132241965,-118.79116471242573,145.67723484466768,426.52201191647293,S1,2,274519,274774
0.36952133149734845,14.98397587774215,18.64982293236414,18.64616178719105,47.296407790992106,-23.503513122426284,70.79992091341839,271.85166839512755,120.0455250028285,133.39573840230344,220.85458301224187,185.38020057251669,486.5090777225583,-33.161341498972014,519.6704192215303,1215.556521093979,S1,3,274783,275038
-9.994564339941988,11.77799026612806,13.026116782298446,8.353945300325899,10.040858267910435,-25.270967137274937,35.311825405185374,202.63408464841405,2.4380718970720183,13.555208904297064,26.365294311151477,26.25232465017801,150.28686846566285,-22.327331133378646,172.61419959904148,519.504735900734,S1,3,274911,275166
95.84367688026565,101.49092008916399,111.31881821972543,56.62039289785534,141.7070088825003,-19.278527122062552,160.98553600456285,310.9187093094942,13.95622515592364,21.798772672737925,23.376210102757145,18.752892527965102,51.545961400681,-28.480563857038433,80.02652525771944,402.90597091562694,S1,1,275293,275548
23.26190707328957,36.55569148752795,62.94626787596086,58.49030961472047,144.68170398752298,-21.642601548203906,166.3243055357269,371.23526490948575,-27.819232545565775,31.78700618529173,35.20853246926086,21.5808030252521,18.517270826116917,-57.35201213802427,75.86928296414119,498.5279737229776,S1,2,275556,275811
-1.8961698678343977,4.421550773771417,6.007584730672861,5.700492446142754,6.936348596066292,-15.801996602863461,22.738345198929753,215.13658464593476,26.873835967581037,78.19756002204215,126.51110861220444,123.6238550712464,404.9216152814107,-55.69031472113113,460.61193000254184,1187.0585337715372,S1,3,275821,276076
-4.804505098330165,6.828925926987928,9.54976534326037,8.253165990785373,6.936348596066292,-23.28607725016871,30.222425846235,173.21053794106962,-36.70244855912928,36.70244855912928,37.13479875592348,5.650092778654606,-16.448711764184342,-48.338579253354496,31.889867489170154,404.1616193302848,S1,3,275949,276204
-86.62635161915702,86.62635161915702,94.7970846638619,38.50146056867937,-4.497539703313668,-118.671436638151,114.17389693483733,329.84864303251766,-2.163123271094169,12.952275385283698,17.77497158541861,17.642860101936133,42.96684502775459,-41.63735993502627,84.60420496278086,394.542636650665,S1,1,276331,276586
-22.6010051377527,27.862540266954166,47.9057239157645,42.23923473095514,13.694999906819804,-103.80578560612584,117.50078551294564,318.5197419219308,-26.689039206645475,26.939780929447355,31.099939768746893,15.965633086283338,4.239546600446398,-51.49375319131649,55.73329979176289,427.86423633673655,S1,2,276595,276850
-7.140972805882226,8.030240746140514,9.762588169610106,6.656923850778356,8.00513053772647,-22.667225031859676,30.672355569586145,278.5989682855757,43.33114629864491,72.50543183653716,134.2684195353927,127.08430369238229,414.82423322933477,-31.65942495000146,446.4836581793362,1093.5772038450586,S1,3,276859,277114
-8.827636801646095,9.454347052692125,10.748968698909932,6.13295659436531,7.079947537008109,-21.990216244825795,29.070163781833905,248.76941307558704,-22.981058481303624,23.02491297383944,23.766674737392677,6.060179795346169,4.954488091902762,-34.904617782768355,39.859105874671116,291.4217278460326,S1,3,276987,277242
-14.636750718453246,14.636750718453246,15.490608243746593,5.07192982671175,-1.919472547614129,-27.372086217418566,25.452613669804435,224.63091758142886,-28.742029816396112,28.742029816396112,29.798535822292852,7.864379135435115,-13.374890714176104,-50.88012999266189,37.50523927848579,268.17891648028217,S1,3,277115,277370
17.54601684129296,45.867290341226806,69.81588729055919,67.57510940555797,158.7701955701163,-26.307934961775906,185.0781305318922,338.01980651273135,-14.299760653122043,30.649833094379197,31.919946900165197,28.537691836810993,50.37184143166871,-40.79613153049406,91.16797296216276,410.58365794007335,S1,2,277632,277887
-16.274288533168097,16.287613819471666,18.2006147105742,8.149227483753501,0.747391820777078,-33.440496012617935,34.18788783339501,206.0799029766295,53.03897887693689,86.69377117554018,151.35710554507017,141.75979725815546,437.78226885029073,-41.84847493747143,479.6307437877622,1145.924259130837,S1,3,277896,278151
-13.853068172375469,13.870967261371966,15.33054199205137,6.566431297254863,0.9015319858396506,-25.454581610678925,26.356113596518576,208.58005794804254,-30.686325402372137,31.364313753641788,32.62870770069201,11.089724952266787,13.245382514428767,-44.76569661340524,58.01107912783401,355.5407120660989,S1,3,278024,278279
-4.746146634314008,8.7032242455444,10.3237039280569,9.168039862466092,17.49230083985948,-20.467670285093995,37.959971124953476,215.37840840851317,-35.242139525764614,35.242139525764614,35.50193502771233,4.287072702724728,-24.945139153682508,-44.76569661340524,19.820557459722732,271.1252330488201,S1,3,278152,278407
-56.58969247543817,56.58969247543817,59.465664141415004,18.269425752193417,-4.705317647343331,-76.17179377689159,71.46647612954825,282.50021764261925,-12.398485910107869,12.398485910107869,13.73834897965529,5.917751247192825,-0.0223161722986695,-30.274897686605495,30.252581514306826,414.867711875789,S1,1,278426,278681
-10.075108961673587,10.652733339983058,12.129979164645109,6.754892593160088,9.871475726048686,-24.58790494287137,34.459380668920055,272.4621615542304,45.97783773595651,76.628165096313,139.05703616051946,131.23603827788335,426.7702562307045,-46.19310606874188,472.9633622994464,1172.4949823250922,S1,3,278934,279189
-7.909944007841631,8.487568386151102,9.618783208727542,5.47300431292624,9.871475726048686,-19.267448875753256,29.138924601801943,255.9247759815506,-34.11458162787513,35.966454024838704,37.68615679463888,16.013798247297558,49.94321083382347,-53.50383477616362,103.4470456099871,443.87440258975073,S1,3,279062,279317
-5.382817835472713,6.551917922353369,7.94220964155232,5.83986011309205,9.640235456175473,-16.483157068109758,26.12339252428523,204.43088288132682,-37.3784693016804,37.3784693016804,37.93423815588253,6.469656647036959,-21.61753171821623,-53.50383477616362,31.88630305794739,368.6746690569916,S1,3,279190,279445
54.64032806421923,55.13577276202247,61.365287162664906,27.930861382900844,84.86735691850213,-7.713618010202118,92.58097492870424,270.4459572349716,2.590307624598286,16.29692445864808,19.632154783456404,19.460519208169604,29.600698883736285,-41.55447819053916,71.15517707427544,458.41740329386255,S1,1,279464,279719
-2.022104396606799,3.7585261074052756,4.662747963696811,4.201465504104753,8.306839688046326,-13.755910197997457,22.062749886043783,242.03704400172956,59.64020169417221,65.52253439828095,135.81867188098323,122.02359596976578,420.8157282711446,-18.662153197690124,439.47788146883477,1123.211138596831,S1,3,279973,280228
0.046906918481870674,4.4182812389301205,5.362822557059525,5.362617413120668,10.678406728959748,-13.755910197997457,24.434316926957205,239.4676399849738,-7.013624900847472,11.021281146884736,13.230453886926652,11.218465840047152,42.455508949097734,-28.154185978181527,70.60969492727926,496.5266126139786,S1,3,280101,280356
6.643285431875112,8.157357445475796,9.829069635428189,7.2441264876265326,20.012332065480468,-7.287991105912157,27.300323171392627,193.3351321585278,-11.66185414231067,12.369072289051875,13.77753440058385,7.336321429895426,11.193721851336964,-28.154185978181527,39.34790782951849,434.94536052999155,S1,3,280229,280484
-54.08953452375399,56.16462014513512,61.245485301605065,28.728587240460456,9.737188848413371,-81.02014402752563,90.757332875939,255.51306507458574,-42.128136943537626,43.46324763217685,48.230399616313925,23.481727466604205,10.577765972983014,-74.3261538670367,84.90391984001971,412.5096138303644,S1,1,280503,280758
22.3971726585567,40.163423158971696,41.9683021655658,35.492323727293986,53.80715269410151,-64.8366868888163,118.64383958291782,280.8397153293822,-9.402691936005878,15.429534942133973,23.875366661178855,21.945899789306903,33.98722331939942,-68.10370996450996,102.09093328390938,411.65741375874177,S1,2,280767,281022
59.8256535725819,59.8256535725819,60.12250132415469,5.967104832864989,75.39902702360813,49.45149058675014,25.947536436857987,264.0351648670361,68.82236404118308,76.39820456836814,146.48579341071678,129.31190926960312,430.4934144425646,-20.804487502642438,451.297901945207,1198.869760280053,S1,3,281031,281286
55.20684576103583,55.20684576103583,55.59206548813852,6.533140619539873,74.36619627065076,38.60084016425957,35.76535610639119,286.3885218379526,13.95231086656233,24.826110508983646,52.7900870177174,50.912928700095236,251.63143354623284,-20.804487502642438,272.4359210488753,577.01008370443,S1,3,281159,281414
-136.45621533674412,145.02089211825728,156.89449813881842,77.43116195824405,38.803556686646544,-193.10743829536557,231.9109949820121,390.338190100956,-49.466982769261165,49.466982769261165,52.831903343543324,18.553372378280013,-8.885123877116147,-78.73532839907612,69.85020452195998,397.8018716451239,S1,1,281541,281796
-23.590143347640492,57.35846812103745,85.7958622893088,82.48900001093365,29.02052642360699,-186.83545088829774,215.85597731190472,422.3643892104981,-12.671675807863584,21.780244718754147,33.214866704005104,30.702703502871397,43.638276540237115,-77.13498421025326,120.77326075049038,475.4975701363783,S1,2,281805,282060
10.389034879522784,10.739466562659377,13.79516919001117,9.076047997509294,30.20960450117583,-5.775973438402115,35.985577939577944,212.91742998225646,32.743229906364284,71.1740009489771,123.71944652478719,119.30793076614249,407.25442259221876,-56.171232309687745,463.4256549019065,1155.0355777646826,S1,3,282069,282324
4.453761753988422,5.438068656636689,6.800586438613779,5.139258910365154,15.30532745318478,-5.775973438402115,21.081300891586896,207.72222714045893,-38.39675429655256,38.39675429655256,39.98361257554509,11.15251245601009,-12.442830901664546,-61.79967085690799,49.356839955243444,514.8249870195662,S1,3,282197,282452
116.59478947666099,118.23647412959947,131.11822221965357,59.98035732584087,157.52837892999457,-19.007617341095496,176.53599627109008,330.32183000610826,74.0051137578152,86.72165554328667,92.06908506361196,54.77188660383583,161.84589063978873,-45.63913499917799,207.48502563896673,541.8790670899909,S1,1,282579,282834
-0.8735758367950215,51.62041555348782,65.55653577511728,65.55071508451758,144.7796674549796,-45.2110641630008,189.9907316179804,354.4850015742526,-30.757330505991934,61.432028096283986,63.19218743996545,55.20180407915039,96.42521799805392,-74.31947820904105,170.744696207095,479.2500181737879,S1,2,282846,283101
-32.41379247812472,32.41379247812472,33.06105856685295,6.509965494988906,-20.28611300744417,-46.03265781394399,25.746544806499823,253.9164600692299,17.770776635884346,72.1479134494225,118.58031881663263,117.24116814673822,404.2609839778319,-57.362725235124294,461.6237092129562,1157.4298118626732,S1,3,283110,283365
-31.748901612803664,31.748901612803664,32.163975652395216,5.150589883536194,-18.4352396227306,-43.313231779226136,24.877992156495537,213.45640377117837,-44.18141893096899,44.18141893096899,45.564977583730546,11.14313256907958,-22.322120374315027,-65.08340688397283,42.7612865096578,401.4945369701063,S1,3,283238,283493
-15.292818503009126,15.840854897929706,18.672440267610032,10.713996816383993,6.834307770869043,-34.63375545203195,41.468063222900994,225.12868335090144,34.818379625176235,47.42727075139068,51.41613092169688,37.83251193397271,116.0094998580709,-41.86515358553903,157.87465344360993,527.5011143821864,S1,1,283619,283874
-7.299184354546643,7.591621244480233,8.634674604934355,4.612972283836071,4.475691334195433,-17.380594829149842,21.856286163345274,172.4560244464272,-56.77378129356289,56.77378129356289,58.224236328657895,12.915086282564827,-18.969838790754626,-82.04391632762268,63.07407753686806,411.4520576658406,S1,2,283883,284138
-9.25326645381899,9.396848446338357,10.596029826263623,5.162645447219521,3.9723920578073693,-23.42316898927067,27.39556104707804,227.23387315479664,80.70094296670902,112.56024482163434,184.226608059861,165.6103889299389,456.3021123651427,-55.4747566402427,511.7768690053854,1213.5033218957508,S1,3,284147,284402
-10.404930191334989,10.405016306724256,11.635194926832757,5.207224663757112,0.011022769826128556,-23.42316898927067,23.434191759096798,226.3624839761318,-6.708050408424276,28.422010716347675,40.171910922552684,39.60788415060247,189.5663225435311,-37.610250836871636,227.17657338040274,568.1298518132143,S1,3,284275,284530
49.971916327455574,52.45973419468697,57.7246370747621,28.895350905894485,74.31706532548185,-14.423128804108554,88.7401941295904,274.19526278796127,-10.236063104893871,10.919111682674648,15.06329462725257,11.051056833626664,10.90445939913233,-40.2896856218145,51.19414502094683,423.0151008688447,S1,1,284658,284913
10.460461766664928,17.00938203754248,27.63368517596487,25.577319954062467,68.86533681528452,-18.785715692183956,87.65105250746848,250.7159982296362,-4.476386949279853,8.226260469128118,9.563928087770464,8.45166731174162,13.23040091454981,-18.55017645625574,31.780577370805553,344.62426656202234,S1,2,284921,285176
-12.497017078332407,12.511503972911518,13.333172609823716,4.647370868267508,0.8429710171543082,-20.409389871198872,21.25236088835318,220.02536675044468,39.29300609741169,64.29267222812885,125.66525951469809,119.36422043780617,428.4590420662065,-47.599747128397944,476.05878919460446,1259.8209714148923,S1,3,285186,285441
-16.403468371129794,16.403468371129794,17.014255847388668,4.517867576384224,-6.65341601424599,-29.86558519792515,23.21216918367916,211.96527023615454,-17.843541390210213,17.843541390210213,19.851950263719836,8.701032118608751,-0.3200917069768536,-47.599747128397944,47.27965542142109,443.0152731651159,S1,3,285314,285569
-23.224187888447922,23.224187888447922,23.969600191501137,5.931174442088193,-11.029640174393426,-37.83106583504873,26.801425660655305,212.96639929433877,-17.43506293523839,17.43506293523839,18.473502131296048,6.106460631108338,-0.3200917069768536,-33.608838827989324,33.28874712101247,370.4124506054031,S1,3,285442,285697
-3.3752095242859568,7.282439726909436,10.49702215101796,9.939589262445962,40.39937099786113,-25.87502157829202,66.27439257615316,290.69749163489064,-7.360235924722793,10.560481097727681,16.160276236756964,14.386850078481803,32.86027480436042,-72.28039582466296,105.14067062902339,498.9749299318958,S1,2,285960,286215
-4.868147348533,7.146500802929782,9.032068400043633,7.6078512719451785,16.940840358048682,-19.71991459219115,36.660754950239834,269.9376447206872,86.6005033438513,91.09216118808376,172.4397687010839,149.11682215724323,460.51551799645074,-13.641265936329033,474.1567839327798,1120.9350251682013,S1,3,286224,286479
-10.261806275968423,10.765361979858959,12.74336004476233,7.555697001927753,5.098698991631036,-24.982637603486495,30.08133659511753,224.00915904553034,-0.1543601960201011,15.319661311285282,25.329874486402545,25.329404146698582,140.22264363373668,-21.496404328520683,161.71904796225738,433.8239120821112,S1,3,286352,286607
-16.009409668754387,16.009409668754387,16.99998923631186,5.718254636924848,-1.3016126837509348,-26.812656228231873,25.511043544480938,204.63319914217556,-9.825147227947607,10.041263891961203,10.944446217311393,4.8215542051059765,6.743274441960403,-21.496404328520683,28.239678770481085,320.72730568546956,S1,3,286480,286735
59.75480289689434,67.44382295034073,72.29222901483146,40.68820353230341,89.8097089957103,-26.34533159367696,116.15504058938726,260.8115312800767,-49.3570385245702,49.3570385245702,52.88837209113113,19.001648626738476,-7.472622762588586,-71.78629855002767,64.31367578743908,428.91402159832205,S1,1,286754,287009
-49.33397727048112,49.33397727048112,49.62371019551875,5.354558828184051,-36.86091561681132,-58.77296343158832,21.912047814777004,254.68691337918432,88.43206608650323,95.01064077517475,165.17743876800347,139.51113204913025,450.4130517931531,-26.053198936988814,476.4662507301419,1110.655609912551,S1,3,287261,287516
-48.916867257792994,48.916867257792994,49.18612855327082,5.1395855613407635,-36.09055944909685,-61.07221198057912,24.98165253148227,233.5006824004262,16.090348769391937,18.513335081687515,24.77985354882505,18.845206774682644,109.28496269437034,-15.774649261743852,125.05961195611418,460.6014426459946,S1,3,287389,287644
-45.06436749319562,45.06436749319562,45.51175907536127,6.365767555601078,-29.53381983837741,-61.07221198057912,31.538392142201708,218.20278527337902,-5.114831442929178,10.071018004098004,11.662305920720346,10.480833874214964,17.39248266400399,-26.237861515811737,43.63034417981572,414.9813678913409,S1,3,287517,287772
135.08978068591125,142.51525634559488,152.3597266845803,70.45734503678385,177.91446529655627,-28.95920417180115,206.87366946835743,391.81150055691234,-26.72949198520235,27.154596839961727,30.58398347604735,14.8631861818434,11.620581433506867,-57.40748953797846,69.02807097148533,467.5966497249359,S1,1,287791,288046
-0.3094886337304388,63.01032291525093,78.31370755537911,78.31309601755657,165.062833714074,-53.96470028304415,219.02753399711816,384.76382516505726,-42.22792391854949,42.22792391854949,42.70456666068188,6.362582432143274,-20.71519279376363,-55.7366989529509,35.02150615918727,435.60746922347664,S1,2,288056,288311
-37.17726651750799,37.17726651750799,37.71456851954557,6.343463793675915,-16.840998440512735,-50.54124637061924,33.70024793010651,216.2030339577748,50.6773319714026,98.05035540536537,158.79986643149155,150.49653020226017,429.2200247928496,-61.160981652279574,490.3810064451292,1167.2163426025595,S1,3,288320,288575
-40.488160224790455,40.488160224790455,40.8595850320432,5.496778202043878,-29.089713662402346,-51.79883040918778,22.709116746785433,205.41245555167245,-26.224176747873052,27.680161175659684,28.667131435426633,11.580024984098275,32.5279158675061,-46.0037382954098,78.53165416291591,395.12118229563646,S1,3,288448,288703
34.186381211621516,52.372404089883574,53.83785690406194,41.59093862460838,73.01679128607773,-46.573294773563894,119.59008605964164,251.6929783360181,4.934531950229717,16.292174803641707,20.088003202117047,19.47250027809544,40.005245257854156,-32.385958316806956,72.39120357466112,345.6164824981363,S1,1,288831,289086
-22.978673682946894,37.54769911279644,38.9102055934124,31.400392594588133,58.83023759166353,-48.68619840628625,107.51643599794978,261.60204251835376,-27.66278922801786,29.130593396476257,31.580373830756912,15.234503714155409,11.089044396624871,-49.43677382170348,60.525818218328354,377.4592327848257,S1,2,289094,289349
-20.929935503895408,20.929935503895408,22.471546961129647,8.179744655490994,-6.072898559782454,-38.88024500612947,32.80734644634702,238.21354503266258,80.08072071412876,83.53649601176173,160.3426998727764,138.91313678841522,440.047493057454,-26.153974696140207,466.2014677535942,1134.7318933870893,S1,3,289358,289613
-12.77999938827265,12.788188580977689,13.809237343112393,5.231314522580392,0.4966666655467463,-21.50810897452708,22.004775640073827,222.3749134985453,5.977139787812896,7.81324414244467,9.534822827890434,7.428771521335445,24.629100970935625,-11.055805404928817,35.68490637586444,427.2849632247696,S1,3,289486,289741
96.96466727892437,102.44150066408669,113.98973117656875,59.92922586846843,144.30327190261974,-16.965639250630538,161.2689111532503,345.52378278052413,-42.21015532746529,46.52727100342816,53.11004743108036,32.233211527287494,17.99595391448418,-89.58562228054234,107.58157619502651,389.87566250723074,S1,1,289868,290123
-9.548841839766094,52.26764877817136,60.66330660659957,59.90706459146066,123.42790591817032,-56.74953653438759,180.1774424525579,328.8715893519779,-42.963328055162535,43.58351211445842,48.217914327515345,21.88880317696911,15.00864955761355,-92.6948166514962,107.70346620910975,585.893684942218,S1,2,290132,290387
-54.96190986013567,54.96190986013567,55.25575438190637,5.6909451622631355,-43.17554610399717,-67.72991613196872,24.55437002797155,195.16425562026774,49.68808167914949,90.99092517204792,150.5136755944192,142.075547086711,415.11696720375784,-51.40536216531919,466.52232936907706,1114.6261471724874,S1,3,290396,290651
-57.23938244877124,57.23938244877124,57.576179873421076,6.218487412533524,-44.72359584679309,-71.19211092789907,26.468515081105977,201.9866306266666,-26.484352799960227,29.1031521252296,30.699593790256216,15.525595500784402,46.2250659924397,-47.02163478023947,93.24670077267916,451.3724020622752,S1,3,290524,290779
91.94203121842368,114.70561049656027,119.36472632073269,76.12227522252485,143.80004624237367,-64.10547664814862,207.9055228905223,375.3690083600202,27.92395728306315,47.16131366930391,48.80799830793336,40.03090441747339,85.9853794328463,-60.73722326524745,146.72260269809374,480.33455598781933,S1,1,290905,291160
-19.098823552537446,70.62854529274159,77.3235290567196,74.92771906774155,142.8939613899923,-74.17389046019417,217.06785185018649,395.0886778795069,-47.67928944617321,60.784671210236525,63.341032611843495,41.69858235291288,42.76295043623206,-86.84813952051636,129.6110899567484,463.24275899912226,S1,2,291170,291425
-18.47851029445868,23.366841358100373,27.14466515233918,19.884101778310267,29.8399855866329,-51.174517364467604,81.0145029511005,288.6782423443352,78.44250766348807,142.3140489365512,200.54397261183024,184.56613433237996,457.94681826365513,-83.98435838907615,541.9311766527313,1260.7766076020966,S1,3,291434,291689
-14.691204615445049,15.324664992716883,16.483806219234165,7.475585222602243,10.426966611090009,-27.675159825064952,38.10212643615496,212.84212867090267,-5.308662358462108,66.59026231333812,93.45915813497784,93.30826513906815,362.1744410990119,-66.88127499598157,429.0557160949935,767.5049695759254,S1,3,291562,291817
-21.763305255453684,21.763305255453684,23.19113349165927,8.011692516934371,-6.156001654381518,-38.2173546229812,32.06135296859968,184.68302590855822,-46.15262364609153,46.15262364609153,47.014004227856915,8.958343826800908,-25.062968486199146,-66.88127499598157,41.818306509782424,553.9577305946257,S1,3,291690,291945
4.932616805787788,29.595063967358556,38.203725950928565,37.88395396445457,75.87689701633823,-30.84740789883056,106.7243049151688,239.00153597852466,-26.393048934678212,51.41842873453565,52.33967952504369,45.19788734792766,64.84897472803031,-66.25155186478852,131.10052659281882,504.2661261119669,S1,2,292208,292463
7.5491062924869174,8.275842515646483,10.297730868849877,7.003874301556108,20.765848687133868,-5.938481827326778,26.704330514460647,208.30386147192104,37.62367131873547,91.28298019997001,146.06689630175524,141.13822144170402,412.2744153378023,-56.23962749101503,468.5140428288173,1165.8350580246597,S1,3,292472,292727
16.123871837219973,16.13396988698485,17.630495970310843,7.131279347778463,32.1103560273069,-0.5085795513440501,32.61893557865095,212.36636337361983,-34.59773989615694,34.59773989615694,35.25541013970328,6.7779302295437684,-18.682854429873554,-53.31929368304836,34.6364392531748,374.70030305903003,S1,3,292600,292855
22.899234934798926,22.899234934798926,23.695472468329655,6.091014274999951,34.29584269247655,11.588312564518292,22.707530127958258,232.88319196077305,-22.4690396121434,22.752717939370726,25.290742354610764,11.608785800213282,4.826603386767656,-39.83457397543667,44.66117736220433,367.9608287943983,S1,3,292728,292983
-84.96942820202739,95.94965513244688,102.2950550909258,56.96028938722187,36.10200050797261,-127.28325202635743,163.38525253433005,329.79525619352887,-67.62876842607017,67.62876842607017,72.21153129855422,25.31511275216941,-5.226670940796617,-93.06307889638894,87.83640795559232,372.45382082988544,S1,1,293002,293257
-2.1885352904730873,34.79595471933179,50.28509787736616,50.237449993193806,33.96149174496115,-138.0233474665666,171.98483921152774,352.7961750012706,-4.497559359191696,16.961525288411572,28.247163192265624,27.88681029126553,24.201284835359942,-83.1377893927481,107.33907422810805,459.3394145067118,S1,2,293266,293521
20.068045850845543,20.068045850845543,20.635614909601234,4.806468394332559,32.12783982458546,5.301685880904452,26.826153943681007,226.51264621212596,93.1999141907977,93.70362452819937,159.74057742087916,129.73368132286942,449.6334121454759,-12.238566705090584,461.8719788505665,1154.8993788794937,S1,3,293530,293785
20.554027168201983,20.554027168201983,21.101875435039677,4.777144967943276,32.12783982458546,5.301685880904452,26.826153943681007,176.4984311735244,21.379598278627974,21.379598278627974,22.53643114086401,7.12765782086886,43.147908605402186,9.614423812870738,33.533484792531446,443.67221040805987,S1,3,293658,293913
-18.234174640727257,30.2377124840158,30.863698539713752,24.901461055965928,41.29142710946685,-47.66305093049696,88.95447803996382,255.54216506665418,-63.02077155015221,63.29040629671536,69.44935225059331,29.182098643697945,4.573818072797897,-92.15718172930532,96.73099980210321,413.850390263892,S1,1,294040,294295
32.885172491199924,41.08677502035839,41.898318609963596,25.962175035348046,54.08037749427978,-41.75370717966847,95.83408467394824,247.4481042592662,-10.807823622073219,16.30074594759647,28.372124729175074,26.232964190156327,46.985727169492726,-85.33628057257285,132.32200774206558,537.152406312378,S1,2,294304,294559
21.279420100474397,21.279420100474397,23.44915694853087,9.85135735745891,43.95808506611885,6.353696611264714,37.60438845485413,197.9052783675118,70.56651001565362,72.80967087456378,143.7283338178258,125.21262558647604,438.41841677089394,-19.343342731845315,457.76175950273927,1157.8421570582911,S1,3,294568,294823
18.164259075935025,18.164259075935025,19.047565223878212,5.733187000282371,32.75613821502032,6.353696611264714,26.40244160375561,203.95878060309877,1.710809747699014,6.571576963270228,8.150028789816101,7.968443968681046,22.15163339179636,-18.070278659733095,40.22191205152946,414.21297492322805,S1,3,294696,294951
-106.48430368184184,120.02575647169579,128.55979289736194,72.03272464099828,43.542769425966476,-155.325249943216,198.86801936918246,349.34079146027375,-82.80016624342431,84.7255537602993,95.30815248061602,47.1993262592767,12.72957773885131,-127.119016246412,139.8485939852633,427.6132776069187,S1,1,295077,295332
0.5554871537798753,51.619745178086504,67.14156139155469,67.13926347613513,48.12807857661778,-154.21671069319257,202.34478926981035,376.76558147782686,-17.637582711767717,29.19229745156217,50.85280139953419,47.6961537890218,69.27542025780174,-129.88168521599704,199.15710547379877,557.7439593180454,S1,2,295341,295596
24.70574951188201,24.70574951188201,25.348286553603483,5.6711173731229385,38.163902040664304,10.335713619613859,27.828188421050445,216.38247765038477,94.13710450767019,98.21475812748237,181.31158373910944,154.958368450678,463.35721792843253,-18.13748050458533,481.49469843301785,1228.1148268502807,S1,3,295605,295860
26.934568572170395,26.934568572170395,27.661203105478965,6.298505622257556,40.09074803929558,10.335713619613859,29.755034419681724,230.05777630166563,3.963619424218138,6.464310089410246,10.015299624086293,9.197605537322403,52.778858477323894,-10.605167150392068,63.384025627715964,546.9727791727312,S1,3,295733,295988
60.32699293167373,60.81972678121361,67.70661425711995,30.738242272196157,94.3664563382902,-5.6375749006546325,100.00403123894483,288.63090278831015,-30.444849449699,32.940549300643426,36.22587460678826,19.632247273603415,12.73765622994335,-56.273439797678755,69.0110960276221,466.08435432728857,S1,1,296115,296370
-17.800099883891765,36.24824116605883,39.39336648705198,35.14247810423542,72.96480394174539,-58.44002804056596,131.40483198231135,300.7955618204505,-25.035567117824932,28.43458366453647,30.66206487376936,17.702615665830965,36.00123960583295,-57.485890398635455,93.48713000446841,472.9236156903585,S1,2,296379,296634
-70.8757954675054,70.8757954675054,71.12404011394754,5.937229907857912,-60.88535879481159,-85.13750824998195,24.25214945517036,207.7528199092422,48.58451031721706,63.13960193663504,127.75286031607268,118.15387711020831,417.81883173721275,-25.252764404209014,443.07159614142176,1092.8782551038078,S1,3,296643,296898
-78.19065250077128,78.19065250077128,78.67262092679042,8.695006900175166,-62.27437155793992,-93.70683233497371,31.43246077703379,192.3015352382764,16.76445812064838,20.876926420723667,56.57534283868095,54.03445531543105,301.94025430841043,-12.722824853721836,314.66307916213225,591.6164840713225,S1,3,296771,297026
-68.79365597055087,68.79365597055087,70.90015598592261,17.154154512352058,-38.63314946931239,-93.70683233497371,55.07368286566132,206.735080661727,-2.0117414555018094,4.553278638159339,5.7843794000934485,5.423277732187509,11.558068994446572,-15.82090103612795,27.37897003057452,390.1090605760279,S1,3,296899,297154
13.900953181172575,54.1077128286193,77.89008715987481,76.63960580814428,176.26570516035966,-41.26557945268794,217.5312846130476,368.8055321976411,-23.63168899678108,29.003332453448365,33.05187829481809,23.107789465348763,51.259465144267715,-68.48615550251522,119.74562064678292,505.2529843990745,S1,2,297417,297672
-19.113278844613273,19.113278844613273,19.531892359158533,4.022112745537383,-9.269790907596777,-29.499591841423342,20.229800933826567,191.32545318546394,72.39716436522058,94.08783031853667,167.68779480991412,151.2542466183581,444.3119028632151,-45.48358808109354,489.79549094430865,1242.9160236470752,S1,3,297681,297936
-21.923195721880525,21.923195721880525,22.42779791437679,4.730709104166456,-10.902831060594028,-31.635533184280916,20.732702123686888,177.8035338246175,-7.778890183647854,11.983151330624471,15.005178369468561,12.831377377753109,72.26749601593534,-24.19230503854316,96.4598010544785,445.7153230348244,S1,3,297809,298064
-28.156900881421453,28.156900881421453,28.6703204892852,5.401500690746468,-16.409138232633623,-39.28581476861191,22.876676535978284,178.95492565427475,-17.194751370821834,17.21066109623606,18.866873453589154,7.765271354522501,2.0364448530207326,-34.87995062716748,36.916395480188214,367.23650645163355,S1,3,297937,298192
58.14457333689822,63.714181769734,66.65078957342958,32.581226837423635,80.02660709700109,-25.81628017983518,105.84288727683627,309.69235966055317,-10.329799929655895,11.000340429342947,12.242170386397147,6.570081368054761,10.644420189538017,-24.978352247026958,35.62277243656497,323.5134824334036,S1,1,298211,298466
-31.253186730702893,31.253186730702893,31.54454840514463,4.277482116891823,-20.490442666094328,-41.35725960112069,20.86681693502636,180.57090398156174,50.280102147348444,67.46597521692765,133.0259780418533,123.15771255607115,416.1975150446164,-33.30035059734875,449.4978656419652,1124.1742358571078,S1,3,298719,298974
-35.68525233146191,35.68525233146191,35.97718680726678,4.573919173407353,-24.668798381476932,-47.90052365945449,23.23172527797756,155.26374629752252,-8.089985499680349,8.80304941732318,10.775163105389717,7.11732214830223,10.05475702927933,-28.842236121577393,38.89699315085672,464.79584002692565,S1,3,298847,299102
-41.47343095610724,41.47343095610724,41.856433885104565,5.6493877816216385,-33.66392718771692,-55.16375689650161,21.499829708784688,162.94124756425788,-12.126894814335426,12.787715663364203,14.834110720943134,8.543375389343753,10.05475702927933,-32.17549417216385,42.23025120144318,461.6737957347442,S1,3,298975,299230
49.47222093849234,66.05036287234532,67.97750669919954,46.62017559440031,84.75895036425622,-53.9427215874855,138.70167195174173,307.21113455380146,-60.107551872054785,60.107551872054785,64.42076270728683,23.175782095471973,-8.271253697845179,-95.20471678099172,86.93346308314653,418.46297971337634,S1,1,299249,299504
0.8463625441770579,10.739700833836903,14.039828815297295,14.01429497358559,32.415105346247316,-23.890177616431128,56.30528296267845,279.32216495524005,127.59144957578735,130.1339199171578,214.2333123706571,172.09396887878682,488.83703261890537,-16.322180405682108,505.1592130245875,1181.766724667519,S1,3,299757,300012
10.946880329765913,12.77585398334892,15.802529647330365,11.39674314444874,32.621425169590836,-11.263639586681514,43.88506475627235,270.50461581641014,15.513130147477224,27.43711946579572,54.55122143679945,52.29893453287707,247.09845941331088,-22.66261512999822,269.7610745433091,594.6897544157212,S1,3,299885,300140
23.336481748357585,23.336481748357585,24.119633836448386,6.096339558531765,41.765771460015166,6.051411929665747,35.71435953034942,299.724287242792,-16.067908048660424,16.095671215486067,18.055859243632188,8.236284597174354,1.236488305697634,-33.713458949412406,34.94994725511004,431.48681876893073,S1,3,300013,300268
-60.27109491197103,75.0467070061803,78.18416509123236,49.80119264761896,47.06143974525947,-96.56253596935433,143.6239757146138,345.8182808043205,-99.84842503428148,99.84842503428148,109.54988223536424,45.07181731365673,-2.114216930995847,-142.8082492355505,140.69403230455467,497.9540998230522,S1,1,300287,300542
32.5571578564875,34.4520698436276,35.79642037056918,14.880026332444926,57.4066839960542,-66.06820606523063,123.47489006128482,349.0549473128633,-21.47569612452392,22.481913404055582,25.633960233311036,13.99622782074084,23.48540658810384,-111.36280743036225,134.84821401846608,539.0126044029046,S1,2,300551,300806
14.302181597844285,14.612225568243495,16.667380510072963,8.558573164368246,31.463310743772002,-4.859650771110648,36.32296151488265,247.2482678500467,61.49971791262169,64.35386300078869,130.69778451842058,115.32430608805522,433.79453550302463,-18.28561282767079,452.0801483306954,1111.3360375958835,S1,3,300815,301070
15.892006839814067,16.15021201589417,17.78855437565733,7.992295376111947,31.463310743772002,-3.970527291072741,35.43383803484474,227.58458302415573,5.6313458089269925,6.7241142675946755,8.379635042513401,6.2053386552225325,20.228209588404592,-7.2678801884152255,27.49608977681982,456.36862009113645,S1,3,300943,301198
-33.007293635388365,38.28212387210725,40.362708079804904,23.230729011436523,27.488758109304513,-61.14211083279417,88.63086894209869,264.20641002451055,-9.411917876858547,12.041350332243383,13.555984274308463,9.756049996006011,13.61665774298136,-26.702327430736993,40.31898517371835,408.69047965969435,S1,1,301325,301580
-7.491763907138378,13.726546284799873,23.718021789431734,22.50373371606715,14.70833476153589,-61.57370023436523,76.28203499590113,275.4943535140243,5.74712792836719,12.84434251250892,14.962868256336426,13.815134709131943,30.683429097604918,-31.656985481909103,62.34041457951402,407.3341522408193,S1,2,301588,301843
7.299214605663743,14.21841294634957,17.14378165349286,15.512276284385328,38.45424486574225,-21.446570545137885,59.90081541088013,273.06202918451567,52.27022614571878,65.54292331475936,126.87338382749444,115.60570480090567,422.7245586726489,-31.585562142495395,454.31012081514433,1097.4762242195673,S1,3,301852,302107
15.271866143599302,15.37628112379891,17.570947712279636,8.689551656998793,38.45424486574225,-4.690677334503027,43.144922200245276,243.23616064625094,-10.682215071986503,13.494830545924522,15.996145266859992,11.906592482919356,22.504823874490192,-39.82671811728406,62.33154199177425,411.19858195111846,S1,3,301980,302235
11.130567322932853,16.62387984715366,17.528187634656938,13.54059942636956,27.75032682794019,-21.375247960620914,49.1255747885611,359.0235354957228,-67.72043221151138,67.72043221151138,70.02377128268395,17.812119630625798,-25.252516592057493,-98.91104384453857,73.65852725248108,423.6013955790193,S1,1,302362,302617
-7.631227761040516,13.949767030251493,15.001477631063361,12.915444009960282,22.8434762630805,-24.086712255685104,46.930188518765604,220.59733131351888,-12.980585426805845,18.924727093695488,32.98051242999314,30.31861807738485,43.527319130559064,-85.75237043767697,129.27968956823605,541.7865284749595,S1,2,302626,302881
-9.897906377863935,9.95931080410742,11.409141385672768,5.674500550119948,1.414537155199219,-22.249581251692632,23.664118406891852,238.56815423620935,81.90724313671494,81.93426840773064,150.5462220492491,126.3145616904278,451.11177465705333,-1.7947180147692137,452.90649267182255,1114.908582072654,S1,3,302890,303145
-5.950693175435345,6.567836588840754,7.949713817712914,5.27135661052853,7.429509062479979,-17.678316174507575,25.107825236987555,237.19097244373563,15.468735267042208,17.21094395344133,25.18579277844624,19.875673249402126,106.78168646709067,-15.95557683151299,122.73726329860365,470.97844757833053,S1,3,303018,303273
13.959757628499915,14.10271739041227,16.623698644241458,9.026213135534396,30.000864509368935,-2.5151335076739176,32.515998017042854,203.89417947062884,-64.23622072603219,67.23702277142695,75.00236711793976,38.71773521437797,11.63845375790289,-100.77610164649754,112.41455540440043,382.8444612160061,S1,1,303400,303655
-5.769685804027198,7.281766812986379,9.9830460848235,8.146897253219587,6.67150472836177,-24.736608264592615,31.408112992954386,216.69236607713248,-10.254914226797457,14.36036240920217,29.66591621884008,27.83708532343618,15.498901834035072,-90.56971708018042,106.06861891421549,459.3322095235048,S1,2,303664,303919
-23.712904325655536,23.712904325655536,24.59867900323241,6.541649420931526,-8.841335539584124,-36.97108944098732,28.1297539014032,227.97363658946202,84.47496700361555,87.54700168466724,171.58178848148088,149.3462088177725,471.2159342143867,-15.30890159436867,486.52483580875537,1205.7089827839852,S1,3,303928,304183
-22.846486800169647,22.846486800169647,23.97824830857591,7.279727524941955,-3.5787618108576202,-36.97108944098732,33.3923276301297,224.33130180966623,-1.2216130589693839,8.702618116894731,11.347089035935571,11.281138733461473,30.09525461254649,-26.17941794130243,56.274672553848916,367.1481626278272,S1,3,304056,304311
-16.640264828531357,16.640264828531357,17.500061599393955,5.417909414056791,-3.5787618108576202,-30.36040290755973,26.78164109670211,188.8704832917935,-13.555220985999041,16.219498843100798,17.897447330128287,11.68651380675381,15.781600252970364,-33.176155523463756,48.95775577643412,361.0557208759361,S1,3,304184,304439
-13.367152892815565,49.372338198760914,55.67433770659876,54.04582409963324,115.77626627771723,-52.20873438258533,167.98500066030255,305.11008896453785,-15.688343195566937,19.430279685911422,29.686718851015623,25.202721359356318,41.93086114136033,-78.36224263764439,120.29310377900472,407.60521208456896,S1,2,304702,304957
-46.602762042215815,46.602762042215815,46.8945179232253,5.222870981395922,-33.228729458572005,-56.87232138103671,23.643591922464708,205.62527318118612,49.99570897472033,65.71102918282284,133.8614999097488,124.1745958004404,435.8393492880422,-23.052680311609148,458.8920295996513,1127.3353888977624,S1,3,304966,305221
-47.06712526780578,47.06712526780578,47.31627226871265,4.849261843994882,-32.795126178283226,-56.87232138103671,24.077195202753487,202.7751801779346,-12.004586159900796,12.075092292554752,13.268639862605616,5.652142508203858,6.489087860277371,-28.409454628663877,34.898542488941246,351.10272336709244,S1,3,305094,305349
-39.20374569529649,39.20374569529649,40.121993985765165,8.534677782570233,-20.69033136196559,-55.58333940533127,34.89300804336568,200.06128107643337,-15.502173647162207,15.502173647162207,16.649389014505623,6.073283030583218,-4.070596690962135,-30.06520538167192,25.994608690709786,368.8582028396605,S1,3,305222,305477
76.5591658033959,84.88707551629078,89.43565005893102,46.23234401316579,109.56453514739316,-31.334124053559226,140.89865920095238,325.7788290844186,-1.4597529011776047,9.554834086918614,14.048928670801747,13.97288510883772,36.07085406735693,-39.030979629520836,75.10183369687778,478.18624997754563,S1,1,305496,305751
-0.1276736272789738,4.063880207214472,4.9780137609579205,4.976376236699135,11.796874393411093,-12.685648374569631,24.482522767980726,239.07674427216148,54.870497296455675,81.43918808509537,149.76905891525035,139.355658424046,438.5798662222508,-43.33976491920475,481.91963114145557,1210.6601474852935,S1,3,306004,306259
1.6583770473810744,4.8295602830645805,6.015426280703584,5.782312591627935,13.305352975976861,-12.685648374569631,25.99100135054649,208.54390314277012,6.262484253798593,35.07061339276598,67.51525229193273,67.22418153472938,336.8709721301157,-30.069942420245383,366.9409145503611,689.3034576353266,S1,3,306132,306387
5.569016436465034,7.019064102868387,8.45475261563346,6.361516935601374,16.763874461256187,-11.33829143618849,28.102165897444678,204.33557755264746,-17.736024233623677,17.736024233623677,18.7117970040904,5.963622347751406,-4.622877732686921,-30.069942420245383,25.447064687558463,395.5760082297541,S1,3,306260,306515
-42.86729109826832,43.731257796142074,47.58490891376055,20.65717575631321,10.282321585432388,-71.21258698899555,81.49490857442794,275.7394387564986,-50.24409551702726,50.73506779128251,55.26623142414946,23.01927890928572,6.793358780146958,-77.18855492409726,83.98191370424422,466.73638297809674,S1,1,306535,306790
-5.6370414407594716,32.79951027403149,37.21476274820162,36.78535483314107,32.33429643469914,-65.67001657899662,98.00431301369576,272.4885519740733,-9.386843040051685,27.444379305668775,34.869248433299994,33.58201399625441,46.116973433238726,-69.59545473691318,115.71242817015191,471.2350095289645,S1,2,306799,307054
28.74520577915704,28.74520577915704,30.043236884605655,8.735515280648677,44.57783301567751,6.948318297679709,37.62951471799781,228.84248875916126,79.66071389889606,79.66071389889606,142.4187967131398,118.05627606500583,455.6799823214579,4.974689959525071,450.70529236193283,1118.6742100279505,S1,3,307062,307317
9.021004307801865,18.20075412837037,21.69712760369848,19.73288695375805,44.57783301567751,-25.607965576885945,70.18579859256346,218.84509227385823,26.36055747599434,26.36055747599434,27.239207710852227,6.862612204529004,60.205153732936914,12.621454989789262,47.58369874314765,438.5947937530475,S1,3,307190,307445
5.557271518961688,7.339549797037217,8.310653292386096,6.179295381415676,19.64247769617813,-8.260759638447631,27.90323733462576,214.62251749997023,-69.15672248550129,73.05122706657846,80.5825780435794,41.36302236554922,17.541360192336306,-112.38075261525942,129.92211280759574,474.53705828672855,S1,1,307572,307827
2.76204097841234,5.130554400049802,6.699924789091215,6.104106962779237,17.729594855717938,-17.033270641043796,34.762865496761734,234.32052785372804,-27.518918051472443,32.66124308423103,48.22662273131242,39.60449834734286,41.95849358866377,-100.53337642965816,142.49187001832195,576.6967100873211,S1,2,307836,308091
-7.713028416333573,7.934794794399574,9.562958227873695,5.653261246120513,3.7540274234675057,-25.535337689068694,29.2893651125362,212.79802888740534,61.7687221307761,66.18004555254225,137.94125335703103,123.33861659691011,454.79766091594274,-13.000667372705522,467.79832828864824,1173.284918675332,S1,3,308100,308355
-8.202825424403365,8.729896761790467,11.063092871134046,7.4233199400334815,4.892881427862242,-27.94420050242679,32.83708193028903,215.72139195331005,4.728097009406689,5.802653092683794,7.32807903197967,5.598735658037413,19.8095511071869,-9.93102143376313,29.740572540950026,429.91348825010164,S1,3,308228,308483
31.8175696453873,38.34235632597036,41.2311711527127,26.22311454585851,68.78192951459431,-24.6449677806563,93.42689729525061,298.2340731060183,-52.9971852595894,52.9971852595894,56.87048829529475,20.628882507446132,-6.475651708362948,-78.56835017519113,72.09269846682818,520.3926188622279,S1,1,308610,308865
-12.497288623974764,27.065976912733284,29.57172757008266,26.801209833294056,57.443050031611016,-44.7506090461809,102.19365907779192,307.8592273095079,-10.64618754353818,15.92337710350515,22.484024013757498,19.803788189107568,43.99532600806661,-58.11980190168672,102.11512790975334,478.14719729923655,S1,2,308874,309129
-8.612681468916144,9.639523003298379,11.370913855207588,7.424244056975791,7.199307120709183,-24.166645146914515,31.365952267623697,263.623283315816,88.42149025869843,106.63894780512409,182.8030555890805,159.99561616849178,464.250831319143,-48.99943658732278,513.2502679064658,1193.9932481933208,S1,3,309138,309393
-11.346829711548107,11.363100875305243,12.831614431624132,5.991642881463627,0.9665822942968137,-24.166645146914515,25.13322744121133,260.7352871259102,25.863570346933745,26.88134833341074,57.66600151543993,51.5406971207019,279.1723812309991,-12.546205405906772,291.7185866369059,624.846903279267,S1,3,309266,309521
16.967075060589337,25.346670291265408,25.90634536893973,19.576953140443283,37.41915921938939,-26.473854288333328,63.89301350772272,271.7973250522373,-59.81543392997862,59.856070231568154,66.37947950207962,28.781055622325106,1.9447064400219785,-88.34671380581425,90.29142024583622,412.930939302583,S1,1,309648,309903
-9.548671657748205,11.745346712855618,17.284145499054265,14.40710086051298,12.197762964447648,-41.5280760217708,53.72583898621845,200.91510631663934,7.5846859991284745,14.046982644830639,22.23061764774967,20.896719821423257,82.50596892970636,-15.190491234872983,97.69646016457934,445.572247404784,S1,2,309912,310167
16.91516098312465,17.41473301715302,21.506883471601107,13.282445767854895,46.09077948786775,-6.085662345113172,52.17644183298092,183.12292012278039,47.9612989082779,68.31509113764801,132.82126883249308,123.85961109782403,423.79122289164593,-30.297909461836518,454.08913235348246,1292.1922500723808,S1,3,310176,310431
34.10725192454119,34.10725192454119,36.002958968768326,11.528591443133754,58.70910077545305,10.125996864182115,48.58310391127094,224.94814507850197,-30.416194664782708,30.416194664782708,33.396837109376065,13.791440498520899,-1.0173465352329412,-52.06813411387178,51.05078757863884,452.329985797017,S1,3,310304,310559
45.025285403614205,45.025285403614205,45.66062621874041,7.590550771229312,58.70910077545305,29.741793300157372,28.96730747529568,247.62950029616127,-41.31617227557912,41.31617227557912,41.658884276810156,5.3325929605893965,-22.624378343761947,-52.06813411387178,29.44375577010983,334.58538739178346,S1,3,310432,310687
1.7829010458458754,58.89122259579171,66.705009054291,66.68117797994998,49.019474276715655,-118.06288384398047,167.08235812069614,300.4430532783234,-17.720661547337887,17.909828938720874,19.910096931956435,9.076900030550151,5.710915831830527,-38.122217164008745,43.83313299583927,432.3738087048141,S1,2,310949,311204
27.077836417673993,27.145039498969044,32.57505771393946,18.108703984663684,67.92214531660849,-2.271864562966167,70.19400987957466,242.660488800508,96.35731270131744,123.92324353871322,195.5226686812082,170.13048597239134,472.948951991001,-48.65426077507895,521.60321276608,1189.4624461213346,S1,3,311213,311468
6.863405872294312,8.311782071673411,11.618768142794751,9.374936425820612,35.392744015365125,-6.255562995163417,41.64830701052854,208.92302574575064,-24.56843545637755,37.065424631158514,38.33252934459634,29.42405113474604,72.90496089504362,-48.83880154333915,121.74376243838276,429.49755314451295,S1,3,311341,311596
-3.879003893475557,7.00066960137974,8.815109244256456,7.915774111391576,15.105494597015838,-19.839766813568367,34.94526141058421,190.23786568462234,-37.7245587234522,37.7245587234522,38.818939021160006,9.152469385326873,-10.853352748823431,-57.65206814113509,46.79871539231166,409.97153739469155,S1,3,311469,311724
