EOGh_mean,EOGh_mav,EOGh_rms,EOGh_std,EOGh_max,EOGh_min,EOGh_ptp,EOGh_wl,EOGv_mean,EOGv_mav,EOGv_rms,EOGv_std,EOGv_max,EOGv_min,EOGv_ptp,EOGv_wl,subject_id,label,start_idx,end_idx
50.498847203076764,54.20016883145574,63.64630593619311,38.73911060522424,89.47426824446745,-21.83304393422401,111.30731217869146,462.768352894852,-97.46048040473056,97.46048040473056,106.45601272472948,42.829165349407575,-21.67684020640001,-148.44463711792622,126.7677969115262,590.2746795515773,S1,1,0,255
12.217491321632329,19.188918147548126,34.55594204404577,32.32407827544799,93.12791545184804,-17.122186636168784,110.25010208801683,409.2496417706384,-1.9765336170504355,39.352442909143875,54.676225896443555,54.640488588038764,39.136309784782114,-132.526946496252,171.66325628103414,586.2429994724442,S1,2,294,549
-19.208393219638197,19.22093746460024,22.00933550861247,10.744695409848863,1.181603751844812,-45.20532054892904,46.38692430077385,308.03505951251634,135.08413436415574,135.08413436415574,235.99750923645874,193.51253450073756,780.2118627020908,1.1241536002476105,779.0877091018432,1779.729102544077,S1,3,558,813
-13.15310148930617,13.66071233886588,15.197572103047877,7.613285692744684,11.52619865948552,-31.041927681933483,42.568126341419,334.966278167239,30.465911960832734,30.618231309028737,37.61619481147224,22.063687826141386,93.92529250126385,-3.645191116005555,97.5704836172694,404.81794257778813,S1,3,686,941
-3.471386217486093,6.83019927535879,8.727536892741899,8.007457645421455,11.52619865948552,-23.088249989586547,34.61444864907207,364.9115301782737,4.675061893103113,11.205621067522943,14.060691906003301,13.26072596697488,35.0229166301755,-34.00310332755638,69.02601995773188,417.3870353132663,S1,3,814,1069
3.4755045707299286,14.507363548920328,17.632879872611873,17.286969676053587,22.283678247152324,-44.45677131122849,66.74044955838082,335.3607480373004,-69.771538008414,69.771538008414,74.71530019499548,26.726551726115606,-8.110283032767338,-106.534909144452,98.42462611168466,537.0684826854847,S1,2,1332,1587
19.08471913580694,19.08471913580694,19.98812398058561,5.941262136164837,37.28059713928731,2.8331761824619495,34.44742095682536,339.3966231406084,20.5025527724073,118.66533568872995,179.2949487084539,178.1188478577766,667.902890497305,-98.15314893072137,766.0560394280263,1702.2828203359504,S1,3,1596,1851
17.76713660568294,17.76713660568294,18.51722485207443,5.216940967394999,30.37244334689035,3.9693116816451264,26.403131665245223,354.609333060705,-62.00520033103981,62.43407877497752,67.39336476219698,26.40493790710661,10.198466341903899,-98.15314893072137,108.35161527262527,468.57754735946406,S1,3,1724,1979
5.477887549247188,14.2909974397081,15.310034022639623,14.296499213869998,26.056466224215878,-25.248443790100687,51.30491001431656,380.1074185970765,-20.113302607432118,39.46587950433094,45.64897572214029,40.97906834839486,50.416744316678084,-88.52372699168059,138.94047130835867,522.5317952738503,S1,3,1852,2107
-16.76237890184897,16.76255971064262,17.90531209791135,6.294668766063784,0.023143525586825614,-39.2408131573075,39.263956682894325,395.01882469229395,-7.263594293677857,23.58947779273946,28.51271235623935,27.571996007661372,64.46734203789985,-48.1139385374096,112.58128057530945,548.6455082787782,S1,1,2126,2381
-4.913819171869255,8.862680374112925,10.89277571092975,9.721468193374458,14.32397000860639,-31.152608681206324,45.47657868981271,331.0870423401121,82.49089062742286,114.0491023273126,215.36195315547917,198.9372359073016,753.2349152415372,-59.06144387686868,812.2963591184059,1833.0380381862647,S1,3,2634,2889
-6.981645892799186,7.820283092733272,9.105228362220094,5.844810018789106,11.595154102817952,-18.218069076974075,29.813223179792026,300.66497986224175,-29.163486248170365,40.16180276683077,42.96227522213933,31.547553979914596,74.99785433673902,-70.76459388377458,145.7624482205136,441.1507608011178,S1,3,2762,3017
-10.474169748684867,10.518352699263225,11.304113983106806,4.251442228092209,2.2508849574975516,-21.131785361676798,23.38267031917435,304.8308226823556,-66.79927010889111,66.79927010889111,69.99057304553835,20.893487697420138,-32.13982315800602,-105.13682843253142,72.9970052745254,378.77077264450486,S1,3,2890,3145
72.01761019233828,78.27679796211949,83.47652430730652,42.211301005924334,102.7724585965849,-27.96961701637435,130.74207561295924,371.0468260257796,38.81162013327051,63.95333910332864,65.12997004990746,52.30268770658495,109.02529295864817,-84.18945357624659,193.21474653489474,594.7537657632199,S1,1,3164,3419
-59.37829119820068,59.37829119820068,60.18375294708449,9.81339152267884,-42.23083460765754,-82.88804945932257,40.65721485166503,329.3186780622867,75.10618666467177,113.88094710229022,208.54578587413448,194.55180680361676,739.6247145008421,-58.33674809048371,797.9614625913258,1723.2691079822512,S1,3,3674,3929
-61.99936462476167,61.99936462476167,62.31476550453281,6.261691944735342,-44.064439739036615,-73.90823573564165,29.84379599660504,339.1000070252046,-19.649033015216638,36.154388816558395,40.15910910891228,35.02384253602749,112.71745495554629,-57.63301179228407,170.35046674783035,394.57499059163183,S1,3,3802,4057
-63.015186873990025,63.015186873990025,63.256613173504284,5.521352499023359,-48.52799584118603,-74.37554435341778,25.847548512231747,348.40651096857516,-47.05841234933828,47.05841234933828,48.31103489683012,10.929863675379652,-27.492191331859182,-72.14380592298802,44.65161459112884,346.6420148935602,S1,3,3930,4185
100.49127842146038,124.63476270189945,129.7621125138697,82.09572951915777,164.05502914413728,-73.71924279869665,237.77427194283393,532.981461133113,26.119152414167278,50.39201166987742,57.340981800624036,51.04682234013197,126.04702983856453,-77.37276995323631,203.41979979180084,699.9224708406897,S1,1,4204,4459
13.74652256484549,42.6192042153572,68.3275171449709,66.93043191680812,170.02654779763628,-44.424596665930004,214.4511444635663,538.7651616977619,-60.230484663673245,73.57226645822954,77.53340906020311,48.82333701905071,55.08322002004717,-110.31328938859058,165.39650940863774,546.1429503370629,S1,2,4465,4720
1.5002959170528367,12.009825947515068,13.576445630228086,13.493294190516039,26.00401426409832,-21.343475717994718,47.34748998209304,443.6706355518828,17.601708010656274,130.6790225055191,194.65871399075522,193.8612772258613,676.4473909553719,-107.05054464440174,783.4979355997737,1769.1967975810528,S1,3,4731,4986
14.240596807081252,14.356329798861694,15.647884020645282,6.485497429011382,30.183115948501634,-5.259077035012511,35.44219298351415,365.7895404138735,-80.70141785602914,80.70141785602914,82.62064790672987,17.70459309203147,-26.940508557447824,-107.05054464440174,80.11003608695391,441.086486423537,S1,3,4859,5114
-65.13560899959029,76.22439619946257,80.2505226722574,46.87748744784634,40.09658750859196,-102.84507174378393,142.9416592523759,497.00799561216155,69.42841832300749,90.81290000225138,96.5431815986377,67.0841310769769,147.45485265952973,-78.5293758827946,225.98422854232433,642.1629146407136,S1,1,5235,5490
-15.688336363978163,22.731698951686692,41.216166664492604,38.1136261282748,15.274626321035687,-107.58579810901917,122.86042443005485,493.45611658056225,90.351621246827,90.83089200270909,166.8979367068218,140.32642593276657,631.8417676137311,-9.108144022578276,640.9499116363094,1483.1866382110106,S1,2,5498,5753
-3.4608993336029434,7.558512588153745,8.771036570047531,8.059358430779579,15.053763082661437,-19.513661705812154,34.56742478847359,406.40499551308125,-14.314958076025627,41.50269268552806,46.47381792300288,44.21422539886968,111.84016500376474,-63.60619430356209,175.44635930732682,449.84827731243155,S1,3,5762,6017
-11.300741013827317,11.416531186489488,12.668607401500385,5.725981665334907,3.140216016240458,-27.356311088090195,30.496527104330653,365.80950705316616,-46.448269845152424,46.448269845152424,48.79801747431896,14.960104873156546,-20.498601739246247,-82.76978498191282,62.271183242666574,434.69447918929507,S1,3,5890,6145
77.99682324087087,82.94100115366751,90.09627717672454,45.09805678116875,111.93983930881433,-21.219694795106854,133.15953410392117,467.57124362868376,-60.21789360799818,60.21789360799818,65.84450454205145,26.632763052376824,-5.469386702053111,-105.24847473803183,99.77908803597872,504.9766385949521,S1,1,6272,6527
-11.182089829147847,13.508451051465428,16.347142768189432,11.924342486545589,77.30278668964267,-32.01075409929957,109.31354078894225,495.3046743668573,18.59195534876104,19.338056834892107,20.76405802883954,9.245826200761694,38.5193467467096,-46.309658225796035,84.82900497250563,540.2896447105519,S1,2,6537,6792
0.647167445281644,13.512077181927381,15.120773400578596,15.10691770446284,25.67289213389465,-29.106556697278975,54.779448831173625,335.8698671990182,66.54896780376585,103.92577156754584,192.23977533164864,180.35344771812953,714.445606849575,-74.07593950270946,788.5215463522845,1793.9637010520596,S1,3,6802,7057
19.266928084380297,19.420203497005552,20.992588471740937,8.335121650893187,34.42750364360045,-2.9655953707933707,37.393099014393826,343.8225942344832,-31.265719900435517,40.468340425219566,42.50039462032177,28.78781516528453,61.191802875570055,-74.07593950270946,135.2677423782795,474.66669810644083,S1,3,6930,7185
-41.09883627273109,45.175534163067724,47.94339847431476,24.687144717325438,18.45031329150573,-64.27274676721295,82.72306005871869,439.880503617425,-28.87340398227309,28.87340398227309,30.535145375534736,9.935876689124958,-4.085472676868888,-54.39574823864689,50.310275561778,544.2464009628101,S1,1,7312,7567
-12.062271587433187,13.060991439532053,22.045481689184104,18.452773966511206,8.495254802365086,-62.95946846444463,71.45472326680972,387.4093440027765,-34.04284010984255,34.619913138807334,44.31438619972728,28.36987595168994,12.139630107003327,-88.41860184675308,100.5582319537564,403.681802341004,S1,2,7577,7832
-10.824254740367035,12.156246079910492,13.475562615156752,8.026599349080037,19.335494076665533,-26.37694077374927,45.7124348504148,416.3493437223671,76.58021473629984,125.55688487267196,224.46132740747507,210.99373974710224,771.8976770106913,-88.43621719601242,860.3338942067037,1864.1916497308998,S1,3,7841,8096
-16.41586275881215,16.447475795883776,17.758902167017293,6.774810407792678,2.0754283760890977,-34.08746322782837,36.16289160391747,377.70288970902516,-49.04960227212789,51.22079716466696,56.20671748276884,27.446887020823652,26.724108917732963,-85.17136983130659,111.89547874903955,423.0622259332838,S1,3,7969,8224
129.2634664711308,145.23368970898775,161.1065739112513,96.1576018486751,209.31567870844765,-45.754398816507695,255.07007752495534,670.3195075428657,26.53627007965163,37.816358969939714,41.12912290133287,31.423416760319522,97.34008099577493,-34.870293843936494,132.21037483971142,522.1221341318249,S1,1,8350,8605
-57.40579710504684,57.40579710504684,57.65425156341778,5.346698240228032,-44.49391935898462,-73.13139502910576,28.63747567012114,404.0450427195307,-25.744062617436573,25.88654287324329,28.34854102480538,11.869415241897071,4.986583114597069,-54.81715716395932,59.80374027855639,443.00884255043627,S1,2,8615,8870
-64.22194667129769,64.22194667129769,64.53363772499762,6.334979381989348,-50.540999745001756,-78.11382700564921,27.572827260647458,355.49193150866364,158.30328333641484,184.49106200047,303.7714180442784,259.2626947818419,844.5097311769645,-56.719922605792114,901.2296537827566,1963.3590488825623,S1,3,8880,9135
-60.18562112800038,60.18562112800038,60.454671745869796,5.697222598570456,-45.34468994777942,-71.0726649652209,25.727975017441473,320.422794965255,-11.796396331587637,40.47941246099971,48.26561591066778,46.80186655277985,145.90449371638186,-63.90509894207475,209.8095926584566,520.1899712616323,S1,3,9008,9263
-57.21622456761624,57.21622456761624,57.47437844980566,5.441307234442226,-45.34468994777942,-68.68478413697382,23.340094189194396,361.0086491753564,-44.739301073572335,44.739301073572335,46.47741894627341,12.59148169818245,-20.190692900611865,-72.87246580374588,52.68177290313402,395.634420736845,S1,3,9136,9391
20.839284974013168,56.226917040211,91.15173565996751,88.73760823684884,219.06680427459753,-36.97874113808684,256.04554541268436,564.4966467850854,-80.4075462134178,80.4075462134178,81.12335686336783,10.752931726669289,-58.25100308517271,-107.72803114345362,49.47702805828091,444.9933627398006,S1,2,9653,9908
-8.37239006457959,12.811329800274184,17.450768158746467,15.311185255781098,11.733629169416702,-43.37409512784581,55.107724297262514,323.02433382309255,94.56634272609692,162.56081009439848,266.36074730196185,249.00854307969027,814.9094661750776,-97.78889202248071,912.6983581975583,1927.172166031296,S1,3,9918,10173
9.588989913319462,9.757375408428205,12.27463879062709,7.662769074076606,28.22140084938674,-2.8090547204207112,31.03045556980745,345.8822485757495,-58.21816947657405,67.68413522225666,70.79970151023115,40.28948345083029,103.24348443852607,-99.39130230006538,202.63478673859146,481.511312176427,S1,3,10046,10301
24.387482732196723,24.41589667800386,26.866252346020392,11.271477325836806,47.107327253527416,-1.9554331980394797,49.062760451566895,329.3449681153096,-75.65926421717205,75.65926421717205,75.99638679487659,7.1502827910959645,-60.931081103759,-99.39130230006538,38.46022119630638,408.8985086782106,S1,3,10174,10429
-13.529977158929494,40.40653964357735,65.87272412509131,64.4682518898972,28.23358201295205,-168.76506669683877,196.9986487097908,535.0641150707966,-3.629932695827833,47.965920009059325,58.9364621025226,58.82457100384024,126.63795156202617,-63.255671096789776,189.89362265881596,555.0357599796356,S1,2,10692,10947
20.65649035640054,20.879433624439176,23.425015106579487,11.047205026585164,45.305770075820746,-5.629723846246156,50.935493922066904,407.33434724037414,82.05047105845331,128.240204563651,238.28039225615314,223.70799166062912,791.481997803693,-69.88805270605295,861.370050509746,1903.5969261305218,S1,3,10956,11211
29.00190630983299,29.00190630983299,29.435008158091776,5.030818587724942,45.305770075820746,18.906041590805167,26.39972848501558,360.1933846472863,-37.207665588989826,37.313760658957904,39.990866050104884,14.658069069810457,9.479568293004252,-69.12351222253635,78.6030805155406,470.97299582884034,S1,3,11084,11339
23.765902408681704,23.765902408681704,24.95280693416616,7.604239383053907,37.09995428770252,1.7496700422746125,35.35028424542791,313.3665720674071,-63.50177190370951,63.50177190370951,67.83473798864088,23.855327352120064,-24.15279432892198,-122.4989631694207,98.34616884049872,506.0000463501847,S1,3,11212,11467
46.230148958761006,46.74725333872636,55.57002543627256,30.8350620923446,88.54010382472457,-11.834635358033193,100.37473918275776,467.83149888771095,37.87484103300821,84.43484163493977,89.57815155766959,81.17722373432821,111.92216417476973,-121.2427860005422,233.16495017531193,680.2443591305307,S1,1,11488,11743
-20.57843822787015,20.57843822787015,21.780676154218444,7.136226862752642,-6.237866345063485,-41.66851802792333,35.43065168285984,397.17887368165265,81.52712853253291,166.10134406868383,277.51627897019216,265.2708284125893,869.709190490167,-94.17348542474515,963.8826759149122,2072.012415514277,S1,3,11996,12251
-20.293420904502575,20.293420904502575,20.874050299760032,4.889073931698088,-8.924674147598623,-35.283197760910596,26.358523613311974,320.7011010553251,-50.728530396154426,56.085596768164166,59.733454436309366,31.538893175586928,69.21330995583169,-94.17348542474515,163.38679538057684,516.1475114361493,S1,3,12124,12379
-18.020477856884295,18.020477856884295,18.715198239139823,5.0518336215521975,-7.866558213745027,-29.752375562427964,21.885817348682938,276.00624357996,-34.26821917468226,34.27552212171322,39.914352315556926,20.465695086322956,0.5058727119628907,-78.759034880021,79.2649075919839,467.4772288985231,S1,3,12252,12507
27.586388761230968,32.33808084737088,34.21426884864829,20.238758557822024,54.72364384312405,-24.905929831303244,79.62957367442729,471.88712843025394,-92.68446713865407,96.09596728155225,103.40676570068926,45.85355759263395,22.921261580295837,-129.88005293809988,152.8013145183957,572.0434506926564,S1,1,12526,12781
-9.596946763354735,10.307649541588312,12.851047777177815,8.546814716175959,9.879736547844571,-30.153890273743215,40.03362682158779,335.87462110006754,150.44400078724271,163.17968034432903,285.2405739266692,242.34023116507862,869.6619140381738,-31.232744864086502,900.8946589022603,1991.6856438547281,S1,3,13034,13289
-3.459715215736263,6.4143306301206415,8.30197743417055,7.5467343893554375,11.215329020423255,-22.493745533165136,33.709074553588394,356.8578219216844,0.44418723522541725,50.304412029819126,67.6081001970926,67.6066410196526,190.4245566419101,-69.31221165458511,259.7367682964952,402.59783949563996,S1,3,13162,13417
0.06649818971506591,4.627266118571842,5.586577676259582,5.586181891385791,11.215329020423255,-12.81428215795502,24.029611178378275,343.06072521007786,-48.17642402688389,48.17642402688389,50.07339706253416,13.652005763406693,-9.862637659602012,-69.52382126660949,59.66118360700747,312.2895758078294,S1,3,13290,13545
15.62921682978899,18.299445715056002,19.83452398131989,12.212121963565309,37.21446220898876,-20.159305100632952,57.37376730962171,425.0627404984905,-70.70400353328789,70.70400353328789,72.79465743939289,17.320682321530274,-25.580104577375856,-106.16729734462025,80.5871927672444,512.5537630200989,S1,1,13565,13820
-28.734159093977652,28.734159093977652,30.336026601301057,9.727415438688052,-5.604721719915694,-47.764025702957355,42.15930398304166,325.91779354386586,-43.99046543170874,43.99046543170874,45.265391355602084,10.667455445299673,-25.490792534664863,-66.08322881450427,40.592436279839404,425.91535221384987,S1,2,13829,14084
-44.10470076705602,44.10470076705602,45.23180514089552,10.034518750412989,-22.294577597546947,-68.49191500044053,46.19733740289358,355.9658105054679,152.1704583020408,157.44259214885392,272.7281950509227,226.32900829518292,867.1141794627837,-38.95079219396953,906.0649716567532,1922.4604935687464,S1,3,14093,14348
-37.20650015091557,37.20650015091557,37.79969226007557,6.670313446633208,-22.294577597546947,-57.15958297869046,34.86500538114351,375.053710996071,37.94187624078913,37.94187624078913,41.525370722245526,16.875142694169043,89.45736036205462,10.008167194024768,79.44919316802985,463.85039225899965,S1,3,14221,14476
-14.636677965655075,23.97273337823659,33.147046406033276,29.740449619557385,194.03694570984848,-41.87909708245059,235.91604279229907,573.4380000870203,-19.814057064455326,19.85238612827246,23.818505558654827,13.218333847129866,2.4892871253844793,-126.28641003648389,128.77569716186838,580.5683309687125,S1,2,14845,15100
-12.334227405770037,13.257284640920387,15.092531925272445,8.697778694478226,16.257951057523016,-29.972203774631954,46.230154832154966,367.55510995592624,101.50823002228368,129.37708572520103,240.20691337321801,217.70493901157096,803.2440326076977,-50.497338157862195,853.7413707655599,1793.069588313346,S1,3,15109,15364
-6.022511899751563,9.690093842772374,10.985296253940026,9.187278389391475,18.716627776168664,-20.529952474262377,39.24658025043104,322.4234010150899,-27.45979723874551,39.46089614162091,42.43780736957261,32.35625179071173,100.7215769979251,-62.171266512483996,162.89284351040908,507.5853475597676,S1,3,15237,15492
2.563378659840951,9.95562429979185,11.478305295166878,11.188412858637637,31.629032450819448,-17.407119818903833,49.03615226972328,380.14125013461745,-45.54022983152989,45.54022983152989,46.38323494973132,8.802951283144308,-23.050539334397612,-62.171266512483996,39.12072717808638,448.4276866832266,S1,3,15365,15620
-112.97634614862238,121.63204083856938,128.53897315785076,61.30752671068489,38.17650688521529,-156.89774156836845,195.07424845358372,486.5617589036174,-72.39377349405767,72.39377349405767,76.34179188504238,24.23243172919701,-11.601863851294533,-101.2563809733311,89.65451712203657,542.1930829194653,S1,1,15639,15894
35.05248646070667,35.05248646070667,35.80283265747335,7.291503220942602,49.03443907993244,19.33102015197753,29.70341892795491,389.91923724374084,130.00928083696158,130.2116927670641,238.1625903563747,199.5470028377134,819.1131022858241,-7.0489678219581124,826.1620701077821,1868.63609876208,S1,3,16147,16402
-66.909476702123,76.35604416464435,78.54503738131832,41.139334276100676,41.26421226306785,-95.19675546241182,136.46096772547966,413.0654609822808,-38.94595889620511,38.94595889620511,40.344406549570756,10.530119918222674,-8.68885952121269,-68.49384551288972,59.80498599167703,468.188656768422,S1,1,16677,16932
40.348066323501136,56.91447352165705,58.28339019422473,42.05932853109528,76.29703335582579,-83.74494252280535,160.04197587863115,406.553596030449,-42.266026299324835,42.266026299324835,44.196741983488664,12.920333696149282,-1.9093656561528636,-71.29814883556274,69.38878317940988,498.33864186540086,S1,2,16941,17196
64.02761015125043,64.02761015125043,64.39690905778565,6.886728869079278,80.51433967612518,47.93119389950611,32.58314577661906,323.3462106185454,63.39223849340189,105.63351712532562,185.71775335784324,174.5637648857298,635.7974256138953,-61.43708738014751,697.2345129940428,1524.4335222298953,S1,3,17205,17460
61.259841790658285,61.259841790658285,61.46914328946824,5.068269973540905,73.9020850700316,48.28347898439551,25.618606085636095,284.0020591071964,-39.177174489143674,39.22186421811414,41.84240546411008,14.694757366835939,2.3836643679499394,-61.43708738014751,63.82075174809745,365.88164787375285,S1,3,17333,17588
-173.47720904917898,186.69284048774375,201.38649898861232,102.28479806597755,46.17870581363206,-237.6293589002901,283.80806471392214,736.7530951014286,-86.83497192371628,86.85840712150394,96.64703627850538,42.43038147867799,0.8192375275185629,-141.73863593451117,142.55787346202973,546.0852776215172,S1,1,17715,17970
23.38466337219068,23.38466337219068,24.249426417616135,6.4181150311211175,38.65075869668588,9.69530748046533,28.955451216220546,298.2624787051443,6.920078286345989,11.881143083715752,14.915609575883787,13.213172424934102,32.0821237147347,-25.581339285627354,57.66346300036206,556.8643267053784,S1,2,17979,18234
-10.216644761718362,12.183604613931283,13.602046059875189,8.979745365422056,17.7058832602104,-24.574719749619547,42.280603009829946,306.00276712758364,158.3731095160584,162.8365809742229,292.50258392041275,245.9181160108638,801.7149364455568,-16.720834493184963,818.4357709387417,1843.0771726688567,S1,3,18242,18497
-21.465982528959096,21.465982528959096,22.727383886189145,7.466295760056168,-9.404678399521794,-40.903866184743755,31.499187785221963,344.4156478874357,-4.7982699958176696,18.791646437850897,23.387033172059773,22.889515626990892,63.514454105916755,-40.19723633895443,103.71169044487118,467.0251699798544,S1,3,18370,18625
187.12416433073557,205.95292459043839,222.01728289090815,119.48314117809848,264.49303036951096,-61.50639022143893,325.9994205909499,595.0880436084913,-104.84586633082012,104.84586633082012,113.7202458124686,44.04132855611974,-10.325034785011338,-150.226599096889,139.90156431187768,472.48558677037187,S1,1,18752,19007
-57.822526164590144,59.36753059479648,61.271944713887294,20.268366410911113,79.86076119164052,-80.84481840964611,160.70557960128662,394.4605514526565,13.88998801362202,15.234643781488703,17.88821684713965,11.27193572336746,37.27913196275822,-19.62412818007629,56.90326014283451,473.5931215126255,S1,2,19017,19272
-59.85386158803432,59.85386158803432,60.33773537646316,7.626110631280095,-41.904589859789255,-79.09424343943151,37.189653579642254,344.72095784974755,122.24792209476333,123.27763546182783,231.94203612024924,197.11051129536364,788.4491025852476,-13.81157038708457,802.2606729723321,1802.3247640039376,S1,3,19287,19542
-54.84468626158884,54.84468626158884,55.09117962032656,5.205618198347998,-41.904589859789255,-66.20776088839507,24.303171028605817,351.26782227978117,9.305525388377845,10.40089188982112,14.843434024105871,11.564373345505546,50.820463122786315,-13.81157038708457,64.63203350987088,428.215591227929,S1,3,19415,19670
65.32474850879538,74.29512263893467,80.47720619913456,47.002744067561174,104.8303376784921,-25.545067982317644,130.37540566080975,390.45975911166505,-139.01908643361756,139.30406578443927,156.85735430147227,72.64931662183736,9.267610798985144,-207.74822437525094,217.0158351742361,629.5244159957731,S1,1,19797,20052
19.601755568517966,23.053050824576957,42.218525327111806,37.39217912114854,112.13786837805556,-13.35409790487224,125.49196628292779,465.90975161117785,-56.19700934338614,58.70101998424836,86.30553050188813,65.50221932172767,27.063831331316937,-206.11169673774148,233.17552806905843,671.340003079194,S1,2,20061,20316
-8.259596324161603,12.420267276137672,15.6131847108058,13.249551138647531,13.275601090201805,-38.93130140934501,52.206902499546814,351.1039992529734,121.41303019697057,133.2553085053268,267.97815632405405,238.89572697147318,864.4900496378204,-39.120468262770686,903.6105179005912,1989.0630745679923,S1,3,20325,20580
-19.457694518937803,19.77622234952613,21.342765377796198,8.769934890257382,10.937662102113617,-38.93130140934501,49.86896351145863,440.9899104977742,117.80614700169986,137.04407598975945,268.3980562663349,241.16224483977703,864.4900496378204,-50.454501156659454,914.9445507944799,1974.906985378765,S1,3,20453,20708
-22.04285485545931,22.04285485545931,23.88320961528588,9.19348961759559,-4.447098470513403,-45.631697769127484,41.18459929861408,299.66217863891006,64.45223686378449,88.15801461843074,93.18540336112966,67.30102943366508,160.95836723751563,-73.34968509248701,234.30805233000262,673.9487954561225,S1,1,20834,21089
2.322504652146937,9.157961092442036,11.407160995717323,11.16822699102102,24.320024656559493,-21.211437308111364,45.531461964670854,418.2272703744411,-42.065586882347446,62.68144173235244,64.27416658556963,48.596860912133344,71.7018453281151,-87.09423008147033,158.79607540958543,497.99625690930606,S1,2,21099,21354
-6.250430255366427,8.337399869762274,11.34749523643736,9.470890653141792,10.280430082632439,-32.62956487736906,42.9099949600015,338.6700380839094,103.43186190589248,145.8918788498945,265.4466912155927,244.46634905439768,868.1450766894762,-97.7453066654517,965.890383354928,2078.731680654285,S1,3,21363,21618
-5.134770306216239,6.846500972214333,8.348145488914845,6.582223560962456,10.280430082632439,-21.272622669845877,31.553052752478315,308.4257009003357,-24.249596308147524,35.632286613144856,39.860676965018136,31.635907557732644,76.60247101664957,-66.16156334463992,142.76403436128948,496.33385623805356,S1,3,21491,21746
-7.43033062146948,8.201634852741806,9.90792670173285,6.5541741190300815,6.042959872761637,-21.272622669845877,27.315582542607515,338.8605412210293,-37.611585204180976,37.611585204180976,40.12929721675712,13.99032356807608,-11.93438671449258,-66.16156334463992,54.22717663014733,417.4213963573204,S1,3,21619,21874
1.8599942558582345,27.125098995734753,36.05408886433466,36.0060792812202,87.05870588524505,-27.096458001797476,114.15516388704252,401.7549823730908,-20.977584063060565,35.836739227333176,57.19276953835859,53.20670873437884,41.445997152484594,-146.3233785177335,187.7693756702181,525.9196190043208,S1,2,22136,22391
-18.425866210741006,18.425866210741006,20.57594260594595,9.15733959766998,-2.325471504551334,-49.924426163915406,47.598954659364075,400.82929805443007,111.8997891497489,137.7060569495417,271.3797627742483,247.23554119836618,890.9856606921102,-47.68863337773401,938.6742940698442,2073.5427579065085,S1,3,22400,22655
-18.573871236829408,18.573871236829408,19.603965368489895,6.271105600022399,-5.0525606845610085,-33.6012808702478,28.54872018568679,390.0236354429799,-25.897606443279624,33.281786433636924,37.03177588533126,26.470103999236635,75.23737728978786,-63.01904981687469,138.25642710666256,544.8948816940464,S1,3,22528,22783
-20.23353866048072,20.23353866048072,20.776656929495594,4.71946887274294,-7.349827664516311,-30.692013367043305,23.342185702526994,360.46970525664426,-35.814222551618805,35.814222551618805,37.4412384179635,10.917316396161866,-15.111593566647185,-63.01904981687469,47.907456250227504,502.3505822709575,S1,3,22656,22911
7.43722424813274,12.659032582963029,14.771247279421619,12.762344677715259,30.222776719966724,-27.521898508271274,57.744675228237995,440.81869540888465,-55.43066270467187,55.43066270467187,58.08994130451712,17.374778067162275,-17.483390610873627,-86.3736241530354,68.89023354216177,450.17623911284454,S1,1,22930,23185
-11.204325237336217,13.92275598642604,16.677983427747183,12.353874986909993,17.342087343974153,-36.255042433451706,53.59712977742586,424.78139815536395,173.92311604156134,175.71763814034705,327.8740917016359,277.9427453911442,952.104405603794,-16.74206840950675,968.8464740133007,2104.6036137091646,S1,3,23438,23693
-5.2027104840992076,7.778993650076772,10.109210124471264,8.66763710357999,10.780383664403422,-24.795221085035653,35.57560474943907,388.18057660253226,6.3419809533881715,28.33148655019567,42.807367728081665,42.33497383244815,160.32858439994814,-38.03362066193287,198.362205061881,483.3710220587698,S1,3,23566,23821
-2.417942263976908,4.3643779965639915,5.472486592162539,4.909344631360993,8.097859514579504,-14.510863577630422,22.608723092209928,337.74194575045834,-14.996960382338738,15.235117606135816,18.127127848369042,10.182531282627068,5.988822300384624,-38.03362066193287,44.0224429623175,411.39208013090195,S1,3,23694,23949
73.88549496292106,77.22119789565546,82.78882608388909,37.34867278006812,103.85350019209774,-20.276427308862473,124.1299275009602,477.98879864603066,-147.5139063523989,147.5139063523989,157.46247143987097,55.08245950035155,-17.8679251230883,-201.0763576227241,183.2084324996358,529.7953607212596,S1,1,23969,24224
-15.708212999563932,16.054254302883017,17.778490879597953,8.326270612722018,4.872478473659069,-35.6688626752907,40.54134114894977,411.4788898016579,171.440279898915,192.65530531718204,344.7115634505947,299.0556677355155,953.761881654805,-50.4591839710739,1004.221065625879,2134.3373160892215,S1,3,24477,24732
-15.58632698779161,15.682680337006463,17.08317660980121,6.9929488852198896,4.2569474210601355,-30.158085472622982,34.41503289368312,381.6384751777432,51.63455355307656,67.37658101727067,123.98456281957479,112.72109251127561,539.1941066837423,-40.51831525515603,579.7124219388984,838.4672095407079,S1,3,24605,24860
-12.143287344543708,12.296342210093206,13.872276667496868,6.706760202021735,4.2569474210601355,-30.158085472622982,34.41503289368312,386.83965928311244,-33.96171542009094,42.29665068136761,47.39758907093548,33.06256698234455,34.30547797403619,-93.28329023848048,127.58876821251667,417.8193684821885,S1,3,24733,24988
7.794258548120651,11.623809011274123,12.627284202988147,9.934678657514906,24.98529433190362,-20.56971342564788,45.5550077575515,273.976390652395,-65.31553139892831,65.31553139892831,66.28572889215653,11.29952268195801,-46.38771741423722,-90.09937669166895,43.71165927743173,444.7798904601257,S1,1,25007,25262
-17.820677411873454,18.484995982524055,19.64237831708019,8.261142931413628,27.263714493622214,-30.98509080286792,58.24880529649013,365.5498359328541,-51.223097449296645,51.223097449296645,51.72382371667052,7.179709435141993,-38.56065931895942,-70.1006817834721,31.54002246451268,372.8640151439698,S1,2,25270,25525
-23.05313906066788,23.05313906066788,24.31531455628617,7.732224868732869,-0.8981749881463132,-39.17058712775754,38.27241213961123,402.45876523526806,109.77034103492582,139.01801428847682,258.2723891972792,233.784300693496,805.6231438374155,-61.02470530825824,866.6478491456737,1865.872973004338,S1,3,25534,25789
-20.868663570681043,20.868663570681043,22.092771196332368,7.251856307678954,-3.7707055962895217,-39.17058712775754,35.39988153146802,392.5392016207877,-14.64979652794518,23.630554123298495,27.050828482005112,22.740509740387626,72.37331010596057,-49.10456325626557,121.47787336222615,384.83898391752916,S1,3,25662,25917
92.90320284407389,95.52977465374033,116.70500404487859,70.63322780694644,158.32284618366816,-13.138894981523592,171.46174116519177,562.5615388375279,-23.26150600130994,23.26150600130994,25.571001415828203,10.619719956727169,-1.1672047638164627,-51.54686162331932,50.37965685950286,386.16777598812007,S1,1,26044,26299
7.350681084436984,8.159351387377342,9.928017065987932,6.673305811773347,20.029604893581613,-6.666207410463292,26.695812304044907,333.57659869725984,-15.493452049971452,16.577807760937404,19.451611650639453,11.760873240645353,8.639054831418344,-39.45964650341917,48.098701334837514,357.6029449721751,S1,2,26308,26563
-7.484222373326722,8.697210111934297,9.899598917130291,6.479851401586533,9.923614866820994,-21.51114164548638,31.434756512307374,327.23545102572166,122.93563125743911,136.00185089068717,260.1296497102768,229.24717059481074,867.9206565651613,-34.543391097071364,902.4640476622326,1952.2832321259075,S1,3,26572,26827
-11.090272184680554,11.090272184680554,12.115861067441035,4.878519475746119,-0.22251336191954557,-22.515536704448493,22.293023342528947,310.19065990341744,-9.376280787694498,24.45455400479841,31.31925020235574,29.88278420475694,88.1935802778995,-55.83406758496101,144.0276478628605,406.23690293805987,S1,3,26700,26955
-11.854692675967204,12.268358698045994,14.192598807828492,7.803596765488608,6.190657382945245,-29.10835719704721,35.29901457999245,364.6628870309187,-97.94788996686262,97.94788996686262,107.07133319415384,43.24906060266376,-17.3157486467379,-142.5619438781668,125.2461952314289,516.3301280463454,S1,1,27082,27337
-36.604902654758696,36.604902654758696,37.70005066968232,9.020804960326663,-4.926837185949166,-50.59288529928104,45.666048113331875,302.56700038908724,-40.710384602599035,40.710384602599035,47.8537156009637,25.152389197179343,-7.4048954952829975,-139.70346962191445,132.29857412663145,559.4485406250622,S1,2,27346,27601
-50.63110357712907,50.63110357712907,51.580733502004584,9.852076896109049,-33.83928028980501,-76.01995790446811,42.180677614663104,387.53577643273013,122.5788853589033,124.92167036775797,235.42601407034238,200.99707700665172,817.9434654690785,-17.1968402418799,835.1403057109585,1778.6393505889448,S1,3,27610,27865
-51.77649372557262,51.77649372557262,52.45472381106595,8.407897928789854,-35.81949242700585,-75.60397225839874,39.78447983139289,377.23074439832476,4.110341031177651,25.961756609824313,34.40291234939248,34.156485104989926,106.57279289853024,-55.329317911844036,161.90211081037427,450.39878207734773,S1,3,27738,27993
-53.81656699385866,53.81656699385866,54.74883380106974,10.060413489150438,-31.674677311646857,-75.60397225839874,43.92929494675188,348.93600637411026,-36.951388601344206,37.77862376544365,43.16558569405704,22.31283641188255,11.910888049431325,-69.08921963302562,81.00010768245694,478.2202040462031,S1,3,27866,28121
62.3493021240676,75.87013565221203,137.92138295492342,123.02386923211436,310.73775061941797,-41.17499151939202,351.91274213881,600.3293555390858,-55.049824642348256,59.05230906847188,65.62851292493608,35.72979870619494,18.608359525340052,-99.64298752521881,118.25134705055886,446.3483255462868,S1,2,28384,28639
-28.18551204131966,28.18551204131966,29.819831092912754,9.736489992726868,-10.940415756960157,-53.42665970363287,42.486243946672715,317.2925355897371,115.11831842891922,176.96465790528268,293.2967895596451,269.76059669286894,833.9867928258983,-89.32896865539459,923.3157614812928,1981.3621462621272,S1,3,28648,28903
-19.01067588583047,19.120606279297114,21.250686807989737,9.496625304558082,4.841709077161887,-39.54108734160669,44.38279641876858,275.4712079566497,-47.33973620943466,61.32778019538598,65.13183880451284,44.733721080167086,91.80539318935702,-99.20919609011642,191.01458927947346,508.97319502135707,S1,3,28776,29031
-2.853561233348108,9.745861043340339,11.625405957127716,11.2697494184899,23.289726259982643,-22.149823103357257,45.4395493633399,348.7679027943634,-59.29784946868685,59.29784946868685,62.133166301421895,18.55519881405491,-25.179752099407334,-99.20919609011642,74.02944399070908,462.63114375338273,S1,3,28904,29159
5.859645723635001,66.20930080441809,80.44400631674132,80.23031038380321,61.87809456665081,-172.45999319745442,234.33808776410524,521.0678812312217,-51.70106539899636,51.70106539899636,52.42520072481459,8.683404150780982,-30.134736418500893,-72.33289551608833,42.198159097587435,511.9146304474368,S1,2,29421,29676
36.028817021866914,36.028817021866914,38.061344923453404,12.271524819146363,72.03512877451956,10.708169421591283,61.326959352928284,339.25695922779494,147.45544609527568,185.81597192223964,319.13564376767573,283.02729645716516,870.053590815057,-59.00013293931202,929.053723754369,2005.0129964655664,S1,3,29685,29940
37.02498938318378,37.02498938318378,37.6200373330238,6.664635782489023,51.956105075529095,19.880739286388874,32.07536578914022,313.819026777222,-26.558492070231345,44.69151076517795,48.431610998686935,40.50021534366937,123.54031623873946,-68.49773628656727,192.03805252530674,497.75153116441595,S1,3,29813,30068
42.765414757889886,42.765414757889886,43.029700145410004,4.761763873771045,52.90938855946166,29.181140900092913,23.728247659368748,301.0536489787521,-62.27392974133568,62.27392974133568,64.16054246102487,15.44450981624742,-36.376523070230746,-88.52396337157214,52.14744030134139,443.11480082311203,S1,3,29941,30196
-129.077884973825,151.87811691496788,178.29213286820885,122.99180563508709,45.27609323648461,-244.1150650736612,289.39115831014584,793.4496739478668,-136.80479278591605,136.80479278591605,154.06472394999565,70.85469523320899,-3.270183228555818,-224.47949611509614,221.20931288654032,652.3233505530991,S1,1,30216,30471
168.1018013835852,168.1018013835852,244.18127108952245,177.10527242995482,462.03041083522476,3.3977441623588867,458.63266667286587,1666.6920231546253,155.5041717305509,187.29409131087067,325.7331096893015,286.21759436180344,923.2854472656359,-67.56522130505348,990.8506685706893,2159.8562332339725,S1,3,30723,30978
131.44150950837982,133.36468526037092,227.19999212990356,185.3185527732902,462.03041083522476,-12.353306665669944,474.3837175008947,1128.704465383787,23.95073409316293,47.22079577827035,66.60244849295964,62.14699093001965,260.21354729817284,-67.56522130505348,327.77876860322635,683.605973948241,S1,3,30851,31106
4.003288875367243,7.665152499279989,12.940262185045729,12.305448532990798,51.80871905316006,-12.353306665669944,64.16202571883001,340.1284002376285,9.234911244854604,15.654374598724138,18.58395191094439,16.126986170017993,38.13767519697202,-21.39275521747783,59.53043041444985,443.52108881840763,S1,3,30979,31234
-168.63176925691943,170.769073838866,207.67128530619044,121.20515310004865,16.4699098686037,-279.29279153558525,295.76270140418893,759.2532078714388,-46.79779149182771,46.79779149182771,51.186505676990265,20.7370459542331,-6.742535869729005,-76.26549444558327,69.52295857585426,437.7205506510021,S1,1,31253,31508
29.143744700993995,30.960297606713777,33.49111298630157,16.501417934968565,56.56189378802543,-15.658075693375375,72.21996948140081,344.27280475736313,-78.98923942721567,78.98923942721567,80.73441767970029,16.695695636609436,-44.029322353729704,-115.5680327819871,71.53871042825739,381.7886816695347,S1,2,31517,31772
48.217393792855304,48.217393792855304,52.699010286199595,21.266608120941363,115.05021691248554,15.334761321268068,99.71545559121748,436.3902364601293,202.35228664814406,239.59592587966844,394.60701975981453,338.7746332475176,903.6787826614859,-71.15226050392958,974.8310431654155,2069.3544358462395,S1,3,31782,32037
46.56210471566385,46.56210471566385,47.85476472060141,11.0475748882581,67.39818132707038,15.334761321268068,52.06342000580231,346.5730160581851,-11.469633843113474,64.14557254064133,82.97073705933599,82.17414865804437,331.2642796685474,-77.70641518375574,408.9706948523031,678.2911483857245,S1,3,31910,32165
53.72780047066398,53.72780047066398,53.969122207967516,5.09800043968732,66.61005056770118,40.716992073712305,25.893058493988875,292.6011853466778,-60.38633412462438,60.38633412462438,60.92214482388419,8.062157337310119,-44.86917789333704,-77.70641518375574,32.8372372904187,350.8787959383618,S1,3,32038,32293
28.03896104731136,28.03896104731136,29.581118776209255,9.426518521678926,45.52401589115546,7.857524521704583,37.666491369450874,321.3908863780983,-33.25849952197966,33.25849952197966,36.41349036842081,14.826142126580152,-5.951567802046069,-61.190334187594324,55.23876638554825,376.41666927217534,S1,2,32553,32808
24.493290765420365,24.493290765420365,25.835445620493672,8.218817304823066,42.00884425321575,10.067709874783493,31.941134378432256,337.10964660096215,105.42940070276467,116.01813615035681,228.56963230248343,202.80216536898308,766.4367076428317,-34.69725144059998,801.1339590834317,1790.3067093228246,S1,3,32821,33076
18.618487432527996,18.618487432527996,18.98081668575541,3.6909792444618454,28.420758912975543,10.131769819554169,18.288989093421375,303.2594907771381,14.805900881153065,15.885494664409288,19.485601799709613,12.66783235578674,68.90343560907716,-11.660005484841578,80.56344109391874,375.6295124954646,S1,3,32949,33204
23.40298424578924,23.40298424578924,24.1394222921273,5.917097006893926,36.777539480584466,10.131769819554169,26.645769661030297,336.0436900359898,7.274170361820605,10.226963230066463,12.403803231697697,10.046928891849735,28.54930319262313,-17.83428761273031,46.38359080535344,345.7574656561747,S1,3,33077,33332
4.240567891373341,6.707924837264009,7.922050638146278,6.691522268662587,16.905054765276667,-13.770450319474994,30.675505084751663,269.5300809603789,-17.787071432209615,21.53488954942852,24.05355458453685,16.192392597042794,17.616826343288906,-44.2542684585286,61.871094801817506,384.31689326158835,S1,2,33595,33850
17.579966588808,23.682823838171817,42.175167067849564,38.33652947173775,131.01427345474116,-26.70230711244032,157.71658056718147,627.1050853116504,142.97359368470953,188.2741979327222,331.6505816706695,299.2501626254746,919.3730458426814,-71.70458590814164,991.0776317508231,2109.3726190328443,S1,3,33859,34114
16.038820062720955,18.685536976059176,39.31000867661646,35.88917710329008,131.01427345474116,-11.452978585410039,142.4672520401512,555.6007200038088,-31.37274482406211,55.30631060600399,61.786492175674276,53.22895356456806,190.91170432958282,-74.29230655735768,265.2040108869405,529.592490234121,S1,3,33987,34242
-0.6573093473625851,6.115412999633168,7.781805446248588,7.7539951267159015,19.5759714365496,-17.928116509132693,37.50408794568229,357.67276871949014,-58.392115912492045,58.392115912492045,59.05682450471533,8.835684458084708,-40.51317963989995,-74.29230655735768,33.779126917457724,374.0253190397067,S1,3,34115,34370
-33.18234991929348,33.18234991929348,35.03824858176914,11.252133909237433,-5.236478965141239,-49.756400078697645,44.51992111355641,353.5183197448729,-82.97482092973986,82.97482092973986,84.08802333087458,13.63725629924541,-53.49069812843732,-120.37783183702562,66.8871337085883,464.6053742986386,S1,1,34389,34644
23.877652281187164,23.881148809644984,25.891024229701344,10.010137721415203,50.22976901422001,-0.44755564260093117,50.67732465682094,395.33331066580575,140.55685358857968,164.64970949029447,293.54193930699756,257.7026213320144,825.3212629295908,-42.29582763965523,867.6170905692461,1902.2606875959327,S1,3,34896,35151
25.815944351724795,25.815944351724795,27.251987230305105,8.729709343922112,45.03765421519981,7.092230836700811,37.945423378499,384.4638925840849,-4.062859752040453,54.95973735233278,74.23545713703872,74.12419488251028,275.8672845891527,-60.46593184234624,336.33321643149895,580.3276938142624,S1,3,35024,35279
32.11964865323678,32.11964865323678,33.37703142176961,9.074932337071173,46.881522711141415,10.379684604186574,36.50183810695484,375.2569206995931,-52.30995623418698,52.30995623418698,53.389227999290455,10.680737106476448,-30.90095014744146,-79.28248777255834,48.38153762511688,387.1936351884998,S1,3,35152,35407
-68.62070471577935,75.62298883464965,80.37238903995349,41.84399364663287,28.24354932159028,-105.44989953872258,133.69344886031286,395.89491073235985,2.6193312432171973,23.254199601246746,29.994428865855625,29.879840475263247,38.2201026320263,-69.62762346995987,107.84772610198617,522.9939737151153,S1,1,35426,35681
-5.455333989089374,7.813251630994525,19.156509799218075,18.36331121434869,11.623120574838445,-94.9743817889657,106.59750236380415,376.8363308367767,-60.914454651910106,61.61244832072102,63.97936493695805,19.564977694769926,14.08465715814027,-84.9262184717601,99.01087562990037,466.19974026670445,S1,2,35691,35946
-3.575421674269436,12.158132299958808,14.99159770489709,14.558995899327677,37.71365205937773,-27.296044577302148,65.00969663667988,374.18569159075446,188.91671876723308,218.42620743983153,367.0824802956213,314.738019168653,858.642199066328,-61.48043546960589,920.1226345359339,1985.0059898888726,S1,3,35955,36210
-11.143474929960083,12.335493408613637,13.992483135032776,8.462419912148523,27.278068813748764,-26.659074071701056,53.937142885449816,288.621488008026,44.478720010164245,81.72084762254669,157.8590690112803,151.4632930295838,690.6489206129831,-48.77460915292915,739.4235297659123,1034.5013174278108,S1,3,36083,36338
113.68717874962293,124.37404460911777,132.2752719309289,67.61636600966122,161.31533478784382,-39.09398905854119,200.409323846385,456.8819818593357,-105.04814161749604,105.04814161749604,109.1170089126427,29.519647300607144,-36.90892269479673,-135.62913219265738,98.72020949786065,463.2232066633745,S1,1,36465,36720
-32.651501511704126,39.4350684123944,42.166116135048696,26.68071961071511,145.3450807777323,-53.18556459251676,198.53064537024906,500.5265694576397,-66.6642333737073,66.6642333737073,68.3266257328262,14.980246083746279,-42.76203740445207,-136.4067557532013,93.64471834874924,492.00634946785095,S1,2,36729,36984
-42.58902318819887,42.58902318819887,43.266401302100576,7.626046518968344,-29.913856038428072,-64.81738626808142,34.90353022965335,366.4185292679924,105.46880698869836,144.21597295740685,271.83348896738687,250.538971971554,838.4562604602295,-62.74508673232745,901.2013471925569,1956.4355289046018,S1,3,36993,37248
-31.905377286458723,31.905377286458723,35.33988860560657,15.197191413725266,-9.951401822610494,-64.81738626808142,54.86598444547093,330.583528981295,85.68380871600704,142.77827389172825,265.80021292791304,251.61088632339144,838.4562604602295,-76.17041023622738,914.6266706964568,1241.095505587365,S1,3,37121,37376
49.362600782503335,56.336026562115435,59.65398251584154,33.49524255752643,82.20703525027481,-27.948495001623527,110.15553025189834,361.5939721941111,32.973429307538105,59.33861151694187,61.91830608338515,52.40829693795207,85.30776959509888,-96.21817562601302,181.5259452211119,689.9213913030251,S1,1,37503,37758
-3.5826599710562306,12.114362564237592,18.447225176729475,18.095984754987864,63.72656407793671,-27.465524315731106,91.19208839366782,351.0632635171711,-28.99420044043005,39.705821010163945,42.42476299210041,30.970903373264047,85.35412911147473,-60.425723083156676,145.77985219463142,472.00753917187217,S1,2,37767,38022
-37.84070893868439,37.84070893868439,39.67635943633781,11.92871515039418,-5.471518150016626,-63.92683036589801,58.455312215881385,365.3185267437998,141.4511809998628,157.1886438903,298.8442464966152,263.24788139294446,911.2524139394196,-42.587967414860294,953.8403813542799,2038.025378664846,S1,3,38030,38285
-38.412081910837806,38.412081910837806,39.159400666708244,7.61384422291898,-25.015176861725834,-63.92683036589801,38.91165350417218,282.62082657511496,-3.885113811459621,18.293952913915803,24.387232406361967,24.075776106159424,68.28697396958232,-43.34213353003812,111.62910749962043,425.951383063105,S1,3,38158,38413
118.7558093992817,128.7400886588888,143.5757345253495,80.6910731023892,188.00641632779667,-33.46120665872738,221.46762298652405,748.2258779548782,-85.91711538044854,85.91711538044854,90.94726229173932,29.827064942181682,-24.430221939167495,-128.94888142185877,104.51865948269128,474.27022238050995,S1,1,38540,38795
-37.532656026977996,37.532656026977996,37.89394949892537,5.220262463483927,-27.8911696714899,-57.33317837442925,29.44200870293935,318.2365515031891,-29.845863952622427,29.845863952622427,32.66993084742098,13.28716623275339,-8.054245953326832,-60.77092528576477,52.716679332437934,367.70187182693076,S1,2,38804,39059
-56.36260310474968,56.36260310474968,56.68285535740192,6.016898098240383,-40.65775436998842,-69.537756377114,28.880002007125576,341.37738676223717,66.25455844095217,121.08560456763576,220.43525824726146,210.24280383483116,805.6350499144457,-65.32901631257438,870.9640662270201,1950.4597369128928,S1,3,39070,39325
-57.33117429451948,57.33117429451948,57.515077626866045,4.59571631368345,-47.980414273425325,-67.53896983312156,19.55855555969623,306.2323363675568,-30.25280923840431,33.98069882626962,37.43605713036189,22.050530756706014,39.4046707235966,-65.32901631257438,104.73368703617098,469.0673446595517,S1,3,39198,39453
-59.89779981749186,59.89779981749186,60.06759320309151,4.5132394392229855,-47.980414273425325,-77.66896943742827,29.68855516400295,329.9932062776571,-25.38450153733698,25.38450153733698,27.131273531027123,9.577739039896086,-2.1305660908824766,-53.419034364788764,51.28846827390629,439.4525581897693,S1,3,39326,39581
-11.235419713710108,101.49387055096852,118.38069068443214,117.84631207967423,227.7784324514565,-93.07044858653559,320.8488810379921,554.7048201352447,-3.237112629241447,27.897110379867826,37.09885406638921,36.95735481422945,38.488819543782846,-84.2927572589222,122.78157680270505,443.7647017744082,S1,2,39846,40101
-94.45616051032684,94.45616051032684,95.00087860554042,10.158773423598134,-80.51656135782115,-118.69498547517972,38.178424117358574,315.70181860839506,146.62258976848852,157.05971055461703,280.95185565522075,239.65759192166962,814.6549514904245,-43.42587265705404,858.0808241474786,1886.5584124064196,S1,3,40110,40365
-89.01005640571529,89.01005640571529,89.12461997380481,4.517493124124257,-78.69149265549895,-103.63934788128887,24.947855225789922,322.121147018471,11.982948391434586,22.07450665183634,27.64985516708933,24.918335390014157,78.3972592790553,-27.300779465531804,105.69803874458711,453.6704856247544,S1,3,40238,40493
-86.77561257670575,86.77561257670575,86.9171049174549,4.9574377625273085,-75.29627635754426,-101.11625022782565,25.819973870281387,325.1854135321004,-16.023809688285596,17.39079834948938,19.7709597599701,11.5813804403431,14.355692216802838,-36.667065830080425,51.02275804688326,386.17268961533756,S1,3,40366,40621
188.12666504129808,214.91430466131442,224.64696453584617,122.77873014333125,261.5054246972055,-96.80581087515148,358.31123557235696,628.5896204811663,-86.1121125733776,86.1121125733776,92.44793318146912,33.635166383939904,-9.967588363723715,-126.9165482578926,116.94895989416888,511.6428992285516,S1,1,40640,40895
-27.938187241786018,27.938187241786018,32.83412327737224,17.249270855215382,-0.050860844448597696,-66.62611888992227,66.57525804547367,351.962351659128,131.2848464739471,151.3298481349939,284.8078898503333,252.74458096527349,864.3519769523092,-51.55075953850588,915.9027364908151,1968.8140177485107,S1,3,41148,41403
-6.269982565650111,9.07349054718479,10.965618249615309,8.996227110446911,12.020771993826648,-31.11453911904132,43.13531111286797,310.57694319765534,-28.925444233358533,33.353542903596285,36.48182881957694,22.23156562016675,37.90449408322544,-58.33647889440469,96.24097297763012,432.23758141284287,S1,3,41276,41531
9.169550119627917,11.546007386531901,13.915023364695394,10.466481063072267,27.42245021584046,-11.967666297852833,39.39011651369329,297.8182344693387,-45.18540933695283,45.18540933695283,45.82441646877971,7.626003393402439,-30.136269714994786,-60.68862121173568,30.552351496740894,323.8358414546152,S1,3,41404,41659
-122.632710653548,132.7978991264997,141.35843441865345,70.30949622245859,40.59492204202279,-177.55971373875417,218.15463578077697,490.7549294117125,-146.54239177672972,146.54239177672972,154.93397579423348,50.29775609074014,-26.601231644533925,-190.9379625891061,164.33673094457217,431.73267756037677,S1,1,41678,41933
72.44025567412366,72.44025567412366,72.90453022789303,8.214614149025197,100.37224580832374,50.3711213825092,50.00112442581454,324.61323484588905,198.47979426483357,198.47979426483357,334.0328976566857,268.6703332813491,895.6769941520697,1.580021489779498,894.0969726622902,1949.209372735398,S1,3,42186,42441
68.37070641289168,68.37070641289168,68.71516150180982,6.871675546908399,81.3734556331374,46.77652808914852,34.596927543988876,295.50614824766933,38.28024809518396,40.885729048422874,67.2741084760532,55.32113770539195,234.3211613994851,-15.312163685616584,249.6333250851017,522.517816279179,S1,3,42314,42569
62.32736414450349,62.32736414450349,62.80439215197632,7.726017886187239,77.78338885931758,44.51434764363578,33.2690412156818,332.9531308004747,1.1464342985906115,10.430733286620864,12.404695591031505,12.351605608388388,29.784717571515195,-21.658807405086296,51.443524976601495,395.45198855196566,S1,3,42442,42697
-137.93193120672942,160.66927782371422,169.86366512695082,99.13852472143688,67.7480426970011,-205.00702952333336,272.75507222033445,576.5707411517853,-118.04818619392739,118.97918283495943,132.5316743227057,60.24342648873468,20.328209460872316,-172.2365112380399,192.5647206989122,610.5204455703506,S1,1,42717,42972
-16.7881548247437,43.62116393615199,77.99272323849296,76.16444535172954,26.582596404066834,-212.98414103021722,239.56673743428405,513.6164258518178,-20.552055711649786,29.357643041397818,56.89834700025982,53.05690244810017,42.60640631858116,-157.8139582878735,200.42036460645465,591.0972888852882,S1,2,42981,43236
10.026113088920592,10.15571436513174,12.100074030235687,6.774130783012627,36.42472957526317,-3.764340536931881,40.189070112195054,305.8618727894834,132.4268821399804,134.9004448772091,256.23843530461863,219.3655775504511,861.8591118859142,-16.27411414958543,878.1332260354997,1876.2083778944598,S1,3,43245,43500
6.843055216992693,8.031091559664393,9.775899145901015,6.981461122717599,25.940269723994852,-13.105622842759312,39.04589256675416,244.6214556433314,0.3706061882873595,9.886418024320669,14.028268503271104,14.023372214024386,49.66918152269724,-26.0283899869866,75.69757150968384,416.75488157007464,S1,3,43373,43628
99.30231397481619,106.35017665999005,116.74911772352668,61.395495994974404,146.13026477499494,-24.89493472500259,171.02519949999754,415.8955882798055,-105.30012653434292,105.30012653434292,112.95626635818716,40.87788474753915,-12.566943595434703,-150.67257269047434,138.10562909503963,417.0354965699091,S1,1,43755,44010
14.43031918529412,14.45415233626688,30.475255346124012,26.842262881918,135.15551706114596,-1.4797861647777617,136.6353032259237,370.43146811710824,-48.71423795265002,48.71423795265002,53.36178905884752,21.780806969750486,-24.251953240766305,-137.85662091498742,113.6046676742211,457.0234699084689,S1,2,44019,44274
5.41841192194952,8.452653790679094,12.49791188693284,11.26226503762065,48.39474154347933,-18.219407552224784,66.61414909570411,409.7855086375607,168.7329514875977,185.4307767202921,335.61771089749465,290.1179741938756,942.3815178090504,-38.47543021053364,980.856948019584,2070.3840020645594,S1,3,44283,44538
6.417410431808436,7.4219332582545405,9.031977409159536,6.355584888055896,20.32316786571388,-8.764242390855683,29.087410256569562,284.6703786378821,-11.296264986246747,37.358343672400636,46.482266450610105,45.08875127729763,160.44866552963492,-55.587734957324535,216.03640048695945,424.82826423293903,S1,3,44411,44666
-181.6270575582668,192.50602043770618,212.0798231609717,109.49640795348067,34.27388094993911,-257.8892305757398,292.1631115256789,542.8663743742597,-55.5218684182456,55.5218684182456,57.48752275705389,14.904274557649916,-21.813031410673414,-83.51729501738401,61.7042636067106,381.9434364425672,S1,1,44793,45048
28.27207727479706,55.86734972282049,69.72920693490708,63.7405047543475,60.858025324807706,-237.19568943787732,298.05371476268505,539.0666075410754,-3.5955270484061406,11.999093531129338,18.28926002228251,17.932351139960453,27.859023036900137,-65.01811765425799,92.87714069115813,392.9519680327776,S1,2,45058,45313
41.08378227078842,41.08378227078842,42.06879160104837,9.050196743656414,64.02968516322474,16.7147380201993,47.31494714302544,335.12017958750596,134.33473701534334,155.29654236640104,283.61715824578107,249.78564987290798,897.4383963549883,-51.42442028352549,948.8628166385138,2002.8122018680979,S1,3,45323,45578
32.42945418202135,32.42945418202135,33.50791898805294,8.432741924551978,51.39710803849288,14.808132425902784,36.5889756125901,307.34727912547714,-18.289513501264768,34.93603844033198,38.62602575934191,34.0215161603418,94.32546296437263,-53.779269603740346,148.10473256811298,467.6147048636567,S1,3,45451,45706
33.48888147397041,33.48888147397041,34.63497015011639,8.83606105240421,51.91812419157379,12.616719453434657,39.301404738139134,385.06843782567853,-134.34438011141492,134.34438011141492,144.39506562984621,52.92941064027882,-19.28398278174401,-188.14805141916867,168.86406863742465,514.4805753603035,S1,1,45833,46088
3.041706090422575,7.2860154051211925,10.567559780694799,10.120343066222832,32.47505507107857,-12.537741795395537,45.012796866474105,307.81422876817635,-44.27821421443671,45.083402832540216,68.8504810131756,52.72407876602595,18.287882882910598,-175.62204932806594,193.90993221097654,610.3339380448284,S1,2,46098,46353
-3.845401587245048,14.787921107002287,20.719755481659746,20.35979257882021,76.35810155349428,-25.576133792167525,101.9342353456618,406.14014996156214,167.71015131819618,171.7833684336979,312.89058975780966,264.14735717742417,970.0670820323284,-13.933766781655375,984.0008488139837,2080.6480930408275,S1,3,46362,46617
-6.328697227932025,8.19767382134204,9.660552641301093,7.298895035038867,10.982529989067633,-21.396176344061328,32.37870633312896,265.75164772160224,17.22641304892251,29.12221853394931,46.82294098531705,43.53893080890245,152.78383061538912,-36.90517227855087,189.68900289394,481.20803231015225,S1,3,46490,46745
-4.867875145513901,6.280128832738412,8.98383517791769,7.5507010318035634,9.001555944501652,-27.47348709287676,36.47504303737841,351.4179432845594,-23.46178488028791,24.677942472101385,27.45420899045963,14.257567868431419,12.029382431347248,-40.36296013453476,52.392342565882004,416.23854734921935,S1,1,46871,47126
-21.404067704122944,21.892794905028694,23.50799841223306,9.720693137162257,7.530455622635155,-37.77444119925866,45.30489682189381,327.91211232294063,-30.377559133724887,30.676879706291544,33.092721645081525,13.12753316338965,8.392450088608653,-52.79505509321936,61.187505181828016,390.413490069531,S1,2,47136,47391
-21.029358971615963,21.04549866627955,22.53012690133844,8.08533731104209,0.9138607873405491,-40.909575505398706,41.82343629273925,325.366270708134,75.42564938958674,138.57443473682554,234.3677782747815,221.89913678880382,813.4350644275011,-88.94541108528884,902.3804755127899,1936.3634877336965,S1,3,47400,47655
-27.361041458680866,27.361041458680866,29.16834360665235,10.107703945609199,-8.96170246322439,-47.2301483210507,38.26844585782631,286.5520814137417,-72.51067883069734,73.37557112100286,78.45533464716901,29.957319474725,21.754832118600635,-107.50922502026879,129.26405713886942,452.53825317487554,S1,3,47528,47783
-38.58415892717193,38.58415892717193,38.909603456889165,5.021943951807921,-25.753997424431972,-49.591963265072366,23.837965840640393,253.6830553199453,-82.76890792071569,82.76890792071569,84.4142155390845,16.585164053789196,-53.351306493622005,-107.50922502026879,54.15791852664678,409.1596533749611,S1,3,47656,47911
-10.310437795042645,58.11271458092749,75.76264422876821,75.05779861553003,196.65951718542487,-54.42536606735249,251.08488325277736,497.60031029215315,-42.326975167136595,56.85185916109216,57.78103045370699,39.33286988630269,76.59553813266317,-77.54277589274761,154.13831402541078,514.8798173619194,S1,2,48174,48429
-39.3351164145588,39.3351164145588,40.01971491499124,7.370630809522298,-19.52308295780991,-53.06891738336733,33.545834425557416,340.7706146291504,95.0941681529508,151.90969607887453,260.20670981440287,242.20782608275726,794.8892114902721,-71.75704595205458,866.6462574423267,1884.8617885409558,S1,3,48438,48693
-26.37461005444596,26.37461005444596,29.486591188467898,13.184802023229272,-3.3275696928375673,-53.06891738336733,49.741347690529764,340.55945657684254,105.75350534603494,134.72725873545144,256.4956235318127,233.67969744502741,794.8892114902721,-53.475537325001106,848.3647488152733,1483.829512827838,S1,3,48566,48821
-11.577836586185777,11.60458683747622,13.763694499741115,7.442646455783178,0.9367477117156755,-31.456649277556494,32.39339698927217,288.6463221185226,-44.33826587941485,44.33826587941485,47.893421243039526,18.107953423000243,-6.3051004198758775,-84.28689314042113,77.98179272054526,385.2998077994248,S1,3,48694,48949
-17.39341273935313,17.60747696685882,18.958059473243534,7.5416982351156845,6.969457943256589,-30.285312176437728,37.254770119694314,306.960411736295,36.92850037031389,61.82545141106997,63.2421232970332,51.340549466448806,80.44474271547215,-85.83835625919282,166.28309897466497,500.66586741751524,S1,1,48968,49223
20.185258846768924,20.185258846768924,21.348471015924048,6.950722265109293,37.19992018823717,3.0855599687891613,34.11436021944801,269.3297155529143,65.78916199260824,113.51343803420374,209.04667841548405,198.42454465326904,762.0789646878204,-69.95433061534185,832.0332953031623,1756.8105130104195,S1,3,49476,49731
27.20265939646543,27.20265939646543,27.86623516502527,6.045029696567407,39.08767102049198,11.467847005635281,27.6198240148567,247.6391758103623,-54.56744652944508,54.961970438380476,58.86609713651326,22.081919557447144,8.576931600778645,-89.84459381791437,98.42152541869302,389.1452333580807,S1,3,49604,49859
24.714630875541573,24.714630875541573,25.73435451788855,7.172448894073622,39.08767102049198,3.5738989959890484,35.513772024502934,301.68722689013504,-60.898712271700184,60.898712271700184,63.25139772713144,17.090528314959773,-17.109963572684865,-89.84459381791437,72.73463024522951,408.4501375867335,S1,3,49732,49987
-40.992827556262576,45.33903167848636,49.09973017525701,27.025387919982997,18.492032717656834,-68.26390096581562,86.75593368347245,366.31919838245506,-103.70779898265144,104.16950526684633,116.09146409573808,52.17202762080468,12.279224726255453,-152.00341258296712,164.28263730922257,536.7656406392445,S1,1,50006,50261
-4.283270670505223,5.448759833414982,7.143636063467729,5.717090918506233,6.786621372763167,-20.285513136110787,27.072134508873955,276.0241656699513,-12.885546847596526,13.383225679465294,15.610526284390277,8.81199258476963,5.399383554671022,-36.91733176915982,42.31671532383085,355.90456157876156,S1,2,50270,50525
3.1089063991031365,26.993167035736924,41.66472075593725,41.548569851101306,124.75853110340603,-35.01926804909285,159.7777991524989,670.2032096091569,131.99086467117615,134.28884298143714,258.6297921840377,222.413536118002,894.4480593268265,-15.979166957616114,910.4272262844427,1988.6701048867833,S1,3,50535,50790
-1.675052594752442,30.760834118386704,43.11933444091356,43.08678685434976,124.75853110340603,-36.62721716782869,161.38574827123472,594.6531362256985,1.3770098344626511,18.441155899797106,25.07106022857076,25.033216031912794,76.05343986641947,-37.40814896473902,113.46158883115848,479.5911897119866,S1,3,50663,50918
77.85900796168309,85.44745231997581,90.74825057571454,46.61780627373238,113.65401610761202,-29.738115960789074,143.3921320684011,455.4379125013783,-18.16213075184598,18.197498219803364,19.969488618089613,8.301655390394213,1.7488663699931464,-33.953404278191194,35.70227064818434,428.6950334120608,S1,1,51044,51299
-20.12667005467185,20.13044121193185,21.048382603529067,6.16048396921219,0.48270812927994416,-34.550112221119456,35.0328203503994,338.51870775047985,-39.617973922471876,39.617973922471876,41.203556171696825,11.320299619379073,-11.083437952664001,-61.78074740588899,50.69730945322499,392.04713569979486,S1,2,51308,51563
-36.83959736683455,36.83959736683455,38.09223548074475,9.688264538606763,-11.974411124693184,-55.60527755278697,43.63086642809379,318.56038749163724,133.56651305472298,138.88448877036407,234.33169943987465,192.53916991818127,783.1275812433094,-26.73503817936859,809.862619422678,1730.7777374025723,S1,3,51572,51827
-41.42639803967057,41.42639803967057,41.8259056836533,5.76714242208736,-27.9656740309496,-55.60527755278697,27.639603521837373,292.4197485669954,19.9243112009824,31.749296411761982,40.12724562927817,34.83127423679518,86.9545711552971,-44.48385363760402,131.43842479290112,443.23430643827,S1,3,51700,51955
92.95846373709074,105.78529236699242,116.34043470224853,69.95584869293015,150.2501411410177,-40.52960431961047,190.7797454606282,634.7633327748702,-126.33480908922454,126.33480908922454,135.32867894861718,48.51151779079989,-32.14982195076438,-175.72545375333502,143.57563180257063,547.2710038443684,S1,1,52082,52337
-28.6585992463137,28.6585992463137,29.142746679417563,5.290025827903993,-13.144687576061997,-39.87596627347878,26.731278697416784,282.12595126849044,-7.243601885894931,12.412726622188368,16.798083718441912,15.156049892054416,14.083956335332715,-46.23718586914031,60.32114220447303,458.20112045775124,S1,2,52346,52601
-24.058357741254703,24.058357741254703,25.55927450083762,8.629712382401742,-2.8168622722330925,-47.15210462364919,44.33524235141609,381.4992387630041,105.02769038810645,125.46735723472806,241.4539348111703,217.4147807476229,835.5083175518613,-50.347636294770204,885.8559538466315,1909.0928332095516,S1,3,52610,52865
-14.259261123468821,14.259261123468821,15.806587059686796,6.820679342132185,-0.6447927368209678,-33.48052016707308,32.83572743025211,306.36268698249773,-24.73572904591304,32.09869111556006,34.58577984323269,24.172709321293194,60.56972712545265,-55.40662468387583,115.97635180932849,356.0801048855381,S1,3,52738,52993
0.6201474739531854,8.954124487578222,10.795696693194406,10.777870114359242,23.967029070046557,-17.82492414610552,41.79195321615208,266.0161857463193,7.685554152438359,37.33195385054188,42.90850690527062,42.214597264567075,71.91104240699387,-61.185937627163,133.09698003415687,474.7740623243877,S1,1,53121,53376
17.605289775748755,17.605289775748755,19.179294818313167,7.609147234722864,37.81833238464733,0.02371827960336286,37.79461410504396,338.7022756313521,-55.218973382635525,55.218973382635525,56.950506783013026,13.936470191903052,-2.150376869920597,-70.71019843191296,68.55982156199236,444.7649727898903,S1,2,53384,53639
6.711074543088797,9.093983255110036,12.627364258327352,10.696345478227064,39.96187277744372,-8.969937474431612,48.93181025187533,350.11833493426093,137.25325819824974,160.42776937428167,267.7058940292944,229.84340062744545,781.4600314479223,-71.58689306924217,853.0469245171645,1777.0873072042048,S1,3,53648,53903
3.9981519813751936,5.395458945107496,6.5005165456285,5.125572757635531,14.770628905251984,-6.013509626448352,20.784138531700336,304.7292700594412,-4.612613312348376,36.81532823796178,45.859606767646,45.62704605071283,128.29308565333307,-59.031041541513964,187.32412719484702,459.2312703268182,S1,3,53776,54031
4.100771753569806,6.006524039593134,7.003738726154496,5.677677973376109,14.770628905251984,-9.18123934740794,23.951868252659924,303.3933072296753,-38.15113022100297,38.15113022100297,39.73049158107431,11.090681860638247,-16.883289715278394,-59.79550358667384,42.912213871395444,435.6104400741279,S1,3,53904,54159
-60.530928661946646,68.76614302187176,73.01417700322605,40.829850829763615,34.81128400526612,-91.68138390692995,126.49266791219607,435.9631783859453,-71.97453654293568,71.97453654293568,74.52953062648959,19.34727435155831,-28.651966070432255,-99.744059190971,71.09209312053875,505.88727661652683,S1,1,54161,54416
44.770311685049194,44.770311685049194,45.69993136587964,9.170764333994077,70.65617412087477,23.642533532480318,47.01364058839445,384.31543662218513,127.09115853847302,131.02922693350763,254.89408867124266,220.94984467270402,809.3037271226807,-25.107023195866173,834.4107503185469,1856.0111944848863,S1,3,54679,54934
54.78117245943561,54.78117245943561,55.43139071944292,8.465354160406791,71.80151025145622,34.78586011991234,37.01565013154388,404.28876810946866,97.03970850538015,98.81152213449865,206.4220104382471,182.1903986673245,809.1412231729729,-17.969347561052263,827.1105707340251,1085.7172915124067,S1,3,54807,55062
57.90735322094953,57.90735322094953,58.1921128276548,5.749820718134779,71.80151025145622,43.17137007732457,28.630140174131654,302.37085890299056,-2.8511370766099917,11.133944631833673,13.715063924328183,13.415438711379817,22.703229361849445,-34.099382892289086,56.80261225413853,494.50565674136647,S1,3,54935,55190
-140.18232673835382,161.3150770321663,170.19306082291612,96.51214028553214,69.44925142993277,-201.53790851524423,270.987159945177,533.0668152693916,-60.35279351643656,60.35279351643656,63.2973967497941,19.08142421474923,-15.577685472819828,-88.76471898334934,73.18703351052952,398.2276306510929,S1,1,55211,55466
-0.26034181234372156,80.89667467687465,97.98334337994342,97.98299751514365,66.15727977570239,-194.6885240252484,260.84580380095076,591.2211035445343,-29.158680130494854,29.1611545370089,39.7300751258876,26.986112031119955,0.3167240337978585,-91.41943128185842,91.73615531565628,435.38732016925366,S1,2,55475,55730
27.250416885138,27.250416885138,29.16697792292863,10.398431648224266,47.540429600822215,6.766578313674155,40.77385128714806,393.0406892338923,78.72328401917784,135.69445388032653,243.67334889535687,230.60647327235674,846.562712358678,-85.46294315208735,932.0256555107653,1959.1265749336828,S1,3,55740,55995
12.693924675438709,13.071627176083405,15.74777932725972,9.319701179456178,33.32282686642219,-6.172069140579039,39.49489600700123,362.329357000385,-71.15665371295914,71.37077260975147,76.59852982761122,28.35604704689042,12.552359583254557,-102.20975012159661,114.76210970485117,369.90439585948553,S1,3,55868,56123
27.92649213495718,30.046098811317073,32.67922898473013,16.97183089924598,47.35362467716808,-12.918810121239279,60.27243479840736,331.85758268092223,41.09141038978696,75.4028732498234,76.51936524707348,64.55005228497608,98.60795060604087,-107.74100573753567,206.34895634357656,586.1252011650224,S1,1,56249,56504
4.37365243584493,14.013039057221393,20.311907996295133,19.835442289507583,48.37528211736512,-18.788487843150396,67.16376996051551,311.2162869279795,-13.943299062820953,43.995326086926426,47.481126966155465,45.38768367322695,119.12273113545828,-57.09786182530127,176.22059296075955,605.0334127616491,S1,2,56513,56768
1.9018544458181932,5.072686999566292,6.070758219853092,5.765158716881562,16.582589897301155,-9.844010734116551,26.426600631417706,352.42628833520246,59.70218239169644,124.90673304551203,228.85874033587785,220.93431703968804,840.3885813110323,-81.21783323574833,921.6064145467807,1156.3674144036127,S1,3,56777,57032
11.031140517600578,12.581690325762096,15.560384843316829,10.974493854072493,38.88413372890599,-8.118380086793309,47.002513815699295,381.8394102539213,-58.70485306238349,58.70485306238349,59.676618013941464,10.72562187035542,-22.299656946964642,-81.21783323574833,58.918176288783684,384.26224363127596,S1,3,56905,57160
21.91492857015767,21.91492857015767,23.201700039516655,7.619369428541608,38.980864217163365,7.462622888311329,31.518241328852035,379.28166420215575,-61.204236035967185,61.204236035967185,61.7036124554244,7.8343654052399465,-44.32804960024698,-76.3475610382579,32.019511438010916,403.58052719807137,S1,3,57033,57288
36.93242045763909,75.91470292216792,78.55603481873521,69.33287045537998,88.68609133823527,-115.23150267601,203.91759401424525,462.7948257462782,-13.196804433471934,16.213515627499817,23.64528906117218,19.61999101760967,20.55944008216258,-64.01768443090685,84.57712451306944,481.1551480931321,S1,2,57551,57806
84.30650768572579,84.30650768572579,84.78359679979093,8.98170630482745,102.84328891518668,65.91124784156145,36.93204107362523,419.8679822430419,127.17413462163393,132.02277581445554,250.32638990705433,215.61549333741564,858.5130528563144,-27.651657272986736,886.1647101293012,1743.7811247020406,S1,3,57815,58070
77.74523430400356,77.74523430400356,78.5877732968079,11.476787650125077,102.84328891518668,60.9944551009751,41.848833814211574,356.0492828327679,-8.906740464226232,17.406873885241563,20.59293958486324,18.567152044639013,34.269036105712885,-39.96418983529631,74.2332259410092,398.6440618387025,S1,3,57943,58198
71.00762277960044,71.00762277960044,71.20957962314259,5.3592664884902295,87.97222587941532,60.54409344780407,27.428132431611246,278.2249180231935,-28.583386964535666,28.602773597466573,30.599299360211106,10.922779452658947,1.505955297608866,-47.536119017638946,49.04207431524781,399.9886022096942,S1,3,58071,58326
-212.87087855069026,232.60899265566604,245.38066849203858,122.0559770542066,77.37160101862342,-291.376922288728,368.74852330735143,601.5302161714158,15.876362414668638,25.160532435674064,29.775128840021047,25.189271802057917,80.99599522537754,-39.26784354695079,120.26383877232834,540.38941222475,S1,1,58345,58600
0.24059153491819973,5.755058915955191,7.230535658189808,7.22653178348231,20.99040774412543,-14.692203704565994,35.682611448691425,385.98235941256723,53.54538824966023,150.62845628259726,244.53880095328756,238.60451917108517,810.8985557578075,-99.37255275528535,910.2711085130928,1982.7868755030838,S1,3,58852,59107
18.344533952103447,20.467884798465576,38.225192620083384,33.53570373382078,90.68679004417305,-10.718563634862592,101.40535367903564,351.80150752307713,-85.56085906021374,85.56085906021374,86.18398766147315,10.345004886958547,-53.158718203316404,-110.43725039612318,57.27853219280677,391.8710125480842,S1,3,58980,59235
33.22011232267839,36.34734932277638,52.52171740325228,40.68113735204223,90.68679004417305,-19.13195441735056,109.81874446152361,450.7918334427941,-89.68687759432635,89.68687759432635,90.08449698091135,8.45461907386418,-67.48776728948347,-110.43725039612318,42.949483106639704,443.660685093471,S1,3,59108,59363
121.89953895013731,123.5083084818379,136.07199052700022,60.465601871841095,160.97307203444265,-11.167570891731371,172.14064292617402,452.9014355312455,20.483487055457655,49.378344348494686,53.35513239725894,49.266590212617004,104.02370178838146,-87.5831107139841,191.60681250236556,683.3407012726684,S1,1,59383,59638
7.130733259883793,27.11544455255471,49.62130905194619,49.1062822376643,147.29737640207634,-25.751199322802208,173.04857572487856,432.1737757962867,-16.30980726329627,27.966516288438807,30.43268723028947,25.693163275290804,54.54936648065709,-42.428387217900905,96.97775369855799,519.2935703900249,S1,2,59647,59902
-2.0065920566988944,11.380811200343345,14.553646054018499,14.414652329613821,39.51284516692432,-27.253866123315067,66.76671129023939,378.20997236231256,161.80090425357656,202.83588174372093,358.9837724606192,320.4525179691721,959.8822966489276,-56.85961888607447,1016.7419155350021,2189.4726838290135,S1,3,59911,60166
5.691889015451388,8.768259907098834,10.047516819839426,8.279794301837457,18.87404833799633,-14.750477086725182,33.62452542472151,379.9616533291512,-36.21225905340448,46.75906835491112,50.06439001698216,34.570441738884796,101.87986834464274,-78.1376277946062,180.01749613924895,502.21972300169443,S1,3,60039,60294
-132.6024461241983,136.59786458477421,147.556948096842,64.7274610465544,19.780990019369693,-173.47275838243786,193.25374840180754,524.9850089516118,-53.20826976321432,53.20826976321432,54.29285912231891,10.79789703974714,-27.269359333761514,-87.48722200549062,60.21786267172911,382.43641596863813,S1,1,60421,60676
-15.56363654997746,57.27276090546233,78.79128751467908,77.2388516587412,41.366600233994184,-169.44073822660388,210.80733846059806,507.7207457571085,-37.14429266757834,37.14429266757834,38.062525550579316,8.31007662502515,-16.88077800630638,-52.6374387964319,35.75666079012552,434.4019330592796,S1,2,60685,60940
40.49443588738082,40.49443588738082,60.22092890521016,44.57309659838748,204.43864147458362,3.6806623618147327,200.75797911276888,572.3845779295764,111.88786588569306,161.20962622051889,283.24436128062024,260.2085195853735,875.5110219234177,-90.13584050319123,965.646862426609,1993.7554617829323,S1,3,60949,61204
58.351942433963416,58.351942433963416,82.36459286356097,58.12896843883934,204.43864147458362,9.539081365354827,194.8995601092288,615.6670775186249,-51.29484315836408,58.81997209971466,62.83968916604196,36.299663908135564,57.55318787415895,-103.53706846028054,161.0902563344395,452.1804371983312,S1,3,61077,61332
-19.27051574500195,26.98095751307443,29.53308871129739,22.37969060892025,34.60185131880621,-55.07799935267774,89.67985067148396,357.43689510868063,12.554768844252168,31.24834190394953,34.80712306178682,32.46403541006212,59.03626977575917,-73.22855817435762,132.2648279501168,564.2418451625646,S1,1,61459,61714
-0.36421219776867675,14.042824617521605,18.722256154420336,18.71871322999331,24.329841520611737,-42.43890834373798,66.76874986434972,275.1753180823302,-32.18405179993933,47.20619111345243,48.591591604748295,36.405076355111056,54.41347154584869,-66.69099060446739,121.10446215031607,525.5334899643209,S1,2,61723,61978
-7.089590821389481,9.735901373740443,11.523480705049739,9.084509317785063,22.779296183693056,-25.51684725912038,48.29614344281343,372.93903936952705,53.8468845094729,144.19005153394897,243.2157202375037,237.1800995009302,863.9101707183119,-102.64311034466192,966.5532810629738,2123.8711825249084,S1,3,61987,62242
-12.744290433539584,12.795759952281962,14.308335175644928,6.504730343695226,2.304605977906813,-29.950019452795676,32.25462543070249,312.52532777121235,-73.06709734180586,73.26189594504169,75.83708541959871,20.309180460633556,11.59091984278465,-102.64311034466192,114.23403018744656,435.3720683925592,S1,3,62115,62370
71.30325981036631,79.36339822326002,85.9059830363762,47.91328690312903,111.13080181562579,-27.884329516641426,139.0151313322672,385.8893625903078,17.672817534314653,45.09693317486092,47.27435385984785,43.846733667001146,76.20277353388673,-72.58447741491973,148.78725094880645,497.103708189232,S1,1,62497,62752
-1.0462525946559058,32.7041671133872,43.63319980460309,43.62065429010196,107.43909107324502,-33.71750142875155,141.15659250199656,412.7682933978932,-19.94180316097178,32.15010002475171,35.13266386390969,28.924532094115577,53.04440437940305,-61.38337209252938,114.42777647193242,460.5559276405799,S1,2,62761,63016
-17.713538607961258,17.833753313114258,19.521445672348193,8.204717613830958,4.101272903086925,-36.42539510267522,40.52666800576214,304.28599048250965,113.27903214789785,159.03136764928792,289.52494001737887,266.44427516406193,910.9696514214601,-70.34647478182261,981.3161262032827,2160.440250684511,S1,3,63025,63280
-4.786686985648822,11.789223355314979,13.912451035419974,13.063074734318047,16.36214332059277,-30.98982601989411,47.35196934048688,259.7251833692777,-36.368242836164065,43.97159574647539,46.25209926419259,28.576346851102674,81.29483235666919,-70.34647478182261,151.6413071384918,511.40672235655916,S1,3,63153,63408
-66.34279630090829,74.99077271641283,79.35964622171376,43.54982006176093,32.860865950762516,-102.56606821532509,135.42693416608762,408.21897844809325,-7.42194672657292,23.905543377625136,37.272630812661845,36.52620585942238,45.348934480671495,-89.55235226544977,134.90128674612126,557.4843489838959,S1,1,63535,63790
-12.931582388909764,22.7115411829222,39.64703440439294,37.47881420191888,26.349637828945973,-100.73968137190681,127.08931920085278,409.73910757707404,-38.78465914768539,51.10356445097342,53.63679118638096,37.04936684437804,42.98309823113177,-81.54882059969314,124.5319188308249,470.9361159638911,S1,2,63799,64054
-2.808810008629524,5.890450958112342,7.323837005537957,6.76381362983264,18.692701363887245,-15.781900544518962,34.47460190840621,329.1936084721314,88.6156872955421,131.62403543922989,227.90093572146205,209.96689374245807,792.7738856388526,-68.43699355116124,861.2108791900138,1886.1362320419237,S1,3,64063,64318
-0.441417906448634,4.695339774153071,5.802330474542443,5.785515462572927,13.331598853321609,-13.553135529341303,26.884734382662913,268.45146372262286,-19.21893289154521,69.2823877430917,82.31187289351095,80.03672305728031,221.9724243852632,-102.52845907012379,324.500883455387,578.853626317269,S1,3,64191,64446
-7.74704015476371,10.223479537143564,12.248610062420525,9.487455786548258,13.331598853321609,-27.25116312640152,40.58276197972313,336.3447737113819,-74.03827206871551,74.03827206871551,75.17330008883243,13.013812482301834,-50.00764586599358,-102.52845907012379,52.52081320413021,484.3906648098407,S1,3,64319,64574
17.458014236327905,41.33481560170526,63.846143465622674,61.41292839750476,142.560965316716,-28.17438785577346,170.73535317248945,493.23427398329295,-27.402865136122106,42.18714629768333,44.28988672723275,34.79478479086501,45.810321045432524,-70.88771315166085,116.69803419709336,573.7734845831994,S1,2,64837,65092
-30.787001971621876,30.787001971621876,33.48123120937829,13.158774749010549,-1.499255473170931,-51.1154555659639,49.616200092792965,340.89321189327836,68.8586538796375,127.73043846561573,226.53655189859947,215.8177359069248,806.2416912983549,-83.11169034125474,889.3533816396097,1977.5414895591148,S1,3,65102,65357
-31.498879770758485,31.498879770758485,33.596361252456866,11.68486468012732,-4.127535518729653,-51.1154555659639,46.98792004723425,307.06530175988837,-41.11872886198361,46.11732281028045,51.07982753899359,30.305097231126062,57.64612907661873,-83.11169034125474,140.75781941787346,548.0149914315681,S1,3,65230,65485
-13.420277204911898,14.722240552937114,18.165085287410086,12.241996701608954,8.172586992512791,-35.81102325442253,43.98361024693532,342.8714022423383,-23.417728925678315,27.134502869165,37.52983339548095,29.32743368684015,21.09952947782345,-83.02361205337317,104.12314153119662,564.7872770409183,S1,3,65358,65613
-54.96968942613347,58.19107227439251,60.66089713484108,25.653024882032927,19.30799737524749,-75.78394058524785,95.09193796049533,324.7745983654566,25.150146805049296,36.25303929566927,37.72470195784281,28.118023641297015,59.693818964586086,-61.24724050580414,120.94105947039023,542.384734183756,S1,1,65632,65887
12.342231888801463,12.370264972043119,13.298167175145029,4.9508142987953985,24.611489905164184,-1.6751651252310014,26.286655030395185,320.7589543457939,49.530356045892404,104.41646657677566,200.27605852038477,194.0547434267653,776.288159589257,-72.20945411777612,848.4976137070331,1915.3207996410354,S1,3,66139,66394
11.70792242260275,12.092789014044303,13.37277151677901,6.461855042191194,24.51933698089476,-6.586065888931602,31.105402869826364,300.21428509793935,-23.08207620371815,60.03727551258994,74.88459651789833,71.23847663850049,324.8991871107915,-81.95114357944159,406.8503306902331,799.8171446211182,S1,3,66267,66522
-2.3949598768226457,13.967938339396433,15.563041088171078,15.377659610633566,24.51933698089476,-26.03965594522855,50.55899292612331,347.79762576999167,-59.98961331388921,59.98961331388921,60.58122322479958,8.44576236126992,-36.85488751829481,-81.95114357944159,45.09625606114678,557.2177457946098,S1,3,66395,66650
59.05697050856527,68.22195795487434,72.04547085938901,41.26528935681323,93.67106335842594,-32.33835429800416,126.0094176564301,408.73545110495985,43.761885192916935,55.49554840881399,60.73405519143319,42.113214842350985,149.74865805406196,-42.90957609237122,192.6582341464332,635.7267173890234,S1,1,66670,66925
-35.78267800038627,35.78267800038627,36.5257316111846,7.330008516568204,-11.219323965889851,-54.335529533692885,43.116205567803036,367.6864043536315,96.92787126389314,138.9357472424969,250.35746687981424,230.8329460773038,815.4766656522794,-54.4347591105688,869.9114247628482,1884.6905079044234,S1,3,67178,67433
-37.197869315755625,37.197869315755625,37.49454073845797,4.707345701757048,-26.96918304782537,-50.386410926117875,23.417227878292504,282.212604999523,-28.710360447316884,54.745931232853955,61.402017926171446,54.27635772959551,163.90782559718244,-83.75401503081756,247.661840628,511.78827145890307,S1,3,67306,67561
-38.46266032141956,38.46266032141956,38.714215473197214,4.406159405223516,-25.483561133926017,-49.575939635372634,24.092378501446618,325.10329937296285,-56.755502984240884,56.755502984240884,58.05075035007526,12.194363337730561,-34.203886904122626,-83.75401503081756,49.55012812669493,427.35947178452415,S1,3,67434,67689
79.88412386549601,93.56168838485087,98.01589946888339,56.79474714211118,121.51437415711523,-48.60661916177156,170.1209933188868,380.8480695733946,-78.02541553719348,78.02541553719348,79.50493204297884,15.266589318081737,-37.282315620176504,-98.97097684399543,61.688661223818926,435.6719618037413,S1,1,67708,67963
-16.142405286954155,47.659336188262735,53.11010565711109,50.5974907921452,108.55303372146066,-54.27384076360741,162.82687448506806,440.27397177252726,-37.541187618238595,37.541187618238595,43.34133474486888,21.659421268330043,-3.3034957990641853,-93.42433410942296,90.12083831035878,470.4147838847165,S1,2,67972,68227
-33.848422126854636,37.2751131795617,38.574548178286875,18.500813135676847,89.56532888990318,-61.832924683316826,151.39825357322002,434.1532464468731,115.04696236361406,126.89203061145587,249.87356153439458,221.8129689733854,867.2385722494053,-32.328364717746766,899.5669369671521,1984.9629876312106,S1,3,68236,68491
-9.867006156482272,33.80829092891138,40.018698644574506,38.78322357299881,91.43468917388567,-41.526867038267106,132.96155621215277,499.6622583540859,-15.29238819588124,29.065400824458262,34.614000917774455,31.052728105629672,69.2538997995078,-69.04969686670044,138.30359666620825,496.6444824276358,S1,3,68364,68619
-22.705641638973447,24.169159673752404,26.590535633847548,13.838729098346839,9.364314852298268,-47.781356072684055,57.145670924982326,323.0734390453581,21.212982702239476,28.71335660723529,29.85504317258682,21.00792630678982,51.48805077381349,-35.02612661722385,86.51417739103735,530.775797717877,S1,1,68747,69002
38.26836071717514,40.334688485218194,42.289875511773836,17.999059387131737,54.409138570548215,-17.047329467374077,71.45646803792229,360.1962287368571,-43.135566136978994,50.873185259631,52.44777097265817,29.834403195685283,43.14371074247473,-73.25994224876901,116.40365299124375,443.97046501823576,S1,2,69011,69266
50.400162049142374,50.400162049142374,52.25675062862586,13.805493532741867,104.15445630308457,31.53489577328106,72.61956052980351,389.372038410408,111.84091790179174,167.66753093757814,289.84798088461616,267.40131096494923,870.4558377648908,-76.85680466710932,947.3126424320001,2031.1262430031811,S1,3,69275,69530
56.21647586125595,56.21647586125595,57.08147065699393,9.8996027246595,72.3019954085457,34.15476045616626,38.147234952379435,280.6154124870602,-34.64108775973004,59.088042725392434,65.42553051793652,55.502207905416924,167.0079499337162,-84.26122412714625,251.26917406086244,485.62727382921275,S1,3,69403,69658
-186.8403107082022,214.89281629971987,231.4151921669914,136.54189635473796,77.5860752746906,-283.4202155934968,361.00629086818736,634.7789935646539,-46.60999598912058,46.61029261640361,48.73175099521195,14.222933204986402,0.03796829222847109,-66.92598987123971,66.96395816346818,416.1455483996073,S1,1,69785,70040
13.851534316650806,90.25938631812225,114.09792562138635,113.25401373981434,77.82395434118607,-272.97591185276525,350.7998661939513,602.6412356716648,-23.229324175107948,23.24148705374626,25.97310781678877,11.61898567131741,0.905349088714692,-48.03357125205721,48.9389203407719,383.7891344841888,S1,2,70049,70304
56.74696855212096,56.74696855212096,57.616858033746645,9.974161108860734,91.59745757945456,38.21662798570068,53.38082959375387,348.5783733946505,106.70106471193311,112.89267753253128,226.90561522564803,200.2524432067427,821.4867298284531,-24.591491655430055,846.0782214838832,1851.380641224567,S1,3,70313,70568
48.24354572070871,48.24354572070871,48.597158747976955,5.851848824940843,60.99885270711228,32.952568904523424,28.046283802588853,290.662742900226,-4.548593211255708,18.33949826944229,23.413726535402244,22.967648771111026,75.33183421510779,-40.972301919319456,116.30413613442724,422.9334862072983,S1,3,70441,70696
-54.0926161775879,69.55315499617126,71.4191013469029,46.63343127267545,49.23608356899444,-89.24449041210327,138.4805739810977,359.46895890579026,-68.61582020404198,68.61582020404198,71.88737720281172,21.439781221503143,-14.060421875276653,-99.04767154495164,84.98724966967498,389.4398065887826,S1,1,70823,71078
12.077620985257834,33.11017103141788,37.93088512803233,35.95668391179092,48.58517497888012,-92.5384516545226,141.12362663340272,416.09336276925796,-26.32836705410393,26.58742185743517,38.03389506458776,27.448028381806363,5.270888117142468,-97.79489647860628,103.06578459574874,467.59205133826185,S1,2,71087,71342
24.664046606828215,24.92587520952968,33.9891657301537,23.386923525937746,108.48130963684449,-6.183223399409991,114.66453303625448,418.3944176949142,133.85766612637238,190.26551729934306,322.8802031819563,293.8260553899569,897.4986714297271,-87.06441789549112,984.5630893252182,2070.0559414201066,S1,3,71351,71606
18.191362941411104,18.444087770529755,20.761936467242332,10.006613823050321,36.86161682104702,-6.183223399409991,43.04484022045701,303.757410736243,-15.02038596396893,75.42832164949179,97.5667566520045,96.4036306841442,371.59593894894317,-87.06441789549112,458.6603568444343,672.4199651853462,S1,3,71479,71734
-42.111964249302055,42.25584947366036,46.35911522453052,19.384272786638203,2.48628692339528,-62.20224613830141,64.68853306169669,343.361882691736,-15.676116291128558,15.676116291128558,17.5353373534803,7.857953558489347,-0.0074431955321554305,-36.95768905745752,36.95024586192537,397.4937647487409,S1,1,71862,72117
0.24923908724657284,16.382893914282683,23.089008656988927,23.087663386317338,26.20888853569941,-62.857133243556945,89.06602177925635,323.2935256480996,-20.61460186422569,20.636460209929403,22.185911451280184,8.200783920059584,2.17975713583844,-42.543285277805396,44.72304241364384,423.26715668953517,S1,2,72126,72381
20.28250504044449,20.28250504044449,21.111624774498736,5.858386288353875,36.86000810493139,5.539195012096005,31.320813092835383,276.77599929019743,84.33799034874815,119.62791458852485,240.36789378934628,225.08626734801246,826.1116148623437,-64.22478862969037,890.336403492034,1878.8616861375945,S1,3,72391,72646
23.320962162607465,23.320962162607465,23.8508803394743,4.999721670068497,36.263287537623384,11.688938739252587,24.5743487983708,285.02228761180896,-42.3118774656574,42.433869829009126,44.92157342462429,15.088167028340614,4.314601008777083,-64.22478862969037,68.53938963846745,362.9852993191748,S1,3,72519,72774
23.53482775183339,23.53482775183339,24.289251636443645,6.006631980570553,36.263287537623384,8.385878469260865,27.877409068362518,291.20231266129946,-45.918952560201944,45.918952560201944,46.827191588901606,9.177999121683337,-21.149087329957393,-63.08722515641749,41.93813782646009,402.4550487539873,S1,3,72647,72902
25.00068074044506,64.07426380080486,68.75103709664444,64.04428986551821,72.97260700681205,-125.76924769303754,198.7418546998496,441.5530419935651,-68.21865645722181,68.21865645722181,68.95345144188576,10.039590475713885,-49.88223233291651,-89.46115261690568,39.57892028398917,403.6245344914307,S1,2,73165,73420
67.25019548208027,67.25019548208027,67.91728876385517,9.49575276925845,105.43135906664287,53.878718503976415,51.552640562666454,386.01044865078387,167.40331329042309,188.2978299461908,317.4132920879754,269.68004874946695,871.6625414463899,-59.4281368215593,931.0906782679492,1894.7116057997341,S1,3,73429,73684
66.7558113105271,66.7558113105271,66.99804824352161,5.692110743349344,81.47832238722866,53.878718503976415,27.599603883252243,254.22943965785907,68.79001955524235,73.90194913092255,131.41579435237188,111.97340851672894,563.9146650341324,-21.634638916210072,585.5493039503425,821.8401793275591,S1,3,73557,73812
64.55533671485443,64.55533671485443,64.9583202874881,7.22439452159531,81.47832238722866,49.759805768822254,31.718516618406404,267.87854890773394,-8.22764040483371,15.602728206432596,19.59570671350786,17.784759064169656,38.13005405618172,-47.70406901657817,85.8341230727599,438.4123646347411,S1,3,73685,73940
-135.1973700533407,148.8985848788608,155.18152326519441,76.17726887704839,59.12319115726179,-180.8807413521867,240.0039325094485,477.5892507514217,2.2752843090185757,9.47884928728902,11.26670675084824,11.034571234204941,22.932052744009653,-26.047617025512956,48.97966976952261,456.732749097647,S1,1,73959,74214
-20.37665851926226,20.536819533579525,25.045648674805026,14.562839871781174,3.5277239830055898,-42.791865354339016,46.31958933734461,285.90449347707124,55.493521723606726,116.27006799832046,209.3785064323152,201.89063376625137,757.4660823925938,-77.06423221290402,834.5303146054978,1826.750131851584,S1,3,74467,74722
-30.589929297932116,30.589929297932116,31.200720647417988,6.1433862377136546,-16.821814072652185,-42.791865354339016,25.970051281686832,281.1803203909424,-43.04577974666909,64.53636628373741,73.0087003554336,58.96890005410262,200.81268466097126,-96.47572999164913,297.2884146526204,538.7850164266594,S1,3,74595,74850
-36.15985102307447,36.15985102307447,37.27306217963428,9.04136816172993,-17.05505007659394,-53.695002000976324,36.63995192438239,265.77803434772994,-85.07329542804911,85.07329542804911,85.40060015552264,7.469733056497474,-67.03187970733936,-102.62389642807656,35.592016720737206,417.96471380179776,S1,3,74723,74978
144.47620838122725,156.36095875428703,166.6077955852874,82.97459105999323,197.7778313907216,-45.442256414773794,243.22008780549538,449.42476044041905,-32.93081551377485,34.47708822444638,47.27456089754899,33.918217784161264,24.819035744123823,-117.59807003623007,142.4171057803539,538.1785956070698,S1,1,74998,75253
13.527309932043657,37.62410320635371,67.9078653514438,66.54690122456684,188.59033288737027,-28.192119092414153,216.7824519797844,410.01821030011075,-41.4391581679584,41.4391581679584,43.98089959786486,14.734846445361983,-7.569732911200519,-71.6156388441247,64.04590593292419,371.6656726170672,S1,2,75262,75517
-19.411515507186486,20.07212033962427,23.477146917502818,13.204904130673219,10.996550735122769,-46.968590593839174,57.96514132896194,340.2677626691402,144.09924326418465,170.1701877137222,321.4162180107167,287.3043565472022,966.8623856348319,-46.0425688534077,1012.9049544882396,2146.447298969065,S1,3,75526,75781
-7.749377040214254,11.993630631471426,14.204282824226729,11.904150790342948,26.346452994653585,-35.204096993815064,61.550549988468646,288.15694199394073,-20.598813722334146,31.040181640608772,33.59277977724968,26.53608347882885,71.31828467254289,-47.189548162338504,118.50783283488138,419.40451694913935,S1,3,75654,75909
-48.10474168834918,48.49161394973793,52.66052078031467,21.425785305354704,4.1859317342816995,-70.37287328841578,74.55880502269747,312.3549080058556,-14.100273420906584,15.111459150646706,17.35030652746456,10.110164491869293,11.862084865098383,-32.03852406647081,43.900608931569195,440.9278075295178,S1,1,76035,76290
-22.545376211246197,22.551711718588123,25.808966510847725,12.562195821250103,0.8109449397665865,-55.90799564779471,56.7189405875613,359.48465815662826,-14.307674786603295,14.321528995187096,16.3487030803116,7.910153892876316,0.8188776947015961,-31.34651818169166,32.165395876393255,378.84826944102315,S1,2,76299,76554
-34.497155687360745,36.547647106144005,38.03745971180674,16.024811724613645,27.50290130700762,-55.36507585874439,82.86797716575201,382.70283110150575,127.55157965982289,166.26114488318655,306.74382315185346,278.9666065465532,929.9790543243809,-59.862685087470105,989.841739411851,2126.9938610240606,S1,3,76566,76821
-45.72772372637471,45.72772372637471,46.291304475829456,7.201399369448625,-30.197204707425737,-59.08764580207598,28.890441094650246,272.6181871758541,-32.00043626521904,39.18845359734011,41.83880556888573,26.95287981397679,97.91678354799674,-63.74179653111005,161.6585800791068,490.2121401494053,S1,3,76694,76949
162.8388773399277,184.9226650773414,199.8058341043978,115.78372670123431,238.3169688525727,-62.64859432053198,300.96556317310467,560.3504524516954,-138.31382639309922,138.31382639309922,151.7027137928021,62.31371278138089,-13.021721149384819,-188.3814082541863,175.35968710480148,478.5026042312225,S1,1,77075,77330
23.0210727772267,69.21906427788906,102.8663824552828,100.2572832647192,233.77759519392112,-40.79207106390258,274.5696662578237,551.4629874024173,-61.35633911348562,61.96444411451811,84.31446730812614,57.830174200360396,10.522273145768136,-180.52310398450788,191.04537713027602,508.6713697713117,S1,2,77339,77594
-30.22776439633078,30.22776439633078,30.992971420232713,6.844453013592757,-11.399335804603213,-48.729912907914745,37.33057710331153,272.01287405190214,116.03432879658676,145.61937605875423,288.7220716028408,264.37940383350883,955.1232716291081,-61.19612977516444,1016.3194014042725,2197.742494544823,S1,3,77603,77858
-16.308227138843012,16.642230039844964,20.125494595153224,11.793102233400925,6.19329386473815,-36.74299268283766,42.93628654757581,232.99668479242598,-31.624393158336773,34.42383450131713,37.39254480154382,19.95244757172422,46.86660181319325,-64.37832014461681,111.24492195781005,586.1632210246155,S1,3,77731,77986
-55.10044240722189,57.522812193202675,63.03332838699371,30.612770767622617,11.162630103111782,-84.65914306512441,95.82177316823619,478.70950190581596,-108.71905581423493,111.71533383280521,123.41376522365583,58.4048315599053,19.56200367216662,-159.28353865623575,178.84554232840236,669.1928833299057,S1,1,78113,78368
-6.555833124139607,8.487190865338516,10.153672384084585,7.753587229905643,10.300731223930677,-23.34382208968316,33.64455331361384,343.90648273907317,-63.45931398055278,63.45931398055278,64.55773816424765,11.858205007553952,-10.997474166300382,-84.60759592171998,73.6101217554196,415.5219035448725,S1,2,78377,78632
-26.41185199198907,26.41185199198907,27.556691542358273,7.860364057341298,-9.2989714049021,-50.062945489940816,40.76397408503872,395.94686795666917,122.43489878144342,168.4023108986232,297.04245465676905,270.6361310484918,927.4453387523631,-78.03963017747415,1005.4849689298372,2237.610035054913,S1,3,78641,78896
-26.269148713685187,26.269148713685187,26.643993886953275,4.453564427096059,-13.681941809994594,-37.93206148020195,24.250119670207358,376.50035271667593,-34.81763186743641,56.611294577001985,62.046650917948476,51.35678534796968,124.06022199947377,-82.27864149909804,206.3388634985718,525.5987153249644,S1,3,78769,79024
108.91550936762965,120.41710719780124,131.36133347388426,73.43848957615349,165.54201218513302,-33.86258611219905,199.40459829733206,494.4922205750933,-0.25014990868895937,18.969821668101126,25.857089730454508,25.855879686291065,74.26905314829683,-52.641857877492804,126.91091102578963,469.249010402707,S1,1,79151,79406
10.968069375077588,38.18487260478967,61.17116221849114,60.17983500595896,156.6604829357267,-31.566027232603997,188.2265101683307,504.09968152702885,-52.703115163983625,54.95369255624488,59.77585065211558,28.205211809094898,17.77103309187078,-86.28815270949552,104.0591858013663,461.8393737674645,S1,2,79414,79669
-17.656998431129526,18.352331832651373,19.572964614973817,8.445788904661692,16.934858634019307,-35.31630382556016,52.25116245957947,380.43903683530533,125.55327496436851,138.33018811950413,267.2835241983255,235.9594402722606,913.0477117703294,-55.37666431601888,968.4243760863483,2095.0232614235983,S1,3,79678,79933
-10.391152673783779,11.215566892993426,14.060010984111205,9.471423070660709,6.725484232574312,-29.715576834457682,36.441061067031995,296.8065845777437,-13.57090815038124,34.14250768487954,38.886871822154525,36.441998464499605,81.01307939330754,-64.96927269549785,145.98235208880538,458.6634468759902,S1,3,79806,80061
-1.1444428560431834,3.684501761307231,4.759014545714168,4.619358180047391,9.269844811237634,-14.624909364131936,23.89475417536957,281.2117760658418,-51.204834547589726,51.204834547589726,52.21205811794089,10.206073283354332,-23.35398435945632,-75.79778689034377,52.44380253088745,399.71071464714,S1,3,79934,80189
-2.2736308715546913,20.146611705669255,28.13437247488544,28.0423522054678,26.34497480435949,-73.65789162604902,100.00286643040852,354.06366631842724,-12.153452969254364,100.29220290967436,145.61390190531355,145.1058303756758,589.6741183299845,-114.10232787284929,703.7764462028338,1697.6299938009415,S1,2,80452,80707
9.796581732475316,13.732586200499934,20.08921896972564,17.53863464390873,51.20035558376917,-13.987720422152982,65.18807600592216,346.89060378221575,55.90427615790615,163.76955151571565,265.8187187371371,259.8736291706293,876.986083390618,-127.91201062617047,1004.8980940167885,2251.065291888723,S1,3,80716,80971
35.558910309086755,37.069126988648875,44.03245026824079,25.969608665812082,104.24754962358328,-9.847969496630313,114.0955191202136,378.16603680462686,14.507549234348598,120.96510685356184,155.79215172418316,155.11520091230213,492.37272872649766,-127.91201062617047,620.2847393526681,1682.4068926111408,S1,3,80844,81099
50.360371845309295,50.360371845309295,51.86055744327315,12.383471481342097,104.24754962358328,27.72122682416251,76.52632279942077,395.96679016863203,-23.310394295430655,135.5128968248303,166.54036635762748,164.9009373664211,492.37272872649766,-180.986159406224,673.3588881327216,1593.6012127158306,S1,3,80972,81227
68.70814461720626,172.28967552301793,222.68838331847323,211.8237638421533,292.8458356594989,-478.09521393666256,770.9410495961615,1379.6083661592888,-12.462284662080194,231.27508554015338,255.46653659329252,255.16238511969854,465.4430674595865,-246.30071720512285,711.7437846647093,1972.8253216293792,S1,1,81247,81502
22.672000408526813,22.94737876045378,25.929876256928008,12.583277799339841,47.308070626263934,-4.287138654628346,51.59520928089228,724.9739681299121,20.322794729607825,44.08241845413011,70.84510212520584,67.86761016500485,238.0794894878838,-79.44916288427474,317.52865237215855,1483.5849151483762,S1,3,81754,82009
7.947075577991912,17.945978554017614,22.5805136594875,21.135836555102003,47.308070626263934,-67.13993128593184,114.44800191219576,674.0263124197542,23.499684812411246,48.294549879752665,105.47674862465387,102.82562576588458,447.91313847983764,-79.44916288427474,527.3623013641123,1660.3003224872061,S1,3,81882,82137
-17.349021548275473,30.21156310433345,40.319997452149124,36.39661585723025,37.14271791301894,-89.28213410601309,126.42485201903203,774.0024151783306,112.50602507801389,120.85466759465135,162.45222114309212,117.18838882529879,447.91313847983764,-35.18268096081139,483.09581944064905,1938.374450753874,S1,3,82010,82265
100.15317218648568,101.00054280689398,137.5484369823784,94.28104060350351,222.93899047129483,-12.413435520683935,235.35242599197878,1073.6109286615638,99.59061330151494,105.21326199228793,185.94683130296363,157.02844905889165,771.2285164339883,-26.70239628228183,797.9309127162701,2407.6401980663913,S1,1,82284,82539
11.77357471966495,38.62899644986443,67.68824368004583,66.65644208034007,204.8962444685957,-40.73958236111299,245.6358268297087,1026.4387314088794,-7.4809119900458745,12.21899747099317,17.907238231981946,16.269761427081338,24.427350535766266,-69.15335498495904,93.5807055207253,930.8770861005746,S1,2,82548,82803
-25.925044898073253,25.925044898073253,28.10409347685655,10.850443179371844,-0.07544729596268546,-55.78277133182553,55.70732403586285,514.9761491222957,39.1665236667603,126.83230223762189,218.6978148287434,215.16207294671716,812.606995000176,-124.30639274798021,936.9133877481562,2217.2880235443918,S1,3,82813,83068
-26.275817869272025,26.275817869272025,28.48459241233198,10.997881623182058,-7.511807146227625,-55.78277133182553,48.270964185597904,501.19011022338447,-40.907409063071654,71.5351991753447,83.2946828280053,72.55748115228728,281.29432857187936,-116.16995274711103,397.4642813189904,759.8130864023337,S1,3,82941,83196
-57.551103999036364,65.87730520216162,68.84124504482105,37.775487393456615,47.52838476857108,-92.27863739210532,139.8070221606764,553.0476730933656,-79.80589780201173,79.80589780201173,82.75994416682455,21.914083017794283,-46.695230447419696,-135.98725852908228,89.29202808166258,526.4997417488029,S1,1,83322,83577
25.72898718147031,41.86017418602843,42.902683040064446,34.33160978823991,54.85635906833026,-66.4690845173453,121.32544358567556,542.1194321850435,-64.43041130251629,64.43041130251629,66.36059151606035,15.88868168697457,-30.309641792173657,-105.472630745599,75.16298895342536,757.9354873343525,S1,2,83586,83841
51.73024139970923,51.73024139970923,52.310201497776774,7.76783788874462,73.12922726020828,32.991738094043825,40.13748916616446,560.1094482833605,86.76623801272194,130.14509157725556,248.85627542413084,233.2403604848238,871.9385688241596,-76.39796164618363,948.3365304703432,2170.6978710111543,S1,3,83851,84106
54.767639708122196,54.767639708122196,55.24013629055304,7.209597644819792,73.12922726020828,32.991738094043825,40.13748916616446,595.68534352342,-6.611841844218187,32.67813970973211,43.2039304866864,42.69500154497568,177.18480459309447,-50.830212020704124,228.0150166137986,600.0664870152077,S1,3,83979,84234
2.62934457521936,62.07987311244871,78.58071792001004,78.53671610099924,59.38677704254329,-181.02486780608484,240.41164484862813,708.1188568766415,-0.29321628106237263,23.92152804366868,32.452408248537324,32.451083577320695,76.87699587920805,-47.11346261035138,123.99045848955943,644.6390963618053,S1,2,84602,84857
22.824542038385886,22.841007638577924,25.80218856887889,12.033005263937179,48.86138172675293,-0.798694801065295,49.66007652781823,545.2560984929415,147.49026377187118,155.29939521737606,314.2054082559065,277.4376698823805,1019.7760396026904,-31.111084827770966,1050.8871244304614,2430.1519993269494,S1,3,84867,85122
6.581097094676069,11.540758591391302,13.37589764909552,11.644904419939449,27.13301310784622,-17.708535052863716,44.841548160709934,501.0503582512072,21.67888503319345,43.18527555546643,76.42820918269685,73.28913359149257,330.80511955686376,-36.043653699828916,366.84877325669265,807.169067084071,S1,3,84995,85250
120.47094153115893,136.5338513070852,147.98222391524288,85.93887852129077,192.65237407044967,-44.22294433237656,236.87531840282622,583.682903625993,-152.74869421924677,152.74869421924677,167.6841050579347,69.1794442258358,-17.205880136386927,-220.5627464977526,203.3568663613657,634.9090334631494,S1,1,85376,85631
-87.16984181249626,87.16984181249626,87.81596455512891,10.633076183872411,-54.75146005569985,-112.2108457916802,57.45938573598035,428.8426055861776,125.80388207129965,141.02702942554095,291.22648630836665,262.65233595631275,970.2708796750461,-31.841757813965113,1002.1126374890113,2202.40385365417,S1,3,85903,86158
-89.51671914722718,89.51671914722718,89.77048757138152,6.745178420176548,-71.78411603698964,-105.2625253089171,33.47840927192746,381.0694710842994,-16.61027047920374,40.86310974952711,50.236510323166456,47.411031248616624,148.55708405930264,-78.24375541799002,226.80083947729264,579.6464288831202,S1,3,86031,86286
-91.00493816856161,91.00493816856161,91.16248131768444,5.357166128975468,-75.28761064487558,-100.29940944546749,25.011798800591905,348.42369742853253,-48.626953602143736,48.626953602143736,49.88992926744799,11.15456972213288,-21.148296860084468,-78.24375541799002,57.095458557905545,537.4365397757068,S1,3,86159,86414
153.85978485536924,197.28334045684514,209.9272272993348,142.8166914819345,262.6131113749849,-98.4370829916221,361.050194366607,568.9786603553172,30.666923057238844,59.557561057039266,61.30429156774634,53.08253945342713,100.20028312245236,-74.05626189434736,174.25654501679972,626.1367188206525,S1,1,86433,86688
8.097252473580724,74.39386783687769,106.69113509449923,106.38342356839141,259.4495627185383,-53.92192340601591,313.37148612455417,550.1756318046612,0.05646480883752325,35.14259578297347,46.39447545592551,46.394441095413974,110.48627868553274,-57.46850077055458,167.95477945608732,513.5785214371788,S1,2,86697,86952
-7.416082580408425,13.092203428365213,15.439591438834723,13.541886979247064,18.838786376271077,-32.45831349730661,51.29709987357769,361.0253524811243,87.0751004417068,156.903655923812,282.11156100371807,268.3372127287253,923.0368111713248,-88.38863104649053,1011.4254422178153,2181.1348092677867,S1,3,86961,87216
8.39866963521736,10.232509049647014,11.694407243555169,8.137659930016337,26.522898351517018,-14.159535260824724,40.68243361234174,353.1671457783425,-74.86345070577231,74.99911156746096,80.75226379570837,30.27196486117269,5.313764434436617,-124.35799938612838,129.671763820565,453.742517757013,S1,3,87089,87344
-87.63410755112562,98.43655439415306,106.34993403328374,60.25422526762379,37.51932836637564,-134.77321169492254,172.29254006129818,424.01044433437204,8.69909255143523,58.359647443935046,67.28241753983075,66.71768505265817,83.61930592024018,-134.74759750913955,218.36690342937973,613.6878998555646,S1,1,87471,87726
-16.973697075987445,28.33460745987523,51.95948255412363,49.108873280344085,21.060957680815882,-129.80636947100928,150.86732715182515,457.53885513667296,9.97416494657644,70.83673364553982,112.7066435309283,112.26443572933606,479.0750689077043,-82.71398390107206,561.7890528087763,1461.0951609640308,S1,2,87735,87990
-4.008128311200528,9.646094168719344,11.584546137498481,10.869066963303878,24.508120649810348,-26.10697943180534,50.61510008161569,457.6539442839487,67.16305127194069,130.9407468512461,246.32910915652798,236.99610663825538,910.8929527235944,-76.35353689212108,987.2464896157154,2166.0781896853737,S1,3,87999,88254
-9.92768160875045,11.469575389770595,12.787573914275047,8.059974223800326,24.508120649810348,-26.10697943180534,50.61510008161569,430.8547283564579,35.36659491491036,139.6922509041204,240.36490351422023,237.748797695225,910.8929527235944,-98.84407495356496,1009.7370276771593,1371.8299377270503,S1,3,88127,88382
-9.089051993353266,9.094986771681526,10.149292698963288,4.5163343710746835,0.47983133571641917,-23.064164882033488,23.543996217749907,371.5461001076518,-73.98678074114358,73.98678074114358,74.95368776233566,12.000482687611159,-51.69512493742321,-98.84407495356496,47.14895001614175,444.50640630951693,S1,3,88255,88510
3.628912842741032,27.510996620576925,40.43336681318891,40.27018926488521,105.50558512171354,-27.42638150527044,132.93196662698398,426.14759933949983,-59.78075354360383,63.231050552391565,68.06601006544406,32.54601714477565,22.724136185576807,-101.64114556242441,124.36528174800122,548.6588109922031,S1,2,88773,89028
-6.9172005430910914,17.210961191934693,21.993776228561167,20.877704122788085,64.63717319491604,-33.8212069779983,98.45838017291435,559.7138675086887,133.2251607671551,204.5454879289005,347.73198723684266,321.19867914773465,960.817114637648,-96.6460025455197,1057.4631171831677,2190.0852776503216,S1,3,89037,89292
-5.454033950309245,8.276270832194829,11.131028647348542,9.70326297783215,13.958883283817043,-32.39570229180904,46.35458557562608,466.072337443004,9.753192085138565,76.25348722094313,121.82869695003059,121.43766567541054,552.7235205775906,-62.303117221459694,615.0266377990504,899.4257699242049,S1,3,89165,89420
0.8035595264302517,5.244577276090801,6.523544724652222,6.47386498639113,15.608792204565647,-12.720117215758945,28.328909420324592,366.7516345690625,-54.2698409573963,54.2698409573963,55.42937416385243,11.27829254165996,-32.78284298191674,-85.06361808932671,52.28077510740997,491.7585151474103,S1,3,89293,89548
-25.833820944957214,29.787094632018455,30.672500406404268,16.5352948738376,22.06047495811875,-43.683445565988585,65.74392052410734,357.65583495565727,11.812793115155422,28.785786374855164,34.859588524707846,32.79708570788691,67.5560870980065,-81.98422535730904,149.54031245531553,647.2027997760497,S1,1,89568,89823
-29.63270970675066,44.80845511246683,52.481260595324514,43.31495387403532,31.937622327430738,-86.68257323481436,118.6201955622451,456.6456452420166,105.1757583737425,144.66805415565838,273.9921287235106,253.00147519915555,908.5633793918817,-70.867251143523,979.4306305354047,2317.374333131695,S1,3,90076,90331
-66.6784009887767,66.6784009887767,67.10355357373153,7.541733474643786,-52.24604992997442,-86.68257323481436,34.43652330483994,349.10817836106025,-45.305586840542915,57.213044369485075,72.51707318608346,56.62269601943915,76.72716836089515,-142.79263221239074,219.5198005732859,756.2317962494319,S1,3,90204,90459
-65.29600627758478,65.29600627758478,65.50618072201489,5.243212467837428,-52.24604992997442,-78.33968476468156,26.093634834707146,301.2020858916876,-92.45122423555377,92.45122423555377,97.73385449535638,31.69664732849278,-0.44921337748269113,-142.79263221239074,142.34341883490805,534.1960457686665,S1,3,90332,90587
142.91732808463465,163.86941590275995,173.04627401639206,97.56869520550713,287.17290124218533,-74.85258456794642,362.0254858101317,694.5604156204906,-6.878129994648916,166.8466133269716,230.07889601719413,229.97606336370652,740.9967460993599,-159.2653488994455,900.2620949988054,1928.4159987973258,S1,1,90606,90861
-55.86666169749914,56.72405289939705,59.68404944048578,21.002425297844397,14.008511189534154,-77.702977905004,91.71148909453817,489.8014241597307,255.1106090549241,300.58254809075646,485.3701887017554,412.91984358711,1057.3565221909025,-104.4174524680836,1161.7739746589862,2399.835764959923,S1,3,91113,91368
-58.10569751753896,58.10569751753896,58.45090193605307,6.343173743352808,-42.918734921961814,-70.09636209007728,27.177627168115464,364.0571143031988,40.82286049203263,83.07721655273649,163.94022461977082,158.77623030425224,719.94195464875,-58.28492235035633,778.2268769991063,1026.0280146759733,S1,3,91241,91496
-49.743070567818165,49.743070567818165,50.356766656990715,7.837785314211843,-27.678656358373686,-66.99792024995557,39.31926389158188,366.0481620152121,-51.47290795026555,51.47290795026555,53.3580183418671,14.057662270609429,-4.959180788985304,-72.81302472859561,67.8538439396103,395.3788845867854,S1,3,91369,91624
94.97469225936342,108.99122373029698,133.57829639292547,93.9306611148642,194.00121231975132,-41.38223702040181,235.38344934015313,690.13590073397,-76.19564737130143,76.19564737130143,79.40459003745032,22.345295717081886,-38.32391257801961,-117.83803551002524,79.51412293200562,511.9245398829615,S1,1,91644,91899
6.174183697347513,9.350789142651024,11.711165145408858,9.951424256579934,27.823471823943784,-10.636254749174423,38.4597265731182,319.7009495841346,-58.98271717722318,58.98271717722318,59.98677087796694,10.929398645735494,-40.067538988405175,-82.60914290931183,42.54160392090665,428.3994542571039,S1,2,91909,92164
30.963494850339167,30.963494850339167,32.36840821137152,9.432700397606357,53.1180667592628,2.7188559967409955,50.399210762521804,352.04981234107834,72.74387239087349,136.99225804150308,259.5803605571836,249.17923793241232,945.5663465607421,-73.06318197904282,1018.6295285397849,2266.9124549008916,S1,3,92174,92429
40.26825653302561,40.26825653302561,40.772395559702325,6.391850707523923,52.47193305381,25.41448780131924,27.05744525249076,286.1304076340067,-52.58586976013688,52.58586976013688,54.01449444591101,12.340660914929682,-22.615543215365378,-81.60392657342706,58.98838335806168,437.6035502280544,S1,3,92302,92557
-11.233863570853096,74.33965042571825,97.67047113495306,97.0222718812292,53.66368953805511,-205.24943127860962,258.91312081666473,594.9137305703329,-1.3543590291347343,47.595025947105185,54.930618969010226,54.91392001977994,116.45025299765366,-51.68504253503331,168.13529553268697,530.4427992941771,S1,2,92920,93175
25.312357602845587,25.312357602845587,29.12994083744393,14.41658786879367,66.03366376459499,1.16348330425969,64.8701804603353,356.74303406746253,114.34781882637354,166.05475611390693,304.41820442876434,282.125893028775,977.9914963100804,-65.86222630720938,1043.8537226172898,2304.6042619696946,S1,3,93184,93439
0.8664245052926915,14.173422071149151,15.966464406224139,15.942938694351511,33.42422617599977,-23.464467764190573,56.88869394019034,292.5012219590692,-27.466751936419563,35.255865604101984,37.730258093970825,25.86793215355343,81.60612161198392,-61.87016356789347,143.47628517987738,460.3281365158918,S1,3,93312,93567
-22.277109016311595,22.292421697250298,25.01393670923484,11.37661828352235,0.8454842776085235,-44.200002016531165,45.045486294139685,260.22321238495084,-32.933823830750185,32.933823830750185,33.887086477432895,7.981095026005276,-18.04229041318989,-50.55547984697591,32.513189433786025,369.11648934424625,S1,3,93440,93695
-21.480567326538406,110.34510603391138,118.26984476038884,116.30280051218254,193.30896772112735,-104.09118430204435,297.4001520231717,584.8616312232957,-55.49918062108881,56.11346858984744,83.73048518631342,62.69477729383215,15.980514058214972,-179.0582983632006,195.03881242141557,558.2840917507743,S1,2,93958,94213
-94.22118034103966,94.22118034103966,94.65407530707094,9.04229768244436,-79.22925140506385,-117.95022166367309,38.72097025860924,353.38400027693297,211.28195052119986,213.1079049038306,387.3625780212729,324.66860679043793,1052.72153892111,-14.979125642753141,1067.7006645638633,2265.786868560365,S1,3,94222,94477
-89.94822289194902,89.94822289194902,90.14383175246243,5.9352844579271675,-77.38199734538146,-106.37423805326438,28.992240707882914,343.7984539040066,24.750016917725002,37.1431551606867,52.68099405716133,46.50509431689171,201.94321214780308,-29.19505558239442,231.1382677301975,539.5000095206747,S1,3,94350,94605
-87.33613173304519,87.33613173304519,87.46750973258078,4.792217934035537,-75.7849056631497,-98.66640854956373,22.881502886414026,313.2195037972921,-15.19195693179743,17.78750314293594,19.419434818050956,12.096234671786997,29.419364935160107,-38.20776739844024,67.62713233360034,465.43184197632354,S1,3,94478,94733
181.31058097727464,220.0628424042416,234.7675586069259,149.13845848720413,285.31016056528813,-94.09219301207773,379.40235357736583,651.2789033234678,-82.11082497670012,82.11982693158686,92.24210301939021,42.028775750496436,0.4790178570538676,-122.74805927467978,123.22707713173364,405.1629725756061,S1,1,94738,94993
16.177395542430634,87.1137061089557,124.19924611202408,123.14115724752173,281.7912177666929,-57.902861499502485,339.6940792661954,584.5953865346635,-45.80283898124529,45.80283898124529,55.498793531891266,31.340325855893916,-4.933419071872238,-121.92980132542107,116.99638225354883,481.3470768704318,S1,2,95003,95258
-40.40954873104399,40.40954873104399,40.9316691727337,6.516894399903934,-25.96200380752804,-55.98872342033463,30.02671961280659,258.7146813902674,141.74188271135972,154.55313335659758,272.12700999088185,232.29797298301304,868.788820747287,-41.28809695179999,910.076917699087,1889.7157294903736,S1,3,95267,95522
-35.3656670085399,35.3656670085399,35.92314667781938,6.304130731290205,-22.11725587048237,-49.68212214701033,27.56486627652796,294.9019244318542,53.072944297459486,53.072944297459486,81.69489293100449,62.10731128141878,357.5422612200854,3.2858073640318217,354.25645385605355,648.2929872749529,S1,3,95395,95650
-32.47590979784501,32.47590979784501,32.98592093581006,5.778084698734188,-22.11725587048237,-49.68212214701033,27.56486627652796,325.1815931818042,12.538778110716251,14.89437812571017,17.836516762202297,12.685439436556642,41.94770852712973,-23.09473145331126,65.04243998044099,418.99468610441284,S1,3,95523,95778
-18.993908587760757,19.0451161442244,20.60722130277503,7.993059888511615,1.6529895770506429,-32.69128585621566,34.3442754332663,285.30794166925216,-73.9883993703137,73.9883993703137,79.49097254085667,29.06082369978856,-42.75862930362721,-138.34044105571803,95.58181175209083,473.2256546268108,S1,2,96041,96296
-25.947118488646133,27.14421551838827,28.65449995757156,12.15842958422783,19.63104015308019,-49.69577284404577,69.32681299712596,419.01888770231903,137.56925100246946,187.22611291395123,330.0653694512454,300.0297473411706,979.286887449509,-65.88046135282148,1045.1673488023305,2245.4685837404304,S1,3,96305,96560
-22.504403394172375,22.504403394172375,23.382096342515506,6.346200220843961,-8.815166190452464,-38.516717607880864,29.701551417428398,331.55072115841324,-41.35821027750935,51.55390736727241,54.802326291109715,35.95543643955076,114.57401925148213,-77.34220116909016,191.9162204205723,537.3878118911116,S1,3,96433,96688
-24.765285242892787,24.765285242892787,25.84774494719727,7.40179476164523,-8.815166190452464,-44.55683032675514,35.741664136302674,285.0560042906112,-57.264210067815554,57.264210067815554,57.91807550667541,8.678347521622136,-37.04722176012858,-77.34220116909016,40.29497940896158,472.3324584504278,S1,3,96561,96816
12.057247245727854,80.58811555091327,102.23825589034381,101.52479380109475,205.46479998088054,-60.380066868293284,265.84486684917385,515.7502087296815,-37.83560262250014,47.54163774905511,54.03709236883166,38.58075330874068,32.09565092804169,-86.66990409612316,118.76555502416485,496.4858907726341,S1,2,97079,97334
-51.4205279922887,51.4205279922887,52.18162211054684,8.879807829123635,-27.34321451385006,-76.16188508043737,48.818670566587315,311.5177516874905,188.26482952789337,258.42190333120135,427.4343144385514,383.74007755561274,1058.8260631943913,-93.71441736673407,1152.5404805611254,2448.584232040927,S1,3,97343,97598
-54.021212658306425,54.021212658306425,54.21578813427339,4.589146537914523,-40.85724999645612,-66.43695861035475,25.57970861389863,248.35552012011985,-37.39517850137791,62.63183789204878,69.54641927359826,58.637062158921324,229.33084939194137,-83.20510266557926,312.5359520575206,655.7118637169176,S1,3,97471,97726
-48.54894132164278,48.54894132164278,49.15938735613369,7.72306038938469,-35.73655038882714,-65.62539170256612,29.88884131373898,272.70580204209267,-60.377359309569854,60.377359309569854,61.218088796718156,10.110829774354169,-40.334699725612616,-83.24924394739574,42.914544221783125,420.691989786279,S1,3,97599,97854
30.236001625589115,42.076330398036774,44.19367136790651,32.231425576165435,67.4938864582656,-43.21908559565223,110.71297205391784,377.68316825393924,-112.74077293677875,112.74077293677875,119.01968958314124,38.1471444027596,-24.495466482787247,-158.59497467591922,134.09950819313198,472.93415080013403,S1,1,97874,98129
16.591792799349218,17.396092611938784,19.36742662193114,9.990476748351432,44.93055293313257,-11.882540727144415,56.813093660276984,373.7746908553446,159.23940139985123,164.67073502249008,320.1315376940481,277.71750839328223,964.3126274284112,-17.785458178553256,982.0980856069646,2091.316977002919,S1,3,98382,98637
22.357353264564523,22.357353264564523,23.602020628055108,7.563341373401366,43.50549623365762,8.289712983999475,35.215783249658145,248.0538091720249,10.474048395877903,23.773417747887187,35.97808133519663,34.419713054626584,122.5550890700721,-24.25612522432111,146.8112142943932,437.4115603722918,S1,3,98510,98765
31.982439140321656,31.982439140321656,33.754866436103995,10.794192640250655,50.19759177941832,8.46374216027998,41.73384961913834,241.52047066500262,-5.703711256343151,8.382909742095098,10.356314773808815,8.64412711605256,14.16914428075287,-24.25612522432111,38.42526950507398,418.79544983900917,S1,3,98638,98893
-131.25899292478553,145.6041799307182,153.70421337315327,79.9753836191545,54.726914914462895,-186.88310168676085,241.61001660122375,505.7910830754412,-119.52181984721095,122.94298780073622,133.62972770584432,59.761515268180304,20.993061329704695,-166.19502170314638,187.18808303285107,485.34710847213375,S1,1,98912,99167
26.277700267573522,81.73116439611879,88.99027693188569,85.02206688302321,81.38271377176434,-164.47969335225847,245.8624071240228,489.7236893431876,-23.41860742320987,36.98134210743634,66.15480024865006,61.8710467205491,31.498956007118196,-167.36788685993648,198.8668428670547,544.2385007538437,S1,2,99176,99431
62.87381148961014,62.87381148961014,63.293730643960096,7.2787476669507285,76.91893437869665,35.957896789715754,40.96103758898089,329.4194713517404,157.01449937693494,157.01449937693494,279.0573994525696,230.69347449514362,954.468826907851,6.394101367548674,948.0747255403023,2114.85372746128,S1,3,99440,99695
65.80090809962677,65.80090809962677,65.95495861349869,4.50522574049249,76.91893437869665,54.78436518407906,22.13456919461759,308.06814375492473,30.86813160677293,31.902022025492613,40.44440936290498,26.132521880239217,106.10976498318706,-14.475224885533327,120.58498986872038,491.6752745984762,S1,3,99568,99823
-110.76867500748044,133.60211562015886,139.93872056685117,85.5169348782709,68.06248803203452,-170.6575642222896,238.72005225432412,568.2375069635264,-134.49330433784323,135.23927993975425,150.7777738272681,68.15781810324548,6.247879489488221,-187.60653019726865,193.85440968675687,591.198974348595,S1,1,99950,100205
4.00376110046701,60.811674669769694,74.21399467577322,74.10591678662429,58.86061532635564,-160.65662638893994,219.5172417152956,453.16156514825917,-25.43519277815215,36.676807977358024,69.29184822065595,64.45472207815854,43.09450030655162,-171.5597068534356,214.65420715998724,554.0184582043172,S1,2,100214,100469
40.29007324047113,40.29007324047113,42.43041546548956,13.306019496886666,86.59243759061319,20.428363073917353,66.16407451669583,400.17139495733534,166.93394329036414,169.6196943017893,343.5123974857304,300.22296015448904,1029.0205736677735,-12.509491025786819,1041.5300646935605,2273.4572276568606,S1,3,100478,100733
37.4899123114452,37.4899123114452,37.931965500246555,5.7741217160746094,55.50912902102419,20.493730255461575,35.01539876556261,327.17529109237216,3.162027372832707,24.257761887285838,36.11258457872553,35.97388424745182,143.31535691202131,-42.95952117156979,186.2748780835911,436.8426377269536,S1,3,100606,100861
-24.41853349804005,36.5110231277627,38.896197669094775,30.276218636388357,40.1558517593792,-55.89073075941439,96.0465825187936,436.59724038892216,-111.075636903159,111.075636903159,117.15119227975572,37.23714193014657,-22.97184312127005,-141.21179109874993,118.23994797747987,473.2095132287186,S1,1,100988,101243
-16.01924252617458,16.60573594161142,23.58462801134187,17.309492982781777,8.389828532988336,-58.82724034398262,67.21706887697096,370.5353726376121,-30.982173771857603,35.9227027770698,53.026916474252296,43.034390656052615,23.941868422530636,-138.9241727389927,162.86604116152333,542.9827237797628,S1,2,101252,101507
-23.852858699862878,23.852858699862878,24.680302266235284,6.337069653800097,-7.271873637034021,-39.13576907899076,31.863895441956743,295.7566281739207,166.7808290835473,166.963255771812,306.1542632671161,256.7383648129652,969.3487920241258,-3.402273178653527,972.7510652027794,2076.4496713268445,S1,3,101515,101770
-20.83793755161758,20.83793755161758,21.45281333502618,5.099368449363393,-8.621468542290145,-32.590651457666105,23.96918291537596,269.07273391173135,37.10901673695802,40.07654034276561,58.111038437305794,44.719276213711254,184.03981966723288,-19.97132113961172,204.0111408068446,393.18136587556546,S1,3,101643,101898
97.46871097020644,113.84137850830888,122.26352451175444,73.81205733376312,151.12701923385694,-46.43235509506625,197.55937432892318,482.3199743745207,-94.54616415150869,94.54616415150869,101.72107443148393,37.52598869758753,-18.09618178280247,-138.55882243241726,120.46264064961478,466.50588212320406,S1,1,102025,102280
-21.289133221986724,69.02515312358534,75.51406087231072,72.45099168461086,133.64476150427953,-79.11428049621681,212.75904200049632,416.02416048392445,-46.113477502957274,46.113477502957274,52.15099440905444,24.357204487327383,-0.6146080840976428,-118.55391282521377,117.93930474111613,482.56040704323493,S1,2,102290,102545
-70.33805748963664,70.33805748963664,71.06784087624426,10.158527225722468,-50.00541281817686,-97.0730841282372,47.06767131006034,297.0946697537886,112.90708691751965,142.02566652648488,279.14053223489776,255.28694925550275,944.8276207920372,-47.49357869673112,992.3211994887683,2142.459595833896,S1,3,102554,102809
-60.38763398086301,60.38763398086301,60.840762312196325,7.411613921575221,-46.79702014070042,-82.73714829618005,35.940128155479634,314.57765263061907,-20.645128525016577,32.00864539263585,34.32171608622826,27.418221373553873,63.915811266582764,-56.93657680609091,120.85238807267368,463.86654263033483,S1,3,102682,102937
-50.79032160120127,50.79032160120127,51.26032420271628,6.925609649274808,-38.09617017358651,-67.49521528358264,29.39904510999613,338.26112517319615,-21.911911106097026,26.938615095796678,30.093476353124924,20.62729916141691,20.85930274130178,-56.93657680609091,77.79587954739269,448.6160201594282,S1,3,102810,103065
24.06993473091116,68.11243949997395,94.07126594347403,90.93976752915906,187.77760424415962,-43.73014469547911,231.50774893963873,528.4179696761553,-37.27035670625885,37.27035670625885,38.11381748332098,7.97393216300024,-11.988256506023484,-54.10068614647524,42.11242964045176,420.2527604869392,S1,2,103328,103583
-18.13119508490122,19.117133716973576,20.486013940451347,9.53606480481445,18.017482565334753,-45.258452587502056,63.27593515283681,352.6303796726539,81.07703733710173,131.0052859765772,256.24904119202176,243.084522601643,908.8955937305465,-77.81833448671239,986.7139282172589,2133.5543389862682,S1,3,103592,103847
-8.79100542010278,11.728926401052409,13.719240446404894,10.532605666690248,10.521298680978202,-27.555793559605213,38.07709224058341,296.2763491638881,-58.30452944094075,62.96103491268854,67.87842616001623,34.75719471751497,54.822568037121286,-100.43303213114002,155.2556001682613,498.22690549394235,S1,3,103720,103975
-1.6985461908186834,5.501241812474818,6.504248449881285,6.278549891132381,10.521298680978202,-15.569679994496827,26.09097867547503,299.2316929060131,-94.27634592568253,94.27634592568253,95.77838689024357,16.89585730876727,-66.78697419864565,-132.0845359520448,65.29756175339915,414.08981614623775,S1,3,103848,104103
-27.66121611854448,27.66121611854448,28.33599164199777,6.146994808729108,-13.723931603541148,-43.769712527839076,30.04578092429793,327.04742722163985,104.17500487191808,128.95870203802207,253.1545020853441,230.72661373585478,865.8739341384988,-38.094554013407404,903.9684881519063,1944.20285192202,S1,3,104564,104819
-30.056529355884003,30.056529355884003,30.47991332556784,5.062623767673334,-18.71977490323066,-45.27794874341683,26.558173840186168,308.38752921440187,-8.938654831278626,33.49934891098417,40.6216650646071,39.626003109427785,131.7347606248376,-53.90608411667818,185.6408447415158,446.361156649009,S1,3,104692,104947
-42.02871609711821,42.02871609711821,43.62458875381321,11.691525442266373,-20.893679669563582,-60.15847411616101,39.26479444659743,320.82897712926126,-21.349884005813355,21.349884005813355,25.738304101205276,14.375073945703221,-2.5937997571456766,-53.90608411667818,51.312284359532505,327.3014178091763,S1,3,104820,105075
194.5417517442077,210.16495928492725,224.43490048786205,111.91305279229775,261.72076522396594,-54.81894647173566,316.5397116957016,584.3825042006476,-43.63177456048504,43.63177456048504,45.30552703961949,12.20077985379226,-5.526287307615029,-67.07592268142176,61.54963537380673,367.1442610747714,S1,1,105094,105349
8.783052195417056,82.60987287631178,112.00593523848507,111.6610385173821,248.35713036295263,-63.89536450691344,312.25249486986604,508.6008022212277,-43.09282206401144,43.09282206401144,44.03587107704841,9.064580965156516,-23.087093009266162,-64.32090104883531,41.23380803956915,344.91617128985763,S1,2,105358,105613
-76.58573489298152,76.58573489298152,77.24297041778212,10.05493360815062,-56.56231495921791,-93.79989433046774,37.23757937124983,311.21447521770784,79.53955514361732,117.84635080793238,236.59222942173054,222.82132346411606,853.6924278285147,-58.65119418571935,912.343622014234,1928.9878302041848,S1,3,105622,105877
-85.5758999723358,85.5758999723358,85.94165071572364,7.920395928753717,-70.31319429353533,-108.05995000368397,37.74675571014863,300.69079032952345,-6.878275865566634,19.132175499229877,22.906551788218334,21.849472212012174,75.68702915567545,-43.99591894587583,119.68294810155128,379.0040393773395,S1,3,105750,106005
102.38590231284847,134.46974085803748,138.47509382748007,93.23346297394119,170.9850311197165,-95.34235473080425,266.3273858505207,569.705131775273,-94.53374764897742,100.12950318303521,109.82906309886215,55.908797667391305,26.622475559054983,-143.08340913089367,169.70588468994865,403.8935746688277,S1,1,106132,106387
-15.085021668981518,85.38376841287042,93.8460485063205,92.62571425633931,165.89725163067973,-82.76554191307596,248.6627935437557,479.2045029762274,-34.2243726231778,36.57623034451791,65.22569533827763,55.525522518132945,17.189393752762207,-147.16596494919202,164.35535870195423,458.78543141296416,S1,2,106396,106651
-77.64943816390043,77.64943816390043,79.64856005617366,17.732960042037746,-44.99450718342585,-112.91275523043754,67.91824804701169,326.8129087828056,186.82782547357237,201.18208773480498,351.2853949650346,297.48410435610964,939.5071931212677,-34.76243284777678,974.2696259690445,2117.5491382703244,S1,3,106660,106915
-61.67378283840884,61.67378283840884,63.25938659292808,14.074604879509597,-42.53074845333195,-97.67514762391419,55.14439917058223,238.17467058378242,-7.253497776440664,31.166142509006182,39.78499737263655,39.11818996257199,144.33815441717118,-37.542517756159164,181.88067217333034,434.90417206346666,S1,3,106788,107043
141.4831619973417,161.89309125256048,174.08399085645456,101.42854994400798,212.31500565311705,-54.51517631762864,266.8301819707457,523.6123878564639,-55.80746772321908,55.80746772321908,56.9568799124303,11.38475804226283,-22.64210979565205,-81.3802070715001,58.73809727584805,356.40813338634143,S1,1,107170,107425
19.681466971163715,41.972625987820386,78.3651422657936,75.85338080930251,207.94024127337298,-29.248478717179502,237.18871999055247,537.9744299269771,-64.27096921666782,64.27096921666782,65.27343819041889,11.395799627431614,-40.776178468466675,-84.23424078389658,43.458062315429906,296.5725943115317,S1,2,107434,107689
-8.357418698685821,8.660738989037196,9.794198975085054,5.106846997748583,8.312536244639306,-21.843168909827565,30.155705154466872,283.82034121799137,109.16960211182605,164.61412796996265,303.99201144069417,283.71313151580546,916.5484063501005,-76.41143147566446,992.959837825765,2098.25422926538,S1,3,107698,107953
-8.179590967430741,8.291895963550935,9.322131541045188,4.471736583708275,3.136506270531739,-17.69752729461549,20.83403356514723,258.4621078882408,-32.37089665789273,37.77903874801411,40.349757393782674,24.087921689119398,72.05978403874886,-58.62717265144577,130.68695669019462,348.3107109417351,S1,3,107826,108081
-71.85080412299202,72.46234925743451,79.57127009079692,34.191358129533064,6.456747989238245,-102.94860955771094,109.40535754694918,355.8546619163713,-38.98124848360104,38.99584944932481,42.63863979825271,17.27761182874795,0.9875204199312946,-67.44412190435997,68.43164232429127,361.38237603215816,S1,1,108208,108463
-10.796771038004836,27.43002178591997,39.84738321042225,38.35679449421108,25.059808548853574,-93.4036746798446,118.46348322869818,374.30350616568444,-14.852269510376958,16.02841032273886,24.60396897588433,19.615437281829983,12.007201336946915,-60.6299784087564,72.63717974570332,447.74762754915514,S1,2,108472,108727
12.253231664195892,13.348969494028418,14.543983999004025,7.834908062436488,23.602264101173905,-10.539876435421714,34.14214053659562,372.4875601339055,139.1616847160243,142.82286548580186,287.8995516209766,252.03209583415602,931.119387937811,-13.868232942040327,944.9876208798513,2023.9301689352546,S1,3,108736,108991
12.696489013662811,12.696489013662811,13.577983152297643,4.812566177209222,23.178618718389753,2.642064240424582,20.536554477965172,318.94468248335414,-0.32866878890296647,20.81132856311509,29.498845500313543,29.49701447059634,102.80233159815744,-33.36619858974673,136.16853018790417,325.7405285507247,S1,3,108864,109119
8.237427935490095,8.301038701022735,9.64170237108933,5.010709093559216,22.650603906906653,-1.4912209507635745,24.141824857670226,268.4313988866108,-16.850313798776995,16.850313798776995,18.19314036102171,6.859830980321804,-0.9342108506331642,-33.36619858974673,32.431987739113566,274.580562157237,S1,3,108992,109247
2.620380282428126,32.25728127944427,34.6040810688475,34.504724803928404,56.45533020910908,-42.150742222570855,98.60607243167993,343.9182759814836,-51.61184033010443,52.57999199267389,76.88893149301803,56.992330395219206,17.160339548851006,-140.55998397040574,157.72032351925674,547.4620261152214,S1,2,109510,109765
-46.62026172446086,46.62026172446086,47.242691643208936,7.643501189775063,-33.50422473748682,-67.7737920936284,34.26956735614158,301.07686951813673,138.077577345577,141.84418052064305,294.38683303639453,259.9965193989609,960.8383563208005,-16.487720546283814,977.3260768670843,2097.7786179176937,S1,3,109774,110029
-44.93721774144047,44.93721774144047,45.23096853130776,5.146549906347026,-32.137067831829164,-59.79323796409941,27.656170132270248,268.2062639643058,11.924520020465543,18.88764173301155,32.80665465878047,30.562761854616454,134.10629196988162,-16.81461203531809,150.9209040051997,384.6016792700896,S1,3,109902,110157
-48.40140932722923,48.40140932722923,48.803066798913584,6.248432132721632,-32.137067831829164,-62.24620742311199,30.109139591282826,227.55859472060052,1.2891568597915088,9.203678988226672,11.370874892632244,11.297560374467881,30.806880721538292,-16.81461203531809,47.621492756856384,340.8800273539889,S1,3,110030,110285
-12.742412503607035,95.80425780006571,105.83924457579754,105.0693895288414,185.3104534211845,-87.49344772446253,272.80390114564705,531.623095262381,-2.9850973590206067,48.88026633347647,59.95544060280187,59.88108258568203,43.161833498524075,-119.46426083820377,162.62609433672785,444.0646291864025,S1,2,110548,110803
-86.29889600342435,86.29889600342435,87.46526824990335,14.236351309858215,-67.25244341665329,-122.61919861412638,55.36675519747308,342.3182180613943,164.22327538177126,166.1357403507804,322.81389694632713,277.9200026708348,975.9593535934576,-17.42457652331907,993.3839301167767,2102.967437399511,S1,3,110812,111067
-83.77856272441971,83.77856272441971,84.32673514049046,9.59951495050134,-70.28114090801921,-112.15389482451049,41.87275391649128,245.6408920002072,25.99086797096176,34.409823091297696,69.27811375928867,64.21784664842771,322.2001102482788,-19.982527776965174,342.182638025244,572.9773833902759,S1,3,110940,111195
-79.94949428579733,79.94949428579733,80.07552326443812,4.490856212219394,-67.69428313730268,-90.53094649756332,22.836663360260644,222.6406403427063,-7.619803358667634,8.083886716636107,9.588715000788339,5.820829162720787,6.3080306949214044,-20.971948158817504,27.27997885373891,314.26329118235,S1,3,111068,111323
164.9010027989391,191.93716945264038,201.06279063254237,115.03871110565288,232.25321769461814,-87.35240309889309,319.6056207935112,550.215584127619,-141.31423030269514,141.4618896043732,156.62406244272051,67.5380281768579,3.2956191172113845,-189.64438638868262,192.940005505894,436.19820833806665,S1,1,111342,111597
-62.82798448430522,62.82798448430522,63.645813930730995,10.17025056452077,-41.18232204935405,-92.05654223051872,50.87422018116467,385.49325078847414,159.32971174402905,174.85415895470547,340.4630305981774,300.8805712565371,1000.4240719363285,-29.719044083968036,1030.1431160202965,2168.100951642383,S1,3,111849,112104
-63.48384079473366,63.48384079473366,63.78583302938948,6.199552661447813,-48.603327251361115,-75.89184765851735,27.288520407156234,318.00547356265156,-2.129303729285539,46.67973345284778,61.69914900879059,61.66239578574121,256.56092547522286,-56.13745723215242,312.6983827073753,492.0523942626121,S1,3,111977,112232
-57.32794980739717,57.32794980739717,58.06650901092555,9.23177337224267,-40.59186580546887,-75.89184765851735,35.29998185304848,272.45291918676395,-45.390773782989726,45.390773782989726,46.05441076419382,7.790148022890461,-26.51383743306272,-60.30593548888344,33.79209805582072,305.29646094388715,S1,3,112105,112360
57.4326382762237,68.22518222445703,71.02499977973075,41.78567522899681,92.22932111053454,-42.926791449208764,135.1561125597433,366.02618847687876,17.05876911737513,30.92336061122536,32.795475731113854,28.009670198525477,72.87509505875674,-57.301853341141424,130.17694839989815,534.6047683644185,S1,1,112380,112635
11.292788060863217,20.74481371627044,34.5872666746154,32.69177195921608,91.36931157510354,-31.62202045756186,122.9913320326654,399.53764811100797,-66.56801131494888,78.51895872167071,83.00701072143042,49.58693072252512,46.109430523800334,-112.30430555892167,158.413736082722,425.0259916893978,S1,2,112643,112898
28.764360226960015,28.764360226960015,32.460947702113145,15.04409207805526,55.69218221127852,3.070154521836591,52.62202768944193,341.1010926409243,121.55555629950825,211.619953798674,344.7184220714748,322.57563027631903,944.3184230425155,-104.33732426213153,1048.655747304647,2205.268517404838,S1,3,112909,113164
43.24406821204055,43.24406821204055,44.8101688925143,11.743159738675077,61.617254600138764,12.34800197578233,49.26925262435643,282.4114859312722,-64.80365716891114,75.7759329497963,80.1842867569553,47.22293786133885,140.00793565120114,-100.05924410679452,240.06717975799566,511.82805010048696,S1,3,113037,113292
-124.67623583121282,138.2399367703606,146.38195265176103,76.70405648401005,50.68564258462399,-178.98157767097743,229.66722025560142,505.9566119910568,-8.914631061705096,20.49844086935279,29.26647978152464,27.87572764675522,40.53613353717981,-70.79514653948219,111.331280076662,448.99167440354546,S1,1,113420,113675
-9.873049742335922,43.04182870927445,67.94830421511479,67.22718895279756,35.48745428458459,-176.57971540416526,212.06716968874986,473.350984395169,-29.21573950207732,39.326995552451535,40.589157811375436,28.176591298159163,43.925045387891814,-58.79816145630562,102.72320684419743,375.3084411476134,S1,2,113684,113939
-0.5196351187300764,5.311219587666283,6.807563787634882,6.787702414374113,15.779598222905442,-15.209840626034525,30.98943884893997,323.0629442213249,138.61234362594064,150.982337541716,298.10703466553497,263.9212426304533,931.246856666749,-40.359164503799285,971.6060211705483,2028.4857192441104,S1,3,113948,114203
-1.272118789176278,3.2846091613243007,4.249570503448831,4.054696443632622,9.117405709220371,-14.450912437334946,23.568318146555317,249.63488129277758,7.131796640820506,11.745784820173451,18.557418256047853,17.1322867418182,68.19410419102978,-13.393153877161954,81.58725806819173,323.1900125874695,S1,3,114076,114331
81.11511840140425,83.35822896258423,93.01237050276258,45.51525714822832,116.71466799595363,-11.284048287094572,127.99871628304821,346.9386825418391,-117.59588639672968,120.58658569090628,135.39282897728674,67.10011655012428,13.858627918064924,-170.4238507414871,184.282478659552,399.4564698923101,S1,1,114457,114712
20.195906838592126,27.238708506808607,49.029248601584534,44.676532602731015,114.70577891264251,-17.002866178551542,131.70864509119406,372.5804419502413,-63.471497565364444,63.471497565364444,80.31594529766463,49.21402306119051,-2.2084662985341623,-169.9393755278362,167.73090922930203,567.8689321521374,S1,2,114721,114976
10.111889475871866,11.34889857928488,13.963445334924875,9.62951176587822,31.99144944020757,-8.933014149869752,40.92446359007732,319.36531543259935,156.7429065804492,170.34907233988073,333.21160018522085,294.04358815438917,983.2785690036849,-36.04351415491923,1019.3220831586041,2154.721218847055,S1,3,114985,115240
22.848865086698382,23.58182360382822,27.879963392336055,15.975660330886305,47.974123375191674,-8.933014149869752,56.90713752506143,275.1654798549416,31.82461843173956,49.19030557570458,98.80449345048058,93.53887741297862,483.18778802615526,-30.001156397711945,513.1889444238672,691.7405351587709,S1,3,115113,115368
-176.23217423328606,197.13631328435895,213.3793278350658,120.30360889164209,56.460790059701196,-266.82243660697986,323.28322666668106,572.2780266639317,-38.726479380966026,38.997557063530785,44.259092018107566,21.427249497378945,6.195235788551269,-71.60105544717979,77.79629123573106,303.5643477302525,S1,1,115495,115750
-11.249522413093011,90.95701678562945,118.0750664941644,117.5379495017616,66.00562135854032,-246.00908194546028,312.0147033040006,484.75919412559324,-35.99563796204772,35.99563796204772,38.33479186960463,13.185989359585223,-3.6211799464832715,-56.01414114585174,52.392961199368465,390.9760625564058,S1,2,115759,116014
59.845168240391196,59.845168240391196,60.605569917683844,9.570315738079811,75.5739894592412,34.31490644911663,41.25908301012458,333.26510081405183,87.25230948711649,118.86834827041952,253.80910777802723,238.34029806191543,946.9159915905151,-39.69492185085877,986.6109134413739,2068.190826654895,S1,3,116023,116278
60.60134926345751,60.60134926345751,61.441316974368036,10.124815997992444,78.86758448850917,34.31490644911663,44.55267803939254,313.83826692421064,89.92934957777756,116.19130817975845,253.5898705771772,237.10869773980744,946.9159915905151,-47.21263178296083,994.1286233734759,2182.26166001782,S1,3,116151,116406
66.59861096926196,66.59861096926196,66.8213833931735,5.4518158023161645,78.86758448850917,54.96094983014566,23.906634658363508,246.1708470685423,-22.354397087863802,22.354397087863802,23.825165923137337,8.241326477159541,-6.730104096291515,-47.21263178296083,40.482527686669314,405.40134221260996,S1,3,116279,116534
1.1785683193196916,17.929009605476782,21.525341029831424,21.4930519742367,32.29175109642042,-46.30295550073254,78.59470659715296,328.7104957753677,-32.86192170943113,32.86192170943113,33.49420128832191,6.4773159183294995,-19.799478309937456,-48.48377171520224,28.684293405264782,292.461493588602,S1,2,116797,117052
-21.101833359297423,21.101833359297423,22.824656217175946,8.699285045836287,-1.5527225405337324,-38.52115122425175,36.968428683718024,339.20957983960943,87.82626482281361,123.51497354004621,259.1275394069833,243.79013287331938,933.3471503785465,-47.634802731022354,980.9819531095688,2127.0794765592714,S1,3,117061,117316
-25.581948454946662,25.581948454946662,26.421682466693074,6.608268882181492,-9.414018131210456,-40.16918077925458,30.755162648044127,286.8726227941486,-30.00879859246306,31.834740967219638,34.262848630038505,16.535259395664713,22.32195702780303,-57.111519182834435,79.43347621063747,362.7481403854912,S1,3,117189,117444
-28.311623864420625,28.311623864420625,28.69498180881542,4.67481926579163,-14.283412849977243,-40.16918077925458,25.88576792927734,315.0700089088085,-33.59560754638028,33.59560754638028,34.448829757137865,7.619516075569597,-18.261609321698554,-57.111519182834435,38.849909861135885,344.6349574060041,S1,3,117317,117572
-11.761436160636691,43.95687925716953,47.702443812300814,46.22977141523613,85.78402227808061,-44.835491271047566,130.6195135491282,374.9609184046956,-15.153964791523189,16.187050201396783,28.284433912878942,23.882348143959625,7.137076848309684,-70.36366093249535,77.50073778080504,402.67054377614363,S1,2,117837,118092
-52.75649314708376,52.75649314708376,53.601759358158716,9.481615743725358,-34.71204456247283,-73.23989309638814,38.52784853391531,237.42172934198507,124.48988517918038,125.67000238476815,260.4435971046023,228.76436733210642,927.8296814823459,-10.196112792760571,938.0257942751065,2012.5537816553042,S1,3,118101,118356
-49.11835342795334,49.11835342795334,49.48133629721499,5.98247426110219,-38.29156816939756,-63.59408705153533,25.302518882137775,240.42188143739372,15.521897195266327,16.33613490871712,22.706506395281593,16.57275294386986,76.98835308372001,-5.29563440922208,82.28398749294209,331.21848559602495,S1,3,118229,118484
-55.12851994051211,55.12851994051211,55.63899298587197,7.5195631289636085,-41.10408901731765,-73.18297173174012,32.07888271442248,267.99581579117046,1.9176964449843095,5.935171397524476,7.856021831394471,7.6183672371605375,23.712031418989923,-18.458356268327147,42.170387687317074,316.78956629637287,S1,3,118357,118612
158.6036966758498,180.15301219815748,189.4337328810453,103.58574493627127,226.96358879189845,-70.73851314472132,297.7021019366198,552.965304613526,-95.11137883484119,95.52803441597501,105.24155235227029,45.051192632947796,6.528283936734862,-140.14212672779158,146.67041066452643,460.42325317714324,S1,1,118631,118886
-88.08976315668431,88.08976315668431,88.60364463461649,9.528875565179124,-67.6457031781194,-109.77663311485857,42.130929936739165,256.8503249212732,114.32687594962061,124.53036657106111,253.27768372757978,226.0065275827404,914.8342702578217,-21.975173760026184,936.8094440178479,2008.6977290205764,S1,3,119139,119394
-80.80202118105294,80.80202118105294,81.61504549518469,11.491258601116755,-60.48806574197151,-109.77663311485857,49.28856737288706,238.23240307004164,98.1901401213998,100.66579401623298,225.6513089925171,203.16793455901524,914.8342702578217,-12.30731907767768,927.1415893354994,1065.8953950811324,S1,3,119267,119522
-65.8041990572903,65.8041990572903,66.58324552438272,10.155588165573887,-43.39466305473399,-83.11819365607357,39.72353060133958,236.9801867638928,-11.98518236374439,15.31772220112882,19.468988745211554,15.342650568560982,21.318255719260353,-37.57324134281203,58.89149706207239,313.52866957577663,S1,3,119395,119650
116.8923124234278,138.736256098963,147.58072730204253,90.09027898338192,186.70425007155396,-58.022262411580236,244.7265124831342,492.0167235423197,-53.44468431353173,53.44468431353173,58.625410545588664,24.09573572783685,-1.1660733898060052,-80.44705450393803,79.28098111413203,307.77579309104954,S1,1,119669,119924
-18.552491195320282,18.55666562224838,20.699172703197625,9.179369316263791,0.5343266467965126,-41.71082189117295,42.24514853796946,314.17251073783666,79.71994504488765,114.53454899317103,240.35163368010103,226.74575668517718,861.1670960942091,-44.06748214601419,905.2345782402233,1959.0665669489554,S1,3,120177,120432
-12.433473019852533,12.43764744678063,14.71764043735982,7.875131027989826,0.5343266467965126,-32.04160964104605,32.575936287842566,252.7489362946462,-8.186576564799045,41.87834071141141,60.342650469195775,59.78474244986103,308.5263959391063,-45.406574293871095,353.93297023297737,579.3194359948492,S1,3,120305,120560
-12.017189764006334,12.017189764006334,13.339567803930056,5.790614766284209,-1.445294281722902,-27.239309648920955,25.794015367198053,254.09746224005283,-33.28560755999433,33.28560755999433,33.75622615385157,5.6170395683153895,-17.96761095823191,-47.09332959561761,29.125718637385702,313.7509493384688,S1,3,120433,120688
-27.100116178925738,27.100116178925738,28.949333454581094,10.18074705280783,-6.183920495009973,-45.71753363806955,39.533613143059576,244.39845592101307,33.350677820320826,45.38586592602991,46.43155298214289,32.30512964311865,72.6145395385405,-50.73696506085059,123.35150459939109,418.2498400540529,S1,1,120707,120962
-18.435241638419704,18.435241638419704,19.61239082597419,6.69236427907456,-6.788515576228962,-35.551433909414776,28.762918333185816,282.45093860388863,-33.90455968684931,44.03009974939861,44.99453440312752,29.5802122811027,42.373746324478766,-62.90279727679865,105.27654360127741,405.9236083976721,S1,2,120971,121226
-24.198351198085135,24.198351198085135,25.80447308634992,8.961619862407074,-5.309094929044723,-47.988955808443606,42.67986087939888,285.8820391116682,69.86815599167794,110.86465386606042,227.24071240615422,216.23316617295103,841.3994902775122,-56.564025076583974,897.9635153540962,1986.4214183887543,S1,3,121235,121490
-21.884671547195072,21.884671547195072,22.473146081247446,5.109153164711151,-10.830598102202321,-33.50246911132205,22.671871009119727,240.90324778772512,-28.199358280740768,32.84651929718797,36.05314571502471,22.463871182483704,55.9024292542569,-57.5983381395753,113.5007673938322,432.94808339591145,S1,3,121363,121618
121.79133767173471,125.25249360331323,137.0240392979562,62.78899118203236,172.812187962001,-18.749191039028016,191.561379001029,443.1163956113938,-25.763114614966334,25.763114614966334,26.57639863175687,6.524330584064274,-0.8165117012219503,-39.42977754485291,38.61326584363096,271.30072205593683,S1,1,121745,122000
9.641625136915756,35.25498734156044,59.9500887461711,59.16968992138614,161.86941107182346,-29.10226068173736,190.97167175356083,375.62695370154825,-40.3904466371754,40.3904466371754,40.68185587172329,4.860577909791489,-30.687973706203024,-52.85593991554396,22.16796620934094,230.12210967004955,S1,2,122009,122264
-18.827376347071883,18.827376347071883,20.154305403163907,7.192073843455727,-9.229861752089459,-40.119778935703174,30.889917183613715,282.5389060576658,62.97544687659142,116.93158951999287,221.4567997516614,212.31393559288819,854.3110978764261,-56.139797399251115,910.4508952756772,1961.8512987971253,S1,3,122274,122529
-12.296513220553123,14.037031783813546,17.359911520214634,12.254072409058267,8.787916054411122,-40.119778935703174,48.907694990114294,250.7830043515864,77.03454106752532,103.07544026863286,219.52752469640097,205.56754019505289,854.3110978764261,-44.251241675969766,898.5623395523958,1956.929131692767,S1,3,122402,122657
-50.74544670664204,51.151655747629704,55.97464069458682,23.6232944237557,5.938164041595496,-71.04615916385114,76.98432320544664,274.83449432252837,3.537371433669681,9.509327547772676,11.56678953534137,11.012612019640951,24.358102201889274,-26.475104375663534,50.83320657755281,337.7742239866116,S1,1,122784,123039
-15.543174671233503,15.959962144854156,26.52070727183782,21.488546608322228,6.592359260161664,-74.48049576164212,81.07285502180378,325.47935247079914,-12.587783634411938,13.140195056036463,14.896108665368748,7.9650333673943186,14.25221783091994,-29.436202763827424,43.68842059474736,289.32474397266617,S1,2,123048,123303
-33.82163401691526,33.82163401691526,36.37385942591401,13.384869142505433,-5.843262878827384,-56.36602543279157,50.522762553964185,333.92248675686153,111.30814211058873,113.7693939083602,251.0268038183283,224.99989718916422,897.4240835383932,-12.134819900249862,909.5589034386431,1979.3453883090237,S1,3,123312,123567
-46.068409657214566,46.068409657214566,46.963704204742726,9.126398209898023,-24.54017251020695,-64.74693252890835,40.206760018701395,297.3571273563772,16.894612693400056,28.92583028173031,54.58201810331972,51.90152947814858,272.79065339699156,-25.107085225668225,297.8977386226598,589.672205533519,S1,3,123440,123695
173.47328936060805,198.48412450243586,214.23505783536513,125.71267988605203,256.5655403587914,-66.77276173818007,323.33830209697146,537.3146664378506,-129.80686625864968,132.48610920385696,149.64988516830698,74.46654015728477,19.51419479017024,-194.67241000358422,214.18660479375447,434.55386499836646,S1,1,123822,124077
19.239227794993553,111.65749138549015,137.54472368173796,136.19252228568936,254.98870742011908,-90.29685593875466,345.28556335887373,532.5236589773704,-53.62752875697414,54.5045350035187,92.43507717391672,75.28832347428022,16.47106838290641,-192.13928407603984,208.61035245894624,569.0451028540949,S1,2,124086,124341
-88.16531442893054,88.16531442893054,88.3963352551799,6.386659392356326,-74.7050546358532,-106.55905752487978,31.854002889026575,301.27272839152135,133.62359607547216,136.7854199844823,284.89210097771,251.61129499955436,959.5960665673776,-14.574598991018336,974.170665558396,2088.968534791047,S1,3,124350,124605
-87.12938236447874,87.12938236447874,87.42318774537925,7.161318617984401,-72.9652622917997,-106.55905752487978,33.59379523308007,258.99510153126954,138.11921345518658,138.1468132413834,284.847427329163,249.12073324106007,959.5960665673776,-1.4572866966230242,961.0533532640006,1949.7819191290268,S1,3,124478,124733
-83.38703447062385,83.38703447062385,83.54363811256874,5.112920034465668,-70.20228350064065,-94.28706712646233,24.084783625821686,239.5620885605193,9.329562211751007,9.471343626842543,11.349423570619201,6.462869666208221,33.08053212851058,-2.8765586272414296,35.95709075575201,393.2931173482865,S1,3,124606,124861
-12.299199526498295,100.04408821089842,119.47843561454215,118.84370520942907,249.88920869920713,-85.57589532518996,335.4651040243971,583.9824897216719,-46.61191837930277,46.61191837930277,56.73307998696369,32.34148156483304,-7.041152913241565,-117.18775187060088,110.14659895735932,362.8363004311933,S1,2,125123,125378
-77.04229809939052,77.04229809939052,77.51773684725897,8.572270964309162,-65.24272606587174,-97.99378052424804,32.7510544583763,245.1449554741753,123.33070704825106,136.55433020342753,274.6323062749908,245.38223315655688,902.0430767176043,-29.378694289286706,931.421771006891,1983.1964517062083,S1,3,125387,125642
-70.17886718642106,70.17886718642106,70.57841156987907,7.499251973224672,-58.17645514694707,-94.90071123256241,36.724256085615345,263.05520915259444,23.481360157182653,37.604130229623635,72.1353332651922,68.20653949914934,347.14483634777906,-20.899605058872396,368.04444140665146,498.83727127799875,S1,3,125515,125770
-65.73485862421828,65.73485862421828,65.8261052958172,3.4647510834185375,-58.17645514694707,-73.41021910271918,15.233763955772112,236.87214735409606,-8.7014676929311,9.580860220311923,11.13531844314034,6.948365046470838,9.366582514588833,-21.758336293476948,31.12491880806578,241.76939620731798,S1,3,125643,125898
129.50950537691506,154.41355162256116,164.5451696496935,101.5007432094624,196.16717970847697,-68.26726143103704,264.434441139514,519.6801043464844,-74.61899030495042,74.63589006813433,82.15083194794744,34.362268196520695,1.1111524202279128,-104.68566773180835,105.79682015203626,373.0556616723888,S1,1,125918,126173
-25.52631956776375,25.52631956776375,27.019138349697936,8.856683718216383,-7.715192125184682,-45.67705789109502,37.96186576591033,240.57532567557686,116.39684167270835,137.72948987786197,287.1605373512339,262.5127605669254,945.4254810426667,-40.902770183444446,986.3282512261111,2094.705535498938,S1,3,126425,126680
-10.681717726032614,12.823233434127353,15.445644110465077,11.15655988235196,12.026094089840456,-33.24941363941931,45.275507729259765,254.89261989534333,15.523022227777915,26.5107583680567,54.484565893395406,52.226465527619794,279.3751197862858,-23.89719344961604,303.27231323590183,523.2815136325935,S1,3,126553,126808
-2.719197243355413,5.8036885329891845,7.013310020801203,6.464710650879813,12.026094089840456,-15.1347209981639,27.160815088004355,249.84043027348343,-5.20847980853015,7.751014026369617,10.235087715771325,8.810718394868083,14.777902151892304,-23.89719344961604,38.675095601508346,321.2717428773415,S1,3,126681,126936
-57.60306477258389,58.75612259303509,63.535533975493706,26.8076669323651,8.750688343309667,-77.6032078577304,86.35389620104006,289.5220858881957,-78.18934960137128,78.18934960137128,84.55848692186085,32.19570343118863,-2.190317613817773,-112.00082624989255,109.81050863607479,421.00791013617766,S1,1,126955,127210
-0.3967747028535964,16.593376492878967,25.14925301447323,25.14612290237138,19.077764393978118,-71.25265869546098,90.3304230894391,299.98629641960144,-44.48917772896273,44.48917772896273,48.952643950710794,20.422399828762266,-11.391982810300595,-99.82322461128592,88.43124180098533,364.2373271361758,S1,2,127219,127474
8.149339488187668,10.085029074866394,11.351977460243496,7.902889228892276,21.51848400595173,-11.202874404037955,32.72135840998968,270.10742850620755,106.81013838258178,138.91915579226662,276.7015253683588,255.25541812049792,922.4121668571258,-66.34808174093438,988.7602485980602,2099.8321660670745,S1,3,127484,127739
13.648045204097606,13.648045204097606,14.557785776800959,5.065568954237688,26.235527632016147,1.5072365039769298,24.728291128039217,221.4888532753527,-23.676051614146928,30.546547367319018,33.35433569848488,23.493750016791136,42.3936650381429,-54.26833749831768,96.66200253646058,366.62785398363,S1,3,127612,127867
4.41551367631381,7.588439956047836,10.916109635764874,9.983220349883322,27.86882799229887,-8.627197856710684,36.496025849009555,308.6302323966863,6.369917144691884,20.159394669079656,22.95129138068242,22.049624296362683,44.14876128076131,-46.478522585823775,90.62728386658509,391.85387005521204,S1,1,127995,128250
24.490692176255223,24.761838071547583,27.233555829083944,11.911026816515164,44.9410858480795,-4.780437741396572,49.72152358947608,318.738363975137,-34.363412285827195,36.35808284038249,39.56717749704271,19.614215027799183,14.789132627650787,-57.77506986009732,72.5642024877481,364.94690326659975,S1,2,128258,128513
15.999525232734893,16.27100962610673,19.84095030609109,11.733648255161546,47.92851831786892,-4.664627681107074,52.593145998976,326.76096241974403,100.37992758585203,145.38729286367075,277.4606092508076,258.6663097964024,900.4320480733521,-61.219588508499726,961.6516365818518,2077.6361158102195,S1,3,128522,128777
16.533982661611276,16.533982661611276,18.099079548345486,7.362343230444742,32.50974990506283,0.806389150582596,31.703360754480236,219.75879252284795,-42.8957070751645,45.50061556860858,49.30908380813843,24.31756691200215,31.968788485862255,-76.77093573722401,108.73972422308626,409.0986507621242,S1,3,128650,128905
-103.42743638254223,115.49907476661224,121.54306153255372,63.83949569068763,48.725188475450665,-148.8559400103693,197.58112848581996,387.4065826750562,-38.272750903780015,38.272750903780015,40.284973825652465,12.572814099902612,-15.697536282368267,-71.65542436594494,55.95788808357667,256.2723964375849,S1,1,129032,129287
-6.391270324104607,44.37586631387238,61.2663501340673,60.93207137784132,34.87035226777878,-138.95500275725746,173.82535502503623,358.66638700931674,-21.964996696951584,21.964996696951584,26.76397970691152,15.292139479316742,-2.911974700551209,-62.43691320901304,59.52493850846183,379.9828481578428,S1,2,129296,129551
7.243048939644234,9.84929018351805,12.77121232994106,10.518655162821771,34.305046364639296,-14.371828498457656,48.676874863096955,343.7091977066889,110.13540884007185,125.66913085525337,269.6054090735576,246.08386440673135,952.9197524648879,-33.528681125571204,986.4484335904591,2169.005055851904,S1,3,129560,129815
-3.9418415858365043,6.206776365480668,7.362490991055368,6.218372657339009,7.388145591882724,-17.64665570759788,25.034801299480606,305.24746213782566,-13.77625056505011,18.764987459446306,20.25818213212113,14.852907582932993,36.17842467806085,-33.528681125571204,69.70710580363206,380.64825372606424,S1,3,129688,129943
106.52192825441546,119.84639632218388,133.45832038850648,80.4002617028229,168.96382664161194,-33.458442568482425,202.42226921009438,444.3616324170631,-43.7981050421283,43.7981050421283,46.92267342193334,16.836367653983604,-13.5005829057579,-74.68481512880307,61.184232223045164,323.89537704756935,S1,1,130070,130325
2.5688388277498966,58.024726316309085,73.48994103401449,73.44503046673732,154.10230248805456,-46.82384031262565,200.92614280068022,371.1227557859763,-55.332936864226824,55.332936864226824,57.67965818022748,16.28524073409327,-28.732883037946838,-84.89017867524245,56.15729563729562,332.898953178767,S1,2,130334,130589
-57.49067705986279,57.49067705986279,57.92671420708893,7.094101072604259,-43.30908600062475,-75.72684936536619,32.41776336474144,285.9770561480825,88.2861404063589,136.26236400141963,258.5242858314843,242.98222934368607,877.7712877539584,-78.83204677634306,956.6033345303015,1982.0221834145561,S1,3,130598,130853
-59.637641300551095,59.637641300551095,59.89243025715584,5.5185996607000085,-48.86111290431382,-72.41078760649114,23.54967470217732,219.628227812773,-27.849789110134022,36.98037426747134,40.65101371269198,29.612398794939462,63.82483051413716,-60.99932697263985,124.82415748677701,328.2448295640655,S1,3,130726,130981
107.75186216822749,139.30627729364957,146.86529827882575,99.79454913875688,180.30488723993446,-73.89068480251312,254.19557204244757,464.0831631928686,25.87399390838174,43.57440253632965,46.00870680156787,38.04388966419787,97.81465610140644,-52.17843158034391,149.99308768175035,452.85851502493904,S1,1,131108,131363
-22.59038911387659,87.02132225311179,95.67298291829627,92.9677039630874,178.8410604523343,-78.81125153405917,257.65231198639344,444.2513502969532,-21.69075329604852,37.01728886223622,38.0611023443578,31.275529301958088,54.24463441521676,-52.85547984535019,107.10011426056695,384.71950880297527,S1,2,131372,131627
-72.33133125681294,72.33133125681294,72.69689577713777,7.281289326020986,-51.28665309531426,-89.60731679996896,38.3206637046547,315.2971873112748,89.00176787410676,122.4941085303863,254.73364577096334,238.6795248927948,895.3966932766942,-51.12477030984052,946.5214635865348,2007.8867913560564,S1,3,131638,131893
-71.52946032314132,71.52946032314132,71.75602891256253,5.697718067846257,-60.01368605943836,-82.73592140455199,22.722235345113624,240.55423766666266,-19.684502387110435,21.11568698000955,22.290606343575657,10.459039006337957,30.52042770484102,-35.03915764325532,65.55958534809633,339.29251197267945,S1,3,131766,132021
-67.42525145602485,67.42525145602485,67.84909873069891,7.5720317392327035,-49.28964178334087,-82.73592140455199,33.44627962121112,298.04182667143425,-17.15736987818954,17.163456281346086,19.06294336548636,8.30785583762348,0.6858667124017741,-33.181340212986896,33.86720692538867,344.8688846767152,S1,3,131894,132149
33.0100787196902,92.66712718439683,122.87379749423022,118.35668470168025,232.664800096895,-53.44837582931576,286.1131759262108,516.5639216115349,-58.89611195011514,58.89611195011514,61.07473696325942,16.16698773089255,-29.027289732395623,-92.80750891767224,63.780219185276614,335.72001171921886,S1,2,132412,132667
-36.60406236610487,36.60406236610487,37.26290807205484,6.97616916973166,-24.0903631963147,-53.633308853044674,29.542945656729973,306.66405520195406,112.21155452861856,118.0129618762843,253.2899013865993,227.0778306543905,949.1918538835675,-26.45219685828061,975.6440507418481,2088.671888821747,S1,3,132676,132931
-31.053124744740856,31.053124744740856,31.87941687406198,7.211148578263442,-15.875144546133235,-45.97214300599438,30.096998459861148,276.3923546863289,45.04699684910948,52.770628283809216,120.44199762823389,111.7006842752354,672.4323452729858,-24.74485049792517,697.177195770911,947.6465831286824,S1,3,132804,133059
-33.01154790905403,33.01154790905403,34.0700225971904,8.426395695746512,-15.875144546133235,-49.32609776323414,33.4509532171009,257.9597038810617,-6.064125916968682,7.52648133250404,9.476301336318963,7.281940941800428,8.443837870979642,-24.74485049792517,33.18868836890481,421.0730270854434,S1,3,132932,133187
-24.84014699831364,25.870510141207934,28.66158448826328,14.298724505354459,9.098690915125767,-45.83552198284883,54.9342128979746,308.6374949618825,-42.05712022527935,42.05712022527935,50.59843218084585,28.131832103794018,-8.670402015575538,-112.90780143029872,104.23739941472319,387.4839807959431,S1,2,133450,133705
-26.263191064071087,26.263191064071087,28.924256380984026,12.118473597157013,-6.338830368657954,-54.26342960341431,47.92459923475636,302.30857179539146,109.14284854653548,141.20750412684094,288.11670116105455,266.6440925636202,934.8933432829215,-50.327961382973136,985.2213046658946,2127.5666961275488,S1,3,133714,133969
-18.443316544215854,18.443316544215854,20.40928208258315,8.739729399489637,-3.9604743630201837,-42.86652474097298,38.906050377952795,286.5506209881338,-23.51827654688013,29.571073821791778,31.733627992429597,21.305253197894157,59.747579624096595,-50.327961382973136,110.07554100706973,390.29142965666426,S1,3,133842,134097
-5.617168680007721,9.101893790011617,10.724817532395205,9.136143996430437,15.546658217950768,-20.95131646439192,36.49797468234269,276.5946987484059,-26.015567134209302,26.015567134209302,27.29672960800708,8.264485100603613,-11.612619136433885,-44.39392336671321,32.781304230279325,319.4073866020959,S1,3,133970,134225
63.65011938545766,64.19087696350562,69.55563559465739,28.047259138706536,88.06776286263623,-6.000756139111767,94.068519001748,275.84665076037015,-21.43979723336632,21.43979723336632,22.869594251819098,7.959487159043285,-5.008614810738021,-45.48113019430759,40.472515383569565,373.0857244482084,S1,1,134244,134499
29.676061546074845,29.676061546074845,30.656032170444128,7.689192385997577,53.126101538207244,10.481889306095209,42.64421223211204,304.75169266363935,103.8922546833555,121.11623230296225,262.2863652373147,240.8330060565014,912.1176511626193,-25.787499677478568,937.9051508400978,2031.8820343392451,S1,3,134751,135006
35.118335722682964,35.118335722682964,35.64744743822425,6.119068959399785,46.82368722897422,21.9859950048073,24.837692224166922,238.94411397683305,-9.915448392147912,17.935963063423817,21.034986320493744,18.55140244526031,68.39114744693232,-39.49370533900018,107.88485278593251,431.52992315336405,S1,3,134879,135134
42.012807585627414,42.012807585627414,42.49144265856682,6.359771849627894,56.701099114866444,27.640358088065643,29.0607410268008,219.75699555895017,-29.19450473574938,29.19450473574938,31.529534515081092,11.90766307769904,-5.535409269020391,-51.78211062907282,46.24670136005243,353.7430762288798,S1,3,135007,135262
-152.4801218929187,170.03211299460764,183.679354109329,102.41053438753715,54.322000310299316,-259.851691733816,314.1736920441153,543.5137617796463,-75.96235758541361,79.40468939830072,100.36186679989424,65.59134499021552,18.880490178508943,-171.31405216968275,190.1945423481917,641.2468364976145,S1,1,135282,135537
-34.490024847974425,75.73879432028124,110.91752253702313,105.41885501055843,51.648500496434316,-226.8220803693672,278.47058086580154,491.7664769614763,-24.50641794994162,30.85392927764459,46.4066069490753,39.40823071121999,41.714018953162125,-103.92836135227091,145.64238030543305,499.8051749774001,S1,2,135546,135801
8.865445191314812,11.116708845959103,14.410603476931781,11.360870306853757,30.591065845103692,-12.320077370456728,42.91114321556042,312.72733409421784,106.0770907694745,120.80989113529299,265.6740327815819,243.5782061439687,952.7973293370887,-33.19265023738237,985.9899795744711,2112.6952981718314,S1,3,135810,136065
-7.409691571222113,10.544614146003092,12.890939612824745,10.548592082399155,9.065406010502864,-31.610935433972198,40.676341444475064,255.4034691200786,16.697676148243456,26.4905583106575,53.931471821740075,51.281490463007465,290.972009991865,-22.183812422458875,313.15582241432384,498.0018099109405,S1,3,135938,136193
178.42119844494727,192.7705644079369,207.82387770028672,106.56753768316351,249.89899814104177,-47.52282489557473,297.4218230366165,578.1630444947638,-88.88509795751267,89.0916869726789,98.90677530848795,43.381903635123,4.692603558491124,-132.20727454154616,136.89987810003728,465.2763290383586,S1,1,136321,136576
-22.18437399266401,49.26378307615083,63.351663875745594,59.340431969939864,224.2628245391126,-53.00736830790671,277.2701928470193,504.31776211266566,-12.367063921263098,15.180836340080045,24.984287583289195,21.70876219437422,10.008534309205857,-100.04988473630883,110.05841904551468,448.3344540367216,S1,2,136585,136840
-49.95445594308467,49.95445594308467,50.51218693826851,7.485543448340734,-32.791267504255785,-67.89026294190226,35.09899543764648,269.48795571856067,127.86805347495746,142.3513001584581,309.6822401866097,282.05114923985406,1018.6060941436585,-30.658760591851305,1049.2648547355097,2309.533786284396,S1,3,136849,137104
-47.355714603514095,47.355714603514095,48.311887308858616,9.564243291258103,-20.93403667002169,-61.22891286553649,40.2948761955148,215.49772195879635,-15.555845025804917,19.254123621876445,21.176458186395614,14.368648748344508,36.48670759371548,-38.16014656345722,74.6468541571727,377.51491191390755,S1,3,136977,137232
-23.356517886620914,23.359067398981903,24.955146679459354,8.788197653972551,0.3263375822065494,-38.34907352645065,38.6754111086572,317.0146481871843,-26.0509028582101,26.37059285046149,30.128855236602277,15.13599610664053,5.67557051695789,-55.78381407021581,61.4593845871737,378.3436280633807,S1,1,137359,137614
18.583158571022064,23.724252933219145,25.131045526716434,16.91850072524582,40.64642752780076,-25.688061707716333,66.3344892355171,322.8837649445732,-52.28534072400872,52.41160184861846,55.51181550671854,18.649525630060204,4.517618898417908,-79.76126601992733,84.27888491834524,332.0162479216965,S1,2,137624,137879
38.766166447183735,38.766166447183735,39.46110593549785,7.37314184332773,54.085952459057836,24.54112439333968,29.544828065718157,277.1776438441118,81.13612389635948,119.38454635424483,246.27060173768683,232.5212650045517,865.3430338660877,-48.87935136898413,914.2223852350718,1942.113868682979,S1,3,137888,138143
44.41173431377325,44.41173431377325,45.400597157358185,9.424015995717319,64.5309328135296,25.93632686275074,38.59460595077886,281.64370427892027,-16.57881120230045,32.8481596612097,39.85267178942544,36.240563845974364,172.43883324369284,-55.81025468718033,228.24908793087317,415.0571050635767,S1,3,138016,138271
-91.2191086068299,120.30623091648256,125.07575539489484,85.57463883989776,78.33832415290796,-152.51327370962454,230.85159786253251,530.815288537038,-9.423091119335,11.337123511598827,13.032676708256894,9.003111458748668,19.03273381238767,-27.636751849984986,46.66948566237265,351.7786275289417,S1,1,138397,138652
-13.276882573221975,38.17024170069532,66.7494279442441,65.41567488011349,26.94740226790858,-180.70340850495936,207.65081077286794,449.8657473958514,-32.19645299528466,32.19645299528466,33.751340118417495,10.126271491102926,-6.879232773959421,-50.875214810568544,43.99598203660912,317.4050397200109,S1,2,138662,138917
-20.60865795220279,20.709398579970028,23.01858001236881,10.253694124311183,2.1509698380692908,-36.99176761135238,39.14273744942167,387.4826970239983,70.37398618742627,106.66636928831461,230.68288105449386,219.68635296643646,853.3567865349901,-42.192803650247306,895.5495901852374,1916.5122977626193,S1,3,138926,139181
-31.347118032060653,31.347118032060653,31.99302750144327,6.396248884476234,-17.0319977929788,-44.99296802338705,27.96097023040825,258.47668221856395,-6.931578285232382,36.75822505172417,58.03833839781892,57.622928999274556,334.7803222240483,-46.31512210148352,381.0954443255318,649.4308228974879,S1,3,139054,139309
159.35040206098716,175.37197640481648,192.51093531805492,108.01809839112177,243.67847000757536,-45.203582740004606,288.88205274757996,540.8530183731834,-25.12042715358023,27.05963179115944,29.586022917267012,15.62999973393212,25.485895731595914,-50.93826204039738,76.4241577719933,394.4781022808495,S1,1,139436,139691
9.84484236571597,96.8195431408518,115.20137515580255,114.77994562022654,214.73988162098192,-78.62875856816474,293.3686401891467,530.8732444026432,-12.309051325054286,12.975424674569012,14.679358550060453,7.9981762245159524,6.866785093551569,-30.201952960002046,37.068738053553616,363.49722656793136,S1,2,139700,139955
-73.365335812863,73.365335812863,74.09605478602745,10.38040634656578,-56.69356535997111,-101.87012905372154,45.17656369375043,286.3589531522155,122.08307170271463,148.50114987198407,293.24468967244,266.62365166037966,933.7976345954684,-50.66564272985577,984.4632773253242,2025.4324699627998,S1,3,139964,140219
-66.60429453252289,66.60429453252289,67.10509368822261,8.183003649643279,-51.60309484526352,-86.34913187794434,34.746037032680825,268.53391647717376,-15.257891882837674,36.745472151278534,41.50771008180878,38.601641565186405,124.42647537004302,-52.603716234405105,177.03019160444813,388.7914288542979,S1,3,140092,140347
-62.712593537576616,62.712593537576616,62.87415026706489,4.504373829530516,-51.60309484526352,-77.04170976244836,25.438614917184843,243.66070159996397,-34.85582916867327,34.85582916867327,35.449420748985894,6.4600777396946105,-14.538733944156373,-52.603716234405105,38.064982290248736,326.7629898171523,S1,3,140220,140475
-7.470229283591863,69.42446540263197,77.62395561464996,77.26366649153866,136.42618446377665,-69.45096523050333,205.87714969427998,415.7253456452135,-21.473198921337264,32.35869779817723,52.5348630944367,47.94594423343739,26.698101471748274,-115.26845471676141,141.96655618850968,445.42340737422836,S1,2,140737,140992
-66.97846800993182,66.97846800993182,67.45297286476715,7.986762256230771,-51.84427277453528,-82.65744009569634,30.813167321161067,244.31659089873312,135.21113656824278,135.21113656824278,268.9612795200339,232.50401809211343,975.3377519122494,12.901767474102938,962.4359844381464,2102.128183508449,S1,3,141001,141256
-72.50828619246835,72.50828619246835,72.69500949662722,5.206999053757155,-58.793245231629896,-86.11833262915027,27.325087397520377,290.9987514550884,24.453280094561368,26.531992442666787,39.230380895961794,30.67669926604186,139.65694134694397,-14.66376912862099,154.32071047556497,395.5425833575914,S1,3,141129,141384
-72.09970830380412,72.09970830380412,72.29947596549852,5.370873987728407,-59.76796481700661,-86.11833262915027,26.350367812143666,273.6072125575828,-1.8190491272037013,7.82289636425913,9.047792765951073,8.863047681718518,16.693437255766273,-18.035006226094286,34.72844348186056,350.54121885484795,S1,3,141257,141512
164.90405128388528,185.54722297629297,194.10747693328295,102.39319543586235,228.93670480127017,-76.54823865670319,305.4849434579734,547.3709366144384,-97.77249568671905,97.77249568671905,105.44459825904678,39.48547060884896,-2.252307030015463,-128.86043721730823,126.60813018729277,373.24086345049636,S1,1,141532,141787
-20.104201834289338,20.439123239642722,23.373208575694566,11.921742646487523,5.355274567169732,-40.48250594375458,45.83778051092431,318.1673992838658,101.12040162366578,107.97309700734706,249.37950947484202,227.95789988807442,894.1544026092834,-21.120187974879766,915.2745905841631,2073.3624892462167,S1,3,142039,142294
2.7494006760314695,14.166128682212776,16.027045665488515,15.789458150496866,27.01410375286472,-28.81406065159501,55.82816440445973,248.63346396338727,-4.462913678641154,22.206658070134356,31.229632144590028,30.909097776923357,145.13519219705944,-35.6879364234914,180.82312862055085,413.34030535943316,S1,3,142167,142422
18.75709507499196,18.75709507499196,19.69747665442197,6.013482426947876,35.420598503172755,0.08634665842593772,35.33425184474682,211.3411097049682,-29.52276510280942,29.52276510280942,31.298650276616545,10.392874954616126,-10.826609822596746,-55.25127965238586,44.42466982978912,319.8634312310596,S1,3,142295,142550
-98.16469830446843,104.56187189376502,109.8044878410509,49.200788172835054,33.2373912567584,-136.73034785633317,169.96773911309157,446.00894476126746,-31.333483815525337,31.333483815525337,34.96370114598745,15.513645277887976,-11.330586677640985,-73.94670286028169,62.6161161826407,368.0568272509279,S1,1,142570,142825
-19.880628581448626,48.71949182496059,67.9803006986752,65.008321700293,30.961704382784735,-135.31631295087422,166.27801733365897,398.528788540797,-25.47695560540383,25.47695560540383,28.272001145271915,12.25686672190487,-5.44960517714526,-58.994357365646614,53.544752188501356,365.0920213155572,S1,2,142833,143088
19.74831390559155,19.7828494166843,21.988315719770664,9.669029221102452,56.75527829305454,-1.9587186941810062,58.71399698723555,324.0129187510782,116.3295876046112,128.0068590646978,276.458039062353,250.79169525712484,943.1980784109121,-34.52796612419538,977.7260445351075,2145.895225662218,S1,3,143097,143352
13.227590126941598,13.38980049190708,15.192461571999717,7.472733639728185,29.394241876338054,-4.480557558720297,33.87479943505835,265.91017641617793,-3.3605295009879534,9.918330652765235,12.411172139932614,11.947553530327,37.00930791328288,-25.24364300668584,62.252950919968725,441.9151022338261,S1,3,143225,143480
76.10770971497985,80.96065972801739,86.86903012754388,41.87893166307477,112.76040540883102,-29.394469889863217,142.15487529869424,387.3412955294225,-88.69404035100244,88.69404035100244,92.58222948264005,26.548755567652744,-24.92595944597059,-117.8811016747481,92.9551422287775,412.2398128227359,S1,1,143607,143862
-8.04513898008662,54.05931618072748,61.147802827054576,60.61624806409115,113.9662821340551,-55.80026820509942,169.76655033915452,399.8444861294996,-26.79896779887109,27.759325536704594,41.12980432026403,31.200578974408145,11.225839945798928,-94.70481083868043,105.93065078447935,455.3229468774622,S1,2,143872,144127
-59.820226453527596,59.820226453527596,60.491886714762046,8.98937513736535,-43.048054803186446,-82.04897031458717,39.00091551140072,306.0070107316085,109.83377356898745,112.70323541651989,236.56640288296677,209.5237579764704,897.3965990541626,-17.66389404961507,915.0604931037777,1938.2578124803333,S1,3,144136,144391
-51.805716208505494,51.805716208505494,52.21011548178273,6.485670878550666,-38.59204991059339,-66.0113975170458,27.419347606452405,301.9137667552321,13.991826509624344,14.425497143876065,18.07056903998969,11.435657233128634,46.9262593901612,-8.167196264187375,55.093455654348574,352.97055687794636,S1,3,144264,144519
61.82176963136375,75.26274562085226,79.01910722604785,49.21471432862572,104.66892662877437,-40.48712878836766,145.15605541714203,351.97389689177095,-106.86206151108209,114.05615986713745,124.91877949735017,64.69313163473616,28.20747902068014,-170.1936902142901,198.4011692349702,421.5324740172846,S1,1,144646,144901
18.826887147994835,22.529817123277912,43.82964174986836,39.580118951797886,108.7769336750039,-13.352413987996277,122.12934766300017,371.561522248326,-29.125502574917114,33.88085245075737,67.74434492662783,61.16372592719006,27.87317004013633,-171.04218031306746,198.9153503532038,512.1009951846441,S1,2,144910,145165
22.90477906624856,23.240618612997938,26.123038145453062,12.561218805320502,45.671823569513954,-7.500119031133677,53.17194260064763,279.9248123847431,137.93043496709765,138.35190490170606,280.2858004507086,243.9986168896899,972.9134923930039,-5.562016799354694,978.4755091923587,1905.3404338782468,S1,3,145175,145430
40.27573496562114,40.27573496562114,41.22265335671251,8.784777899681051,60.01875845145142,17.823792116281417,42.19496633517,254.55505473601315,4.211721256137941,7.726408887912895,9.762144977277016,8.806865425222,22.26894166281776,-12.636820707152005,34.905762369969764,335.07002010894587,S1,3,145303,145558
-144.05051656563649,165.25102548795817,176.8211556621349,102.54350182662105,60.32637331293714,-210.69916326599554,271.0255365789327,488.89263465460476,-86.50863369695688,87.52626265585731,98.73169527970727,47.58365211593904,9.829790885822174,-139.8413225193007,149.67111340512287,422.061556278402,S1,1,145684,145939
-9.981371313728594,75.01922297435146,98.5351592473278,98.02831139315686,58.132383662114066,-211.57971947318734,269.7121031353014,517.6436058604353,-31.593083405196168,32.06975516063261,52.398815778412114,41.803265134822766,8.898136934992207,-124.03840151789052,132.93653845288273,484.5437445017043,S1,2,145948,146203
39.02698435064944,39.02698435064944,40.09575493926369,9.195871717442134,53.95724716273323,12.90028152432329,41.05696563840994,267.8616813768659,110.92300791793551,114.26052402009948,246.18560789684412,219.78043554870004,933.7187396959142,-17.946349305144658,951.6650890010588,2015.0713047572074,S1,3,146215,146470
41.80655629006607,41.80655629006607,41.968926537903606,3.688176501943389,50.11216974076056,31.935575504828073,18.176594235932484,222.0579252509823,12.837257928640742,14.4565671883379,18.122757324858988,12.792151575449711,44.39172231549861,-15.088638759449807,59.48036107494842,337.7817330838169,S1,3,146343,146598
-19.36558844258478,31.82724380108064,32.26510650719646,25.807190513365807,38.94689337322636,-43.41903973135052,82.36593310457688,325.19253865656174,-54.360157596609305,54.56383616010801,60.54739472233335,26.663838315850942,3.8091141893829117,-82.7186301634369,86.52774435281981,357.7262128302062,S1,1,146724,146979
18.884132598932307,28.814235312508757,29.280697396238455,22.37741665152677,39.52118880142359,-39.11799174298902,78.63918054441261,301.7074313062649,-40.24362365973329,41.032092599937165,44.36205906901591,18.666629036240366,22.347448521537704,-80.81165267035341,103.15910119189111,447.6315123607653,S1,2,146988,147243
35.737363215100864,35.737363215100864,36.44853756358379,7.164967617228582,56.65279016554578,18.38560345956847,38.26718670597731,289.6002303569021,77.39169523579751,116.2946115545595,238.9950841545695,226.11761487902527,870.4839194816561,-55.69360569135452,926.1775251730106,1974.0283905207464,S1,3,147252,147507
33.69490135949334,33.69490135949334,34.25396873844781,6.16344033057621,47.901896381967674,18.38560345956847,29.516292922399206,274.3085100621134,-41.02832677108323,42.47537192120838,46.86475712713811,22.649102917132446,24.17536957665623,-69.16685830512843,93.34222788178465,294.58186364397557,S1,3,147380,147635
29.67541681552579,29.67541681552579,30.495418700726198,7.024257865241738,47.84111570007471,17.050947868720005,30.790167831354704,223.24824344182025,-58.493431523844656,58.493431523844656,58.949262354399835,7.316693289537115,-42.35122187609871,-74.84329327023488,32.49207139413617,288.6802368988896,S1,3,147508,147763
-23.336922625580517,30.5565054360544,61.31930838020368,56.70489945846113,14.30129862540606,-155.64170678294326,169.9430054083493,396.3211355810961,-27.2216891321197,54.441039954360875,56.48831751254953,49.49656206437823,82.11875791994984,-70.73125302961274,152.8500109495626,366.4466890186352,S1,2,148026,148281
2.2988798076315464,9.429355938152437,11.528381661633336,11.29684625753346,34.24924979704794,-23.14803526406715,57.397285061115085,316.29803592498996,79.09101903137457,133.1169930947625,255.20658703641698,242.6417374965713,873.7686928267453,-61.95613001027215,935.7248228370174,2048.5808266970953,S1,3,148290,148545
-15.836506962164142,15.907547831690323,19.22629484764175,10.902085158619073,2.001808542522067,-38.15371799341064,40.15552653593271,297.30660870719134,-38.55952189642518,45.98258979777452,49.35401578436762,30.80555380386327,77.00784272436324,-73.50801255245509,150.51585527681834,477.68473864944735,S1,3,148418,148673
-23.53388613193214,23.53388613193214,24.107713950634214,5.228582547388496,-7.086496169878242,-38.15371799341064,31.067221823532396,266.12756469033206,-59.20049662543538,59.20049662543538,59.52414152102243,6.198759804712612,-41.581041840707606,-74.66539098166882,33.084349140961216,424.5471260927718,S1,3,148546,148801
92.86377943358059,101.05647518049693,107.09528077016844,53.34526813647585,131.62779491593398,-32.10937294981591,163.73716786574988,378.424350959732,-29.6296641768718,29.695338968899442,34.65992303739922,17.983138372493194,3.6012871761883325,-71.88190272392887,75.48318990011721,401.85022824292184,S1,1,148820,149075
6.666959662632607,12.633377975682869,14.403355989261096,12.76747087759409,28.27416784056107,-24.42716012300943,52.7013279635705,314.7839769925487,120.96896015342577,153.19710575046162,298.24704332566796,272.61292986925935,932.5234965487092,-51.47048211447944,983.9939786631886,2115.235505390842,S1,3,149328,149583
17.202605441406394,17.21040725215463,18.148567887757117,5.78280921385307,28.39338461407343,-0.7159698008605613,29.10935441493399,247.64433033970096,-17.378477999226398,28.804572792331363,32.193202742890165,27.099645851472577,86.46487060554772,-47.193331692201035,133.65820229774874,446.73731917944065,S1,3,149456,149711
20.338256158811546,20.338256158811546,20.94211362612533,4.992740685045482,34.489451512909596,10.197535840189843,24.291915672719753,229.409983878501,-30.48257283941011,30.48257283941011,31.140182446535892,6.3658240545587805,-8.469613287060312,-47.193331692201035,38.72371840514072,376.24331994315685,S1,3,149584,149839
-92.42841857904932,99.65816026258187,104.71279096035914,49.21134045810905,33.36711244901596,-122.14821226834573,155.5153247173617,391.20507448143144,-51.82229167517105,51.82229167517105,52.760724599879765,9.906772725658676,-27.131363035337525,-72.49434831942314,45.36298528408561,326.2417934385672,S1,1,149859,150114
-3.548011856749066,6.391944035877182,7.991746612570437,7.160979387199708,17.069543663703246,-15.767475704158425,32.83701936786167,327.35449296320166,136.07621871639645,153.75430205211924,298.749493142504,265.9596254185031,942.6240968921365,-32.210095384065895,974.8341922762024,2032.3131790519963,S1,3,150366,150621
-14.611084601030207,15.406771582262465,20.069013186089304,13.757961224140892,11.35169659207699,-49.11577858175324,60.46747517383023,285.14317482697226,3.9284689414594514,37.27368087706546,50.90062439050089,50.7487999377211,205.64372903099328,-40.52206190036191,246.1657909313552,462.83124399313454,S1,3,150494,150749
-30.633516321360478,30.633516321360478,32.54634498205167,10.993282015834088,-6.351741463236791,-49.11577858175324,42.76403711851645,286.2511198683237,-27.22884478226804,27.22884478226804,28.077493183189265,6.85095871212157,-14.48913527850451,-41.476662823676065,26.987527545171556,361.67328909579584,S1,3,150622,150877
122.62832568550054,148.3372064259931,163.06706195678154,107.48562896865626,220.20656952869754,-59.57328913513322,279.77985866383074,551.1588896297762,-45.85507616231267,45.85507616231267,47.36962871749494,11.882496159554412,-15.921218593495066,-69.76021511840118,53.83899652490611,267.1171733530025,S1,1,150897,151152
-9.856915960936227,80.28393787849086,96.53627400386226,96.0317312469572,206.04841064937602,-71.77320002901675,277.82161067839274,466.50971925661315,-57.099385409624205,57.099385409624205,57.70986196024901,8.37187872070481,-31.907886575846028,-71.28349704073861,39.37561046489258,329.48698246382924,S1,2,151160,151415
-65.61797430108244,65.61797430108244,66.14363958638936,8.32240988876763,-46.5929597157112,-88.05519181401301,41.46223209830181,325.44343200512117,79.45485023453892,136.87891101679116,264.44137386013415,252.22245535091088,905.265094487433,-77.44015608454623,982.7052505719791,2068.9335216942545,S1,3,151424,151679
-61.803514077198905,61.803514077198905,62.083745199553455,5.892118949287554,-46.5929597157112,-74.80722852310136,28.214268807390155,304.3686883724298,-40.97554458543149,42.87371253449694,46.39224598047292,21.754200353955145,28.130046429240277,-63.77338899430303,91.90343542354331,348.55635538566867,S1,3,151552,151807
100.38832161243211,126.86121358735711,133.40072373903936,87.85179553053197,169.74624865577385,-67.13372310154953,236.8799717573234,417.51720460201363,14.840543869930293,40.18471229297435,44.43086261104274,41.87910947006908,87.99281738802215,-64.51453981076727,152.5073571987894,474.77068919371004,S1,1,151934,152189
28.727584514189367,62.109790983214296,89.85949567484457,85.14373054381348,178.76901220656327,-33.76701740692648,212.53602961348975,428.6544501009528,-10.459344508242474,45.22881215186754,48.29703548150709,47.15088279936923,80.51633610929288,-60.96739306804769,141.48372917734056,393.7727118950257,S1,2,152198,152453
-30.4100166273794,30.4100166273794,31.7582081049824,9.15503526819413,-15.456070939604782,-52.42810742938721,36.972036489782425,323.9342712803392,81.91301781123052,123.88975889158505,252.07592921164692,238.39574576945006,883.479462971472,-56.60574594316349,940.0852089146355,2021.7271909541014,S1,3,152462,152717
-19.652993710118256,19.928357286792032,22.221482436492654,10.370830241856419,4.53092518345156,-37.34709718219691,41.87802236564847,296.9407913883804,-31.958687378233165,44.41290233435626,50.38896228993888,38.9575387019925,120.51049138123031,-76.86689392998176,197.37738531121207,378.88878681456646,S1,3,152590,152845
-45.06638552208868,45.89002656854392,50.563990629745796,22.928978267238524,8.282073055528892,-70.28226091254626,78.56433396807516,324.53991972999205,10.010258053378752,29.473368852138968,33.2301240621173,31.68652519429154,42.63434752985856,-67.68143975240834,110.3157872822669,431.59615379960167,S1,1,152972,153227
1.1254074945223564,23.224842588140383,27.86965403918166,27.846922168077167,26.082123345706545,-57.64856342460186,83.73068677030841,333.85220469152034,-34.70215636091794,55.22729890202352,56.19790765658671,44.203678227955756,61.78968761632843,-73.99920288892406,135.78889050525248,430.65046355791435,S1,2,153236,153491
11.63733914375131,12.701106126766625,14.828571154272963,9.190150169102226,29.79533346012737,-12.402894523085456,42.198227983212824,247.72425475044986,99.21162546278279,126.72774003661897,255.49034873779448,235.44080290211454,890.0548154947829,-47.840094232334096,937.894909727117,2007.8132734654168,S1,3,153500,153755
16.99921878443744,17.722701759863746,19.260354009694083,9.054711331542729,29.79533346012737,-12.402894523085456,42.198227983212824,227.65307202908735,40.31022153923804,49.042017786724756,114.22289637956014,106.87355190501195,602.0955507941117,-16.811302068834063,618.9068528629457,872.1786434145722,S1,3,153628,153883
17.688128333616255,17.688128333616255,18.450049810531596,5.247328278716604,27.335153514208415,5.753281910701027,21.581871603507388,217.75653594905825,-4.670687241487929,5.872695770913531,7.3438629108067905,5.667186528157113,8.614920331785985,-16.811302068834063,25.42622240062005,354.7962238138667,S1,3,153756,154011
13.19329715944863,13.19329715944863,14.090567322185503,4.947827555960967,26.570643189865454,2.2452657754200485,24.325377414445406,240.80505622460433,-78.91927427236666,79.61353016350942,91.98190019963245,47.24847206691569,9.517501426003545,-130.684473943853,140.20197536985654,380.31027779694216,S1,1,154012,154267
-7.5749056897380385,8.239012825130743,9.87951793950915,6.342371678532993,11.430606446679123,-23.550052265413395,34.98065871209252,223.1398788877134,-66.03359373268073,66.03359373268073,72.35450540104564,29.575986045729923,-10.929160438547038,-131.9010463924741,120.97188595392704,435.83048231543614,S1,2,154276,154531
-10.345104611707985,13.000819018061367,15.802112634081283,11.945106708314057,11.817843632362239,-33.40721330567729,45.22505693803953,296.4939723926762,94.07033715770135,140.26649721772674,263.448613222123,246.08117253397538,855.3006429743051,-66.23004245223431,921.5306854265394,1945.2896283939951,S1,3,154540,154795
-19.131975217539093,19.131975217539093,20.426984022956685,7.157457687586961,-3.6426001232336476,-33.40721330567729,29.76461318244364,279.16173855796745,18.309414699791805,77.21708595602728,136.17781373022973,134.94132904968808,630.7778550706996,-67.06205089472768,697.8399059654273,853.6253368072813,S1,3,154668,154923
-17.656680243218844,17.656680243218844,18.59895003601231,5.844876836239386,-3.6426001232336476,-29.630750367800957,25.988150244567308,244.71387502353144,-53.65526519840259,53.65526519840259,54.41312447283936,9.049896761057399,-33.16256459114946,-76.63939358461934,43.47682899346988,313.7589522587055,S1,3,154796,155051
-11.175605870601217,48.008581614070884,52.484257059839045,51.28063057869168,93.05444256009301,-50.07174619599865,143.12618875609166,360.48357225977145,-7.101684713540646,43.68841836382053,50.48283989372895,49.98082830411412,94.48470724220213,-60.41475732349185,154.899464565694,416.3450266456142,S1,2,155313,155568
-53.967529374894426,53.967529374894426,54.615889293145074,8.390538507806609,-35.63320819732124,-77.328659351257,41.695451153935764,268.9975204081796,112.25719657044739,131.08897474014196,282.7429365439674,259.50315987218715,952.401525126813,-31.248312331064607,983.6498374578777,2135.0576590692276,S1,3,155578,155833
-49.83447442916359,49.83447442916359,50.215169765403566,6.171582693065144,-35.63320819732124,-62.43069594612836,26.79748774880712,278.13324729148553,-5.766574202734139,15.136286659708745,17.95760648676298,17.00653558776134,53.95143026372849,-27.05129974512199,81.00273000885048,348.079916795998,S1,3,155706,155961
-52.97314498037019,52.97314498037019,53.33946494558304,6.240547377415109,-37.00673913467639,-64.8723342919635,27.86559515728711,273.28439980995824,-15.324944128485534,15.324944128485534,16.84774257994929,6.9994655152399385,-2.6209449862659344,-33.05256078066625,30.431615794400315,336.23514497992045,S1,3,155834,156089
14.31192581470171,73.23669856890834,94.77175226401664,93.68486434140053,189.40161729699196,-51.17302240341451,240.57463970040646,465.8705846320284,-59.39862594491995,59.39862594491995,76.7546935914122,48.61158528753261,-15.655814967327762,-155.68028859557649,140.02447362824873,526.885448082124,S1,2,156352,156607
-46.24959544836853,46.24959544836853,46.60822027295983,5.77071207694444,-32.00170929059639,-61.63002901215233,29.62831972155594,268.65269858071014,121.0212920786396,149.69751626461914,301.60058979323753,276.25488706490853,972.5385184552277,-46.302011048583935,1018.8405295038117,2202.689664339882,S1,3,156616,156871
-38.33792629934152,38.33792629934152,39.39562721624838,9.067461101535946,-17.266600876966905,-52.195923360905795,34.92932248393889,207.36504240819025,-27.82876256224741,35.23822603064873,39.31411679133062,27.769763292769365,61.93173661707239,-69.26550774895577,131.19724436602814,432.9301247103984,S1,3,156744,156999
-29.87522255982052,29.87522255982052,30.799636483972957,7.489237914906221,-17.184583083869356,-47.76630611043761,30.581723026568255,245.3026639257621,-55.74539699854565,55.74539699854565,56.893469304859444,11.371788030803291,-35.913582096746495,-79.90547971495494,43.99189761820844,370.97544277869974,S1,3,156872,157127
24.59275469705823,35.2300947508437,36.196227141492116,26.558676090664054,50.645781525291525,-38.64858818653923,89.29436971183075,275.8095834455364,22.57713959234148,49.142990028797726,51.6440700942166,46.447634425493455,77.55457502887418,-86.14583056261128,163.70040559148546,523.0378818584834,S1,1,157146,157401
-11.608380411030065,13.557964316860062,15.137225692895523,9.71499387084057,21.160487662028583,-29.25644600059976,50.41693366262834,384.2900770449688,139.04493452576006,178.52898682087465,333.2875730442086,302.8978582433785,980.660961938067,-58.41018501535499,1039.071146953422,2207.130056204752,S1,3,157653,157908
-8.06408350774836,8.20817603751538,9.969245918180269,5.8614350936622035,4.025317631351672,-22.475013774989957,26.50033140634163,299.4116234121492,-20.2968449762634,39.572695299229764,45.84551666900913,41.10777885823953,156.02652167668623,-57.82447720708592,213.85099888377215,481.5306562541958,S1,3,157781,158036
-7.804557928600461,7.939193757114629,9.239364443832294,4.945172480821281,4.025317631351672,-19.98406858816343,24.009386219515104,284.85783140287185,-42.428018412496314,42.428018412496314,43.25670858327768,8.426511202596362,-24.037148370943775,-64.31160914368255,40.27446077273877,361.97432317290827,S1,3,157909,158164
30.286052732969566,36.729359963407134,37.74269893018229,22.522573840264567,54.41952884496554,-32.81789976429665,87.2374286092622,299.9632424714871,-66.23936253871534,66.23936253871534,69.81356407652044,22.05177043983226,-8.067476389351452,-90.58268503878475,82.51520864943329,378.91618227214815,S1,1,158184,158439
5.61683016651556,9.341337948734905,16.903815426825734,15.94334327751593,57.631789999610014,-12.382005190940017,70.01379519055003,319.4296402031555,-42.09634280760723,42.09634280760723,45.745874001379384,17.904829247286706,-20.316254710083125,-94.46196615520148,74.14571144511835,402.6395355837588,S1,2,158449,158704
4.924273700538356,8.63313864741665,14.527331087361476,13.66729223526026,65.9698396112407,-18.415409354039753,84.38524896528045,403.65599160184036,123.72974434631767,168.00892476491725,312.86380623586774,287.3581591261843,945.5231389845117,-64.45180845230519,1009.9749474368168,2148.320485728552,S1,3,158712,158967
4.48692690306319,5.386762822561642,6.1780577470745355,4.2468676095159195,16.698071546670587,-9.026343675723927,25.724415222394512,252.9732224802937,-38.2208699257718,40.582855054016974,42.57940372883043,18.766212298169577,29.07907872656175,-57.469739635168445,86.5488183617302,359.80110615825674,S1,3,158840,159095
-72.90812488516784,77.51568021980896,85.39199466959685,44.45444948912572,15.348782201418116,-115.1576708864478,130.5064530878659,358.3979538230707,-28.559115818386744,28.559115818386744,29.24957027354529,6.317773726482799,-15.356496710319748,-41.187593426047066,25.83109671572732,337.28942229391595,S1,1,159222,159477
18.196954703554095,34.994455115636256,39.101701097741554,34.60944767334381,44.2789381466546,-87.37289130161676,131.65182944827137,353.8521537999115,-39.53272615924069,39.53272615924069,40.6660376780487,9.533634293959663,-20.144889196158665,-60.63653832846616,40.491649132307494,376.518962361944,S1,2,159487,159742
40.651212560502415,40.651212560502415,41.37552286657578,7.707970539862357,62.98814147059932,19.39156130125393,43.59658016934539,352.0030141234234,91.03752424586052,132.89452159358407,268.637146250512,252.74114331624625,897.923837723331,-56.468096136435406,954.3919338597664,2041.7437470355837,S1,3,159751,160006
45.309339872900644,45.309339872900644,45.577471708790014,4.936562330967864,55.086588064360015,30.57395040680014,24.512637657559875,269.9204961567167,-32.60613917201417,33.04688027021252,35.245158594882064,13.381363632815306,9.17241795132805,-51.39371033458369,60.56612828591174,359.7457922173224,S1,3,159879,160134
-40.13203893597001,40.38388220776434,43.90886439462656,17.815942951959954,8.223117251604865,-62.655662121350645,70.8787793729555,321.9439161893574,12.76272346263875,24.0152799987363,26.901567785567813,23.68136903005631,73.1753047290923,-39.99179414683113,113.16709887592344,417.29985867158047,S1,1,160259,160514
-14.993424612895693,15.105010044080945,20.36862418686925,13.78688034485426,3.2730882447159924,-44.727936377524905,48.0010246222409,284.00352944376687,-25.608475210293303,35.804869934181895,37.060955203526696,26.79030417896754,40.824560075848666,-53.05717181493083,93.88173189077949,439.9131294827963,S1,2,160524,160779
-13.522314298397665,14.220158893117304,16.372856226491226,9.23132910412702,16.799677332139506,-41.50073468834555,58.300412020485055,396.82417400595375,109.57771408721462,140.14277156305963,279.65484534131514,257.29274591075347,934.901384166413,-59.73989114658745,994.6412753130004,2065.308477257253,S1,3,160788,161043
-9.496935373937088,9.496935373937088,10.49633645263987,4.4700444550674145,-1.7310411058732573,-22.512694302890452,20.781653197017196,294.8751205267781,-33.38226956955614,42.85008154186459,46.732185457359776,32.70353552762383,41.94295679952133,-68.13603948895906,110.0789962884804,333.3914225538492,S1,3,160916,161171
81.25617271757247,90.58974468689514,97.94890214336453,54.693892039079046,122.81115369719825,-28.944753600371477,151.75590729756973,453.86230418004504,-59.94834014063409,59.94834014063409,60.39705464460694,7.34851849875033,-41.75033946233769,-74.87136870515849,33.121029242820796,333.2539590248399,S1,1,161298,161553
-7.058472003531673,53.65957484451765,61.35468329813393,60.94731442475275,119.44481535288665,-51.82024587555537,171.26506122844202,397.6492962091537,-52.48924256482327,52.48924256482327,53.45513693299583,10.115882536708275,-22.411111431293374,-71.68180503846926,49.270693607175886,419.8298968947894,S1,2,161562,161817
-50.491586271605755,50.491586271605755,51.314205261028874,9.151359316953743,-21.792218850599568,-69.83883686132295,48.04661801072338,317.2797999116832,109.44427432236755,140.90009515001736,284.58912187511316,262.7031006815458,927.1178707968525,-57.149844124200946,984.2677149210534,2088.965393855143,S1,3,161826,162081
-61.3406798564864,61.3406798564864,61.94335053167245,8.619725624037471,-43.38142907440365,-76.93660549937788,33.55517642497423,256.92890266736447,-24.490222132653034,29.82823560123994,32.7929651305461,21.808429148990168,53.751601528226196,-51.61002874157093,105.36163026979713,338.72550902170815,S1,3,161954,162209
-68.72698585074731,68.72698585074731,68.88821413892751,4.710357005781048,-55.760187356470034,-80.04719622938903,24.287008872918996,283.91481358450307,-37.076113035823646,37.076113035823646,37.66903789112169,6.657195941054246,-22.055431285883937,-51.61002874157093,29.55459745568699,311.62043297276125,S1,3,162082,162337
-9.326998714504636,75.86662117727627,90.197932582529,89.71440317553295,192.47864538690243,-67.65007883086665,260.1287242177691,461.6385525499069,-9.176038488577039,28.33707736881819,31.871239091627416,30.52173322227675,60.90545421935827,-44.3740795431766,105.27953376253487,338.5260466274279,S1,2,162599,162854
-61.46948200486098,61.46948200486098,62.2132687216765,9.591328744736193,-46.01198471185505,-89.81479272478067,43.802808012925624,290.24364837662347,104.164872752345,130.81271700359423,274.2749684428875,253.72512212793336,950.2546041150489,-51.51212570738157,1001.7667298224304,2182.217531059929,S1,3,162864,163119
-55.88758469430721,55.88758469430721,56.124416600186194,5.150535481665425,-46.36262380432709,-73.66598905934818,27.303365255021085,245.35529885235795,-24.548177207567424,28.359248206428695,34.06229852600656,23.614130868203805,42.22351637296637,-66.38371827652638,108.60723464949275,379.6037457827098,S1,3,162992,163247
-49.20173747397058,49.20173747397058,49.83854209473492,7.941618705978251,-33.263864465204016,-71.08649318406879,37.82262871886477,260.0365933214777,-49.287222451022906,49.287222451022906,51.270763465700455,14.12306232441065,-18.826222873601594,-75.26196946666605,56.43574659306445,308.4492671177556,S1,3,163120,163375
26.360658304551162,34.76402865265426,62.061287605253284,56.184687531147326,141.7777060214826,-18.010533700449493,159.7882397219321,384.0371935641038,-56.01546704648374,56.01546704648374,65.23764753021881,33.43976834311743,-13.315261480642825,-125.85734386648237,112.54208238583954,348.4251424591872,S1,2,163640,163895
30.221040006091766,30.221040006091766,32.261538914326266,11.291396462386263,54.646022659281165,9.802357796063005,44.84366486321816,298.83748665948747,148.5284189630633,150.60944907791236,298.64261129478945,259.08824373426023,940.7393774959935,-12.330920063580455,953.070297559574,2041.0224952489102,S1,3,163904,164159
45.07216196545309,45.07216196545309,46.085399746313165,9.61063398207663,65.46368956488003,25.68443509007635,39.77925447480368,255.7230655601122,24.222025473577123,38.21182254172029,65.00748861086554,60.32633800794801,285.9132585033875,-23.89945585249934,309.81271435588684,578.8547331784034,S1,3,164032,164287
54.67531170390458,54.67531170390458,55.126484919040855,7.038439430023864,67.86645234613108,36.38949771346912,31.476954632661965,257.5494314266363,-14.823220325044556,14.88590168432044,15.722377310861214,5.24073348876562,3.25380960262523,-24.133146451821894,27.386956054447126,372.91846941597424,S1,3,164160,164415
-200.5779500293585,222.00379392028486,234.9067275677183,122.26878840732158,74.20153331469987,-274.21848927101826,348.42002258571813,558.2594477135494,-51.57328871382954,51.57328871382954,52.99647044732064,12.199252891620564,-19.33517721817922,-68.61477613924944,49.279598921070225,310.4547924205886,S1,1,164434,164689
32.766145650804575,32.766145650804575,34.30980823291561,10.175590408900296,62.31020695936324,18.055574544407,44.25463241495624,333.6240525329198,116.14963364490228,139.04365729612093,286.55594097467724,261.9610083810903,944.8611192936376,-45.29391458985046,990.155033883488,2103.305556679016,S1,3,164942,165197
27.066588409348896,27.066588409348896,27.824699164971445,6.450866259663326,50.14036753283612,17.962047617169773,32.17831991566635,273.00644050762014,-9.65746900073566,27.574881637078693,33.07394940906679,31.63256900748561,98.02987816437178,-49.281653282369206,147.311531446741,389.80372674021373,S1,3,165070,165325
19.69111007704144,19.69111007704144,22.558607182509455,11.006858859302419,50.14036753283612,0.6364354223674447,49.50393211046868,286.09839468646976,-46.54183976639166,46.54183976639166,49.18525425908461,15.907431838305143,-11.1311442692504,-78.45531617495057,67.32417190570017,318.9009555689139,S1,3,165198,165453
80.45403274224749,81.99541101666688,90.40547254048514,41.23467085812348,114.65262453977873,-12.576244765917615,127.22886930569635,334.84352429533004,2.0141664170387807,24.776203703855757,32.757004768078296,32.69502248080551,73.56025917869879,-69.72294013952957,143.28319931822836,494.11210749432934,S1,1,165472,165727
8.637276619590878,22.31202680647427,40.56367445558782,39.633434596759045,112.52627600586345,-20.412548204876618,132.93882421074008,327.52519832089797,-69.92611943676869,71.86844758162837,76.52552264140405,31.08847754482045,11.265558414602825,-99.8923631691121,111.15792158371492,392.0726818418719,S1,2,165736,165991
-16.39550353660127,16.39550353660127,17.786607548094366,6.895714020405913,-2.1168101071777294,-36.193286706958375,34.07647659978065,248.20213973264316,73.12570848620302,158.3307912329637,273.50037258922714,263.54332578313745,882.007649096783,-89.87260719872756,971.8802562955105,2083.3011304729143,S1,3,166000,166255
-12.595610680873541,12.744266138756338,13.479648136318351,4.801198335292471,5.539080677209669,-22.940083059668606,28.479163736878274,254.19678280856266,-60.21655272480672,62.15180545938738,65.27847326687969,25.20408399437081,37.54576588106188,-91.86329674917408,129.40906263023595,394.1006695710503,S1,3,166128,166383
-44.324095271278196,44.324095271278196,46.49733619290013,14.049087209432324,-7.374380592123236,-58.393321146541886,51.01894055441865,268.2094659914862,53.64119276828033,67.53369263779021,71.0048052728681,46.522089486974984,105.44980773676946,-46.62865505732717,152.07846279409662,485.38353399160843,S1,1,166510,166765
-3.013508896219632,11.500605399356061,17.255900246460993,16.990728573201846,15.013288967842115,-45.796026128698145,60.80931509654026,281.4262934134167,-22.055917457972466,45.911792514048834,48.55576039069521,43.257350499143044,85.84334215009596,-57.558025489331875,143.40136763942783,402.1757940510846,S1,2,166774,167029
7.498416301918709,9.473345908627884,10.994851501369787,8.041176064500341,20.17330355038256,-14.29157769642149,34.46488124680405,299.7472969486952,91.69143244794728,151.26265784313978,288.24802038332336,273.2756894978921,906.079510621942,-65.76393116139225,971.8434417833342,2118.294351532583,S1,3,167038,167293
9.66008549433603,9.709798924602294,10.956343149780624,5.169545769007507,20.17330355038256,-1.820067185946824,21.993370736329382,242.0248173938083,-50.55990593959496,53.59153615176268,56.44683246378593,25.09862160705298,52.09097830955075,-79.40282903459287,131.49380734414362,361.9700157216723,S1,3,167166,167421
-18.242420882877916,21.034631849590845,23.082755527391434,14.143114334164867,14.80072164448953,-41.2919898704014,56.09271151489093,336.10962524624165,-15.485368527154549,23.393795896253007,37.379925622140284,34.02149616191139,34.70768140125897,-98.93671494093384,133.6443963421928,465.64966038512244,S1,1,167549,167804
26.785830861296816,32.599261222802696,34.934294929770445,22.425972159756736,54.02782819321162,-19.306058077614868,73.33388627082648,313.27812986623985,-46.43490598780442,56.67568564392994,59.783012723632254,37.6537928530147,40.43975200706654,-83.53686936581839,123.97662137288492,448.8667586643601,S1,2,167813,168068
57.635038204497306,57.635038204497306,58.344925848380726,9.07373921926248,84.94575027311876,35.61950738236952,49.32624289074924,261.9199916074286,88.02116736860229,135.0326887833101,271.98403261922454,257.3472131088346,913.0547661263247,-76.03869427937302,989.0934604056977,2189.768308066738,S1,3,168077,168332
72.35898234373538,72.35898234373538,72.94422965505778,9.221622099652771,89.45864699699607,56.93621372928831,32.522433267707754,210.2424678504521,-42.096671602565934,42.096671602565934,45.467248011557736,17.179664773511153,-4.770557225324564,-76.03480091684645,71.26424369152188,367.38457235277167,S1,3,168205,168460
-155.99403715027432,175.02686577566794,187.76504866465,104.50633413146411,62.99340803782068,-228.12108588573855,291.1144939235592,470.1993129948278,59.252963967291166,85.53756449457093,87.67585370710897,64.62307315782243,163.01398409303883,-76.36759009831343,239.38157419135226,589.2983581872725,S1,1,168586,168841
-27.40984130021606,57.59295654917188,98.28335453038416,94.38388833716353,32.875280758049115,-232.060965660753,264.9362464188021,456.430022402722,-20.335094325664674,58.928735788438445,63.93733985398437,60.617385017585654,106.85916311091562,-71.01791435165096,177.87707746256658,382.9135078414339,S1,2,168851,169106
-2.977738318070278,9.910538161262501,11.203022370030375,10.800036330147089,19.874115611261637,-19.866788153471862,39.7409037647335,259.62644562214086,66.71424956902894,136.95715997651308,256.9219764795204,248.1090705770036,890.8588274802653,-67.46375732164269,958.322584801908,2075.5563862056815,S1,3,169115,169370
-9.479679827363809,9.502998298925796,10.549663459791912,4.629370311990642,1.118544412141188,-19.866788153471862,20.98533256561305,233.5600548001912,-54.39248360409224,58.68883238817209,61.81938512784643,29.378463284582434,72.93239079693804,-84.9177676736256,157.85015847056366,362.1250768798433,S1,3,169243,169498
127.41291545852697,140.40062535623218,152.65348277915984,84.07755217039511,185.43281995555054,-38.92906455864092,224.36188451419144,392.45110547371485,-55.45774945130167,55.45774945130167,57.022910127604064,13.268394975182906,-26.097140110852553,-77.8819589392012,51.78481882834865,308.77252850288187,S1,1,169624,169879
6.005889840631481,49.66001531065568,72.72687325171127,72.478461491623,181.01914297462952,-42.92439372946874,223.94353670409825,466.7782158039374,9.412296839350583,15.691392932789991,19.223828825870488,16.761988633044712,39.971668501494264,-25.654728648304385,65.62639714979865,323.98717295560573,S1,2,169888,170143
-15.18462506110865,15.672853576898378,17.860485991164822,9.403410104538988,7.615060174501024,-34.36355206516162,41.978612239662645,294.14378704193086,152.82613752763132,156.89568399069157,316.60650144201475,277.2793689471649,990.4821385716637,-30.960961805758792,1021.4431003774224,2229.6073764256,S1,3,170152,170407
-3.667401674400588,8.079198792740533,9.744893968571036,9.028461852236841,14.21187441855769,-27.228648435514618,41.440522854072306,245.7736074170229,7.1327979361177345,31.08495688299815,47.73543988319742,47.199527693027505,207.0160960432679,-35.92694312269232,242.94303916596022,580.8966205805143,S1,3,170280,170535
2.637470190546466,4.419424755683869,5.343496149882728,4.647225204118079,14.21187441855769,-8.718644639329428,22.930519057887118,240.38810099209974,-22.347541699887678,22.347541699887678,23.390731128745617,6.907509153743526,-3.0141622938496093,-35.92694312269232,32.91278082884271,368.1809523036414,S1,3,170408,170663
-7.4713922710494405,45.87851717167808,54.86509009433598,54.35399165279131,39.80444965322718,-101.70214585652634,141.50659550975354,328.8104135475555,-60.414137829995596,60.414137829995596,75.22094190535371,44.814306324954906,-4.63666799405481,-139.44571141353566,134.80904341948084,434.5324578599259,S1,2,170926,171181
40.750179765486216,40.750179765486216,41.549158744333816,8.108972896884591,68.28411390355411,25.7666452110213,42.517468692532816,310.4482375617073,152.77025102857863,167.5410838123984,318.4984486675613,279.46826690039114,978.9734993671565,-34.69750633492543,1013.6710057020819,2099.95026203336,S1,3,171188,171443
45.21484984839029,45.21484984839029,45.631151014152856,6.149739511877254,61.91354413448908,32.15540185440226,29.758142280086822,273.7284649004007,-4.843944538829227,34.963936161466194,41.1744431439977,40.8885187983503,128.77823838443527,-53.254332632860866,182.03257101729614,379.4327031727514,S1,3,171316,171571
46.853297218300135,46.853297218300135,47.15085046247124,5.288784275044092,61.91354413448908,34.336951861422385,27.576592273066694,286.1188149461906,-32.99383030849251,32.99383030849251,33.99056840863793,8.171040467204621,-17.580622945509713,-53.254332632860866,35.67370968735115,300.4433665486995,S1,3,171444,171699
-98.77506642649801,111.87955654715083,116.12346072236323,61.058532430604146,52.280302138265036,-139.36503993159596,191.645342069861,408.1878661106746,-58.84110396689977,58.84110396689977,60.521565751484886,14.162782387927887,-25.389098722118998,-85.09896673070834,59.70986800858934,312.9649297295314,S1,1,171720,171975
39.632268452819154,39.632268452819154,41.91945607174054,13.657382422494448,89.75695810053448,10.224737772324866,79.5322203282096,380.4921175618542,129.82931911398651,164.27517919288832,319.7678191826129,292.2256081920318,997.7822309772171,-53.85558143601033,1051.6378124132275,2183.908999263073,S1,3,172228,172483
40.29969969362954,40.29969969362954,41.12895008090915,8.217343814225577,60.090951810644015,21.236197478565323,38.85475433207869,290.77194903341814,-6.617986662281046,36.040470969011764,46.7784266448698,46.307919969561745,185.43627716681377,-52.58923459737643,238.02551176419018,436.64635120591663,S1,3,172356,172611
40.29758142525651,40.29758142525651,40.932918208497576,7.18392123692722,60.090951810644015,25.293580280141438,34.79737153050257,287.1066077912204,-28.067563588030183,28.067563588030183,29.30342074916149,8.420352833122271,-9.624118505448061,-52.58923459737643,42.96511609192837,348.63760138428194,S1,3,172484,172739
-56.77258446687823,67.64766787607871,69.52867266473085,40.13863444949851,45.14159479641818,-89.72805363103939,134.86964842745758,403.3885248473408,-30.692257111337415,30.692257111337415,33.12697722689522,12.465230587630224,-7.140346563025478,-58.76372853556571,51.62338197254023,364.366464229964,S1,1,172758,173013
-0.7288987652860373,18.25407149818874,30.47671243212588,30.46799480209455,21.82664576070416,-95.65425800922208,117.48090376992624,376.9904581373477,-35.563505572435545,35.563505572435545,36.85100940250422,9.655773681212727,-17.352061805406507,-55.90479216950134,38.552730364094835,367.8003147531392,S1,2,173022,173277
25.10422318588744,25.12447743525929,29.557726466606983,15.602473268937539,90.56774774649044,-1.388724272261972,91.95647201875241,401.96357846408404,141.21089416959586,177.6325807866499,331.73366107803025,300.17778941829897,1000.8544748787434,-55.57800014289997,1056.4324750216433,2222.1068817947767,S1,3,173286,173541
26.923497657638766,26.923497657638766,27.312646699290358,4.594120546892114,39.75844464375451,13.880930732901769,25.87751391085274,271.33313942534414,-30.784464956183264,35.89374414188883,38.42352540686034,22.99312988814631,45.50258618757262,-59.26453699600775,104.76712318358037,405.46359125308277,S1,3,173414,173669
-58.63909793810174,60.008049101215235,60.922647896550124,16.523474808064286,25.083130410222793,-73.48666690524286,98.56979731546565,357.7459629019008,-119.86571719129196,119.86571719129196,121.00571707901399,16.570860207713785,-44.57904097941939,-146.3366110342642,101.7575700548448,458.04981404285866,S1,1,173788,174043
13.491100029825649,13.540955135549487,16.178380197608178,8.929177218736271,43.65310986459279,-2.1935887297007155,45.84669859429351,277.876144401432,127.97226975933684,142.41340080843912,294.85427365488306,265.63535319153624,994.1560475294312,-48.32899622839892,1042.4850437578302,2175.026480732035,S1,3,174283,174538
7.7888935481456745,7.8533237061955194,9.287470693403495,5.05868057664086,26.728391359384034,-1.5190511399619906,28.247442499346025,225.46808828337635,-25.512270375901366,39.91420580737386,45.39241176005864,37.544574916512445,87.68296583909355,-75.07984581329661,162.76281165239016,381.6174005245307,S1,3,174411,174666
5.1358252602968495,5.5856441727143515,6.616851678134283,4.172052855145209,15.703945691180293,-6.305295455436011,22.009241146616304,233.74569804096717,-60.72652444051845,60.72652444051845,61.7323361047274,11.098222845219214,-34.53752432140474,-78.44159459936246,43.90407027795772,373.2712094675714,S1,3,174539,174794
14.367398102493755,15.573933626838308,16.807319604287567,8.72145997211063,26.110232225646502,-7.273359184900904,33.3835914105474,237.6118608701507,37.25122403833253,53.06340122797502,54.22782827703501,39.40816752006562,97.00232786361725,-59.13938375623096,156.14171161984822,590.4168719348772,S1,1,174816,175071
-20.971930247490846,21.27148747650927,22.414671887574194,7.9117417502082,7.957730353957433,-36.646209515958574,44.603939869916005,304.2484348056289,128.355249731447,157.80195009742397,314.80926496631366,287.45400184204874,977.088397497465,-52.604184228975136,1029.6925817264403,2185.7106510014373,S1,3,175324,175579
-15.097376370867828,15.097376370867828,16.379969668652272,6.353946259005517,-0.7693902281595264,-33.30271748225995,32.53332725410043,231.28835118616544,-18.862861769000553,37.784807888878106,43.3360332288663,39.015435687647795,145.81611360511044,-52.66856882699447,198.48468243210493,492.4448508151976,S1,3,175452,175707
-11.835632448501025,11.846860702855498,12.85516459185647,5.017276275800439,0.8913503018953973,-23.474768794543873,24.36611909643927,253.87535523014387,-39.26681147856603,39.26681147856603,40.278014902383035,8.968611976406642,-16.78360699493285,-54.6652604683505,37.88165347341766,412.5780475821613,S1,3,175580,175835
33.26801547212261,38.689865554540106,40.5325522282453,23.15441505808435,55.029646771220214,-21.252743354869835,76.28239012609005,259.52781743273613,-129.89221876001267,129.89221876001267,136.40285997227753,41.63834427805407,-32.55038795267125,-165.31310187498445,132.7627139223132,433.56778619198053,S1,1,175855,176110
5.7097299954015295,12.628779464223586,19.437178345588993,18.5796363101608,49.72295002651133,-10.946031430612042,60.668981457123365,276.55369480177984,-56.55016165516183,56.56625959010738,69.42887069527524,40.27961398519495,1.546560091480814,-157.0809020889262,158.627462180407,504.51545577208447,S1,2,176119,176374
5.016189576941769,9.36616702348324,10.728204714029504,9.483259909667437,21.35772754429094,-22.2716692971541,43.62939684144504,351.8605346278438,115.34020274242711,149.2051712863174,301.42812086600384,278.4879704406387,969.1577222196936,-42.80464304582436,1011.962365265518,2166.519582064495,S1,3,176382,176637
12.58743481570353,12.643234840823471,14.083792054575959,6.317411130910472,29.031519448067655,-2.9830894750598604,32.01460892312752,350.67975494953123,-26.867249468513236,28.052788347156408,29.623083672398902,12.477098711584414,24.587968513284604,-49.427296950332384,74.01526546361698,377.6481215241427,S1,3,176510,176765
-45.65477427418102,48.084613307462206,53.33508278611286,27.573041939094963,17.76458146630254,-77.14272253683956,94.9073040031421,295.84820640415296,30.322361840891812,49.16960389574061,50.86579053234724,40.83972354057572,94.65857150044602,-56.919682605026914,151.57825410547292,502.9104069085561,S1,1,176892,177147
4.197881057590125,32.21221763184027,36.969402027769,36.73029377662445,37.9560520367167,-70.88660538054485,108.84265741726155,318.78712533233886,-35.34362897350158,58.41311583260621,59.758357114811744,48.18598485083429,59.742998430504194,-77.29831184430755,137.04131027481174,407.4002257427077,S1,2,177158,177413
23.580917386595452,23.580917386595452,24.952004014228166,8.157379452533693,40.677878472272724,4.134435260591064,36.54344321168166,334.2095291099654,127.49675252869642,163.02378189824282,306.1670416941132,278.3573881080961,936.8051909204082,-72.79166330692655,1009.5968542273348,2123.9894686710177,S1,3,177423,177678
20.401464798295986,20.401464798295986,21.11535774669372,5.4441314141696004,32.61930869065417,6.647085493644577,25.972223197009594,265.5948699396864,10.11710765644734,41.56925978639769,69.20734629740326,68.46386575556883,312.4068733890001,-43.771227662421964,356.17810105142206,553.120469367408,S1,3,177551,177806
-43.2724343538472,46.89660113362838,49.66899922036254,24.38249184649425,17.00774524512458,-63.182586976651564,80.19033222177615,290.25678003036626,-48.76416335565955,48.76416335565955,49.089612379787155,5.643262870033864,-36.33852066396439,-61.08954748020615,24.75102681624176,323.01047808390217,S1,1,177933,178188
8.907726699663964,14.56656376520168,17.615948157603206,15.197829928494974,27.531733908184012,-52.384130680784864,79.91586458896887,325.38219699921626,-51.93963711528624,51.93963711528624,52.636605112058625,8.537347015037863,-32.17548945775875,-69.63580716608347,37.460317708324716,268.5159373080088,S1,2,178197,178452
3.2267415946479368,8.257450428701462,16.632842643303945,16.316849974130392,70.71837155767027,-10.986259695130725,81.704631252801,363.51760022625393,92.65625450187864,180.25979511063997,319.1197164983851,305.37225145663257,971.2394623081583,-101.7787317754024,1073.0181940835607,2236.403627547562,S1,3,178461,178716
10.994558308881171,13.3309524727457,27.727338506001594,25.454370709546343,82.31094866939299,-10.263268135978416,92.5742168053714,380.49566430648105,-81.67525748702424,81.67525748702424,82.99715985695828,14.754011615482018,-37.65117755420145,-102.69395949610501,65.04278194190356,374.6677716920649,S1,3,178589,178844
6.928760916967402,9.619658172284222,10.67037707207519,8.114753170354165,21.013899359379607,-11.615400409295578,32.62929976867518,253.8405566096734,15.040246644984595,39.690276014005995,41.8130584994059,39.01439275360786,69.25031183184153,-71.45149292666872,140.70180475851026,499.9911170667892,S1,1,178970,179225
-0.9641777550342788,4.862556564120442,6.14347537344496,6.0673429869113,11.104735267331503,-19.026498394171227,30.13123366150273,231.45792069869734,-37.609801811693345,50.26873525559948,51.27431207318762,34.85050769018697,53.904525368115266,-70.24436735365383,124.1488927217691,410.1675117121813,S1,2,179234,179489
-5.584293019729822,15.334481274772894,20.667333219103437,19.89860130409304,75.67234403395757,-24.672896031446978,100.34524006540455,394.59433048187867,129.85948501264542,162.00845382929052,316.6647618793456,288.81323648398313,985.1347817789579,-54.141475809671164,1039.276257588629,2179.2885520004356,S1,3,179498,179753
-10.090606113096971,10.247463292529662,11.918324100903186,6.3424062976523174,3.4268591034553197,-24.672896031446978,28.0997551349023,245.77522632264026,-19.783589182470955,26.077437294517036,28.451558504271876,20.447512816507132,64.69760786249026,-45.5802959611098,110.27790382360006,363.9240909743097,S1,3,179626,179881
65.93560651013317,68.0942627601693,75.91081263439214,37.61578483768051,96.19494500379993,-17.84406342535996,114.03900842915989,399.1580246636398,-46.60627785906308,46.60627785906308,47.82995527871605,10.74985981712247,-19.56243294323709,-64.13201161148255,44.56957866824546,327.9076865969183,S1,1,180008,180263
-36.00217294221783,36.00217294221783,36.52023052984885,6.129500908878484,-19.889242183413174,-47.603411947311415,27.71416976389824,223.13960718170136,-38.00325140390785,38.00325140390785,38.52762422423377,6.3348805115124796,-24.246305602562728,-51.23359408310708,26.98728848054435,298.3700357830443,S1,2,180272,180527
-47.58822636241797,47.61982143120392,49.062506688961065,11.93692901393056,1.8880340097272124,-62.5601517503974,64.44818576012462,307.5668734520467,106.5893207189357,154.74329944592864,299.65946630621994,280.0616226040341,965.6748369403347,-57.28106076752249,1022.9558977078572,2202.964590217282,S1,3,180536,180791
-49.66059006292425,49.66059006292425,50.09266270521886,6.5651086435042085,-25.156070307161446,-63.00672616220083,37.85065585503938,273.6545113773218,-48.7197828596139,51.5219644889965,55.777666795418135,27.15751960788693,24.118338794470894,-81.74101674204543,105.85935553651632,363.5926964788325,S1,3,180664,180919
-55.87170832433716,55.87170832433716,56.93179161157315,10.935314582753623,-25.156070307161446,-79.29771239590347,54.14164208874203,271.23492325066104,-67.38378510461416,67.38378510461416,67.96963586659726,8.904880954454386,-39.902070898244645,-83.16063241509569,43.258561516851046,375.6814114490562,S1,3,180792,181047
21.54152574128792,112.84810196111985,132.01793847699116,130.2486036334058,225.08531990700016,-83.78076527865022,308.8660851856504,520.3161130856508,7.003284369083822,49.10163590627036,53.984131136959675,53.52794057927323,96.68078495605157,-55.15851028274951,151.83929523880107,404.4473498485431,S1,2,181310,181565
-73.09915939424292,73.09915939424292,73.57212282712544,8.32887466256399,-53.57378721228712,-90.83980919124383,37.26602197895671,292.1713026422514,-21.171030022438774,27.835652730046284,32.174408582718236,24.22767127556194,170.98208452565373,-44.423634479177665,215.40571900483138,435.1596900228602,S1,3,181574,181829
-66.48301676394865,66.48301676394865,66.91452545282786,7.586975585941309,-51.059667263716534,-88.67759764715736,37.61793038344082,305.3178429858104,110.12342304619557,129.0779491854581,267.348577628683,243.6146417124156,983.3884649647507,-35.63979569303747,1019.0282606577882,2110.558791002894,S1,3,181702,181957
-41.31165988107181,43.89224620823712,52.099846441389815,31.74493277811501,11.103429332986057,-88.67759764715736,99.78102698014341,295.2651148147037,67.86399655107044,169.73922914130793,281.71485990762227,273.4186172609458,983.3884649647507,-183.74593422122317,1167.134399185974,2083.9642483724742,S1,3,181830,182085
93.75882252401834,93.75882252401834,102.91771172324147,42.44217931795993,139.76531735239413,8.329764937362873,131.43555241503125,414.9351421557528,-102.96885541308019,102.96885541308019,117.58158182603253,56.77009071361582,-11.89936293253882,-236.48675132778746,224.58738839524864,600.1197526409758,S1,1,182106,182361
-7.71148951745269,8.802929580338619,11.822915996310716,8.961823033180083,5.190253510546033,-34.27763623215399,39.467889742700024,258.74758959493295,147.15079748282176,153.18414616697464,313.89221167153556,277.2633465646292,1024.5558650693126,-19.37486630202279,1043.9307313713355,2249.0168643528864,S1,3,182613,182868
-1.2357982572475166,5.598337756297823,7.779340649494683,7.680556204355539,15.859552436660703,-25.913543857480846,41.77309629414155,239.17791028500085,37.00098452591886,42.29771468291915,83.68018765632436,75.05531926726029,403.70305876323,-15.689606797163075,419.3926655603931,605.2479181176013,S1,3,182741,182996
2.8861508068588333,4.362282822295125,5.321608877624017,4.470979150753765,15.859552436660703,-6.525498727830804,22.385051164491507,235.08929146169288,4.972741620358724,10.783496772190082,13.65310485653608,12.715310181066021,31.04434682618456,-15.689606797163075,46.73395362334764,293.0549763083389,S1,3,182869,183124
-55.14882191907552,56.65405272516354,60.8333072435289,25.67681271349075,11.74107061907568,-77.85940211639985,89.60047273547553,285.5667024600082,-92.29128173016667,94.44608911480806,101.67555945820276,42.66425562155662,12.866694028715179,-124.14662174525867,137.01331577397386,419.5683267792513,S1,1,183144,183399
-25.810687574176654,26.723844605217366,38.0942849357645,28.01754721090796,9.47040850562167,-76.1598899788692,85.63029848449088,331.65213437360427,-43.228217482932905,45.59700042597224,60.856084378504015,42.83438127406364,34.335183299009984,-114.81122931289144,149.14641261190144,427.6559063013658,S1,2,183408,183663
-19.341017061821315,19.341017061821315,20.90102764848175,7.923257901705288,-1.4379220734641307,-32.47717780681882,31.039255733354693,295.83194092249767,154.5633646232016,156.11876872305737,314.62656797258984,274.043871653,1010.6286894720603,-9.359449857362414,1019.9881393294227,2190.842162678007,S1,3,183672,183927
-28.78943101535349,28.78943101535349,29.883188246574246,8.010842751695712,-11.813900843946058,-45.76287002341816,33.9489691794721,334.59133959109334,19.89573056973326,31.939780484531838,44.94985671240998,40.30694138188571,149.67443327338978,-27.586881069899295,177.2613143432891,433.56261277116937,S1,3,183800,184055
-34.51832342359033,34.51832342359033,34.95724236683969,5.52215011733531,-17.96907538812922,-45.76287002341816,27.79379463528894,324.91172959622344,-11.892297226701995,12.81344371810894,14.410108805890983,8.137843846461598,8.015677287198855,-27.586881069899295,35.60255835709815,351.8564259966339,S1,3,183928,184183
146.47088727155784,159.11688610590826,171.6072949966555,89.41668120631479,204.1884535589105,-38.72964682951529,242.91810038842578,506.5870285753906,-125.80293788951224,126.94002084397208,140.98168624505323,63.63534139820542,15.076445157567225,-178.44553137067894,193.52197652824617,467.3133676283135,S1,1,184184,184439
11.81589197428151,51.54294337298367,80.30496960076484,79.4309312511938,202.79109435315252,-36.52045172340054,239.31154607655304,469.49452166936203,-33.74482714966237,36.39162802690652,60.25437277113481,49.918694681274275,40.90731527185212,-160.29997751356902,201.20729278542115,533.8050566440444,S1,2,184448,184703
-11.85865329133,16.2150999457255,18.81522120291755,14.607699717297939,16.849400833169035,-44.916037016761194,61.76543784993023,312.7487279792168,135.31507484638988,142.11069747161523,299.29603089489063,266.9605675539952,986.564872021467,-17.74724003696324,1004.3121120584302,2156.5349855631007,S1,3,184712,184967
9.10714341349032,14.884046562858593,16.79932574864648,14.116560645400016,34.16055641509431,-22.301440995128026,56.46199741022234,282.8143490761008,22.935639620771234,22.935639620771234,33.81649096069743,24.84977859219353,139.40923641574292,0.5906258679130093,138.8186105478299,475.6047694877427,S1,3,184840,185095
-148.95306487343612,161.02270637453825,173.30866864248887,88.59389985457202,41.4744879647646,-210.28771692418758,251.76220488895217,533.4895739325143,-108.79085654712614,118.12199651807715,127.97999897608253,67.40496769275026,39.07310715732371,-157.89873931901082,196.97184647633452,429.1335482545238,S1,1,185221,185476
1.831780111182752,91.54346568006598,105.4320576916843,105.4161437860773,74.87476161038873,-194.18708452322173,269.06184613361046,441.8404749074163,-27.924671131845244,40.85363891442804,70.24710547392962,64.45826998643139,49.64235310190842,-159.34411545546754,208.98646855737596,539.4288605492868,S1,2,185485,185740
71.49266928330665,71.49266928330665,71.9357413921804,7.971770718629421,90.5974105053118,48.27266951676095,42.32474098855085,295.9533005663211,151.58685137714667,151.7078256025916,310.1476565961878,270.57900025994195,1043.2643846295357,-3.584536600515814,1046.8489212300515,2190.4691904895026,S1,3,185749,186004
82.5108785994697,82.5108785994697,82.89544514372213,7.9755713475222105,101.5489063183676,68.13013334989394,33.41877296847366,279.39837643772506,14.26560964516781,28.50718369539472,41.0248143802855,38.46463019955573,142.9258648270128,-30.83008172350074,173.75594655051353,410.90544126805236,S1,3,185877,186132
-155.95955660659212,188.5100838410755,196.18622853899984,119.01954869445544,99.51053180414311,-229.47302508582712,328.98355688997026,520.1234002458976,-45.85546197902444,45.85546197902444,46.63808404598445,8.508083813089396,-26.636530162251333,-62.174084770941995,35.53755460869066,395.8103312076477,S1,1,186259,186514
14.556416961678948,87.11805688691364,105.1714138908324,104.15919078523278,75.98871873969145,-231.1799585848388,307.1686773245302,538.609249651816,-52.26755779722374,52.26755779722374,53.070368785768835,9.196001575216423,-23.719032508041185,-70.03931365006126,46.32028114202008,292.6557232469131,S1,2,186523,186778
65.59870679823787,65.59870679823787,66.05043005305502,7.711613099237758,93.39969318547274,40.62254189829694,52.777151287175805,333.74065722439445,86.66306219770198,126.24926217140948,268.32016532558964,253.93941161400883,932.935172998237,-71.78232830146024,1004.7175012996972,2127.2039349433426,S1,3,186788,187043
68.60487513349707,68.60487513349707,68.98101730989163,7.193876355960069,89.24235593651275,53.54918543894449,35.69317049756826,271.605182778237,-32.903257661368926,32.903257661368926,37.0908027055609,17.1202593617156,-2.0742086844674685,-60.95075205435903,58.87654336989156,284.46737106297786,S1,3,186916,187171
-123.64447380179794,165.78376376671002,174.6480920871152,123.34504516982419,97.25006790974865,-214.33238992700308,311.5824578367517,502.31310068586123,5.053417535907839,28.98509925869008,32.61641825812471,32.22256524854454,57.676654587497694,-62.88185973014783,120.55851431764552,389.99376500345846,S1,1,187298,187553
0.08961387587154235,84.05699600893143,105.40895661382531,105.40891852100827,69.1280129436207,-231.49195279928438,300.6199657429051,490.636316931716,-34.73476029041026,47.1597783028682,49.058104861667836,34.643817344313206,42.516889178880184,-67.81119882908764,110.32808800796784,354.39836519319397,S1,2,187561,187816
47.73467996305668,47.73467996305668,48.14620720787114,6.281528263712495,61.04643686992873,29.04829510103231,31.998141768896424,281.1793945462497,88.04272426235156,156.05763031814467,290.01098097372204,276.32380966866407,964.171083400182,-82.27233559373505,1046.443418993917,2162.0938193070933,S1,3,187825,188080
51.19183041685111,51.19183041685111,51.40238433063087,4.647753591386349,60.829346484046546,38.53144222034964,22.297904263696907,227.62268541924564,-56.67018297416291,57.80574191567709,61.14345550988926,22.95675311024412,24.504712244841087,-85.28512698149557,109.78983922633665,338.6121414417506,S1,3,187953,188208
51.28797177389477,51.28797177389477,51.48400542853873,4.488514931018937,60.829346484046546,41.90246301188818,18.926883472158366,221.40130318939282,-64.44905093273556,64.44905093273556,64.9112556354241,7.732460283573002,-49.66327786879689,-85.28512698149557,35.621849112698676,299.494868095853,S1,3,188081,188336
27.73785907051701,41.33490451450551,48.43042944023069,39.70034848649695,46.83197345479267,-190.07626357578573,236.9082370305784,489.443801305715,-37.219642355728226,42.45390163413401,43.427451149032386,22.37502483156781,79.89820133513153,-53.02711159774297,132.9253129328745,343.3830733564538,S1,2,188599,188854
39.77466782624201,39.77466782624201,40.74390528047768,8.834116640425632,56.385043203046585,15.556525487968095,40.82851771507849,287.68778109889854,81.27759884289767,129.4538514146633,260.32946731936784,247.31636314873876,923.2262686054477,-60.512653556443965,983.7389221618917,2098.5960095720707,S1,3,188864,189119
46.62140689270599,46.62140689270599,46.932790936589385,5.397340497166461,57.205375334923644,34.47682010467049,22.728555230253157,228.54577623979736,-44.56625495835685,46.69431304371655,50.45984618269385,23.6652698224182,24.77426210967805,-74.823839741958,99.59810185163605,302.00884980933154,S1,3,188992,189247
40.514152472584925,40.514152472584925,41.6261007042529,9.556971762475014,57.205375334923644,23.950894838545235,33.254480496378406,238.5559285992069,-65.53260883794562,65.53260883794562,66.27393399231434,9.884913035047397,-30.188491578009593,-81.74043154730981,51.55193996930022,302.1499642444302,S1,3,189120,189375
-3.4114723114882786,37.58226159385947,49.40503739850681,49.28711370141089,36.330150632263965,-106.66236560053278,142.99251623279673,365.2924441365561,-16.975115569110123,16.975115569110123,18.88519079116192,8.276223935705355,-2.3451363979983446,-35.99945995874474,33.65432356074639,336.43629149345963,S1,2,189638,189893
17.825780301299197,17.854520540121054,18.60003879387124,5.310649657370423,28.292006240648817,-1.9709688336236255,30.262975074272443,366.77096908782414,122.15975583033621,125.70422101602294,264.53076207631653,234.6348613061355,944.8246577180403,-13.745593078454046,958.5702507964943,2072.0585997584444,S1,3,189899,190154
21.263265950137622,21.263265950137622,21.89680396591684,5.229105569359776,33.167093634158405,10.434803826155436,22.732289808002967,264.57455845229475,9.005230491568664,17.98448074862454,28.426449234818428,26.962359687042067,111.5047161758494,-22.504230715121412,134.0089468909708,401.7063374154283,S1,3,190027,190282
19.595951997369582,19.595951997369582,20.551100311256196,6.192446149955744,33.167093634158405,3.1790064346838016,29.988087199474602,265.5416104422979,-13.26604687316027,13.383549148662125,17.124526949587235,10.82873139413173,3.2608913010752154,-38.182120305372784,41.443011606447996,315.95490922115494,S1,3,190155,190410
-68.8669714485126,78.67451052622033,85.83389293502366,51.23277681222104,31.359161604012613,-114.97432630367348,146.3334879076861,474.5831014510312,-45.42735023955354,45.42735023955354,46.80340753825396,11.265647225296101,-15.40333060676987,-67.77472760337643,52.37139699660656,343.5412337452394,S1,1,190435,190690
49.43252616110648,49.43252616110648,50.72250933115986,11.366543457934899,66.34837575654466,22.357361841439072,43.99101391510558,268.0622578325769,-30.154810506620255,30.154810506620255,33.29087521894965,14.105664683151263,-1.1915912403939477,-53.386775321278265,52.19518408088432,345.34952233847844,S1,2,190699,190954
61.05763140230883,61.05763140230883,61.66610598369296,8.641427817892287,78.67217569905895,41.813819704677044,36.85835599438191,272.2165355724303,87.9543925626991,98.04394514564649,232.23416211504244,214.934247811284,907.6873248466575,-25.480977602009194,933.1683024486666,2032.1903219864946,S1,3,190963,191218
68.1068961811448,68.1068961811448,68.45134674046925,6.858393627862982,82.03323604799002,51.29728446853774,30.735951579452276,258.64152206712276,-5.08688421310244,6.913804848599035,8.162964409767406,6.3841676793156426,12.528926454044237,-18.540349446494563,31.0692759005388,288.3899760316663,S1,3,191091,191346
-191.1735874669771,216.6222045067136,234.6367131233231,136.04060643911689,63.990035736351835,-285.22580666642324,349.2158424027751,542.5780635918901,-83.10012487873294,83.10012487873294,90.20611574695805,35.09291329161177,-14.524583527271115,-120.58019593682728,106.05561240955616,364.1039026156781,S1,1,191473,191728
-21.7046381662673,94.92237852371872,129.68468772648865,127.85549230591657,61.015718531987645,-274.7262210791261,335.74193961111376,553.6944236368241,-44.0499901683796,44.0499901683796,54.952884729341896,32.8544959821635,-7.349324975889093,-121.97554105351006,114.62621607762097,403.4394559996907,S1,2,191737,191992
38.206427048364276,38.206427048364276,39.045578774637036,8.051469061258645,55.025828253846235,21.278917576494937,33.746910677351295,291.90108060265203,114.03426451051278,133.7126827682754,276.10696193568526,251.45822902999288,952.9300875699869,-41.333755503983184,994.2638430739701,2113.8958785917976,S1,3,192001,192256
28.869116059138925,28.869116059138925,30.091080317927087,8.488065307471762,45.62276020549355,8.916164821419962,36.70659538407359,228.933528354033,-16.55352977680526,25.291081626167838,28.530706741017394,23.2375101736472,60.315229392177976,-47.73113228205229,108.04636167423027,332.3291584979987,S1,3,192129,192384
18.763446826836304,18.763446826836304,19.43932333613911,5.081373332421981,30.057641124118515,7.146252450800753,22.911388673317763,237.28364775124274,-38.843152846459176,38.843152846459176,39.774851702038156,8.558522352937933,-20.844534784378137,-58.00696913294794,37.1624343485698,271.0879428425407,S1,3,192257,192512
27.63975430948897,27.63975430948897,29.358428268793,9.897539700599829,52.59848050404332,16.9560018944369,35.64247860960643,286.21552037058666,-41.23075598963702,59.98369714637802,61.517547133626614,45.655595121090954,80.74582784693582,-85.34293282033683,166.08876066727265,517.2278163029712,S1,2,192778,193033
21.919233992730263,21.919233992730263,23.457724684041082,8.355359269607051,42.8597472618487,5.6076905598503455,37.252056701998356,315.02262594119827,97.25605735606436,135.30976421644561,272.55317230825256,254.61046923260233,977.9437645557248,-58.31556002223855,1036.2593245779633,2221.790088865726,S1,3,193042,193297
30.49366624078762,30.49366624078762,31.60511347150387,8.307798549681188,46.7387844375644,12.268789951893481,34.46999448567092,330.01677347170585,-31.756092523732754,33.81361435809558,36.03149779065945,17.02408354838584,20.691284435493888,-51.97483206147401,72.6661164969679,390.4952709376923,S1,3,193170,193425
37.53732607192448,37.53732607192448,38.014976194357196,6.007292770255377,48.7849715784142,22.116928596043557,26.668042982370643,289.53868798183635,-39.31117691215306,39.31117691215306,39.72877070744329,5.745136352255564,-25.21662088822595,-51.97483206147401,26.75821117324806,366.6000812410945,S1,3,193298,193553
2.7069964968372062,98.1460120698435,117.21141239305072,117.18014919405041,79.47023402100277,-231.1767762884264,310.64701030942916,543.5622921240362,-29.646365800899183,29.646365800899183,37.781972746940255,23.421581062127547,-4.4052544641365,-86.72949564220264,82.32424117806613,387.1149236458457,S1,2,193816,194071
66.39552172529716,66.39552172529716,66.8936741901419,8.148517747569173,81.65681772693632,48.607171450304364,33.04964627663196,247.24040052548798,103.68202086439541,117.16722570142369,243.32456958677827,220.12924547652904,876.1687577283438,-25.252755206090153,901.421512934434,1931.0238996949142,S1,3,194079,194334
77.78644625279146,77.78644625279146,78.28747298540615,8.842918398486121,108.10602245164625,62.13936014033008,45.96666231131617,248.7223932684936,-13.949337429577719,14.435405470638548,16.03192273454611,7.901805606457206,7.684754852793955,-30.394214466337427,38.07896931913138,321.1546007326287,S1,3,194207,194462
85.33083541953798,85.33083541953798,85.81896215297289,9.140174594454702,110.52800422791152,71.13311870779114,39.39488552012038,306.6512200973894,-19.833073385838176,19.833073385838176,20.651406969715005,5.755850058918387,-3.8116761391382976,-33.809032167872004,29.997356028733705,309.93238265681686,S1,3,194335,194590
-135.11072495568433,157.32160200620112,163.61428287569402,92.27527059227215,76.15990607041874,-191.84010667688162,268.0000127473004,461.402876462225,-11.621952652797404,12.027582313991847,14.239053246017077,8.226837416592408,6.189642238894849,-32.746223059735065,38.93586529862991,292.7981998486897,S1,1,194610,194865
17.369910944530226,17.44397039417195,20.10048628305474,10.11512444779405,41.68608490939091,-2.6192829858837485,44.30536789527466,355.77711400112014,91.12687941987657,129.88458248589137,265.5557520790241,249.4308507571816,958.4801220638263,-55.68360674485583,1014.1637288086822,2176.5230994589965,S1,3,195117,195372
9.666908868208267,9.724289802243248,10.898080923575073,5.0318029324037745,24.41931635433658,-2.6192829858837485,27.03859934022033,245.40318586310406,-38.16785487124281,41.69432295037603,46.681327305491465,26.87677758828558,36.588963359797866,-75.76968176894762,112.35864512874548,367.00690512718427,S1,3,195245,195500
4.150434119281655,6.096070752390185,7.287369397981716,5.989962384201015,18.404667312747662,-8.604913974210522,27.009581286958184,200.5528513784917,-62.23955555094685,62.23955555094685,63.19084471836767,10.923396039760538,-36.50221143776901,-82.97965891590118,46.47744747813217,337.914988834917,S1,3,195373,195628
59.71072868489227,61.887784160058565,66.95828693616852,30.29919255269782,90.9707678249093,-12.148861880758849,103.11962970566815,306.8813972282073,-1.8606308278052568,18.60448940399143,27.44284421248791,27.379695969705388,34.18126555090729,-68.21084429641307,102.39210984732037,453.32462477668065,S1,1,195648,195903
-25.5433830885043,38.868916630648336,41.014533093020894,32.08936747946925,72.13908739674852,-61.433684294392904,133.57277169114144,335.0865890407862,-34.40670249690956,40.92024383756185,42.45700964721645,24.87521842060866,45.538342209067984,-61.83213656902295,107.37047877809093,357.6438753694855,S1,2,195912,196167
-59.933799388573604,59.933799388573604,61.04225660180553,11.580016489232003,-27.776040578558764,-84.05048653473308,56.27444595617432,331.78373352459823,152.34987031534388,178.37170785012006,356.37861633509317,322.1726791579532,1057.3563279854725,-55.469854734891435,1112.826182720364,2289.6434413251613,S1,3,196176,196431
-58.21142540103777,58.21142540103777,58.48766684018822,5.677774668676686,-44.368264695282804,-72.66102105940216,28.292756364119356,223.30050419771476,-22.94082964505194,25.236729297275566,26.896217170535323,14.040115144873454,26.834407787528782,-46.06582199956528,72.90022978709406,267.1018398045894,S1,3,196304,196559
140.75021882006376,161.18577404663142,169.59839364361912,94.62024639896133,203.65495443829923,-69.25145159191463,272.9064060302139,475.3043446222988,-139.91645345647322,139.91645345647322,149.683962815732,53.18528721727474,-21.58272439547139,-202.74531967462147,181.16259527915008,397.5058242488806,S1,1,196685,196940
-19.335188122362897,78.84215955598339,91.85620823012576,89.79818200102414,194.66268581828913,-74.91906096759352,269.5817467858827,487.09803887441024,-51.17391695590922,51.17391695590922,76.60720091061307,57.007836783627766,-7.253288389274074,-193.86376878934254,186.61048040006847,527.2695593012502,S1,2,196949,197204
-70.49285761910994,70.49285761910994,71.88827721225601,14.09543987387631,-19.3891226667528,-96.3785344586472,76.9894117918944,396.5714317458027,210.86719689480753,214.41943682938546,387.4562906426679,325.04984607334,1081.5752514400667,-24.9053588187043,1106.480610258771,2350.7629872517664,S1,3,197213,197468
-74.03197179326543,74.03197179326543,74.26726235599938,5.907064436418208,-61.74396520688726,-87.92773391216807,26.183768705280805,265.6465739381115,8.157166467840531,24.819177506103884,36.917121497842714,36.00464546280686,141.23241436766043,-30.38760155334377,171.6200159210042,420.83219710035735,S1,3,197341,197596
193.9877146748079,216.50100320117167,228.20968074167143,120.20160123501235,277.05902015607904,-76.62385185161949,353.6828720076985,527.6354166845647,-95.15214051808027,95.15214051808027,98.79945282568852,26.59703053882065,-38.58320015011928,-124.73706561591575,86.15386546579647,383.01905491002094,S1,1,197723,197978
-32.48649497474487,38.3173448002773,40.59985664084926,24.35109860998859,162.69287227488448,-47.58386279087635,210.27673506576082,452.54838199057144,-53.46386302913872,53.46386302913872,54.451626137477305,10.32448250601915,-34.934417158318816,-94.38966992935185,59.45525277103304,371.8508369671673,S1,2,197987,198242
-27.86136601530196,27.86136601530196,30.244482898844137,11.767456376798341,-0.3744414722979872,-54.177154180982875,53.802712708684886,335.4328170849079,156.36642542606083,191.2443088909936,348.16758414911374,311.0791019205667,1005.3359023245638,-62.184590507194955,1067.5204928317587,2254.1957854272505,S1,3,198251,198506
-19.046758434444328,19.046758434444328,20.424406652347553,7.3741019955234455,-4.022880937530099,-37.831937398366215,33.80905646083612,236.92083311553756,-38.48841727395105,47.60150841390427,53.28218991697682,36.846078462911244,76.64385965276509,-79.91714659900198,156.56100625176708,365.252323127341,S1,3,198379,198634
2.9646353299064296,18.383734409196656,20.781508337614405,20.568957828412398,26.452581137892665,-47.804845758606135,74.2574268964988,336.2195643310356,-23.42433136817928,23.42433136817928,26.007645673588584,11.300368730119532,-6.657675860037037,-52.29030439189456,45.63262853185752,435.9995659222589,S1,1,198761,199016
-34.619804797848374,34.619804797848374,34.99680118134619,5.123007777229028,-25.161284451786337,-60.79428388302206,35.632999431235724,269.2647209057052,-6.44772230631312,16.725235100644653,36.05863334150532,35.477484627828275,358.67112276535613,-28.749520552165354,387.42064331752147,668.7522580404462,S1,2,199025,199280
-50.01121152824188,50.01121152824188,50.42396977209394,6.4385906108782205,-36.23949550057589,-64.80686564983048,28.567370149254593,257.2943187835692,78.68495206582732,92.29611548406508,205.79997784107377,190.1639008797014,949.7112983360937,-31.088694940070635,980.7999932761643,1128.172055761421,S1,3,199291,199546
-51.00200341083133,51.00200341083133,51.43355008237009,6.648738388387809,-36.23949550057589,-65.36848598662837,29.12899048605248,227.93192614822678,-20.658434929037867,21.84151929652034,24.44113181195824,13.061316569635133,7.34435353980271,-48.49056506226067,55.83491860206338,400.7508510515704,S1,3,199419,199674
196.20866072814522,220.78577437237442,240.5759699545106,139.2083286833844,286.4710920867196,-63.034905522024744,349.50599760874434,573.5277644517957,-131.31888906261042,131.31888906261042,146.95042344498722,65.95283410152187,-4.454178645595999,-183.51200911585627,179.05783047026028,373.38379724549486,S1,1,199801,200056
19.033111625606445,87.40189661418214,125.07765808455463,123.6210387181889,284.7068500797924,-58.796298578159735,343.5031486579521,562.5793869091804,-46.55764761022435,46.77551139455002,72.14238894501115,55.108163929634216,4.018920397997504,-169.00968600674585,173.02860640474336,442.0897120577746,S1,2,200066,200321
-54.19668437488392,54.19668437488392,56.16008518808776,14.719869941765381,-1.1897892345707772,-79.48299873195566,78.29320949738488,402.4322241727027,209.73133774901055,213.58391131433973,400.17820798988987,340.81573337510406,1146.744916228938,-35.355773142625424,1182.1006893715635,2422.19200660175,S1,3,200330,200585
-53.5376291275425,53.5376291275425,53.712545635192654,4.331261480719689,-42.39703929734293,-65.97946305164838,23.582423754305452,272.7143516779768,-4.083334688616386,37.622297954896155,43.44698937441929,43.25467909396214,133.70552467115039,-51.57806920696909,185.28359387811946,329.94598803312846,S1,3,200458,200713
-48.79673917854438,48.79673917854438,49.65768145312883,9.206713465809996,-21.210855672589478,-61.643139920729965,40.43228424814049,278.15557379698146,-30.16060889346668,30.16060889346668,31.986538932904512,10.652527591213033,-3.538305099505605,-51.57806920696909,48.03976410746348,280.85131759750226,S1,3,200586,200841
-7.983697014761066,14.03203132891069,15.372748518848596,13.137046053061432,25.797423217006028,-28.725011657294644,54.52243487430067,355.8652237878608,-45.642867462223734,45.642867462223734,50.183517258297485,20.859387676528755,-16.23189364877257,-89.01886909058692,72.78697544181435,367.5140389599354,S1,2,201102,201357
-4.898140301839043,6.3207875956720665,7.499504885000115,5.6789783503409055,7.54736495046049,-15.676564863155903,23.223929813616394,275.6384347844159,97.5091057964106,127.24458301677035,262.7368035682985,243.97254402098423,937.667861614653,-60.08801579680531,997.7558774114583,2120.9943088324912,S1,3,201367,201622
-4.766899170830803,6.433630799232646,7.863859485823331,6.254355147247891,10.919321857380432,-19.77995414025065,30.69927599763108,278.4631538049476,-13.4219313085263,29.5307008923081,34.682943471721444,31.980592987182497,77.98309674132973,-56.81332718349814,134.79642392482788,372.6058907225765,S1,3,201495,201750
-5.220984122797988,6.387042730755432,8.15229814262852,6.2610933386905945,10.919321857380432,-19.77995414025065,30.69927599763108,249.19392155314924,-39.572833324626785,39.572833324626785,41.286015004082,11.769702527192074,-8.856193636906724,-56.81332718349814,47.957133546591415,308.24827888199763,S1,3,201623,201878
13.919680164597857,15.175520764154115,17.31980219174652,10.306214245615534,28.808229965909536,-10.536494830032039,39.34472479594157,252.62402477110425,-31.90931295512644,31.90931295512644,33.08542671737737,8.743066270065023,-12.121550371753907,-56.44481614797247,44.32326577621856,355.8395425644028,S1,1,201897,202152
15.786839878624708,15.795495883887117,18.110568235244862,8.875154559224585,37.24427905872092,-0.5720346215186967,37.81631368023962,257.6899234711367,132.36020463730924,144.23084579487397,309.5220174638932,279.79395190619863,1001.9329642498554,-41.749427113187664,1043.682391363043,2213.476872033381,S1,3,202405,202660
24.729992161994854,24.729992161994854,26.483846841810795,9.477427457288444,43.30150343322022,7.1473237643036995,36.15417966891652,225.99057774830047,-10.219097559205712,14.704205855931935,17.488755725199315,14.192484697583,22.31704807907146,-34.58725811080144,56.9043061898729,318.0367313591663,S1,3,202533,202788
29.185156121423443,29.185156121423443,29.632063769702835,5.12697429483271,43.30150343322022,19.30490556840236,23.996597864817858,235.25325691692439,-20.533614020616824,20.533614020616824,21.247860076480336,5.462806337590153,-10.582294882950915,-34.58725811080144,24.004963227850528,294.97268938602275,S1,3,202661,202916
-67.22651982216824,76.48608852649855,80.40013750888306,44.09962748195186,35.86876718868185,-99.04087376036178,134.90964094904362,343.6194904734691,-94.51318639089983,94.51318639089983,101.82146087532628,37.87964483762523,-8.488345932839696,-126.91060762001818,118.42226168717849,366.5456118883039,S1,1,202936,203191
15.168443092300596,15.948327496443449,18.449153006250402,10.501884631040113,36.910798392546496,-10.654789211197352,47.56558760374385,261.1821697527983,131.49900562902576,150.79169404071135,290.78987031748903,259.358362498377,954.9845601033766,-58.211243168283,1013.1958032716595,2124.164194135859,S1,3,203443,203698
17.477302938224902,17.477302938224902,18.208375765756095,5.107722587659702,27.72234821798392,0.04768133205039335,27.674666885933526,247.05926069329348,6.2572982653606015,21.88971965159414,29.033478254336135,28.351174190204617,93.46572697510682,-31.850233795014773,125.31596077012159,407.41460564279384,S1,3,203571,203826
17.334979744789102,17.334979744789102,18.151534998707138,5.383001027033317,27.72234821798392,3.6538393768783437,24.068508841105576,219.0794244030892,-18.68935447134386,18.88315872819556,20.50092884546946,8.42591911731064,4.27245100260636,-31.850233795014773,36.12268479762113,399.68244156224654,S1,3,203699,203954
-29.255761414745592,31.969827171431643,34.287298033793654,17.880694351777095,18.250052601070635,-49.73312205570123,67.98317465677187,299.8509286651266,-39.313282464808566,39.313282464808566,40.22208676927519,8.501887197397817,-20.394702503596896,-58.6409560929016,38.2462535893047,264.81341105750187,S1,1,203975,204230
-4.7117609578388615,7.3390892395788665,14.50028440983791,13.713407914970434,8.940744869908562,-48.2340229524623,57.17476782237086,307.5025854436909,-37.37228138559133,37.37228138559133,37.8894066569591,6.2385672115158055,-14.573800121465332,-49.693693340365485,35.11989321890015,344.4770124583246,S1,2,204240,204495
-3.580548788647721,7.8199782348195885,10.057611666270416,9.398681971511332,34.14840307282391,-21.423038582251873,55.57144165507579,272.7675208700318,123.44936518636479,155.76832858895318,319.3474581579751,294.5217364933244,1023.6005079186019,-47.634759102449806,1071.2352670210516,2297.7494029430964,S1,3,204504,204759
-2.109858648424327,5.775543160344702,6.759482582957665,6.4217677685336065,13.141151897982338,-19.250077580832098,32.39122947881444,203.86007639122832,-38.91059332479814,40.93618151095592,44.30430566828949,21.185778906176715,20.345075116739146,-64.56774855820339,84.91282367494253,346.45795412421023,S1,3,204632,204887
18.062799391159366,18.062799391159366,18.511888175240948,4.0528116126163996,30.514437077388557,6.17100639721955,24.343430680169007,228.9739982097471,-62.126824533195084,62.126824533195084,62.63741350702678,7.9814312170092885,-46.584679188114755,-79.96217053702456,33.37749134890981,323.0392849260577,S1,1,205014,205269
32.37713365544091,32.37713365544091,32.93392592315568,6.030314500058939,47.57753758973685,14.905459391783909,32.67207819795294,330.3232975435207,-79.9504176475981,79.9504176475981,80.14247240050524,5.544961716764047,-65.85577804303522,-94.05272164713463,28.196943604099417,301.623803802379,S1,2,205279,205534
38.07623357863949,38.07623357863949,46.440005159583976,26.587111834252944,129.64835239157554,9.35179254600762,120.29655984556793,457.5123237752489,244.8567677658057,282.37020541278906,469.2570283496788,400.3090330417908,1102.328764642723,-72.11015472965575,1174.4389193723787,2403.171753561793,S1,3,205543,205798
33.827463387604396,33.827463387604396,34.63263365939988,7.4244215226832155,48.607911011084305,18.136233076108336,30.47167793497597,257.51539735018156,-31.60517373763465,51.359503672178455,57.98305324531422,48.61221509726617,170.87190968064652,-68.59620574241562,239.46811542306216,420.2070057026323,S1,3,205671,205926
-183.84457563393755,196.96907518376347,225.44635569241092,130.48843360607285,46.4972072778426,-288.76273615327267,335.2599434311153,783.7949737690215,-76.15454984902067,76.15454984902067,80.17689997551122,25.07628016624785,-19.137787039680852,-102.45402182771903,83.31623478803817,340.66959175315935,S1,1,206052,206307
3.505679206927057,6.36854903420677,8.09132976111226,7.292450246740135,22.689543725269626,-11.847059981314459,34.53660370658409,292.6880941859174,-58.14393512876397,58.14393512876397,58.87125048078506,9.225342319579301,-37.14082060996915,-77.05561662553382,39.91479601556467,378.92163361397445,S1,2,206316,206571
-1.0213139473015742,9.08401967857618,13.778094305105535,13.740189245473616,52.253408572420526,-16.140588911547983,68.3939974839685,350.0075413540466,133.76677585106742,163.19940798184925,325.594310259819,296.8469379191531,1020.0806173737999,-48.64741886771895,1068.7280362415188,2253.705251436668,S1,3,206580,206835
-6.820672823964118,7.778062571641199,9.161686946552836,6.116774471490181,6.5635112235668345,-18.22739594013692,24.790907163703753,235.18721245476962,-30.61929958904178,36.84853976891695,40.84836262234441,27.037884932129025,46.720603450696146,-66.07571821036396,112.7963216610601,363.7556154395387,S1,3,206708,206963
168.5146922908063,180.27457673166555,195.95514524655783,100.00608696841633,230.66793027236528,-37.693039147815405,268.3609694201807,453.5560310282889,-43.75794304451198,43.75794304451198,45.941098404923196,13.993818033834877,-2.6926255484270682,-68.57275177167449,65.88012622324742,356.47133198162135,S1,1,207090,207345
12.473185952042996,73.78112297138229,101.4936739522187,100.7243043387495,224.79901330795118,-51.79322323600056,276.59223654395174,490.248868624872,-19.633834549093173,19.633834549093173,21.156438323119204,7.880826315735057,-6.189334727351328,-40.653489386502294,34.464154659150964,368.0305986478997,S1,2,207355,207610
-46.520245360233226,46.520245360233226,47.59154349166648,10.041005106207269,-25.275922756251223,-70.13243044885692,44.8565076926057,358.5904213721909,150.78243744656572,166.81347560932326,326.2206553139469,289.282858999861,1027.0172527801471,-35.074290347989766,1062.091543128137,2235.059321924774,S1,3,207619,207874
-56.28312808350085,56.28312808350085,60.77064090422383,22.918994067069356,-27.63454160743304,-103.26138551073547,75.62684390330243,408.2009665183768,-8.523178139713087,29.469658568656673,33.009964186891786,31.89064392605761,72.7331503342573,-50.13271526141514,122.86586559567245,330.603667177957,S1,3,207747,208002
-78.97855375961117,78.97855375961117,79.29775672859061,7.1079018160738245,-59.471283145818674,-94.55792071595006,35.08663757013139,375.0564648412602,82.87241529475256,125.26924124972997,252.22296875560392,238.219622934603,884.1338665578849,-61.768395989904604,945.9022625477894,2031.4827663505578,S1,3,208576,208831
-84.78896115608495,84.78896115608495,84.9799597040994,5.694349601339561,-70.91103164044225,-96.2746484306123,25.363616790170056,325.47439853614486,-41.232206757575184,42.69810174758511,47.438022939369326,23.457858945281043,20.85009365314973,-73.79549378372259,94.64558743687232,350.34249079858637,S1,3,208704,208959
-83.10847302744752,83.10847302744752,83.34846312722438,6.32044434484708,-67.63370078714046,-96.2746484306123,28.640947643471847,278.55622954345273,-59.67312758736185,59.67312758736185,60.112721819651945,7.256525925626783,-40.32545463125677,-73.79549378372259,33.47003915246582,322.22238475637187,S1,3,208832,209087
189.8722976536609,212.43541630757883,225.02763889006928,120.77230165960664,264.59162906427883,-78.97699510320554,343.56862416748436,543.2330187183933,8.69693694087279,29.334838190825142,35.07510809746837,33.97979540691164,71.83551244832609,-68.38670481318422,140.2222172615103,530.9297557979412,S1,1,209106,209361
-17.478547782347196,17.605859220749934,20.190540207951866,10.107337993216953,2.7535670682344455,-40.01774662574143,42.77131369397588,309.86328464192434,101.14483227457319,109.58988180368527,255.56880792208315,234.70223366398346,929.7025578214485,-20.332454164377335,950.0350119858258,2114.059468328639,S1,3,209614,209869
-2.329274145448867,9.755533908723416,11.789045679857306,11.556646572302263,17.652139939331796,-27.5961212498383,45.248261189170094,247.8808865469535,-2.1308970242624756,10.07493716712003,12.879050411410375,12.701543897166168,51.0877256581148,-26.00342445334764,77.09115011146244,463.3288998535632,S1,3,209742,209997
15.633588350777826,16.38636385836924,19.15933556111245,11.075696565983193,34.46226305265492,-6.846250569427057,41.308513622081975,216.63956024214087,-1.1313097616183558,7.488440155855802,9.155774138657527,9.085611608547715,13.510525403221562,-26.00342445334764,39.513949856569205,437.94893453219765,S1,3,209870,210125
-148.49648777300797,157.4731216941899,168.26915346018146,79.14102049687625,33.9822265361167,-199.41008078014738,233.39230731626407,502.94025226539264,-107.76224508843428,109.8005247132807,119.55237255431557,51.76937624567333,15.010874865098101,-160.45282869916923,175.46370356426732,557.0607332272845,S1,1,210145,210400
73.96834276042188,73.96834276042188,74.41325545782712,8.125075821712933,92.8301512028536,60.31502519319172,32.51512600966188,317.1765556611043,86.8976316602774,117.63700852196953,248.72843247380462,233.05500366375043,884.7402120640385,-43.43466038303461,928.1748724470731,2058.9038729575586,S1,3,210652,210907
67.80665285320524,67.80665285320524,68.43264269250967,9.234956130140151,89.49952632131529,52.606931408346334,36.89259491296895,317.0495865027267,-25.94391082402491,31.448689984565764,33.94519641951853,21.890405457979462,48.90579180570347,-60.245052020221024,109.1508438259245,352.6381801977377,S1,3,210780,211035
58.642644009521746,58.642644009521746,58.94494212051378,5.962088993232414,74.62879807753511,45.35912537506606,29.26967270246905,320.9305000946005,-49.943025086773694,49.943025086773694,51.107603157794394,10.848103323461162,-25.796336776110397,-68.30755443502747,42.511217658917076,305.8256445869646,S1,3,210908,211163
-97.96710172222421,116.46382413740068,121.70807609532916,72.21705315902754,58.115396417914496,-147.34995213836652,205.46534855628101,428.1179606168723,54.43285031285251,71.40042236834182,73.4122290870605,49.258706706019424,136.13343126723217,-63.94332267586604,200.0767539430982,557.5756515230488,S1,1,211182,211437
-17.34109628507437,38.78686385781694,65.01648813966271,62.6612329087665,27.702201071489142,-155.48033679588852,183.18253786737768,462.23900548897564,-44.068345203251376,72.876334041792,74.67774954481702,60.28886487673731,91.59447453805056,-98.22533420836129,189.81980874641187,486.1644311091778,S1,2,211446,211701
-2.2371591728505287,10.08167763548072,12.151088007610934,11.943368813029135,27.041176767639254,-31.169614589785944,58.210791357425194,378.7042314139221,70.89948312702985,151.28853781566698,268.16705945035017,258.6248925887986,858.1145657019613,-83.75955806014689,941.8741237621082,2037.1778844714477,S1,3,211710,211965
-7.750205788467094,8.416621386041086,10.642746837538043,7.293995508933163,4.43324399784174,-31.169614589785944,35.602858587627686,308.72552979519065,-43.99740149634309,45.178842770169894,47.83181734116229,18.764631936915286,26.106317665580782,-74.29147925076542,100.39779691634621,375.97089128255635,S1,3,211838,212093
93.42600370619787,99.42925325449295,106.48022268398395,51.08443651759617,132.4375082399692,-26.262454862786857,158.69996310275604,368.56358712244673,-7.287587930775304,13.939374383461221,21.645835994108705,20.38218040434021,44.429344775718754,-59.89907892566643,104.32842370138519,491.7005216279429,S1,1,212220,212475
9.769528479102894,29.1093401466376,48.03501847164324,47.031046265919976,123.1058785472914,-22.39044088032371,145.4963194276151,400.37389516765177,-46.138564453536226,46.36112525655122,50.908616804547336,21.515578893423324,5.968513006215939,-72.05051496007648,78.01902796629243,441.7442518030722,S1,2,212485,212740
-11.469336000471227,11.975557268199477,15.39669065244281,10.271923615142127,5.697129760832625,-36.5710638456989,42.268193606531526,268.7946289823285,73.80928180578238,122.26822684612571,250.83668074152635,239.73157974021905,898.7717873652286,-55.51877941940404,954.2905667846327,2070.5806940585117,S1,3,212749,213004
-0.05937268654320649,4.998843168587783,6.1928594177836,6.192574799913496,12.85130068868265,-14.82065651827686,27.67195720695951,236.58526608179682,-44.13655514108747,44.13655514108747,44.91750853250569,8.339488776026148,-19.328396546610403,-60.02876031819776,40.70036377158736,379.23299859928187,S1,3,212877,213132
-66.68404710190777,68.544674911819,74.90022346490518,34.10691040248707,11.376902864749791,-92.9463028041093,104.32320566885909,323.8245278624998,8.916792881789533,28.75481838055162,33.13194888472092,31.909510206253984,62.687022775771375,-61.54161044599411,124.22863322176548,435.87799354392826,S1,1,213258,213513
-12.342553158603588,15.3041187356832,31.523222715443133,29.00646396744137,9.724449150083435,-86.3161090736258,96.04055822370923,313.5349981992523,-29.682324662699727,37.70451223842517,39.08480140037092,25.427963015635452,41.422928943461685,-58.988590661450964,100.41151960491266,402.7744120438077,S1,2,213523,213778
-25.420688110351115,25.464419261618502,27.178737507158488,9.616256469088025,1.8833420724260965,-41.13774538553862,43.02108745796472,339.79425832850995,121.19448128935912,131.9141126691642,276.38040475956797,248.39087310137987,922.6036777267449,-34.68252222904643,957.2861999557913,2102.719710516162,S1,3,213787,214042
-32.97527605110538,32.97527605110538,33.635560619254726,6.631900747519882,-13.814283115377172,-49.756937312272875,35.9426541968957,325.35854492216805,-3.5167962168060836,18.040324788158337,20.642156087974254,20.340372472738814,59.85558205440108,-30.168198046521244,90.02378010092232,376.4173721995625,S1,3,213915,214170
180.40422396783947,208.60345321111154,224.49869630186402,133.61878840865973,270.1298641157747,-76.66211991793011,346.7919840337048,553.883616292746,-101.50540059564119,101.50540059564119,112.99936039516497,49.65389309646108,-2.1462614931159947,-148.73698730951102,146.59072581639504,475.9404478744574,S1,1,214297,214552
-0.5083869356121014,108.3401411192371,128.9033624707812,128.90235994347543,255.20372880810868,-90.1966412158491,345.40037002395775,582.8144258894854,-42.78047084020426,43.64404851076871,65.5899437058796,49.71792463519457,14.112312062251402,-147.01713978384873,161.12945184610012,491.966765795467,S1,2,214561,214816
-88.64945110891668,88.64945110891668,89.08965296103808,8.845398962511327,-71.01709142373711,-106.46153844321765,35.444447019480535,334.01093343864727,110.6161119939053,121.20523913521342,265.0713710855409,240.8877488302805,930.2382008684566,-37.28155910683193,967.5197599752885,2117.9320654900616,S1,3,214825,215080
-93.05815732402215,93.05815732402215,93.5595730610684,9.673317260740504,-71.01709142373711,-112.93137219307638,41.91428076933927,297.90422670153515,-10.383914483306242,18.26831073667376,21.244613508212034,18.533966739926132,43.415468543918976,-36.97536839430571,80.39083693822468,421.4966187682536,S1,3,214953,215208
-95.9836036430161,95.9836036430161,96.45612937595791,9.535865240863956,-72.01205151774487,-114.67926910966042,42.66721759191556,270.65444534751884,-32.43066036775729,32.43066036775729,33.73044046067743,9.27334253559533,-10.555178386282172,-47.77998272669979,37.22480434041762,377.6722515179066,S1,3,215081,215336
18.43711065652848,97.41032928283406,123.79045201506241,122.4097584375216,247.2088170118316,-69.17272769685734,316.3815447086889,536.0816057917526,-5.42868561335602,19.49839984580357,20.875241619378578,20.157010819533163,35.923733156004005,-33.50284579481745,69.42657895082147,335.8623400054315,S1,2,215598,215853
-51.73935581353798,51.73935581353798,52.49884902245251,8.897651863406205,-31.421510396184882,-67.90084753404443,36.479337137859545,261.3192284959839,112.83450176440194,135.47911317961348,278.6540128786359,254.78703676785864,935.4381857217228,-50.7898993102326,986.2280850319554,2048.30531555253,S1,3,215863,216118
-38.50181700866666,38.50181700866666,40.382048814473784,12.17866796844751,-18.85718739316576,-59.870190042656965,41.013002649491206,231.3809236083768,-33.12025530176713,40.29805169724622,45.3933042174609,31.04191934344138,47.08941459532939,-77.16765646233227,124.25707105766166,345.307148628764,S1,3,215991,216246
-26.13503554537077,26.13503554537077,26.60351773470855,4.970620977620286,-14.257282143956232,-40.484492316672245,26.227210172716013,232.785463530271,-61.462575417521485,61.462575417521485,62.181298093824935,9.426858208257922,-35.19042515104399,-77.16765646233227,41.977231311288286,328.33226866948667,S1,3,216119,216374
-28.32763171450715,28.32763171450715,29.335672781648388,7.62410512776384,-13.841807839411835,-44.132676225105754,30.29086838569392,274.25439351492645,-20.15322130408544,20.404992250861774,22.623772647791036,10.280212054597634,8.706605615549858,-41.67861604874723,50.38522166429709,315.843201523092,S1,2,216638,216893
-39.39803432851964,39.39803432851964,40.16398203953454,7.806429678210182,-25.36053589385204,-56.7266328351779,31.36609694132586,307.89910253355015,97.02212879918616,104.37264158560575,237.47299812198997,216.74900544251824,870.2553716475513,-27.40014640384702,897.6555180513983,1962.660371882018,S1,3,216902,217157
-39.07655635363112,39.07655635363112,39.7466302622805,7.267555348803575,-25.36053589385204,-58.467791905611556,33.10725601175952,261.8513607316488,-11.197956853596345,13.326073474579683,15.682153551600516,10.97887527577262,15.188820418369865,-29.74189856905987,44.930718987429735,322.5939168781339,S1,3,217030,217285
-45.488003632559895,45.488003632559895,45.96673786214722,6.616835740108522,-29.103275168473466,-59.32249378156514,30.219218613091677,248.5673828760968,-15.410296519934104,15.410296519934104,16.99270823129085,7.160649007002556,-0.3109551961373741,-29.74189856905987,29.430943372922496,317.9046494271308,S1,3,217158,217413
147.53707316232158,166.3222814099589,176.18214935887573,96.29621900889448,212.95207266847484,-61.73807135114447,274.6901440196193,443.3965264198024,-55.18760698583237,57.996849967186236,63.79861940704426,32.00924668626537,15.353384623910351,-90.96702349250934,106.32040811641969,316.050765047882,S1,1,217433,217688
-31.738043709391476,31.738043709391476,32.49592416243475,6.977224997910464,-12.723579140447441,-45.295384769787155,32.571805629339714,269.9224444220737,114.12724894925745,133.60462740730875,279.6385711198642,255.28944652146035,927.4760641687385,-32.813821902997795,960.2898860717363,2033.200983264328,S1,3,217940,218195
-22.53962863968573,22.53962863968573,23.699915056741037,7.324692108327781,-7.878482831879207,-40.02938836620086,32.15090553432165,233.98720248370563,-21.59157656895208,30.455697666785184,31.988961797240265,23.602912916256265,57.744490207289815,-49.658827965268635,107.40331817255844,371.68656556088627,S1,3,218068,218323
-10.146905490000863,11.21936121078499,13.34477928191594,8.667378096058995,7.926369403828087,-26.18481791632586,34.111187320153945,218.82374849193155,-32.62555822729425,32.62555822729425,33.20879329509284,6.196523418307712,-17.02468326521904,-49.658827965268635,32.634144700049596,353.2424274485121,S1,3,218196,218451
-50.34788844724794,50.455634610400494,54.538985078664496,20.96642607394656,2.8888985400813234,-78.84617537444899,81.73507391453032,319.966382436432,-58.34437032459991,58.34437032459991,61.29999801859601,18.8048985242096,-5.823843788518883,-82.06924691651406,76.24540312799517,345.26316699076403,S1,1,218471,218726
13.942415676189459,26.98219603834972,28.788451941844283,25.186980968750984,34.87624806637531,-55.33119655782461,90.20744462419992,316.4990856951921,-13.965265096265945,14.549354590071836,20.025254610267975,14.352079744659829,6.989153688211989,-55.64108447243296,62.63023816064495,417.95409684175866,S1,2,218735,218990
19.408688741107355,19.408688741107355,20.508441882150134,6.625631274402641,37.65794340676673,9.552248761260168,28.10569464550656,249.77565105041626,110.5631780427985,113.98464447539058,253.23025388277932,227.8186672391297,874.6162802258518,-11.707468848431176,886.323749074283,1921.0581784685628,S1,3,218999,219254
9.213822290262454,9.94910976258969,11.69433357897099,7.201591258861559,21.237504608903482,-6.282640424046912,27.520145032950396,241.7232737309873,-0.8551132125752239,5.512449200524259,7.18319685621016,7.13211739028087,18.140964464479147,-13.849829775440098,31.990794239919246,315.19559960651975,S1,3,219127,219382
46.984379387830145,56.58631502907447,59.301768228082025,36.18242402766294,76.54148195699605,-30.698051347969674,107.23953330496573,302.7795397055341,-100.51367530188259,100.92111533024945,111.99902158734767,49.404270198343035,6.019750246730912,-145.28997968695026,151.30972993368118,434.9397795518017,S1,1,219509,219764
-36.01532564389719,41.893758937876754,42.57177373758932,22.69916822107235,64.65508963253308,-52.8342817215045,117.48937135403759,347.70498546733114,-29.23173146314192,29.418220720587215,40.49975449127985,28.030982671335323,6.332389081372506,-151.4171778313393,157.7495669127118,524.6194576725053,S1,2,219774,220029
-58.92236345111426,58.92236345111426,59.85867178233282,10.545884167761471,-29.51667766003862,-73.4299956763047,43.913318016266075,301.2383595516782,91.26304447714692,136.73275663547392,267.707730047733,251.67138383231452,915.0659862269929,-55.76959350096797,970.8355797279609,2110.8545080732797,S1,3,220037,220292
-65.50857674723969,65.50857674723969,65.84887702714761,6.685879021296695,-47.28407185150552,-78.28740326088976,31.003331409384238,250.63029130814465,-45.33203706137853,45.56439072886889,48.189789472875404,16.348156633267763,9.452606857048274,-68.62490862137064,78.07751547841892,362.39278764957237,S1,3,220165,220420
165.29157617083803,195.7370124676081,211.73703628932353,132.3301454074103,257.5081546967276,-75.55771355122187,333.0658682479495,580.0685032687832,17.575646722686546,54.91295511039494,58.10703281045792,55.38523182505379,94.0669355989525,-88.54064414556017,182.60757974451266,537.0865057964517,S1,1,220547,220802
15.70180507341038,87.57718651487333,118.75132693756282,117.70866988828203,257.8322283382097,-58.84022475405356,316.67245309226325,510.2331335604131,8.188793648245124,18.95930411010588,29.93850374139823,28.79683428538936,72.14326605632726,-17.605028732292027,89.74829478861929,439.77563405880744,S1,2,220811,221066
-46.31984636284072,46.31984636284072,47.55662257848876,10.775165149344945,-29.09229441265238,-74.52371969733704,45.431425284684664,312.21925598685607,130.9622639491787,149.1507531709962,299.45024489520955,269.29414139395345,946.9985776268364,-31.587789278756933,978.5863669055934,2063.3182259213263,S1,3,221076,221331
-36.17345448353437,36.17345448353437,36.50631636377638,4.918569424110377,-24.642881291659464,-53.873679954518586,29.230798662859122,274.87043398712643,-24.279165681538206,33.31883078221064,37.148516752321264,28.116443777723937,52.67065019453102,-66.73113078268237,119.40178097721339,342.83939811646894,S1,3,221204,221459
10.470518860595714,20.483543299067115,21.711623453300362,19.02006382133908,44.34970955743332,-27.862432996956304,72.21214255438963,284.74547175917354,-106.1003725426561,106.1003725426561,113.28666985977641,39.70617728046304,-20.029417486001783,-141.57989427244516,121.55047678644337,423.84675250661235,S1,1,221584,221839
-10.867124866738125,20.81257205863978,21.718724418530858,18.804483175530518,33.72255131880028,-31.695063449182996,65.41761476798328,287.60498382376034,-55.06854006601473,55.06854006601473,69.40271750809241,42.239709900824465,-9.349447684810578,-150.18840774155083,140.83896005674026,451.9005361445345,S1,2,221845,222100
-33.20144435759787,33.20144435759787,33.63986814043382,5.41339275086398,-21.824152336288183,-51.32103103520921,29.496878698921027,276.06851761510035,115.36829811984492,121.29539463684507,257.39458878057224,230.09156899471665,900.1766404883989,-27.17795745166795,927.3545979400668,1992.3203653402952,S1,3,222113,222368
-44.623855087793494,44.623855087793494,46.238916142232505,12.113996991580288,-23.966816676143193,-70.86124433808466,46.894427661941464,234.176387854798,-1.3325737868103849,16.30914007895642,19.123063876329777,19.076577762295173,52.8224581850809,-27.17795745166795,80.00041563674884,335.60993709927493,S1,3,222241,222496
-61.123120346843336,61.123120346843336,61.91019205140519,9.840530417979592,-40.72086827874554,-82.52167130009367,41.80080302134813,244.0482368696788,-11.74426461313168,11.833196563002893,13.142603313762145,5.899175413534904,4.447168155775171,-26.29288523886956,30.74005339464473,301.39960168199065,S1,3,222369,222624
4.156483746856431,89.32340085405949,114.16780077955374,114.09211356488225,244.2324827394688,-72.32059991134494,316.55308265081374,524.6301374753914,-16.453854529231698,16.573044663850254,19.750672274884046,10.925187707346495,3.572201798278293,-44.7675256167049,48.339727414983194,427.2034790708138,S1,2,222887,223142
-72.87522890945499,72.87522890945499,73.1579683483397,6.425678505123777,-60.12250261856451,-86.46985968731084,26.347357068746334,283.6298086498871,122.00772194134501,136.74923906546178,272.9213519736774,244.13148127560964,891.3125651242124,-29.066441268581727,920.379006392794,1968.8199585247517,S1,3,223151,223406
-64.78148126796631,64.78148126796631,65.04336061456996,5.830818533029425,-53.07594358512922,-76.14270751886306,23.066763933733846,276.51839357199634,-15.934182006970277,18.927842740223415,20.847407331083165,13.443073911752654,25.470646051923076,-36.85414926520836,62.32479531713144,391.71730067287604,S1,3,223279,223534
-54.15123132767991,54.15123132767991,54.73684798034261,7.985403716734339,-38.96053655789781,-70.06972294565438,31.109186387756566,273.3237316471744,-23.497698674194922,23.497698674194922,24.652257882334684,7.456002663215103,-2.035480182088015,-36.85414926520836,34.81866908312035,367.2459120980238,S1,3,223407,223662
-10.149813148284942,12.357966427702792,15.063774529458081,11.130974626206465,73.55088355765382,-26.838684114019784,100.3895676716736,331.26859622833126,-29.99178512441044,29.99178512441044,31.18153568177469,8.531177675150166,-11.787463370708057,-49.769352827670794,37.98188945696273,463.1640112396526,S1,2,223925,224180
-4.419780183383984,7.2625831930040805,8.63221652206339,7.414897518802967,22.715546252873832,-19.23171706316333,41.947263316037166,288.3136233435307,99.6549633735155,119.22935317732681,264.2820525033645,244.77314303332872,935.3393334887439,-42.74558170640758,978.0849151951516,2100.7769608108797,S1,3,224189,224444
-0.3832948403685865,4.842802083851941,5.988062709002732,5.975782799959848,14.515403586634445,-13.004550368536394,27.51995395517084,239.70462617650875,-17.68116496068373,21.40386747964355,24.996513776623644,17.66924182351992,31.106720504333243,-44.678408931389605,75.78512943572285,354.01161226293664,S1,3,224317,224572
2.0300934745101977,4.554184968295235,5.44376245964611,5.051066244052178,12.842264184335132,-12.067910739315089,24.91017492365022,253.4284609925261,-39.95083611126549,39.95083611126549,41.6013350939019,11.601800532931021,-15.452965351146068,-57.12653740383653,41.67357205269046,369.06299466120885,S1,3,224445,224700
-12.589675371458586,12.615436555013298,14.235321199358733,6.644128512468831,1.415733432006896,-27.235533653925778,28.651267085932673,264.8153954438394,18.600225259657645,38.202117284551875,39.523424200098106,34.87309393774654,52.31691886824575,-61.35071247543318,113.66763134367892,466.08416398089383,S1,1,224719,224974
-0.7485892899762232,4.88725127095031,5.948201389258768,5.900907882869621,8.79538876670251,-17.063312704298678,25.85870147100119,291.5985206325745,81.55801235893742,119.54567157588275,245.78921898308784,231.86338820170752,894.1771803404373,-56.59701983120494,950.7742001716423,2024.3816007635621,S1,3,225226,225481
-1.9615194500912898,4.524986626095826,5.4309327651009145,5.0643333367739745,7.379682551677954,-15.092335428021562,22.472017979699515,273.41011176448245,-6.210032907012015,28.08936814254659,35.39246078230162,34.843389208292955,147.44938686974444,-40.2642228744828,187.71360974422726,393.5212174679739,S1,3,225354,225609
-4.4993829429311365,5.785416076261149,6.788069945253693,5.08266138105981,6.900673593771145,-15.575591278504458,22.476264872275603,269.18927441962535,-35.89894374896137,35.89894374896137,38.182997861475236,13.007965382731063,-12.25688788234175,-59.15039075553655,46.8935028731948,357.8335252897903,S1,3,225482,225737
58.63745344971961,63.50056851660344,68.10552726886866,34.64118787660981,90.36977596500657,-17.886654734315997,108.25643069932256,327.68042338058683,-52.63682608604816,52.63682608604816,53.649383875978835,10.37405079316936,-28.985089510548853,-74.7045122663588,45.71942275580995,335.5143462205402,S1,1,225757,226012
-28.83401200214523,44.96543495352208,45.67528794536796,35.423603441101534,66.98909077768607,-53.92928155361351,120.91837233129958,317.06788878293514,-31.169593282053125,31.169593282053125,32.27509167021524,8.374843100153328,-6.381113229273661,-52.46843750139112,46.08732427211746,413.21015256651924,S1,2,226020,226275
-61.526798634882,61.526798634882,61.75449735070187,5.298206562651751,-46.27633694912501,-72.63090730062366,26.35457035149865,245.89968554217995,127.63535937253943,134.30572211323988,280.9682281654198,250.30453506929936,910.9513143553952,-25.01198872938158,935.9633030847767,2000.0335859871097,S1,3,226284,226539
-60.731832440155756,60.731832440155756,60.94442170272307,5.085967473371029,-49.18541188145873,-72.63090730062366,23.445495419164935,240.22729392480227,-10.94265026102343,21.81603437646811,24.097131510585402,21.46928392619027,38.17291216898264,-39.84581226125825,78.0187244302409,361.2955960666079,S1,3,226412,226667
-60.352456801611226,60.352456801611226,60.57910356293279,5.23533633095217,-48.6085771711653,-73.20184814686712,24.59327097570182,259.990781985309,-30.772184317508454,30.772184317508454,31.21368550848304,5.231332081962577,-16.10955855147982,-42.731076374843596,26.621517823363774,388.08097096550665,S1,3,226540,226795
151.540681402901,173.70159256005073,183.09639209613155,102.76045289197987,219.66699517117686,-68.72327012695871,288.39026529813555,512.8234554919853,-75.64643869381521,75.64643869381521,82.14786827424025,32.029495390105424,-0.692413403806174,-108.09564822099843,107.40323481719226,374.3608515045813,S1,1,226800,227055
-21.99178670119194,22.971049941016258,24.563628171687746,10.942264237634237,13.719574067283496,-37.331679003050574,51.05125307033407,312.8156157885169,132.3665171690125,137.8091203499466,276.69264416294584,242.97720976755843,916.5871708926335,-21.041646378548254,937.6288172711818,2069.212614692949,S1,3,227310,227565
-5.002838457822316,12.928725838900228,15.844165567523651,15.033602026661345,14.065341494840423,-36.19756979920673,50.26291129404716,281.63892674741544,17.252423950540937,17.561476718003696,25.134057328260365,18.27771062280722,82.0238396312852,-4.992778141915479,87.01661777320068,416.8453524695313,S1,3,227438,227693
10.423834893419983,10.432959460839758,12.246475498954739,6.428050113465106,25.7578555087124,-0.6600439063688843,26.417899415081283,276.9449918976113,11.080661009917256,11.254171997438629,12.259999729421716,5.246574591933302,24.87249016653426,-4.992778141915479,29.86526830844974,325.21893512386043,S1,3,227566,227821
-119.14330463377492,126.77415950567917,136.445208584071,66.49938275273044,32.58997839029145,-162.83333346345435,195.42331185374582,441.41474647286225,-107.97970336864563,115.50502901419435,124.92640440457392,62.825076027605746,29.144257870884466,-159.90780570723913,189.0520635781236,447.57990451082003,S1,1,227840,228095
16.625707066737263,60.13235223210187,70.73942150002561,68.75792040695623,56.2601745375765,-162.5158197432998,218.77599428087632,431.76014847513363,-31.715245235685426,33.12612650253643,55.802742825499266,45.91393390343658,26.338524394734627,-154.7859766531747,181.12450104790935,573.7426456921605,S1,2,228104,228359
51.843333488533986,51.843333488533986,52.43887343570893,7.880623072000674,80.10589320477952,40.52117604329031,39.58471716148921,340.56568042569427,116.58224844730954,132.42884794669985,281.34038862963575,256.0488110131431,929.988823060552,-32.038839293633316,962.0276623541854,2056.948242570534,S1,3,228368,228623
49.70700825072034,49.70700825072034,49.92082176457679,4.615384752484223,61.60751372239925,39.13618170390326,22.471332018495985,265.57521654624816,-18.244298134591403,21.057126631319036,22.756036293556086,13.60083723047175,24.545193795231008,-34.02674711066477,58.57194090589578,386.9865669735585,S1,3,228496,228751
-27.52666488783883,37.547902764899085,38.48705256874834,26.89862330273092,40.26224617985339,-60.741328385392144,101.00357456524554,319.05145189874247,-29.79992858453748,29.79992858453748,31.11390573695111,8.946473414946555,-5.376221063902975,-51.16727211007009,45.79105104616711,392.50555210581354,S1,1,228879,229134
-14.642995710815267,18.660333218334433,25.3079207391455,20.641548603530616,14.698017200059484,-65.03028929718302,79.7283064972425,329.4969736332531,-23.602858725444904,30.41606223609565,39.51493704968392,31.6912497391184,314.95381899407573,-48.10047916525089,363.0542981593266,608.8303099393002,S1,2,229145,229400
-42.59084726734265,42.59084726734265,44.83813164362004,14.017053126120748,-7.824514209094971,-62.43191550684302,54.60740129774805,271.6032346928776,60.1546864435098,97.62981750421918,211.70001746255195,202.97367093425643,889.5259016969455,-54.57076612664844,944.096667823594,1090.7967811382694,S1,3,229409,229664
-60.27384736708629,60.27384736708629,60.753455440723336,7.618771000439626,-43.87811387115883,-79.62923801415738,35.75112414299855,237.9576203610631,-43.56645640762047,43.56645640762047,45.14425321454166,11.83078502811881,-11.181365415012596,-63.984125797298496,52.802760382285896,343.8977388103865,S1,3,229537,229792
-67.48147247964296,67.48147247964296,67.71590105473143,5.629753780882986,-52.23598852139353,-79.62923801415738,27.39324949276385,254.6181664412231,-55.50618830624625,55.50618830624625,55.920961984286336,6.798312214037375,-39.1389070390527,-69.31387587915806,30.174968840105365,351.0514096805374,S1,3,229665,229920
180.30551798633093,204.37354435256606,215.96362555479644,118.87055037499077,254.62287813055678,-78.86370353579028,333.4865816663471,490.1773180618178,-12.822564172621666,21.57728828738779,31.775571609319766,29.073506825596525,60.66079808167618,-76.92377369930097,137.58457178097714,521.0150956680963,S1,1,229925,230180
-37.51717147816537,37.51717147816537,39.81768932743788,13.338299278929641,-9.289404835428114,-58.06318958901923,48.773784753591116,252.11600207662875,159.3508483065723,226.2395641427315,381.4164925177172,346.53405014297454,934.1244508618357,-83.00542073966393,1017.1298716014996,2149.8900593337175,S1,3,230432,230687
-20.341405676231886,20.341405676231886,23.66307346214766,12.090006649706938,-4.345745745432149,-47.22957687149445,42.883831126062304,210.2337056153383,-54.86610846047246,66.32769715811796,70.45531963670103,44.200251215500835,137.6263024935465,-93.93699778389839,231.56330027744488,507.679117157233,S1,3,230560,230815
-9.561455980394404,9.579680533431837,10.681808674043241,4.7623099525173185,0.7872910757736411,-19.988556566868457,20.7758476426421,197.2461705598289,-90.02886395742098,90.02886395742098,90.48614672940226,9.085505185244333,-72.05057197785756,-109.27776765289904,37.227195675041486,353.08014236040844,S1,3,230688,230943
-58.93546320212052,58.93546320212052,63.31146210635816,23.12903826786412,-2.627740937136025,-83.1516926702509,80.52395173311487,324.95210484906875,-13.645537778495866,26.238907497637946,42.3660467754013,40.10836842993159,61.31066089944617,-98.20150922884748,159.51217012829366,493.7954440950127,S1,1,230963,231218
-0.29701372084427113,20.312349305437536,27.942025443713167,27.940446824393202,26.107017008066435,-66.82953188233596,92.93654889040239,300.67266456247523,-56.193822424559954,62.24294980250989,65.80029423629352,34.23350760438996,30.531113575420807,-89.87922272218943,120.41033629761023,408.22012645126904,S1,2,231226,231481
20.548328769660454,21.547893426046834,27.421898049908723,18.158377610170255,74.33906208288651,-10.627125302215212,84.96618738510173,396.80168285299305,155.02723643997672,205.72834192942037,363.4297353738257,328.70614310607664,938.9245345229443,-88.49651609061424,1027.4210506135585,2123.68585874958,S1,3,231490,231745
2.046690610502133,10.260771196051486,12.496144181385436,12.327395383731938,25.76028086877463,-15.384468191474673,41.1447490602493,339.0624425988903,-37.733298426744774,39.13728286327206,42.42192440220975,19.386022279596684,36.210849485306184,-68.58485329294054,104.79570277824672,342.6974618831982,S1,3,231618,231873
69.10382698018977,73.5464349386292,79.36842885586087,39.038552685004156,102.19530574098579,-19.676881660845858,121.87218740183164,417.17241074158846,-77.35352888792768,77.38296980953997,79.93679960706478,20.157467598995954,3.7684379663725096,-104.7955650996034,108.5640030659759,402.9580537207647,S1,1,232001,232256
-28.142711710672952,28.142711710672952,28.70372530337869,5.6472669373577,-16.723540652546305,-40.76083680726726,24.037296154720956,259.9462116675945,-11.194511235855414,17.57511088314233,19.874307095835704,16.42166254463574,25.19939051300631,-34.2535793938697,59.45296990687601,364.0440009823068,S1,2,232265,232520
-37.03081296907865,37.03081296907865,38.269182695061374,9.656564347484123,-13.79994303629605,-58.82130836737411,45.02136533107806,309.48982600572344,115.07687018596884,127.59877216105112,284.1864596186693,259.84468010485654,934.0800777525716,-31.31906410432153,965.3991418568932,2092.507442902297,S1,3,232529,232784
-46.37682238850455,46.37682238850455,46.9143756069264,7.081594716790367,-32.3369923616331,-64.51215083249674,32.17515847086364,248.57222210376125,-6.196133965301036,8.243995940595767,9.802302811676652,7.595595058706517,15.900169572182168,-24.97371583610558,40.87388540828775,336.0426635268609,S1,3,232657,232912
156.51690755638265,175.03201901069934,185.60537176120664,99.75876741220539,221.5117041405144,-60.33094499839537,281.8426491389098,491.87659776515306,-85.18720324477717,91.23167642644364,98.63756461662307,49.72433566003187,24.497341553857023,-127.30083211074013,151.79817366459716,371.1689100148159,S1,1,233040,233295
-26.48011945616019,94.65431295119944,105.4996587220913,102.12238375628148,202.69260949159923,-91.79932709363251,294.49193658523177,467.3926471158754,-33.71209530815044,33.73938769903582,50.50114670790056,37.60133573088962,1.556483225022311,-124.15663457879621,125.71311780381852,450.4326156451249,S1,2,233304,233559
-89.79871118409163,89.79871118409163,90.24832616351337,8.997324324041475,-70.61925564695038,-116.55923532658758,45.939979679637204,287.53297241669577,143.1714285541383,151.87731417668607,313.1695383056393,278.5266625806847,963.0041434266359,-37.46717554464895,1000.4713189712849,2102.7212275137845,S1,3,233568,233823
-89.69431779251117,89.69431779251117,89.80614993207556,4.480392991518558,-78.5851881149185,-100.78215571583587,22.196967600917375,265.77614772016875,-0.43506190970134995,7.967851731006256,11.917597306490466,11.909653508578483,40.96054043579893,-25.994529117034787,66.95506955283372,297.03749263526856,S1,3,233696,233951
168.56701539095155,201.06670028291688,211.67001055263438,128.02091504726505,244.59054989535338,-92.22274449064805,336.8132943860014,562.2162128615254,-94.48598810002582,94.48598810002582,100.8147723964567,35.15702470504503,-23.110551466983985,-126.63474791704635,103.52419645006236,340.33719456717824,S1,1,234076,234331
-5.340406659150467,100.0863423050839,122.89482744943886,122.77873867466734,256.44366372367733,-85.7795416551091,342.2232053787864,532.8305660421606,-40.39772466348217,40.39772466348217,50.713428971772856,30.657392584636657,-15.268477196719479,-115.22714758758204,99.95867039086257,371.6321125092031,S1,2,234342,234597
-57.746185832150196,57.746185832150196,59.38673953888594,13.862281734918497,-2.476744444700399,-72.83981413628594,70.36306969158554,309.5080610336514,140.924860532104,166.35838870981027,335.0917531858137,304.01754346936843,1012.9853769934801,-42.01246467322899,1054.997841666709,2205.48806375015,S1,3,234606,234861
-57.5897896939112,57.5897896939112,58.03311264348882,7.159489234780723,-41.88510920579892,-72.83981413628594,30.95470493048702,204.94307801233322,-31.14870512217071,34.310635135523,39.1303942891326,23.68429704329511,35.49419910548717,-64.04861191499091,99.54281102047808,340.46004483837464,S1,3,234734,234989
45.64908115999161,60.40770439394778,62.495617319419786,42.68329384412433,84.7005538609442,-49.306153636046396,134.0067074969906,356.46716870091865,-30.578200328435166,32.03086707224255,38.74944758875127,23.80112083720995,15.04900804330409,-79.97706852477957,95.02607656808365,473.49623693441026,S1,1,235116,235371
2.6655952962066927,18.17553751945586,29.91901322382912,29.80003278529241,91.4157833624345,-24.7730160912668,116.1887994537013,324.29920204941436,-33.7626399758265,34.973262249704234,36.871940232688964,14.819720590676127,13.166850215188925,-50.63661510620196,63.80346532139088,401.5189375162978,S1,2,235380,235635
14.039678034617257,14.41999788238024,17.651909336587405,10.699408577645181,49.5276305100098,-6.4520573721812795,55.97968788219108,311.03275000634613,168.30441549394067,176.33488864757942,338.53932883958635,293.73883110069147,1004.2895166758167,-36.92963368947815,1041.2191503652948,2187.7470973241743,S1,3,235644,235899
28.005749303319973,28.005749303319973,31.070645580837752,13.455966066010467,54.831585330296356,5.8325615188506,48.99902381144575,261.15753377098883,11.228370379610428,17.227282219761438,23.55875128675325,20.71082955386831,73.39707719296588,-21.918159509611638,95.31523670257752,401.10460916023345,S1,3,235772,236027
42.98813551410882,42.98813551410882,43.878206995040735,8.793023036490805,61.46873443572943,24.97545603673164,36.49327839899779,296.43914439652656,-8.754306008672213,11.343799345958622,12.72890463172376,9.240516188506147,13.36525140847694,-26.190155936617078,39.55540734509402,364.8583530671943,S1,3,235900,236155
32.14744872039086,99.86764181882327,106.91661290386574,101.96913089560442,97.10597156093469,-182.86144707010604,279.96741863104074,462.4691162595336,-86.46301891623028,86.46301891623028,102.11250851664703,54.32412682642872,-37.67005432572943,-212.24304322558902,174.57298889985958,579.1309412273202,S1,2,236418,236673
86.48366420106456,86.48366420106456,87.4341198882643,12.856949365727507,120.41284845291646,62.15237334246866,58.26047511044781,342.25311252460176,156.09222018655655,178.56149209985944,342.62580779538644,305.00436548461505,968.5092979939776,-47.71951040634791,1016.2288084003255,2142.136438232046,S1,3,236682,236937
72.01110844388916,72.01110844388916,72.43075018443717,7.78548861426058,89.43530430964064,56.1172795675785,33.31802474206214,232.0356607470082,18.768416486612324,41.58126035813511,75.2678439785101,72.89029345364442,385.39006940324117,-46.538633182900206,431.92870258614136,700.9475937688233,S1,3,236810,237065
67.11290676866261,67.11290676866261,67.2183029693505,3.762711673805926,75.61437128878158,56.1172795675785,19.497091721203084,192.14649032316737,-22.033838405608464,22.042999574087496,24.71459451886471,11.194692820592758,0.7143013948514518,-46.538633182900206,47.25293457775166,406.4702829697912,S1,3,236938,237193
-195.19293495240808,214.48802269374238,228.01546288504065,117.85910851242828,65.95813233627314,-264.67016623621396,330.6282985724871,581.4078969497577,-13.266331250083237,13.914636259324162,17.223098305527888,10.983604618017823,7.1047589370584765,-36.79968606047979,43.90444499753827,423.94915858227125,S1,1,237213,237468
33.553160125851704,33.553160125851704,34.166840926549746,6.446585489164792,50.54461962430809,17.67712962245497,32.86749000185312,301.6344688090401,127.1063761564027,160.2130267332868,324.7668262494367,298.8602693107916,985.9957010623802,-53.96613264029798,1039.9618337026782,2210.3901882440005,S1,3,237721,237976
30.652899802414346,30.652899802414346,31.13658750308018,5.466883485141703,44.2614787134193,16.353853125143267,27.907625588276034,280.9415597099162,-3.7107577888451497,15.235426864764197,22.94189878777391,22.639809995249227,114.4973910287562,-30.55518897360866,145.05258000236486,385.51186488356416,S1,3,237849,238104
24.013894994194374,24.013894994194374,24.76125771199231,6.037609683269098,39.38258552515448,9.5198010962693,29.862784428885185,273.3231961705976,-16.517796871879987,16.728904547233164,19.00881867226053,9.407314909908793,5.169688843815379,-30.96697660556554,36.13666544938092,295.09463860977473,S1,3,237977,238232
64.20009790488626,65.44787433956844,73.0777848937037,34.91002827230945,96.91463935631963,-8.34733140070023,105.26197075701985,287.4496254594864,-119.5373591903645,119.5373591903645,132.52519035363872,57.216656980829946,-5.80332251110588,-166.92828551329646,161.12496300219058,434.6532310813995,S1,1,238251,238506
-0.03503812254081495,24.924302733592715,33.05638215502172,33.05636358568206,77.63639760782806,-26.13511060721063,103.7715082150387,289.71508468562035,-50.93843972626745,50.93843972626745,66.17033648514268,42.2349238049558,-12.861133607851894,-155.67570907509455,142.81457546724266,516.0300518124063,S1,2,238515,238770
-23.12357101674516,23.36487745190622,25.043054582011916,9.61535471166671,7.560913817776245,-47.314265297706214,54.87517911548246,315.6543475679314,144.95527988487345,151.29892322045504,314.8473776949205,279.4938963105741,962.2629489181026,-27.94165492953538,990.2046038476379,2074.8834901889886,S1,3,238778,239033
-24.41769071306417,24.41769071306417,24.85349347450455,4.633844853723515,-11.72657456299462,-38.4093761691041,26.68280160610948,246.22096890172952,-6.805027502821172,17.183712467795615,25.10154636426179,24.161523763269393,50.20769605817322,-62.00493029027559,112.21262634844881,386.1665667290195,S1,3,238906,239161
12.171528085266765,19.068387549110394,19.86953840275183,15.705173046101464,30.408991210596973,-22.998247439642988,53.40723865023996,223.94745141147402,2.584102135921687,30.418067936505118,37.21936810449559,37.12955397320399,63.39050489378058,-75.64400281249479,139.03450770627538,493.63988584366393,S1,1,239289,239544
-15.356911648881033,20.890903609008156,21.502045272735494,15.050023771384177,26.731894999833127,-34.84353764131658,61.5754326411497,297.67465943452817,-39.660906951351855,47.016805836792216,48.33901902847595,27.634638055012953,38.931543744961466,-63.0655662948725,101.99711003983396,348.8007532152102,S1,2,239553,239808
-34.27305466441777,34.27305466441777,36.39598691369857,12.248493270274052,-4.083215989253983,-56.86859250497842,52.78537651572444,304.05210245954186,72.78844742036269,129.26007267678386,257.66927438270915,247.1746283157819,895.7207341355579,-66.97667191885465,962.6974060544126,2057.1717929654496,S1,3,239817,240072
-45.56012345846051,45.56012345846051,45.96808923581849,6.110677412693969,-29.23629689725239,-56.86859250497842,27.632295607726032,211.060497830283,-42.83902074018482,42.83902074018482,43.97716425252678,9.940285595280134,-14.933137212731957,-57.90439380125036,42.9712565885184,294.98113959683485,S1,3,239945,240200
138.4133280268233,171.12318031816645,183.75907143517531,120.86830419616584,235.29517419044788,-75.75218680313752,311.0473609935854,543.7075372991906,-44.79742919600916,47.19717086639172,49.49936546029915,21.056531490271666,32.310404968434376,-69.19541527779626,101.50582024623063,428.62050143502506,S1,1,240326,240581
11.855102669147612,119.46729682610487,136.4486348124281,135.93265421847445,238.3512216896438,-95.2259163633701,333.5771380530139,544.1964847637664,55.639877425707716,95.0271102078514,203.0805410173212,195.30978004170734,841.4842552429305,-47.02585279899842,888.510108041929,1944.3833719731526,S1,2,240590,240845
-68.64359143740624,68.64359143740624,69.18718079732184,8.655827011658069,-53.040921846557545,-88.60458437343786,35.563662526880314,281.34066814533776,94.24858454844052,151.03904110064713,292.7358505608624,277.1488454138083,917.0725330840006,-70.61478242798668,987.6873155119873,2149.651439197101,S1,3,240854,241109
-56.37736784987345,56.37736784987345,56.7683645357851,6.651286070215207,-40.22351846828564,-71.95180902221098,31.72829055392534,243.29567747395163,-45.78882467401212,46.8345618023501,49.64354954234709,19.179821327010583,18.865553481819255,-70.61478242798668,89.48033590980594,382.94846967237436,S1,3,240982,241237
94.65874616148282,108.29974538651997,115.94455350867578,66.95417286071228,144.03840082402203,-41.936671227892234,185.97507205191425,416.24891538171255,-109.60521091892572,109.60521091892572,116.2267658256575,38.66986984345864,-25.962846517592094,-143.55261136614703,117.58976484855494,351.94285927992803,S1,1,241364,241619
-12.904892208264467,23.668706876339677,31.38474900600845,28.60884875808923,137.646631736593,-31.580160445176507,169.22679218176953,396.8163557974219,-27.1464418139685,27.85050895302641,35.831915897811605,23.387964720100527,15.91585630061966,-136.15049178283573,152.06634808345538,427.0598987233402,S1,2,241628,241883
-38.051226742621935,38.051226742621935,42.25658580156979,18.377246447359937,-7.766186447227837,-72.42148397219957,64.65529752497173,341.0907240649592,155.72801921676853,155.89409160769327,311.5339012605055,269.8187459488539,993.3233829499709,-4.03350729161747,997.3568902415884,2163.711200939137,S1,3,241892,242147
-44.62026570959915,44.62026570959915,46.79627392910654,14.104011544689934,-22.122019394571,-72.42148397219957,50.29946457762857,276.49952121347525,16.664866266555755,21.626865451579434,29.499413774349556,24.341274521850664,102.04408648369919,-15.51679777558318,117.56088425928237,356.88450100033634,S1,3,242020,242275
-36.444662681637865,36.444662681637865,37.08944534793701,6.885747471352565,-25.075458310478773,-53.844926178166226,28.769467867687453,238.4945079655736,-3.1241360122243247,6.633222573068301,7.8939017244485585,7.249376429209275,17.64042842646296,-15.938358538514589,33.57878696497755,298.1446853132574,S1,3,242148,242403
-14.182123216024634,14.182123216024634,15.447937147826929,6.1242259273075685,-4.445926158055471,-36.150685300103476,31.704759142048005,223.2636865511567,-40.69998595284534,40.69998595284534,42.61402619431223,12.627999522003487,-21.32587927963017,-74.47037308564902,53.14449380601884,288.02840395587,S1,2,242666,242921
-16.830356219630673,17.26813948403156,18.342277803406482,7.292342870276819,8.40966185397853,-31.236963986248426,39.64662584022696,288.1582054066012,151.07761872475314,158.74924352502174,319.7008666098919,281.752013713432,973.623353265257,-27.118652414760504,1000.7420056800175,2141.4961607990344,S1,3,242930,243185
-11.589216051428416,11.784515604839156,13.193644319023006,6.30573720751206,4.202917381067434,-27.763077287144004,31.965994668211437,282.3710105747906,4.6219931679489115,17.190387778072445,23.107860545126076,22.640901000808867,82.0439067450403,-20.989800097963634,103.03370684300394,353.22369737352386,S1,3,243058,243313
-4.240936581044897,5.776752478242381,7.1900861696113605,5.806186015104217,5.778366510461748,-17.056939277235497,22.835305787697244,245.69763152534182,-13.907984000009018,13.907984000009018,14.96119863037167,5.51411330251096,-2.6644544717504264,-30.464849616920137,27.80039514516971,332.27010439424674,S1,3,243186,243441
14.568877551741549,14.974936065027599,17.177419194759025,9.100084454269474,31.873652420868556,-4.409781145761659,36.283433566630215,202.68118559017714,-14.980639348136108,15.560203123988781,22.53009776109102,16.828123776743347,9.298095827101168,-113.34164610850563,122.63974193560679,464.30000374917773,S1,2,243704,243959
24.615374876722974,24.615374876722974,25.652508807372925,7.220424349769247,40.808308916165856,3.086587166562675,37.721721749603184,281.4349876852805,115.02937909629736,133.32801519957914,282.30073042125713,257.80214184737804,912.717981210221,-31.80132258231749,944.5193037925385,1993.368699295225,S1,3,243968,244223
33.57206110939248,33.57206110939248,34.55247884849084,8.172545958428366,51.65413464902528,16.183995098848822,35.470139550176455,267.4117135542501,-27.513086340455324,35.67579652753247,40.224201182023755,29.34308165061352,55.40192382734762,-67.67185562422905,123.07377945157668,335.3694490052758,S1,3,244096,244351
38.977114586898665,38.977114586898665,39.19968546894659,4.171316260380384,51.65413464902528,26.606252946400723,25.047881702624558,239.10859181920313,-48.074787557828145,48.074787557828145,49.04458753850673,9.70496615614615,-30.830619347911558,-67.67185562422905,36.841236276317495,322.75550056531915,S1,3,244224,244479
-99.19967834771265,110.78986941076701,116.12274759953787,60.3648600244905,48.85276196993174,-137.75950799791372,186.61226996784546,357.49826246452835,-15.849927286974507,18.5508150721073,23.4602630753952,17.296350729687823,38.350567690375016,-59.95501640297115,98.30558409334617,361.781367044801,S1,1,244499,244754
-25.142520026445816,25.142520026445816,27.2822347876379,10.591223806887035,-0.3272773632875629,-44.647053940244845,44.31977657695728,341.22878386564855,109.85334870185942,135.73502635885387,275.2486720307375,252.37684765776785,887.3444266697211,-35.02263305532431,922.3670597250454,1989.6870536529646,S1,3,245006,245261
-41.074664024104244,41.074664024104244,43.14353880251666,13.199883170362433,-0.3272773632875629,-69.41473778788223,69.08746042459467,345.1802107394068,61.63846220224987,109.53017279178128,221.59355445193623,212.84831066274646,885.4159366135331,-61.9665179075576,947.3824545210907,1092.855232179666,S1,3,245134,245389
-55.59125393082722,55.59125393082722,55.99894003840278,6.744907102615824,-40.47159651643214,-69.41473778788223,28.943141271450088,333.83211658339826,-53.503797871655124,53.503797871655124,55.12995116249008,13.291167310948035,-25.2858582626459,-84.54970129096813,59.26384302832223,332.30246839658196,S1,3,245262,245517
164.60468941563084,185.62964261325482,196.5614818990462,107.43236192476076,228.31987096285624,-66.4098704351168,294.72974139797304,554.8908007236485,-13.70881218336096,21.40196143812164,29.479066163178267,26.097582462258377,53.69227167357999,-71.35293810496557,125.04520977854557,473.25024454650827,S1,1,245537,245792
-54.93504367288098,54.93504367288098,55.54365263858446,8.199897870973142,-36.49347473820407,-72.79852263197225,36.305047893768176,262.5253284924109,99.94441189417898,116.4066480799206,246.49858393562675,225.3279086429285,853.7942392858109,-31.303178485573884,885.0974177713848,1898.1859515751908,S1,3,246047,246302
-43.53003582558829,43.53003582558829,44.6024752824286,9.721974199855369,-25.423541641181387,-63.331167320103496,37.90762567892211,247.67820083719067,-7.080660416227929,16.504573209587015,18.78782114077743,17.402484629727628,56.542304797903356,-31.303178485573884,87.84548328347724,339.9088346229321,S1,3,246175,246430
-28.588131466147946,28.588131466147946,30.69328616029633,11.171237827209657,-7.001219723099868,-44.461616685727954,37.46039696262809,260.01802712530133,-23.037783025658584,23.037783025658584,24.845390525729027,9.303439344600628,-6.710249246696301,-42.52603961637431,35.81579036967801,329.0429436077869,S1,3,246303,246558
14.413926630793599,18.748611417414594,20.794310611990788,14.988064348342377,33.34894509987082,-19.865400571749472,53.21434567162029,264.21515190760954,-100.2387312776751,100.2387312776751,109.32292226240479,43.631388745189376,-17.69251104901896,-146.04255453892287,128.3500434899039,477.4600223456406,S1,1,246577,246832
21.374507835805016,21.385126540236087,23.21972439083669,9.071163958584705,40.53647524838368,-0.6962890944549425,41.23276434283862,266.6880300289217,-24.50891156311029,24.50891156311029,26.793597998872592,10.82636355000275,-3.89745718895076,-47.38869170911148,43.49123452016072,277.2952091935075,S1,2,246841,247096
44.91863547128192,44.91863547128192,46.10290432508667,10.38238771218783,66.4811629252197,27.82460661038883,38.65655631483088,247.3937524650759,144.11236524918777,152.95858048241672,307.43966904408836,271.5709415313488,956.66242405751,-25.892562551785694,982.5549866092956,2097.8658684626685,S1,3,247105,247360
51.08705673157252,51.08705673157252,51.55126455521752,6.902572835335903,66.4811629252197,36.67658581490644,29.804577110313268,245.94036113663515,-1.6118868811738434,17.979317207521035,21.636432266952998,21.57630695751116,55.138137325396734,-30.9139162931599,86.05205361855664,304.3373006173282,S1,3,247233,247488
-183.30604193483623,203.64514515197186,219.41886980997114,120.59658129013904,59.86097958068713,-262.6395497580846,322.50052933877174,506.6324410299973,-85.18475182946959,85.45877021587519,95.43242456981051,43.022153770171116,5.327448981309736,-125.47703549243565,130.8044844737454,404.6999527270058,S1,1,247615,247870
17.413649269738656,64.70996651547769,86.35339751151963,84.5793951319886,59.265901537362616,-260.9681272038285,320.2340287411911,527.9004588854434,-39.224303017627314,39.224303017627314,47.04824147129444,25.980590415203867,-3.6851573586817734,-119.34636655496125,115.66120919627947,461.9658555465869,S1,2,247879,248134
31.378075787553893,31.378075787553893,33.64638656371608,12.14478030536321,71.46789138604724,12.335485897728601,59.13240548831864,278.59113821676607,131.99768286407377,152.1756684181487,284.03248863657467,251.4976467476412,910.8927622226491,-42.53919168798687,953.431953910636,2013.1148576441774,S1,3,248143,248398
16.845865845235544,16.845865845235544,18.895905678832644,8.559909774505002,35.71538294242956,0.6233041346586126,35.092078807770946,206.80901477964136,-25.079030580034285,36.74411704572607,39.50345008009465,30.521546379504343,55.8916876325019,-64.4630459285907,120.3547335610926,305.8550491740499,S1,3,248271,248526
79.64564038237599,84.98943841075251,91.74467318093872,45.53742444581706,114.0051195774044,-21.735402947474107,135.74052252487851,340.08437801414004,-18.623935457610656,20.159833660496343,26.361345189175765,18.656622101914184,28.454014027812626,-63.42986059391674,91.88387462172938,358.1081311901159,S1,1,248653,248908
-11.715179462617222,42.13942876787574,48.48739311822764,47.05084336715145,109.14271793239311,-41.67600161722699,150.81871954962008,318.2065138281413,-35.43583451778842,36.8219996039114,39.82997115603024,18.185935068566454,14.105205985200516,-56.21467045509153,70.31987644029205,356.0625369607846,S1,2,248917,249172
-37.945628960175426,37.945628960175426,40.358598002688254,13.745751182066707,-12.702965924676965,-67.17366468865396,54.47069876397699,284.3345725510241,129.7171832975482,170.75942668104784,308.5994730080173,280.0126552464661,899.0504412440432,-57.889028426235676,956.9394696702789,1995.3638338452029,S1,3,249181,249436
-30.04294361420975,30.04294361420975,31.391107899607167,9.100724924872365,-12.702965924676965,-52.585965524667245,39.88299959999028,237.61798235070754,-35.16378004850215,44.839521534767485,47.61161634098879,32.099448333298085,70.79580685776463,-66.48393732510071,137.27974418286533,369.49491843998885,S1,3,249309,249564
1.6047778921403055,10.428107620583123,12.653301677034161,12.551124700477372,19.681729440936085,-31.718912546271497,51.40064198720758,300.0500437672366,-21.95438619924972,24.62621946250224,32.91299507502539,24.520810986238587,13.90680140991036,-75.73983730660592,89.64663871651628,544.2763545980099,S1,1,249692,249947
24.85730603408472,24.85730603408472,26.50586009463867,9.20189959108521,45.94937772400088,4.3513653856363295,41.598012338364555,302.9959973034447,-55.546320142128,62.07009762133805,64.55252594569123,32.88821862973677,34.23984095407931,-81.62216011091782,115.86200106499713,365.317757488325,S1,2,249956,250211
49.827562769081354,49.827562769081354,50.94694524600732,10.620980105099774,68.6396256282672,24.413337999925613,44.22628762834158,316.32981325634216,88.83556418589536,140.77307842423755,268.07261457849876,252.9252245679066,868.6281265999095,-72.75239951486202,941.3805261147716,1983.3214430945757,S1,3,250220,250475
62.77736952645954,62.77736952645954,63.132858677662966,6.690270558961969,78.35550131280371,45.65561662446646,32.69988468833725,295.2199299337185,-42.93659904913965,43.44253401411605,46.24055797260429,17.16501277923202,9.44983861817767,-70.8455293736148,80.29536799179246,385.236526463525,S1,3,250348,250603
65.45314213398433,65.45314213398433,65.6869979391429,5.5378590669507055,78.35550131280371,51.40608692739554,26.94941438540817,265.9117166274604,-56.02886940919818,56.02886940919818,56.281038138349615,5.32175221683421,-40.18116137755853,-70.8455293736148,30.664367996056264,337.64033170257505,S1,3,250476,250731
-21.777960776618073,78.28976522437176,111.56732988501007,109.42115664752747,46.34468108205092,-240.21413518290123,286.55881626495216,442.87278436551674,-6.187218416463988,12.82842134092453,14.704003369879572,13.338892134221592,23.497356608167856,-31.667407249254524,55.16476385742238,389.33581480229805,S1,2,250993,251248
21.929044937936027,22.79627044393376,28.53939021614877,18.265097372299735,79.27838716559984,-10.639579039073332,89.91796620467318,363.8177873066825,154.7486536866531,166.3130337367121,313.7688819505597,272.9537789858799,920.8573021644914,-32.252591329175566,953.109893493667,1986.0479741811896,S1,3,251258,251513
1.1939835010739728,11.505925121332883,14.764006012643126,14.715647350372512,33.111526060011165,-23.51535844256623,56.6268845025774,222.37498446973206,-9.829170647632939,20.526394282246905,23.13518573112525,20.94335749571621,67.50252262099815,-32.252591329175566,99.75511395017372,344.3058742398649,S1,3,251386,251641
-24.36525315137719,24.409504737999118,29.90533009112845,17.339642635552117,1.8392398123908533,-56.3286736150868,58.16791342747765,231.74848213100665,-22.770421840946728,22.770421840946728,23.452109840813055,5.613318552415928,-9.16316025620913,-37.026894365204335,27.863734108995203,348.5248186857074,S1,3,251514,251769
10.013286784770443,77.87497030185781,98.33607824858461,97.82493737834795,195.81061615036035,-55.215918236733216,251.02653438709356,453.4381686696955,-71.54418966872154,71.54418966872154,87.21302247609627,49.87524650627875,-21.888086685862746,-169.66621234800255,147.77812566213981,424.03245259081564,S1,2,252032,252287
-33.632382415257595,33.632382415257595,34.67006088156494,8.418787003202526,-13.64785582797147,-51.49159325155332,37.84373742358185,220.19928328435924,164.84386147564643,174.63172156795002,338.6813221226344,295.85729547965104,954.8844425099015,-25.012703129912627,979.8971456398142,2113.7808090618682,S1,3,252296,252551
-19.92363355685456,19.92363355685456,22.563652185330756,10.590902975325585,-2.1300175680628377,-42.6106633992036,40.48064583114076,207.9059573237766,100.60115836125837,109.74943258858382,248.54246484087776,227.27244392040132,937.5013894850703,-18.2475489980573,955.7489384831275,1165.0474989887637,S1,3,252424,252679
-9.473138301304008,9.487125589315195,10.875757810260877,5.342448752381016,1.1712259711204824,-21.878115970763655,23.049341941884137,212.40209234295583,-11.073931856507837,11.12177664196321,12.527654352606232,5.857487244185409,2.299169742241774,-29.337057026027527,31.6362267682693,364.71627388561797,S1,3,252552,252807
-67.35861171789122,69.54090165755628,81.98269640200874,46.733071125085544,10.182508754677078,-113.83806503681447,124.02057379149154,257.3845162984157,-75.69556459987632,76.0858080147349,89.65542472005991,48.044528113410394,6.604568279710794,-121.3686173040065,127.9731855837173,376.8974838860207,S1,1,252827,253082
35.07803813868883,35.07803813868883,35.84904817029812,7.394964168746618,50.472191730540494,14.677176341103856,35.79501538943664,256.7947044244081,134.51338981415037,142.17475470277276,297.32846542654124,265.16101582549487,932.733697066288,-22.60231956329339,955.3360166295813,2050.8816548218924,S1,3,253334,253589
42.741362058943096,42.741362058943096,42.99951777736123,4.704731494138942,55.2434058419345,33.9507119560237,21.2926938859108,269.4062031116147,9.941588771280893,23.577131484903674,39.31581337993787,38.038112393083374,178.30229574147043,-26.688815913003967,204.9911116544744,449.2657969095805,S1,3,253462,253717
46.28396839432999,46.28396839432999,46.47269311709787,4.183954496480275,57.22756219231506,34.25656523799911,22.97099695431595,292.82859617046097,-19.728772794081266,20.703363225694048,22.511109885514646,10.840922115633626,12.145786929509152,-37.96759700443234,50.11338393394149,370.5878442197126,S1,3,253590,253845
-96.55479376210613,112.64572953160375,117.8312069695029,67.53787927857206,51.5265945995168,-145.15171278127644,196.67830738079323,410.0314871619472,-48.89575202520293,48.89575202520293,50.263242985431965,11.64469962267981,-27.07369679614956,-73.54815396401901,46.474457167869446,400.46051464770505,S1,1,253864,254119
32.06505559059712,60.78983035027586,64.69845187351463,56.19361071155158,63.79108014620648,-126.76840201034459,190.55948215655107,478.54867809508494,-42.915538311665316,42.915538311665316,44.92638378894082,13.290467703252235,-21.830199796043022,-68.30566093291303,46.47546113687001,410.57734707536383,S1,2,254128,254383
58.97297940495341,58.97297940495341,59.51608772021451,8.021994616254013,77.65945461674558,29.652425414318184,48.00702920242739,298.845318624523,100.35817604331518,128.33920520084303,262.4376452797247,242.4907300521518,831.4309109339596,-48.226017268280295,879.6569282022399,1916.9506083098192,S1,3,254392,254647
60.466450105608374,60.466450105608374,60.699892266745216,5.318395699875047,70.9070856692731,48.3907711116187,22.516314557654404,227.66662644632808,-19.678083695870445,20.585663686245866,22.202529733030676,10.282283238873989,20.333644448033326,-42.29535729642046,62.62900174445379,296.3993664262781,S1,3,254520,254775
-155.15889988444715,173.39362659337553,184.50870421435948,99.84576965255013,55.89986049951413,-222.91207715063913,278.81193765015325,458.2513685028172,-55.37911155750255,55.37911155750255,56.39922785115238,10.678338134180322,-25.668559679095644,-80.25001070899387,54.581451029898226,373.78143355295447,S1,1,254903,255158
15.923218976598202,54.00763221975962,71.83070891513294,70.04357101600304,51.94215043681807,-216.12690995506054,268.0690603918786,479.94658747015626,-36.488519985900936,36.488519985900936,38.29742402983837,11.631018724073547,-16.613100851420544,-61.2046892984927,44.591588447072155,331.4352100352481,S1,2,255166,255421
41.796859669369994,41.796859669369994,42.64153043021459,8.445273187405405,68.38014441878754,25.99992196192563,42.38022245686191,261.49675457616604,125.10297137793161,147.9665034157146,287.35611324512035,258.69438024772563,896.7295614995248,-43.33842138528025,940.0679828848051,2022.0599877805516,S1,3,255431,255686
40.54408784219976,40.54408784219976,40.90669930400629,5.434610288914767,51.47277408053309,25.99992196192563,25.472852118607463,230.42865117293576,-25.88211170007841,30.472692577413707,33.307078483327174,20.96372512315452,25.949014660883275,-54.915132325248535,80.86414698613181,392.27421731574634,S1,3,255559,255814
-61.21324487337681,80.18880804356195,82.93421248168008,55.95553817119863,60.33896176463124,-117.55622160650545,177.89518337113668,437.68964854581594,-1.3688029052551602,18.11449015604672,24.71506160288845,24.67712804686024,29.93705310775381,-57.38536427301538,87.32241738076918,414.76472251147754,S1,1,255941,256196
25.49003281715774,36.73444760958521,40.87389560400078,31.95205108951499,46.74719528135282,-109.50953590193943,156.25673118329226,373.0347706531177,-42.29581398203737,43.94043643446802,45.01303553865496,15.402515638723004,21.551964992541656,-58.47019980119651,80.02216479373817,412.67319731370935,S1,2,256205,256460
39.11592655973685,39.11592655973685,39.89873172388756,7.864673073181375,70.15376700215,24.201883531075705,45.9518834710743,255.68313602539772,103.518962357388,132.96111128950832,267.1604021200189,246.28947377705748,864.8962951429606,-65.72375587682701,930.6200510197876,1998.6718662570152,S1,3,256469,256724
35.90931062178551,35.90931062178551,36.16401751612353,4.284573908174706,47.502688614766356,24.614285956259568,22.888402658506788,237.24172224780995,-23.956106527283424,27.30939584497155,31.689469103401073,20.7443344580842,37.16156438425819,-59.42225976410226,96.58382414836045,396.4973669516849,S1,3,256597,256852
-95.27798833639079,111.86745252432812,122.81984974494493,77.5036801057952,42.59861903726199,-163.6759816282619,206.27460066552388,361.46424147892776,-68.62288718727379,68.62288718727379,71.30789345860482,19.383369768604013,-30.91589511923073,-93.19240051796781,62.276505398737086,315.1982827845537,S1,1,256979,257234
-24.246850322924224,26.72291142679094,59.08894668654934,53.885005984444135,17.848985619998754,-162.93805748825469,180.78704310825344,412.2010976863655,-13.989632256855636,14.981205515824216,26.07285264138397,22.001905239712023,9.31110391092091,-78.76610216859034,88.07720607951124,408.35358437514145,S1,2,257244,257499
2.242167131256169,6.325557631011933,8.993715380761111,8.709741839208178,37.12394498169497,-18.250570080436212,55.37451506213118,339.88413499600506,117.08821340635828,119.86667792452528,261.3760934221324,233.68314550673605,914.6008977069729,-11.749976495209154,926.350874202182,2008.9433371225473,S1,3,257509,257764
1.817691565611944,4.579122624984509,5.541214722896446,5.234601988456004,15.154300449339189,-8.026136273725223,23.18043672306441,256.8056372708704,1.0217938903773487,5.95321416003964,7.3826753399373475,7.311623104380213,20.486473714440493,-13.539573986854224,34.026047701294715,303.73175158340393,S1,3,257637,257892
72.33264285968079,74.27516023905766,82.1383259033624,38.91906164260443,101.14326779645718,-12.857550060753512,114.00081785721069,348.12175647899545,-84.57587248027104,84.57587248027104,92.93897843137164,38.53018954103251,-0.0005321648286683578,-122.72260452432812,122.72207235949945,365.7046443593563,S1,1,258018,258273
11.017627224054296,15.195345148445304,31.983462530114565,30.02588492895788,96.43283362195825,-13.778410776077013,110.21124439803526,326.61024302531456,-26.883474685488494,26.948982176284808,39.40464902494245,28.80981002390674,4.407687970405759,-111.10968730188316,115.51737527228892,429.0418147484403,S1,2,258283,258538
-5.461897826930503,8.538035682062311,11.14222738458679,9.71168899924249,9.638538448914728,-28.74410395438166,38.38264240329639,293.56812098461654,151.64005168860004,163.25659855267008,310.47388150216574,270.9230994560995,910.0728185134819,-27.664670585792287,937.7374890992742,2025.95602376966,S1,3,258547,258802
5.149351879989044,8.815330301910798,10.467759840844387,9.113625584894729,21.00457378901087,-19.103871973022425,40.1084457620333,214.76893184028063,-11.781475733393897,33.71826818601045,38.971470317167196,37.14797879057883,106.47324119853134,-57.647756627352834,164.12099782588416,377.6890667465391,S1,3,258675,258930
40.194214946914855,40.194214946914855,56.24050673812523,39.33725566129792,110.4896565768291,2.698032958775123,107.79162361805399,274.4076342621231,-62.34730039469933,62.34730039469933,69.91476223320724,31.636815762952928,-22.42073810480895,-127.3749663637208,104.95422825891185,380.1495981551732,S1,3,258803,259058
-8.63295926787271,87.32467827786685,111.76454189145718,111.43062791928679,63.34978409474043,-233.60418112191047,296.9539652166509,495.54659226693803,-30.231427379641364,30.477074752315588,33.151274782462586,13.603963330287623,9.33525469462672,-49.51798816016548,58.8532428547922,349.5856186746725,S1,2,259321,259576
47.556615068272144,47.556615068272144,47.940889067263825,6.05782203501288,62.52218516083398,33.32792848303296,29.194256677801015,254.78933945975072,107.39083839874188,125.66087213522493,258.6910798937311,235.34715346610858,857.7322017046324,-36.878431525954895,894.6106332305873,1960.74611560888,S1,3,259585,259840
54.48314974122844,54.48314974122844,54.835425390174485,6.205664508839636,67.33246517596638,42.497586761004605,24.83487841496177,186.16946786005994,-19.958293206969312,25.176449057203303,29.094569143137274,21.169801271845664,42.556072136645845,-52.92802855649974,95.48410069314559,363.03411961969806,S1,3,259713,259968
57.24052896322897,57.24052896322897,57.41261683049241,4.441893215137707,67.33246517596638,45.59965644435829,21.73280873160809,188.4809866421773,-34.267329680781245,34.267329680781245,35.10832562308721,7.638366618942218,-14.646697121213155,-52.92802855649974,38.28133143528659,319.1346761050967,S1,3,259841,260096
-70.93896698200354,87.24534581559665,90.28273607293295,55.844743676921624,58.48208456158653,-108.28871083686798,166.7707953984545,431.161874356044,-35.85646501433044,35.85646501433044,36.67684911762896,7.713959934652066,-3.5260535678843756,-63.76123615011921,60.235182582234835,373.93181031918846,S1,1,260115,260370
35.58194596915075,35.58194596915075,36.0803189025918,5.976163749526932,56.05427108817404,20.482352792756316,35.571918295417724,252.53617618843566,57.78235446363409,65.22700382845123,159.8064231406457,148.99426965372209,823.5047247859969,-28.543611978078324,852.0483367640752,1033.8906787269148,S1,3,260622,260877
31.081964798324254,31.081964798324254,31.807336226711108,6.754117419380635,47.16342714025206,16.0402890220987,31.12313811815336,220.0022252181406,-17.591786238298184,18.690732049654216,22.60007696823773,14.187760073961364,8.506037355342922,-46.721058214373315,55.22709556971624,360.1414211082836,S1,3,260750,261005
22.194428288815168,22.194428288815168,22.899370574408863,5.638131395838807,34.82300792979682,11.87757820208072,22.945429727716103,235.4867896188918,-29.560070174153445,29.560070174153445,30.124440496100558,5.803806208190209,-17.064597273137164,-46.721058214373315,29.65646094123615,391.0700320442594,S1,3,260878,261133
-103.44691565015984,106.825297128808,114.96275927706591,50.15148714709583,16.27078138973788,-136.55431516468596,152.82509655442385,449.2962824449856,-24.51442179836893,24.51442179836893,26.412512917099136,9.83178328115419,-2.0059841963839204,-46.55715287994461,44.55116868356069,422.21899395802177,S1,1,261153,261408
-0.24227389629935736,5.169177907042775,6.509942848566902,6.505433056359836,12.497643417433434,-18.07402303945668,30.571666456890114,322.96568318374625,-57.404852541240224,57.404852541240224,57.91027018419489,7.6342843492313035,-41.27696194501007,-74.42120389142434,33.14424194641427,370.0679128723646,S1,2,261417,261672
-9.709093722968861,12.049539376456963,13.987892381017378,10.069490172870257,28.773890878394827,-32.80034912874248,61.574240007137305,319.0522033605656,108.78378238878726,132.25421593666027,267.2820651484657,244.14297253703134,875.5007047660797,-48.834030915039705,924.3347356811194,1930.5264041155783,S1,3,261681,261936
-13.72486401479978,13.72486401479978,15.116799614796312,6.336066474490307,-2.5443163271525324,-27.626820772028594,25.08250444487606,247.74984232885998,-23.7512061850325,28.427846943276936,32.4777410568042,22.15138525936694,40.26765348918464,-54.670595846406314,94.93824933559095,330.98500674592276,S1,3,261809,262064
134.6345163520163,152.05788915604555,162.92637954138513,91.75266839238049,197.88286592988234,-52.19138685779501,250.07425278767735,466.2565821302669,-6.537005614485954,12.891338677974367,19.182941021402765,18.034765976490963,35.5546899491074,-45.96181102696445,81.51650097607185,393.67665472544047,S1,1,262191,262446
-0.07557874394484188,75.97673949308584,93.63461032974783,93.63457982741838,195.34588904940944,-61.39160399378368,256.7374930431931,449.6646788744998,-29.509361984544583,33.26820750148897,35.770007850226776,20.216107856617707,15.365657142894612,-53.72344727166437,69.08910441455899,341.1747032248869,S1,2,262455,262710
-41.51188646634985,41.51188646634985,42.41768450714806,8.719130745253734,-5.564249213562089,-59.48919722265933,53.924948009097236,298.99104555196755,100.44895540904916,134.24387858096753,273.9349700440302,254.8536347989853,891.0736573466075,-40.22407148161888,931.2977288282265,2010.6291680063166,S1,3,262719,262974
-22.614996356217958,44.99527426090485,46.47937555786402,40.60657941833091,71.21213628755179,-52.54980290481528,123.76193919236707,298.02278262868055,-27.68083573384981,28.323796570117583,30.03677501730789,11.661011384781103,16.478612349375737,-44.23194200130653,60.710554350682266,358.06032086176276,S1,3,262847,263102
-13.84907729081213,36.80187080520764,39.90668508427377,37.426549034188426,71.21213628755179,-52.54980290481528,123.76193919236707,370.6482701732596,-34.72864496848089,34.72864496848089,35.55881499353499,7.638752672894679,-15.38170616309925,-50.787749535611596,35.40604337251234,346.2094182337548,S1,3,262975,263230
-9.247780558239722,9.593296745647478,12.083719215799686,7.777841913598526,4.7456132633291155,-34.43728119467709,39.1828944580062,255.15000075011955,-26.105000535243356,26.105000535243356,28.12330205543551,10.461790743281346,-10.845190829001345,-81.0334546248801,70.18826379587875,473.89922809706593,S1,2,263493,263748
5.692397259301691,6.542141495967943,8.709812165448605,6.592225830452953,31.59744011491601,-8.707772374803847,40.30521248971986,289.97216464720077,113.79106127447461,126.42814186078341,270.57642861540717,245.48563725052696,919.5854909665534,-33.09454895466355,952.6800399212169,2067.0184472369106,S1,3,263757,264012
4.429602931327654,5.324175949604388,6.451422996843744,4.6903599600646615,16.60597831455642,-5.184825682418895,21.790803996975313,237.4120217354013,2.1317593555226426,9.906832937973313,14.993875114647363,14.841559655365845,53.605904208195184,-17.254642401549646,70.86054660974483,384.20519835875655,S1,3,263885,264140
-2.8436875380778286,7.137997853162044,9.510398530991933,9.07530282712783,16.60597831455642,-26.283208441490707,42.889186756047124,230.9620982622569,-6.708803878609919,8.316135840301841,9.79903961839058,7.142347510527383,13.30319278075019,-25.36219107153996,38.66538385229015,341.96105096388777,S1,3,264013,264268
92.3932098088528,104.57909753708306,114.70486683211313,67.9757402033263,142.97501183038855,-37.74983151350608,180.72484334389463,319.6029843147958,-99.53402882509236,99.53402882509236,111.48690347485851,50.22257213901036,-2.4497400987742752,-142.82719033814496,140.3774502393707,431.35917801458174,S1,1,264287,264542
-32.06704927662179,32.06704927662179,32.91428401005351,7.419868097559035,-7.2067201082584775,-46.49138659574536,39.28466648748688,233.02761991721337,163.56461600939028,164.6046615633822,316.5723593801972,271.0436775009619,932.9988360221437,-11.860480494626975,944.8593165167706,2013.0028639665618,S1,3,264794,265049
-30.14928004808925,30.14928004808925,30.455131289562654,4.305337901534068,-19.63980403940718,-38.316134958491624,18.676330919084442,192.69246915703883,40.94827063205219,45.1670927619345,93.5072744488872,84.06455559332795,421.4641606037125,-14.81202765249693,436.2761882562094,606.6757243158315,S1,3,264922,265177
-30.789843405129133,30.789843405129133,31.14914116183059,4.717471590510611,-19.63980403940718,-39.42900663828514,19.789202598877957,180.5703536503576,-6.620723490953709,6.97388593719649,8.624915085642176,5.52767407603521,4.280119434892584,-22.226389078852584,26.506508513745167,322.52839228651715,S1,3,265050,265305
25.904839143773856,40.335060643537545,41.21940439939683,32.06210548258203,56.111525197358944,-37.200238699482725,93.31176389684167,259.31040239832794,-113.11062373414117,113.11062373414117,123.15448408788114,48.71358896063507,-16.674541912753423,-155.69921665597082,139.0246747432174,382.67629251007804,S1,1,265325,265580
-22.865562385016624,26.39339676828339,27.53532188362356,15.341447391027726,56.79858885136028,-40.83948134700751,97.63807019836779,275.1397888148235,-31.36947140457964,31.36947140457964,39.47084717493189,23.9562943817296,-0.040223815901670124,-145.52545333637346,145.4852295204718,462.4911091670269,S1,2,265589,265844
-33.990487091760954,33.990487091760954,34.57663404649662,6.339590621655405,-21.088706362839893,-49.997438221202806,28.908731858362913,303.2292926629666,133.00576505348286,139.94292283927035,280.8095146855706,247.31245419607043,862.9205334372439,-19.018700070843956,881.9392335080878,1839.184796091111,S1,3,265853,266108
-34.75315708235631,34.75315708235631,35.005015776684644,4.191563232853331,-21.088706362839893,-45.78375941376449,24.6950530509246,254.5838762485659,2.1485966551843116,20.702166245831975,29.07194791347414,28.99244190986824,103.30327825319496,-34.03645990133311,137.33973815452808,386.9809921419851,S1,3,265981,266236
116.15716677271206,126.14635739928337,136.40352882219946,71.50828820832557,181.78531158753555,-37.743848274372404,219.52915986190794,533.3738505577869,-90.74735543540527,90.74735543540527,98.76665544760777,38.984223857692655,-4.473459385159811,-126.88810339307905,122.41464400791924,448.3141256856619,S1,1,266363,266618
1.3384023020480027,6.166168976116963,7.517639251772485,7.397538725661595,16.105739135736588,-17.592175788342097,33.69791492407869,194.7810739339796,-26.558264111452374,26.558264111452374,27.634038424694406,7.6353576893180035,-8.512855597920241,-47.77198209504459,39.25912649712435,323.44789586257343,S1,2,266628,266883
20.256542887885765,20.256542887885765,22.091386574185652,8.814864207766036,42.3989549497612,1.5830596820165452,40.81589526774465,223.29945253814626,110.98430245145306,128.94009588263043,276.6817852953919,253.4468285925269,935.504281872123,-49.740117152102066,985.244399024225,2092.9260449224844,S1,3,266892,267147
33.55785971028088,33.55785971028088,34.832695217923195,9.33738227823176,56.61845103389872,15.657491453208403,40.96095958069032,215.94630453104378,-16.50150814711204,19.43967153959891,23.300750103302835,16.450689476352107,40.229955669754304,-43.397595747263736,83.62755141701804,348.86756183834257,S1,3,267020,267275
-142.66812647874542,163.301006414899,175.00164026902544,101.34781588122202,55.30150622645831,-216.55517733854433,271.85668356500264,434.69099907033853,-0.4814198926141122,18.76630270750417,26.52562204850517,26.521252985994817,68.87215176893866,-56.22898605799195,125.10113782693062,469.109732879361,S1,1,267402,267657
-20.416461817491232,48.343863989580484,84.52556159748028,82.02279347976605,26.64740653655215,-213.10680200296696,239.7542085395191,414.1066936394511,-30.498760715280337,33.00848907064269,36.079978292312724,19.276680948903774,15.443462796612009,-54.535070886744215,69.97853368335622,328.63582763918487,S1,2,267666,267921
4.491674380356629,9.04494255815687,11.915120467979865,11.036075254696328,34.030239152739625,-13.616812610601302,47.647051763340926,282.1684914491264,103.59838946436383,115.71059396223218,258.3961647884036,236.7191409196684,893.1180389395265,-21.20179583742025,914.3198347769468,1993.5106772415543,S1,3,267930,268185
-9.052899406216218,10.156336203031756,13.012606047514783,9.347348741153736,9.290056829622575,-32.484587291398,41.77464412102057,225.69164129727258,-9.269904106997592,14.946606221732441,17.511105619880585,14.85623431013669,41.41889750047451,-33.58372545780519,75.00262295827969,361.2072356349252,S1,3,268058,268313
188.20330088297055,205.72872590204307,224.94971220350206,123.21481468229558,269.52029502400427,-47.389628035259214,316.90992305926346,490.4261294001036,-79.18584395487281,79.18584395487281,87.61236814445992,37.49038768851169,-3.4506612264376764,-119.14188750919158,115.6912262827539,381.88241801295976,S1,1,268440,268695
-43.49847557613883,66.25891972445936,76.93175294014166,63.453740890471146,259.8691731375869,-81.65007581357115,341.5192489511581,484.48541072703375,-26.578467707243018,26.578467707243018,32.63631865381819,18.93975579590723,-4.234529756353173,-105.91497096240447,101.6804412060513,351.2632697534036,S1,2,268704,268959
-82.5952300140119,82.5952300140119,82.8322170241312,6.26132222978797,-66.89072597245662,-94.19827557896255,27.30754960650593,230.6998606785497,86.44933370743972,106.31975411693834,231.8240600619261,215.10208628726795,850.4530436895423,-34.547235361525225,885.0002790510675,1915.3847516713222,S1,3,268968,269223
-81.92903345358542,81.92903345358542,82.19511426791446,6.608349784688698,-61.02363754934869,-91.30201537219492,30.278377822846224,208.37395337918113,-22.90806130978075,27.04882204374902,29.33308846607586,18.320775256139108,43.323987489941025,-50.59106534347335,93.91505283341438,367.9751134345471,S1,3,269096,269351
100.4976103707815,129.40990144222562,134.73762997665693,89.74663916542566,168.301931168934,-76.53385397374379,244.8357851426778,366.80576306420915,-0.6440961474981107,15.999946233986174,23.86499187057291,23.856298479338513,85.76444135475867,-42.14988477131024,127.91432612606891,491.42493040713555,S1,1,269478,269733
29.407482643503084,39.37328780759522,74.03235724929002,67.94107656240494,183.29683388729538,-20.202642115942595,203.499476003238,411.4564504932141,-40.45599053144541,41.982344518296415,45.51295681413408,20.85046925334854,9.451120976187354,-59.690173973966246,69.1412949501536,323.2402993981932,S1,2,269741,269996
23.820626437495953,24.229729025264476,26.432541742019744,11.456745570574784,42.824443251809775,-8.816992403182091,51.64143565499187,251.2019538261766,100.58721036517403,132.11640284188886,269.30114235208043,249.81056499493315,881.0778883026273,-45.75783297633037,926.8357212789577,2040.2435834663836,S1,3,270005,270260
35.47752191624601,35.47752191624601,36.102892855853014,6.690613667182285,51.92847119189356,22.615342427773495,29.313128764120062,205.1322537933297,-31.316528781968785,33.791059302078,38.006322217932286,21.534984410986098,24.574565839685636,-61.93486235763487,86.5094281973205,391.326438063159,S1,3,270133,270388
44.255333832653534,44.255333832653534,44.97823577419764,8.031632506514745,57.50989270784396,27.973420783095523,29.536471924748437,209.17351072231824,-46.67039361122549,46.67039361122549,46.903353470564284,4.668932100381988,-36.800890631614,-61.93486235763487,25.133971726020867,327.8270008555588,S1,3,270261,270516
-191.27704507085832,207.27053727889415,219.97715080722315,108.6417917112224,61.034305832003454,-258.32505645578004,319.3593622877835,477.07077533930743,20.640964041818982,35.948331315683305,39.1282406770313,33.24108635264532,87.85998368848912,-60.83032671132984,148.69031039981897,487.85252226109804,S1,1,270537,270792
46.81055482833278,46.81055482833278,47.310447428712884,6.859328871592035,70.02722415303164,35.4400889635883,34.58713518944334,226.20907786929004,72.21534454989046,131.37038713289905,244.4527966434956,233.54253102672072,817.2037666671719,-74.71076322317087,891.9145298903427,1891.745977331287,S1,3,271044,271299
41.010255644229986,41.010255644229986,41.622997886895384,7.115678821265057,57.97460343924347,27.40208160986332,30.572521829380147,170.93980182578804,-40.24400207913711,41.45687076165726,43.992619196915975,17.769942049969316,24.381599602885867,-62.99531675453468,87.37691635742054,346.6980344684512,S1,3,271172,271427
36.43646146129116,36.43646146129116,36.67081511034685,4.139197632040205,46.79288085464448,27.40208160986332,19.39079924478116,160.95186083652385,-49.028886023903226,49.028886023903226,49.399128796348876,6.036742589623292,-36.99401434331447,-62.99531675453468,26.00130241122021,344.4707140895241,S1,3,271300,271555
12.194146437895942,13.017948696373868,18.207065013508448,13.52035535987398,44.32165312413332,-7.905644887493957,52.227298011627276,258.4975968868817,6.761208110356117,28.60111039506527,32.216736084896176,31.499272195596934,53.1658813204376,-59.73637500719698,112.90225632763457,522.5354335101738,S1,1,271575,271830
18.402154839393788,18.402154839393788,19.103194638576618,5.127644943472414,29.731659983024105,6.48852647461222,23.243133508411887,247.04197125934468,-49.06299090674885,49.06299090674885,49.76241367659109,8.313888272310365,-30.068988766360643,-67.62747011639374,37.55848135003309,351.4232441080346,S1,2,271839,272094
14.701950251390699,14.791442574377792,16.66425542934723,7.845385128861527,46.991937430655256,-3.7732286303445113,50.76516606099977,328.91370864139367,86.26526251907207,131.43641757392146,258.43088411712927,243.6079357247557,857.9978556944669,-60.255392122540165,918.253247817007,1995.2152985513385,S1,3,272103,272358
13.437550235199787,13.437550235199787,14.050847666089926,4.105918144842494,23.839389958244478,3.071395035938689,20.76799492230579,242.70175458568724,-37.485521565706435,37.485521565706435,39.71163876938333,13.109154308991338,-1.963784328220414,-59.89516564260098,57.931381314380566,333.55503996374983,S1,3,272231,272486
-74.10525694197243,81.78783409449144,86.74298186643715,45.08609316236316,27.529073564401372,-114.41128654697924,141.9403601113806,342.52743887696784,32.22049519210894,47.29397955372205,49.364103649261494,37.39858845826025,109.26145499764822,-54.31712731571115,163.57858231335936,430.4386009568826,S1,1,272613,272868
-16.126000901736607,31.53585777102685,51.73206173925696,49.154433235584,20.046269720812468,-118.6027435349614,138.64901325577387,363.5790931843523,-35.32494910193357,54.58294357102854,55.48221338940273,42.78345443665135,55.058020832341086,-76.12983787445404,131.1878587067951,343.414144931877,S1,2,272878,273133
0.22148691253412967,6.625459455870065,8.805320806722436,8.802534751812978,28.038704761740746,-17.469591262130226,45.50829602387097,278.98378518658893,92.26405430974476,133.45147521953655,260.294818252872,243.39420020128688,846.8789656096222,-60.75450004708478,907.633465656707,1979.032615064489,S1,3,273142,273397
-7.822070556521279,8.71119322414884,10.215941248679995,6.571199875615128,7.158990769332313,-21.087289203763227,28.24627997309554,244.9113588406457,-30.907542367886162,34.17653341644533,36.80648762807519,19.986029027622617,34.39481449710106,-58.12351260036702,92.51832709746807,424.57007475587653,S1,3,273270,273525
61.82915949472826,64.31828209633274,69.35581611051502,31.422671187074926,87.39350857240954,-20.92140975787291,108.31491833028245,353.6855392920194,-64.45399157967327,64.45399157967327,66.22132779623836,15.19694786936703,-24.32241403670359,-86.18836650890624,61.86595247220265,396.5275450894402,S1,1,273652,273907
7.48631652590208,8.815193540641063,11.546384820240768,8.790566949354965,61.67635343189754,-8.65765841995745,70.334011851855,295.9904713874389,-29.213983730880628,29.213983730880628,30.652265435287593,9.27925271167719,-12.196900097406255,-65.5816997966697,53.38479969926344,473.81769582794493,S1,2,273916,274171
10.524571927291003,11.388446047993291,13.182510791959707,7.938008347653225,29.23931481407363,-6.8492517531034,36.08856656717703,262.469427938862,101.1795834378589,123.98640034160495,254.39016186398337,233.40318410108506,842.6119106632821,-37.16336032676667,879.7752709900487,1962.4944050357535,S1,3,274180,274435
21.338699900208965,21.338699900208965,23.591320158979304,10.060331675063463,37.64555801201162,0.6615717613368671,36.983986250674754,248.46977139081514,-23.29795989324903,31.199234214692318,34.35900527242402,25.2536395025157,55.15935500575106,-54.470990177511254,109.6303451832623,462.06221469718673,S1,3,274308,274563
-97.12830043191055,110.69512826734407,119.78045178994007,70.09600478066265,34.63384474185965,-146.42072592142617,181.0545706632858,372.4726052467106,38.20620496390402,61.8039658576247,63.325869225515504,50.50199615285764,119.09770742666407,-61.18400540882706,180.28171283549113,481.53460952843255,S1,1,274690,274945
-1.5946641459931765,47.48976819053168,63.080059961435936,63.059900182285716,54.013557641795835,-142.68983316052368,196.70339080231952,428.43427372004584,-29.247384830905652,50.93120686759812,52.313905255015456,43.37436067060405,66.58386449158613,-73.30515098187354,139.88901547345966,459.10509114306996,S1,2,274954,275209
8.070136906135456,9.302866701848645,11.666948586195357,8.425590758466514,24.769413150213243,-11.243962016861216,36.01337516707446,269.0603811478593,81.59279170317231,117.91856788640736,237.8605697142437,223.42843813370604,824.2975848388833,-63.774381954498054,888.0719667933813,1908.6864419567546,S1,3,275218,275473
1.5412594615722637,5.0561899239003365,6.066829069787589,5.867787848425821,14.245329610359164,-10.03435016238603,24.279679772745194,214.20698935494067,-22.685523537196083,28.026185691012316,30.767822744807727,20.78523365996231,54.91390234783142,-53.7343372865941,108.64823963442552,370.4888115289992,S1,3,275346,275601
43.57654166444409,45.002376792657905,49.44182628210664,23.35763692407643,69.80227482510438,-9.47868265649455,79.28095748159893,285.78517271761655,-96.04060558634207,96.04060558634207,103.4067423829508,38.3295766851479,-11.44840351721458,-130.75441099606698,119.3060074788524,479.4264919659423,S1,1,275727,275982
8.144166850981778,10.566752387062005,20.478002962664615,18.788857113786094,67.92749799093754,-8.244499341513295,76.17199733245083,260.27581468310876,-21.263943324877843,26.833514733978564,41.044068909551925,35.10641404257105,17.155735171529823,-112.25056136089253,129.40629653242235,432.0254149194305,S1,2,275992,276247
-15.238812791509162,15.656882432273715,17.344740879152116,8.283635727762741,7.735658610007476,-35.80821047311589,43.54386908312337,261.8051117979034,113.54341137715417,117.51260392578699,243.76040056853225,215.7012438957403,856.346356046299,-20.832251226633332,877.1786072729324,1749.9938253269968,S1,3,276256,276511
-22.104002491479783,22.104002491479783,22.883718330612847,5.92263779843762,-8.604473034327986,-35.80821047311589,27.203737438787904,219.31895053223025,-5.507360172025895,7.445402240108549,8.852782330038089,6.931142684912604,18.18235285213642,-20.832251226633332,39.01460407876975,332.44307097473666,S1,3,276384,276639
-19.659165684453953,19.659165684453953,20.704734883919713,6.496402943521128,-6.65242763655166,-31.223786180162193,24.571358543610533,194.67985307584811,-8.730190091358308,8.732627055532873,9.611039252405554,4.01943484584954,0.3119314143443969,-20.442186007232536,20.754117421576932,333.5072160575222,S1,3,276512,276767
-18.363905603382626,18.363905603382626,18.768830431113216,3.8776238525588798,-10.47146096387164,-29.406044942260568,18.93458397838893,228.12940486613874,-14.594186524213491,15.519675696005013,19.31773677723723,12.65640841198992,5.9013806382805525,-37.1192916013638,43.02067223964435,368.41633271399456,S1,2,277029,277284
-16.775592393261732,16.775592393261732,18.320573990683013,7.363622152394158,-3.38786996264439,-35.962327619028294,32.574457656383906,190.5949585503916,131.6551057498047,137.97669523713046,279.68887744429287,246.76466784379082,931.3763383334524,-27.43712729282743,958.8134656262798,2034.344978081252,S1,3,277293,277548
-16.051909653364127,16.051909653364127,17.12630119411825,5.970459703564855,-3.38786996264439,-27.6711541521137,24.28328418946931,206.61496506736242,5.7713309186618424,17.944009972324327,22.036189991242757,21.2670028155696,58.49341548536385,-33.10683357375397,91.60024905911781,327.11627002156433,S1,3,277421,277676
40.82065019097558,47.27696968566191,50.197015927877516,29.213266268077504,73.41577403539195,-22.518604184547186,95.93437821993913,327.0979514855569,-100.17178963238293,101.12228274388936,112.36169627998261,50.899541773582605,13.075760627214677,-141.24450942828258,154.32027005549725,426.19250511154377,S1,1,277824,278079
-20.773670302202582,20.846730133516463,22.559204520425034,8.796154317072412,2.8076163368069733,-35.95617252579446,38.76378886260143,284.5548833644423,120.70352351010995,126.588626248977,274.08892738602117,246.0800673111578,930.0381536209345,-23.85690691251078,953.8950605334453,2028.2335070175573,S1,3,278330,278585
-21.602425147564684,21.602425147564684,22.42560859836252,6.020228297233919,-6.833339612720176,-35.95617252579446,29.12283291307428,268.2680938577562,-2.465676658596231,12.834102641352459,17.17537388502144,16.99746765566948,55.77269387622405,-32.1036135909073,87.87630746713134,341.85591912530833,S1,3,278458,278713
-13.170319265633747,13.203070401786238,15.233654904535989,7.655516454934312,1.9564766963310765,-30.776733403059925,32.733210099391,240.54011873550883,-26.253013733861934,26.35397235809481,29.87812704351871,14.264702784085644,3.9820898008711283,-47.19482286742413,51.17691266829526,310.2461346148193,S1,3,278586,278841
-18.966866255055724,19.270543716586232,22.55900899963337,12.213389026325489,4.359176862523698,-39.59649847623298,43.95567533875668,284.44320603154034,-41.87951481097998,41.87951481097998,42.2817846829734,5.8185526700575005,-26.982741865788206,-54.87505134583516,27.892309480046954,365.5428494452739,S1,1,278862,279117
32.25646497613562,32.25646497613562,32.83097367165268,6.115006089292786,51.023088788821674,19.153126283986456,31.869962504835218,308.4710259953179,-41.98176691997628,41.98176691997628,42.28943906006604,5.091944843753151,-28.166736620614,-54.51694883423955,26.35021221362555,353.62478038922853,S1,2,279126,279381
45.292949266123436,45.292949266123436,46.36761223288725,9.924928763258892,75.41373894027923,25.697027985112264,49.71671095516697,279.5327713642863,122.56432665442634,152.15185180298033,295.8962339307396,269.3187091275726,919.3577383511365,-45.04570133837031,964.4034396895069,2030.0639579700926,S1,3,279390,279645
54.63758816032028,54.63758816032028,55.11777060585968,7.259655403901728,68.15789132506642,38.16241316753302,29.995478157533398,184.11955271518724,-28.724277085974094,32.59706221178621,35.116452558031,20.20101844335145,37.30098496424077,-53.97995825120987,91.28094321545063,406.0539479834691,S1,3,279518,279773
-175.61369904616038,199.4450419428656,210.58742109306627,116.219149153455,77.29915056037183,-247.67003041166248,324.96918097203434,506.5529926526498,-57.51318855800139,57.522782913546465,62.49607317339043,24.453881164051428,0.7486413463116458,-84.03586834339967,84.78450968971131,299.6984343275285,S1,1,279900,280155
22.19290238025435,66.62568696080973,85.97159533138183,83.0577527252175,62.44609154698861,-254.08683611620762,316.53292766319623,544.7647407383622,-30.655537216487026,30.655537216487026,35.858917503040395,18.60376312627194,-3.3977722841495153,-83.7858359589862,80.38806367483669,366.4740111268573,S1,2,280164,280419
29.698763516430326,29.698763516430326,32.804521747800884,13.932698686797488,82.95244432871851,12.825001098049137,70.12744323066937,324.41091541977545,142.21578648528092,151.25522637232356,296.0281542817037,259.6292321789,924.1924641486476,-33.16151573679566,957.3539798854432,2014.7859828342698,S1,3,280428,280683
19.488947943058708,19.488947943058708,20.668764488724293,6.883221161861512,39.53999791851454,4.43177006118138,35.108227857333155,210.11123379952608,15.198312714065258,25.945671574264907,37.00715896079702,33.742274745416644,132.5313093042663,-24.565962576550387,157.0972718808167,368.15677507835386,S1,3,280556,280811
13.222749536877576,13.324654071638342,15.221869953449243,7.540836794728072,26.00508376916063,-1.5577969621704926,27.562880731331123,218.96813909086745,-113.99494917015502,113.99494917015502,126.48483451859676,54.80478926964847,-5.81932626353241,-171.35849832766516,165.53917206413274,498.21426645580516,S1,1,280937,281192
9.202907202435753,9.244414101964717,10.170291520583898,4.329125620378426,17.80626245990721,-2.1628744979472234,19.96913695785443,213.86460466896932,-22.887136716700013,23.989148473933437,34.516567474787905,25.83742253307533,6.964647216768245,-151.0257035944046,157.99035081117285,356.26049570816747,S1,2,281201,281456
-5.673106283195274,10.781175939128378,12.469623946689483,11.104385911495607,19.50415954881466,-22.718276680980573,42.222436229795235,313.624100065147,145.54310620191868,155.79727606845896,309.74481659548456,273.4210226827253,954.730161397411,-30.369385557824273,985.0995469552354,2047.8642884200153,S1,3,281465,281720
-10.961818983665331,10.961818983665331,12.308045227377253,5.597008298056946,-0.06840076362707431,-22.718276680980573,22.649875917353498,243.83374021388565,-9.828780045563985,27.387757038041578,32.18387421362397,30.646318575226836,92.35179192150035,-40.28197230412185,132.6337642256222,315.03270807479805,S1,3,281593,281848
-38.323284151920234,40.852028867222465,44.14136894218961,21.90402574646224,11.822454599537622,-63.85000787953337,75.67246247907099,263.17191472859224,-40.69191664404815,40.69191664404815,41.08059111715462,5.637631272855666,-26.534396048876392,-51.77467467609667,25.24027862722028,305.80944955321957,S1,1,281975,282230
19.26512508837819,30.571251897020808,31.14820016821295,24.475811100925796,42.763247242404965,-39.68725197464492,82.4504992170499,261.1555430724877,-45.954690731584265,45.954690731584265,47.11711404527957,10.40138624032029,-21.627988452891184,-63.08127451767227,41.45328606478108,390.5583968245799,S1,2,282239,282494
45.54651237246947,45.54651237246947,46.34401448863432,8.560542601215975,75.21825218703246,31.683307976548075,43.53494421048438,294.678733990137,78.36526796685251,127.22641955712908,250.3016481890792,237.71789975231772,845.5320132117647,-60.6414150503684,906.1734282621331,1938.7892936317876,S1,3,282503,282758
50.79989516787679,50.79989516787679,51.48570980922044,8.375497925018271,63.71692764015071,31.91689535217526,31.800032287975448,240.87260375143967,-49.30009376217609,49.456965127238014,54.15285198510558,22.40607357752356,6.661720955899824,-86.73946117941445,93.40118213531427,395.0854857683137,S1,3,282631,282886
56.05048209557491,56.05048209557491,56.26452498880216,4.903083628613576,69.17020041206348,43.86863651171248,25.301563900351,243.5873233341968,-69.50669705256242,69.50669705256242,70.54202731756723,12.041456843576363,-43.306788736814205,-91.37086994171753,48.064081204903324,396.5862242081772,S1,3,282759,283014
-23.39837561633216,93.90545302730852,112.53074097547446,110.07126638231414,60.71795226162436,-200.77231822434803,261.49027048597236,436.08025176261407,0.011296458021138989,23.764113891845582,27.209893071804245,27.209890726885636,44.736076888379394,-42.95283376351196,87.68891065189135,338.35878907755006,S1,2,283278,283533
45.424747566416016,45.424747566416016,46.966275292198965,11.934124322714286,89.00465179138183,29.866774659455878,59.137877131925954,267.9693605689056,119.19556141958141,124.21292745313734,265.7618256607728,237.53266326216652,907.7479455723961,-18.01335176157087,925.761297333967,2035.4133043148627,S1,3,283542,283797
33.940789842824856,33.940789842824856,34.618837842480254,6.818116925452368,48.34101611882244,11.030009326300776,37.31100679252166,202.796118427098,17.100213007321898,17.100213007321898,18.435783095148672,6.889180897290227,35.335328298537036,5.18972844284614,30.145599855690897,351.10751042338245,S1,3,283670,283925
27.73098325212738,27.73098325212738,28.510685426734433,6.622065491403567,42.504520486370474,11.030009326300776,31.474511160069696,202.81589316735477,15.943582589008487,15.943582589008487,17.37245650050125,6.89959557432706,30.311140580409017,1.9388047685348868,28.37233581187413,294.4038419206746,S1,3,283798,284053
8.730962957518537,10.424759712993076,11.33941504792482,7.235511002240479,20.84669489665262,-14.751031814337056,35.597726710989676,235.40441328031653,-63.12986942521577,63.12986942521577,83.02123085246873,53.91794097157376,-3.7778863406427994,-175.91936414626718,172.1414778056244,481.70967215114314,S1,2,284316,284571
7.1897553538253085,7.751895227390381,8.809386154737256,5.090452079670013,20.925154442888967,-5.793261858717824,26.71841630160679,230.17465653670536,86.96893506058498,121.81227861130986,249.4244672773655,233.7711898652726,859.9249782725307,-44.129719141934515,904.0546974144652,1986.5236220622508,S1,3,284580,284835
1.804768681998291,5.935275150123409,6.71521367326264,6.468145381950816,14.838370401140667,-9.999173824514875,24.83754422565554,282.75659536173384,-35.22944931198195,36.17876018403069,38.17796049073739,14.711987235135823,17.448864805329027,-54.31657202321574,71.76543682854476,357.20949065726245,S1,3,284708,284963
-4.412754903916574,6.613283228190799,7.418453987734109,5.963308957792505,11.806604978814406,-13.393198031948192,25.199803010762597,260.8677271670199,-47.48814735274962,47.48814735274962,47.68458594651757,4.323840641647196,-36.822653165601054,-59.594210948252915,22.77155778265186,329.4595912426243,S1,3,284836,285091
-31.947933803945844,31.947933803945844,34.49810262111678,13.017242800063258,-0.6762395056324176,-51.01157216955121,50.33533266391879,248.7569654990818,43.91371376118734,62.783795952372735,63.829881624462004,46.32320727123001,104.28523841308642,-64.65344320071682,168.93868161380323,537.3977873739886,S1,1,285111,285366
-1.1064429813472456,6.438568328817879,7.3616640743027055,7.278041073799084,14.151234093028563,-19.67343698743662,33.82467108046518,237.66052847869594,80.26462660950834,120.62916679710905,241.24486261467337,227.50093066448943,839.235659391278,-55.13287196342118,894.3685313546991,1918.6690141421054,S1,3,285619,285874
1.9799251440228898,7.948773475674852,8.736147080732318,8.508828488120662,18.624414374053877,-13.315913056420378,31.940327430474255,247.06253947205283,1.7958718282999833,76.3729020855063,122.53964239646616,122.52648204788272,632.3736370897217,-71.35765258406111,703.7312896737828,868.6719884732753,S1,3,285747,286002
8.737318806694926,8.739570183819783,9.515888145566823,3.7697993672229195,19.237206281683456,-0.2881762719816093,19.525382553665064,239.8898416263047,-59.882960291216776,59.882960291216776,60.260107872579056,6.731394177688525,-36.51201680309628,-73.06903655379395,36.55701975069767,311.5753775976735,S1,3,285875,286130
19.187094635388544,19.204350637626565,21.81706596458708,10.384592758302476,37.00356458110583,-0.6535741472858829,37.65713872839171,240.89136918537918,-9.861832470471121,19.292951250502394,27.470836842432035,25.63963995745421,28.330466714440174,-62.220691965392156,90.55115867983233,380.2492581814448,S1,1,286149,286404
-15.395699507771722,18.800794392519865,20.052281701292056,12.847818417706948,18.304878540644037,-36.581389652919164,54.8862681935632,289.0988417763438,-10.887070244904862,18.201873883036576,21.489271622432724,18.527290582953558,37.695967016767135,-43.98583645603885,81.68180347280598,403.97133095729623,S1,2,286413,286668
-30.918495589502662,30.918495589502662,31.92717511717507,7.961855402145122,-16.81103810808857,-48.57659580521702,31.765557697128447,281.2010404152946,91.59671447419512,116.92996179685076,234.70206760534631,216.09049594037526,830.5450711390072,-40.70460524370893,871.2496763827161,1872.669091194608,S1,3,286677,286932
-33.054299417275786,33.054299417275786,34.04055708070055,8.13466756527357,-18.62300825933869,-48.57659580521702,29.953587545878328,267.38692799885564,-15.542399367087635,21.507608466459573,23.214704229698373,17.244022569758176,42.98605446104651,-41.23970001749286,84.22575447853936,331.48426104649775,S1,3,286805,287060
123.0446072757421,134.16483966988434,144.41663506730958,75.60548329666885,172.29598385642385,-35.19543564248708,207.49141949891091,393.0849460659766,-124.50046200800695,124.50046200800695,136.31632112174813,55.51373131001353,-4.153384330734456,-169.0309720101946,164.87758767946013,490.85812472133483,S1,1,287187,287442
-10.250536108814632,41.398061971148834,56.04495758185661,55.099580577659516,166.22110204562426,-40.39588553528196,206.61698758090623,407.5845730678957,-28.22191746295193,28.62350551199136,48.20244136031911,39.07683108709471,7.242456345708018,-161.3148570590404,168.5573134047484,471.4879011793214,S1,2,287451,287706
-39.61906294134704,39.61906294134704,40.53735918329038,8.579472081933622,-19.28261321524543,-54.632311205076995,35.34969798983157,251.63760085593492,117.19876719249237,126.77267794708311,268.19327825256835,241.23035353872766,912.67132137933,-26.660284322027387,939.3316057013574,1983.8740356745552,S1,3,287716,287971
-39.30209703183848,39.30209703183848,39.67343679138204,5.415418334693904,-25.671424937613278,-54.632311205076995,28.960886267463717,262.658029987846,-7.716014436537032,16.96688992733444,18.246425064086424,16.534665065687705,40.249866702270026,-27.831907616856444,68.08177431912647,334.16350852751225,S1,3,287844,288099
56.38486581320401,74.36034469536415,76.13462319735709,51.15884827310446,93.29874204990412,-53.12686953881795,146.42561158872206,330.2177125208707,15.314777924493333,15.332936765916118,17.8927992008569,9.252558584825984,58.75055134179715,-1.376812835072909,60.12736417687006,312.0232765311877,S1,1,288226,288481
-31.13427521033657,48.86965574588367,50.5720163513357,39.852048190360144,85.80595816868039,-58.592925545955595,144.39888371463599,360.0689883281488,-19.658866428045133,21.357292538111054,23.315317154904285,12.535269634038755,14.54393725666601,-42.54331190697083,57.08724916363684,377.6653059161898,S1,2,288490,288745
-56.31982389528416,56.31982389528416,56.60541651275964,5.678962492144268,-38.172986728131235,-68.07449675437769,29.901510026246456,202.41033381969117,67.79353066611105,105.91160441994275,217.36224294808036,206.51968879320773,807.6871229945464,-50.85452285669785,858.5416458512442,1882.1255593892192,S1,3,288754,289009
-55.09563699731102,55.09563699731102,55.25758153756999,4.227422529358684,-45.17951767811371,-65.84383888568638,20.66432120757267,206.27083963086707,-35.05145746353368,35.846709283877885,38.28344198261411,15.395364877724393,12.840320520015364,-56.76320484201943,69.60352536203479,337.4992066142534,S1,3,288882,289137
143.81217961935812,161.2021825315516,171.64166041266415,93.69587281383204,203.05990161116637,-56.569041942174195,259.62894355334055,425.1964932017188,-45.959312293079066,45.959312293079066,48.09791176521161,14.182761709953164,-10.606254258784247,-75.87968267511512,65.27342841633087,411.99046100893196,S1,1,289264,289519
27.051089585130228,44.27802397848638,84.31575227452117,79.85852887372569,213.53395164083767,-26.009003265354792,239.54295490619245,422.04761657536636,-32.92944445368495,32.92944445368495,33.91541971065943,8.118336167088904,-16.657200159184757,-58.682346646943124,42.02514648775836,350.21604150898713,S1,2,289528,289783
-1.3749712344896627,10.908532133722586,12.952157812221865,12.878969139532321,25.342964722852507,-23.91409927305107,49.25706399590358,252.98743460986776,66.19518139030288,98.7678689381498,209.76431683608072,199.0458906343272,793.464915457925,-45.251319799954985,838.71623525788,1821.6210231176958,S1,3,289792,290047
14.040475073487869,15.752242008301044,18.156534788830754,11.511942288284247,36.73660983479012,-15.50359491074702,52.24020474553714,256.9957541714126,-31.688889820461664,31.82048322093763,34.52358411484696,13.700077448012998,3.9382280282044544,-53.34410817990198,57.282336208106436,301.0334695579535,S1,3,289920,290175
-176.62075717838118,189.07105941828553,208.95321407268213,111.65372275495088,38.4800852836609,-252.429789164513,290.9098744481739,534.6937579309284,51.797583332327974,68.63041143727446,71.3192279792686,49.02491856688216,101.77780401563203,-50.03512908537996,151.812933101012,475.5172702607687,S1,1,290302,290557
13.565796699949658,84.75472021089884,105.42999092495279,104.55358504772214,79.5999011507347,-241.1425404837292,320.7424416344639,472.06376129921506,-8.142713110496963,34.02029795643165,40.71355539179841,39.89097411496964,98.31047348186874,-42.82038550665416,141.1308589885229,422.2885381927629,S1,2,290566,290821
67.03686408441513,67.03686408441513,67.33490382735178,6.328358963141051,81.10121070229052,55.293903162006096,25.80730754028442,253.6776855397549,95.92603441221158,111.02012698298957,245.4533267795891,225.9325818670582,844.1296047833587,-29.388877976680845,873.5184827600395,1913.8368230268106,S1,3,290831,291086
61.29903360096544,61.29903360096544,61.54889582179159,5.540311946945335,74.55599817970644,50.003518990506144,24.55247918920029,221.70399001758705,-13.66853570475348,16.163410244180536,18.912985022807696,13.071806843769819,18.508866944663733,-43.638147868898926,62.14701481356266,323.118221012368,S1,3,290959,291214
59.18147633845957,59.18147633845957,59.33049747525911,4.202474159596592,69.24351093487984,50.003518990506144,19.239991944373692,246.88463917028773,-28.461151404903966,28.461151404903966,30.037097514636507,9.601566945604015,-11.111708591755269,-47.207586447241304,36.09587785548604,304.92396779546334,S1,3,291087,291342
25.30202244169703,49.498768491703025,54.88148808031121,48.70097939743307,54.358323299609246,-127.64199096286303,182.00031426247227,372.7950062329698,-36.28313354684671,36.28313354684671,56.26578033958455,43.004328354760595,-2.546404647939489,-174.72070854364793,172.17430389570845,437.13206204478377,S1,2,291606,291861
28.895883878028155,28.895883878028155,29.9587115782618,7.909000843152691,50.17996440943663,13.98694841883902,36.19301599059761,237.41569305460564,102.56778158393074,108.04549923197091,235.1637767351723,211.61723008607086,859.1790070884502,-20.981134730210634,880.1601418186609,1886.3789936635658,S1,3,291870,292125
20.8302986658126,20.8302986658126,21.98095383316935,7.018617307487872,35.94779282677868,11.253275391014421,24.69451743576426,203.2279446888169,14.176512605651848,14.610450774819935,18.36871766786454,11.680594124594572,52.92984755735988,-7.818227833625517,60.74807539098539,315.7647306138558,S1,3,291998,292253
13.828972498775506,13.828972498775506,14.65537522127519,4.851756641102015,27.188500697697904,2.8116984647047625,24.376802232993143,187.98825622354371,-2.381243006864346,9.918063179915535,11.626393075404296,11.379925205644748,15.068669997662928,-27.748713485028283,42.81738348269121,320.62809349609427,S1,3,292126,292381
-17.989112454820816,21.541306123003956,24.388180754578137,16.46739790026907,16.11374804953929,-44.7850146464657,60.89876269600499,252.30563132588918,27.216189182695583,35.41229108032348,37.20246373857082,25.36340581608473,84.16874601075739,-35.905446818012436,120.07419282876982,412.39143748327155,S1,1,292400,292655
-35.318330544035334,35.318330544035334,36.94133531671225,10.82948671747802,-2.871186506682554,-54.09379958060616,51.222613073923604,254.68445254414559,61.83808575419019,122.12255540060131,232.69959982232177,224.33268800539548,824.6197736191795,-72.20258753475366,896.8223611539331,1964.5554126096233,S1,3,292905,293160
-43.015330616320426,43.015330616320426,43.419240877980464,5.908621699579082,-29.369009162392494,-54.09379958060616,24.724790418213665,204.77379336320274,-45.77312406159291,46.009876011359765,48.646680537837085,16.471813530768287,5.2134885692520845,-69.62483245752954,74.83832102678161,378.6122413110855,S1,3,293033,293288
-44.09756699564688,44.09756699564688,44.2302569353968,3.4234797554027727,-35.52149445785196,-53.01516601728315,17.493671559431192,213.28627548583822,-54.03994781805204,54.03994781805204,54.32772541283227,5.584423726250845,-39.689007605417174,-69.62483245752954,29.93582485211236,343.05478002440697,S1,3,293161,293416
152.7895239210716,172.58857249173076,183.60908672598467,101.82169763033052,215.37957373593906,-60.94170580862289,276.32127954456195,466.575422761696,-25.64507143009606,28.77499641149747,33.803838335800634,22.02339205431842,16.081315031049094,-56.05492214282019,72.13623717386929,399.5992341806409,S1,1,293438,293693
-63.70172326811717,63.70172326811717,64.32088411364954,8.90317841187931,-40.78801637823581,-77.70493563399805,36.91691925576224,266.02913204155954,115.2245358452848,126.9351849588444,262.1103394064258,235.42543694977059,867.5349667363317,-35.050244224765564,902.5852109610973,1933.8174993284988,S1,3,293946,294201
-57.301369838507924,57.301369838507924,57.83686133683004,7.852104426600581,-40.78801637823581,-76.69304055472395,35.90502417648814,278.90524942198124,-8.768474819316808,19.914108727542665,23.79408645482437,22.119502697001654,61.969871385302724,-35.30059002719475,97.27046141249747,341.525897473913,S1,3,294074,294329
-50.8803367363665,50.8803367363665,51.39021636067065,7.22119596676991,-33.3843392414699,-63.47714916069478,30.092809919224877,207.84671674068693,-9.68878835260639,14.009706663373443,16.79362969810339,13.716901206009286,13.484841095630198,-35.30059002719475,48.785431122824946,274.82209180813027,S1,3,294202,294457
-19.845282611742224,19.845282611742224,20.609432276876795,5.559987125457454,-6.520259592001761,-33.79264008681487,27.27238049481311,262.95777230039437,-4.941112586248908,8.963663454366612,11.113347679298833,9.95449160183429,15.307360159985148,-23.340430318166074,38.64779047815122,283.6944796029687,S1,2,294739,294994
-11.76218091769189,12.168272795895493,13.57474617324174,6.776786386439083,5.826462574742262,-24.762866950192787,30.58932952493505,269.6503988670677,90.98246814831076,104.92364992206922,235.84298675472348,217.58700533586625,815.3801551016314,-32.679811556847596,848.059966658479,1850.9698809657568,S1,3,295002,295257
-16.983100610733416,17.262512893357716,18.160119079090297,6.431502049478463,5.826462574742262,-27.720378881480034,33.546841456222296,281.1450003168518,80.32079258159618,115.16974764838906,236.8630784805774,222.82883167660412,815.3801551016314,-52.09611670810258,867.476271809734,1802.204321860322,S1,3,295130,295385
-15.791852244575587,15.916015399105262,17.51763171939768,7.581874685191035,2.6900332755937635,-27.720378881480034,30.410412157073797,263.4712732299795,-40.949311426870864,40.949311426870864,42.83382469350268,12.565445934739554,-7.763166038134655,-59.51889353455178,51.75572749641712,336.548352294948,S1,3,295258,295513
-29.704444732144232,29.758799621682538,31.903628876208845,11.639909734437614,2.9445715393567227,-47.47216968577138,50.4167412251281,229.21467595839627,-29.75536725651044,29.75536725651044,30.835763791098884,8.090886725855922,-12.881929807000406,-48.254795943818806,35.3728661368184,349.600419041687,S1,1,295532,295787
5.244255288186212,8.180094945296123,9.974099384600638,8.484129006929454,23.34130362799781,-10.876058797482132,34.21736242547994,290.90114058807194,120.40149656194708,134.87308028841053,271.1559146265135,242.9588641366775,891.1666252378535,-36.01532724877171,927.1819524866253,2003.0112033098587,S1,3,296040,296295
29.602381820431535,29.61343806042695,50.636306717103466,41.0820465471958,129.79841889453263,-1.0742228130342397,130.87264170756686,282.5481305146891,-21.005742103311828,23.480617163809306,27.264961625455935,17.3820865009566,31.036581167441245,-58.35414023360732,89.39072140104857,338.7571097435655,S1,3,296168,296423
43.459140126457285,43.459140126457285,58.92153007398307,39.78755893150826,131.19007406594693,4.868658728709865,126.32141533723707,404.6585674286541,-34.09405252538869,34.09405252538869,35.88630590824678,11.199220246798658,-17.20843738749943,-58.35414023360732,41.14570284610789,289.7838701624246,S1,3,296296,296551
-52.057625021651575,60.43363597302028,62.289112295364966,34.20434457272501,35.215087123577256,-80.04182591830354,115.25691304188081,293.81629274256886,-61.37319691856137,61.37319691856137,63.70092379831327,17.062777990526712,-11.407021563629208,-83.29298286182711,71.88596129819791,372.5641792883208,S1,1,296571,296826
47.93951840949543,59.956062316229094,61.24414537507668,38.113618529197346,80.44765259019172,-65.94817721431785,146.39582980450956,384.18195753354667,-54.5638630335147,54.5638630335147,55.75099488752681,11.443700529500404,-34.69673950927801,-87.74206690426239,53.045327394984376,394.6718578969256,S1,2,296835,297090
80.1834098356278,80.1834098356278,85.85449445510316,30.685745962467482,156.93306607479215,3.9993176507064225,152.93374842408573,471.31531814743903,127.21706085782901,149.22180846286125,297.1984927478737,268.59404967032197,918.2114367175285,-55.36325611590429,973.5746928334328,2043.7085445309938,S1,3,297100,297355
40.802726916959976,40.82498902380989,52.56239799558451,33.13522535288112,102.31912107454787,-1.5194279470233454,103.83854902157121,283.52403796843623,-24.742963538099694,26.399480090107748,30.204083714020545,17.322598776044842,28.433307966419118,-50.39861100788408,78.83191897430319,343.8948446014897,S1,3,297228,297483
-187.4038691741866,198.79085376370574,212.83841996206218,100.8959009598086,40.94390858723501,-257.23339553137095,298.17730411860595,469.7419448102971,-36.83040085980834,36.83040085980834,37.649228716552344,7.809353075453719,-8.496837943309163,-49.19454052635641,40.697702583047246,255.60552419636383,S1,1,297610,297865
-4.8562106788549535,57.93023286343306,91.33939137465465,91.21020575864803,43.59543948916537,-260.4805964886396,304.07603597780496,461.88240405904907,-17.303567299313674,17.33690663188348,20.00579834778037,10.040842905362785,2.1220571750776624,-39.80500758080714,41.92706475588481,355.81738481543766,S1,2,297874,298129
25.22806300544251,25.22806300544251,27.8383069052394,11.769289202994491,74.26879165605985,9.353606132951402,64.91518552310845,323.7720030723938,122.4536384407405,132.84291781557653,265.09633817135256,235.11949077965554,883.2525217834493,-32.270994474956964,915.5235162584063,1989.9914920483625,S1,3,298137,298392
21.836167637650306,21.836167637650306,22.48251895327526,5.352143625204291,32.576694287416814,7.523727376710167,25.052966910706647,229.67966839488835,-2.5276174014384356,23.239469847003605,26.403154749263912,26.28188979098579,51.88792345431675,-37.974136339281344,89.86205979359809,389.1464901427702,S1,3,298265,298520
113.1485847552837,113.701166766893,126.34111903060635,56.20921744502608,153.67077206910372,-6.500643090570187,160.1714151596739,362.83510189722034,-88.17116663254687,88.17116663254687,94.19580185410678,33.14656032824219,-15.01430668283424,-122.40844458228818,107.39413789945394,381.82149609092625,S1,1,298647,298902
-22.284853166213864,42.60860750708979,48.86109748979011,43.48324007324042,129.37841479161625,-51.63436238831031,181.01277717992656,359.3915036608228,-43.55680913051039,43.55680913051039,47.80200289940357,19.693548678764675,-25.531752124352494,-113.38724920074488,87.85549707639238,407.94303711842485,S1,2,298912,299167
-42.000922215826535,42.000922215826535,42.38287785613383,5.677223651402872,-31.854829092813016,-54.97700640583588,23.122177313022863,185.63175870639049,107.26072779964647,135.00947832206793,265.54476835337897,242.9180114189556,844.6263047687459,-46.2072658901746,890.8335706589205,1878.3572339457874,S1,3,299176,299431
-31.96442416835092,31.96442416835092,33.01003681464466,8.242458255274286,-16.30243855011401,-46.79389744881678,30.491458898702767,187.8923643301553,-29.75211502727933,36.337008948392764,41.14624762894507,28.42226847642544,48.78280992419675,-66.32178447032472,115.10459439452146,307.01754776587336,S1,3,299304,299559
-1.7637214872536466,9.430424196995007,10.630626440781358,10.483296477675307,13.48335635753755,-25.112951865415276,38.59630822295283,256.0404732177045,43.64378777745568,56.598678050480714,59.260827770589074,40.088221418414555,115.93879938866857,-38.17611880700309,154.11491819567166,559.5737255589291,S1,1,299682,299937
13.094896294419208,13.094896294419208,13.766569956422158,4.247603960289998,22.911584623958728,5.027482737819135,17.884101886139593,202.09237291170547,-37.11315859068308,37.11315859068308,37.68576212025892,6.5444729358099725,-20.920651727381202,-53.28828819091515,32.36763646353394,374.1292131565733,S1,2,299949,300204
21.877732344159398,21.877732344159398,23.67028346608217,9.035881077238942,42.51502153917181,0.5217364951261815,41.99328504404563,329.5063836939622,78.6663884455684,120.40488071891616,251.0243206995391,238.37954801449726,860.5406064592064,-59.67034810157434,920.2109545607807,1969.4610163637979,S1,3,300213,300468
28.58681121866961,28.58681121866961,29.689475072311886,8.016180787480664,47.68624703234759,11.708331449541667,35.97791558280592,297.97364575963945,-25.628091113124906,25.84187087476736,27.366795836137292,9.599086427061163,6.5530256880540065,-38.381754015770554,44.93477970382456,301.77171404968493,S1,3,300341,300596
-112.61737808758586,126.28087994507827,135.12342329675383,74.67038017923475,43.87654574770521,-166.64529983175512,210.52184557946032,393.08090960134894,-53.21282167268461,53.21282167268461,54.20544515251986,10.325981493974622,-31.508008574850685,-70.31580608641903,38.807797511568346,314.06027830244403,S1,1,300723,300978
2.738669391792378,63.33700183585258,76.9243433805038,76.87557670992861,54.801723186471186,-158.03049262698195,212.83221581345313,425.82743458382697,-56.496673867046496,56.496673867046496,57.56957145720415,11.062612698938723,-31.384190800044312,-79.20117504915233,47.81698424910802,292.34446582236006,S1,2,300987,301242
43.894941767666765,43.894941767666765,44.40720938198975,6.725647352413197,68.2893941848635,29.226277340108886,39.06311684475461,257.46837064014983,101.08655074523458,162.38352645005986,297.7178488210683,280.03111749424494,883.191252982009,-61.83507774605378,945.0263307280628,2015.0719636318959,S1,3,301252,301507
36.15512527827326,36.15512527827326,36.99368686777331,7.831971921759501,50.419003975500175,19.90010713934393,30.518896836156244,223.36823247005282,-46.734051691037095,47.229613667689506,49.14420460566077,15.2013571388387,17.380867085366013,-62.331104177197886,79.7119712625639,359.31206398143445,S1,3,301380,301635
27.382710135514085,27.382710135514085,28.339196785649605,7.300497249515753,41.67267893859354,3.8178696110116297,37.85480932758191,230.71443097084745,-51.41322545001709,51.41322545001709,51.72878327672808,5.70502130727125,-33.64485383648801,-63.04860544273811,29.403751606250097,311.2167101691717,S1,3,301508,301763
13.784640816515616,23.726385074581984,24.752062227816616,20.55841098162398,38.687492435095244,-33.99964720298021,72.68713963807545,292.57175496688416,-16.64205148321569,43.482237343588075,48.39264647616764,45.44106463758678,72.04719644467333,-70.88343050616722,142.93062695084055,378.6395853715126,S1,2,302026,302281
37.3068975650547,37.3068975650547,37.95284885098367,6.97238337845306,63.26104408085962,23.893978799240532,39.36706528161909,222.2342937646721,96.00915315587918,132.15845786388374,262.1254391630559,243.90979555301965,847.0113579836018,-63.43521536205985,910.4465733456616,2023.9902850725937,S1,3,302290,302545
32.15965927830425,32.15965927830425,32.68640469053646,5.844430399697146,44.69848502755199,16.88387619437829,27.8146088331737,197.4178194900076,-15.718810859852859,19.932709427191963,22.576878876811698,16.206000276761632,50.488042042110294,-40.07727673917532,90.56531878128561,406.79637988070203,S1,3,302418,302673
30.75304577854247,30.75304577854247,31.251581081912825,5.559810739786271,42.589451446169875,16.88387619437829,25.705575251791586,210.71973573036348,-24.231819434461315,24.231819434461315,25.080498601516837,6.469183642187848,-12.847685378292834,-40.07727673917532,27.229591360882484,321.73000294426964,S1,3,302546,302801
-10.848881594000474,47.731440108882666,72.95752030100036,72.1463896299062,35.893628489395226,-178.9884118052602,214.88204029465544,414.260812630791,-35.84598418079865,36.83783848994946,59.46909451738938,47.4514343389968,10.551569972566822,-145.08532481285002,155.63689478541684,505.89692040798,S1,2,303065,303320
8.246920959060256,9.586090669513908,13.14983370872406,10.242383573275717,46.025726251755245,-10.331894011203818,56.35762026295906,335.03611496003685,123.07521124438124,137.97490741797688,272.3524869604035,242.95754676623585,870.0621258638229,-39.65831704347724,909.7204429073001,2138.763479532677,S1,3,303329,303584
5.628179525101455,6.702737587744809,7.884132225119911,5.521153518641101,17.314283756009246,-6.974743317467249,24.289027073476497,211.30274915902672,0.10567053179963004,20.731018380296476,27.225130992446267,27.22492591899136,99.40283143424628,-30.511340102417577,129.91417153666384,549.0085446999939,S1,3,303457,303712
1.5554603132311173,6.220712164333202,7.320858895680703,7.153706604581308,17.314283756009246,-13.3013649534701,30.615648709479345,198.37077027956641,-14.921863190872893,14.921863190872893,15.792672162788483,5.171701166365561,-4.191939398717168,-30.511340102417577,26.31940070370041,333.34712735471885,S1,3,303585,303840
129.90793438407843,130.10728784585146,140.73936842653072,54.14331361452423,164.65380295415238,-4.528097175433485,169.18190012958587,435.8212908822507,-1.8493958214134891,8.141204629939168,11.057072463187,10.901311230852302,32.888509115257534,-33.46638778715541,66.35489690241295,486.802261169747,S1,1,303860,304115
-11.25682644674605,18.365845148363547,20.561695615788764,17.20660294608397,51.742885436074886,-32.3952942648174,84.1381797008923,336.1147431724383,120.75683142191446,166.09844184496387,292.57796374636825,266.49512666259113,875.1257520785105,-64.65637755598938,939.7821296344998,1979.7956038076863,S1,3,304368,304623
-13.612101731735969,13.622527442981898,16.176880489410742,8.74083227236106,0.9068446509230239,-32.3952942648174,33.30213891574043,241.83383910490613,-32.59394062014668,49.539919904238275,54.00161922954885,43.05589290983908,127.4164588584778,-71.36926906896548,198.78572792744328,428.8593684808635,S1,3,304496,304751
-4.883691430950009,6.168333875903001,6.949436603367533,4.944110345804383,10.278654501125521,-12.312278665445888,22.59093316657141,231.59531222219863,-48.28169209053737,48.28169209053737,50.52721008006959,14.895541861578133,-10.431275597192084,-71.36926906896548,60.937993471773396,375.29342816517817,S1,3,304624,304879
-65.47829154929201,66.30669118620702,74.90633223179897,36.380653432924476,7.227169731925037,-98.90388322062566,106.13105295255069,376.7362591436959,-105.73785990351638,105.73785990351638,115.60568389710359,46.73520228202056,-18.74145069892691,-154.44058836016745,135.69913766124054,538.5458239558874,S1,1,304899,305154
-17.06671488350475,17.06671488350475,18.730388246403674,7.717168324338555,-2.44722449943738,-32.213735526559326,29.766511027121947,186.61578027961104,-9.585791704250385,12.7309671449911,16.74744516983226,13.732789852002488,16.539238041218592,-45.87328824417082,62.41252628538942,350.9193728208345,S1,2,305163,305418
-35.37765760355952,35.37765760355952,36.565719192873,9.245169688942848,-18.83407871817211,-51.62806269291232,32.793983974740215,238.84430046694834,118.54955356587287,128.51374889729527,257.91702548069185,229.05718801674854,854.8493604064497,-22.239525266517482,877.0888856729672,1873.3495743747344,S1,3,305427,305682
-42.72528286543597,42.72528286543597,43.23427058920988,6.6145564816926266,-27.582942193597987,-57.60848836591687,30.025546172318883,251.71914164487674,-6.74967412822997,14.09183838846895,15.888509290417677,14.383554033492272,40.383696525678396,-27.690039196977445,68.07373572265584,345.81658701882793,S1,3,305555,305810
170.06596648017882,188.3750290360427,199.66724665918744,104.61632967000652,235.5450238948555,-59.64909213153621,295.1941160263917,491.889775411277,-17.810107576487344,21.676402723870897,23.862127863613694,15.880844256317017,43.925716245434515,-44.85243833351114,88.77815457894565,443.0881359348149,S1,1,305937,306192
25.77167634365685,57.92585740699289,97.32051745008418,93.84617102039878,239.4159373949753,-36.691830014488765,276.10776740946403,515.9284286950198,-43.90507336529103,44.49524431621063,48.98468678592632,21.721972108989476,8.952191387572963,-69.08186452128263,78.03405590885559,414.723117478093,S1,2,306201,306456
10.847710183511133,12.054115622196427,13.880568592406041,8.660102090797652,31.9852500533963,-8.782607399707699,40.767857453104,227.74783818475683,105.17924475954136,131.22019582733552,261.5273728243022,239.44496906010377,845.4197095688311,-52.21842044901924,897.6381300178504,1894.8998260479198,S1,3,306465,306720
24.938002690881632,24.938002690881632,26.97941021737721,10.294882100689565,45.44587515073389,6.187505296118372,39.258369854615516,243.06342214173952,-26.593955484128898,29.45400967410259,32.966481606060334,19.482054337027314,24.421603694814856,-55.794829357227066,80.21643305204192,280.7453767202686,S1,3,306593,306848
-219.21532465789448,229.8884010137777,249.6910399755181,119.5418624549145,37.05039158281082,-295.49411055405875,332.5445021368696,642.3715190803654,-64.30521453572422,64.30521453572422,66.10989527380066,15.341370102679045,-24.633454717762053,-86.70098402411395,62.0675293063519,467.0441448581852,S1,1,306974,307229
19.52443664983864,20.635939050621182,22.71255573825172,11.604161394501062,38.08046536339441,-31.405848487741753,69.48631385113616,274.41989256299297,-20.324262728579786,20.324262728579786,21.19264411999678,6.004374183584549,-3.386724380116732,-34.447610397037934,31.060886016921202,309.0230669852234,S1,2,307238,307493
9.633588788394862,9.837268570536143,14.330278778219924,10.608998865001974,49.085414821864774,-2.9228917809934303,52.008306602858205,274.73618421220914,153.08779396835664,156.04756327875745,302.3163873913127,260.6900946013028,910.4335573748655,-23.833118188994487,934.26667556386,1966.7239637726111,S1,3,307502,307757
-0.6881114014283112,5.393043384892627,6.150140835994549,6.111524768974768,11.22653973171989,-12.008602309262528,23.235142040982417,217.88612831202687,3.8827789804264277,9.404831158333918,14.764428531530712,14.244731561241752,57.775297446274415,-15.223247673667007,72.99854511994143,303.35837046835945,S1,3,307630,307885
150.26165155438684,153.70396777778916,170.3481922577299,80.24925343967092,204.63500067025606,-14.912973550646088,219.54797422090215,441.35633021622084,-119.34778591803962,119.34778591803962,129.97533231660518,51.475168841624324,-7.332588028325155,-158.0802699193326,150.74768189100746,466.20897451969154,S1,1,308013,308268
-11.764926869758032,39.494979977019234,55.80893498505683,54.55477724192031,192.70427600156347,-37.98635779254382,230.6906337941073,410.0257421514715,-24.972864709899508,24.972864709899508,41.173966795487814,32.736089715434694,-2.4664229721743185,-155.80497552052435,153.33855254835004,450.9761166054452,S1,2,308277,308532
-43.61442929552187,43.61442929552187,44.78167326586367,10.157746684993295,-3.6929722023145795,-58.370471612774885,54.67749941046031,278.95375665028837,117.33095839542655,139.69758260066385,276.9604348257364,250.87951024520046,897.8806401312368,-43.48833111451431,941.368971245751,1993.4718502030862,S1,3,308541,308796
-43.0428677979492,43.0428677979492,43.43316636307336,5.809601711879698,-30.091995816066856,-53.999829796132,23.907833980065142,248.26876308679078,-29.862743188916728,37.82502054596885,43.115751341967126,31.099591364118403,44.64305056316648,-68.37977800740866,113.02282857057514,310.4800159961169,S1,3,308669,308924
-39.753665646685434,39.753665646685434,40.010979772328724,4.530405058407111,-30.091995816066856,-51.17344921436079,21.08145339829393,241.019044402637,-60.03362296401739,60.03362296401739,60.822594680794765,9.764841909547098,-39.77964703363404,-84.68986005517966,44.91021302154562,326.5878677727168,S1,3,308797,309052
-2.942139255115851,20.807099083166342,26.168829789885663,26.002912705608843,62.77950674962417,-29.38435420452772,92.16386095415189,310.4163444364327,-56.955612575723094,65.65092728793522,68.2177528092854,37.546238086829675,37.98298898632042,-91.31871437348785,129.30170335980827,425.0036845400135,S1,2,309314,309569
-10.209642842888867,16.229539243709443,18.152762193301847,15.009529248687885,44.698313721238904,-29.693301114752085,74.39161483599099,339.7186419839914,137.87624311853602,165.60972121737095,315.7554077364028,284.062702758212,924.3950508434192,-71.43673825568494,995.8317890991042,2114.4611731077584,S1,3,309578,309833
-13.326375587111635,13.328833698409934,14.23579697752155,5.006558628084445,0.3146382461825777,-22.63530330030608,22.94994154648866,224.5850168300489,-8.796683178098426,18.35531207981456,25.244538248475067,23.662313421195332,79.18469361147623,-56.25440468181257,135.4390982932888,446.9763307435339,S1,3,309706,309961
-4.922897582967742,8.007221713055232,9.536357752754991,8.167447494544462,14.557174006639608,-21.572326083903608,36.12950009054322,259.51722600463046,-38.88743708515773,39.37406092657541,43.70738202632213,19.952505620667452,8.710892571284774,-66.95951985500966,75.67041242629443,394.41469656856725,S1,3,309834,310089
-8.708270857448667,12.830200936679457,14.032382287904422,11.003352732108699,28.265842136198533,-22.02489921912012,50.29074135531865,235.04818138983313,-54.76028282286964,58.61983860773251,60.514897877297216,25.7558593383921,31.312052199538925,-83.8307633218224,115.14281552136133,489.1415809567834,S1,2,310354,310609
-19.602742560642504,19.602742560642504,20.637197414194194,6.451852541216238,-6.692526485859142,-41.76462252234772,35.07209603648858,263.4614980714235,73.62258121177595,132.78906124535337,247.90241968102535,236.7178177058556,837.5660963884096,-66.67573685431611,904.2418332427258,1950.6328289487697,S1,3,310617,310872
-21.06185990565475,21.06185990565475,21.96940484625961,6.249224480959874,-7.85492062494465,-34.09708780294403,26.24216717799938,245.803985672989,-48.6131637101791,52.70144853671105,56.51438014927687,28.82074734881636,48.99165957790266,-85.58528630697425,134.57694588487692,374.4253552521307,S1,3,310745,311000
-22.149716910910037,22.149716910910037,22.690096245773226,4.922449431837611,-12.937204712614054,-34.09708780294403,21.159883090329977,234.2870028659808,-71.8313487168615,71.8313487168615,72.22684658683846,7.548159338232001,-57.87215713126591,-89.09139287871095,31.21923574744504,365.5644515216012,S1,3,310873,311128
56.94304516086507,61.739355915889575,66.66662097836083,34.668832695666325,88.83698695510643,-20.986439210272657,109.82342616537909,334.3897558704765,9.945198401014462,34.57211631891099,41.50264701920488,40.293457761343525,88.14695222824525,-70.94079606036078,159.08774828860604,513.2581128224544,S1,1,311148,311403
-10.304631464064595,10.541756356108236,11.865698303134506,5.882972599869816,5.4026361552153945,-29.642138423204084,35.04477457841948,259.47769357313325,74.81010812404199,118.52429766963363,238.51357360494004,226.47775280646948,819.8324307889924,-62.31562214048964,882.148052929482,1930.8573022778644,S1,3,311655,311910
-4.423899822388957,6.909129395707168,8.072726592284809,6.752630968389227,14.089839503270687,-16.910857556662464,31.000697059933152,241.93651784220293,-39.606923027296816,40.390633424433645,42.98726250784822,16.709170722344012,17.038312578151622,-62.31562214048964,79.35393471864126,399.8973976038429,S1,3,311783,312038
-4.161562137377254,6.7030167100588915,7.7357374911980425,6.520968878125017,14.089839503270687,-15.458939579088987,29.548779082359673,179.45461076315522,-30.735324387438855,31.164588844845696,34.78486946177617,16.28886055780804,10.437276148742958,-59.30576817782113,69.74304432656409,394.14621591283213,S1,3,311911,312166
