EOGh_mean,EOGh_mav,EOGh_rms,EOGh_std,EOGh_max,EOGh_min,EOGh_ptp,EOGh_wl,EOGv_mean,EOGv_mav,EOGv_rms,EOGv_std,EOGv_max,EOGv_min,EOGv_ptp,EOGv_wl,subject_id,label,start_idx,end_idx
81.58821580282313,89.7108580273557,95.6233049634051,49.87163015419023,117.7433665415928,-37.40714107430417,155.15050761589697,455.24938448971307,12.441017537210328,16.741140282389587,17.73133135623891,12.634128157635823,29.3904314537223,-17.85825681059578,47.248688264318076,360.0418926076887,S1,1,0,255
-36.772449010691574,36.772449010691574,38.44065203187546,11.201371451381249,-19.596652027339648,-67.99356874125971,48.396916713920064,352.5979860803093,145.6961158332821,196.2005735838764,356.18247701790534,325.0209205046738,985.0746554515046,-62.041793530969315,1047.116448982474,2321.4179681537544,S1,3,509,764
-37.416240348099535,37.416240348099535,38.79200817661052,10.23937774415349,-23.058698966219723,-67.99356874125971,44.934869775039985,303.08008320040994,95.63037404597586,180.60487367045155,332.98743688724244,318.9599734834482,985.0746554515046,-87.87804944779309,1072.9527048992977,1425.1945122719403,S1,3,637,892
-29.183758773627165,29.183758773627165,29.596215925652853,4.923842093386704,-17.220122620352512,-38.69896656482639,21.47884394447388,232.96910123977003,-74.85652280090255,74.85652280090255,76.9568662987475,17.856658833086723,-37.46911393672261,-102.54844061933926,65.07932668261665,428.1339156106122,S1,3,765,1020
9.50918322110576,27.573589796389932,42.39607486495866,41.31588796604304,102.49517233994466,-26.458775126701582,128.95394746664624,373.4231135422726,-29.091569364678495,50.67808751034697,67.9851649989921,61.44642586709401,123.40288667272253,-155.46632406477391,278.8692107374965,645.6340362370754,S1,2,1303,1558
-15.843768836822674,18.662677555118172,22.36162417281325,15.780279613855788,22.056382645558006,-56.14519155762186,78.20157420317986,320.86227692018844,183.9237222223263,214.2040457671519,394.0698063812329,348.5155329468501,1039.4179969215104,-49.85242230579103,1089.2704192273013,2338.3535919233195,S1,3,1567,1822
13.991836925925806,22.641085647156455,26.716996121654198,22.760192907855252,58.638918011655484,-26.38121669526735,85.02013470692283,257.95011051759457,-27.933831881800597,43.37345152903543,48.28292363541192,39.381997805879784,179.12842174720285,-57.18684909909195,236.3152708462948,653.264718411563,S1,3,1695,1950
37.37312261493616,37.37312261493616,38.34953222174346,8.598623589591968,58.638918011655484,18.359284122994648,40.27963388866084,224.20731004228048,-47.14623614318769,47.14623614318769,47.69002136436682,7.18126418289606,-27.092299886209016,-63.78477666388756,36.69247677767855,459.7265762946899,S1,3,1823,2078
-113.64782053023512,124.8216038574981,130.50064783996285,64.14508535638147,43.25063359359541,-156.15233032530585,199.40296391890126,491.55639735604404,-42.38655371493999,42.38655371493999,43.071481090343035,7.650656670265917,-20.275930147421537,-58.1263129571107,37.850382809689165,322.27453520319125,S1,1,2097,2352
21.965431854468235,22.127125591121295,23.889491504006518,9.39295522009509,41.364115061096285,-5.756596585779371,47.120711646875655,343.53301191184653,223.30926233498022,268.2341361951378,463.0138453406886,405.6042336226017,1070.9121754170637,-58.402885789045754,1129.3150612061095,2412.6609169097346,S1,3,2606,2861
17.414297112900528,17.575990849553584,18.67093067737202,6.733937067040054,30.050855842895075,-5.756596585779371,35.807452428674445,319.74928449698666,188.90985138185724,270.7813832314159,457.9756404905652,417.1987000622461,1070.9121754170637,-86.3891949473723,1157.301370364436,1692.437250432898,S1,3,2734,2989
22.601903372752822,22.601903372752822,23.3266359140127,5.769393988423037,33.9654318745287,9.273803738658332,24.691628135870367,281.03203711033217,-68.39494740957639,68.39494740957639,68.78425887869835,7.30790245782414,-49.088800962822916,-86.3891949473723,37.30039398454939,321.17065378066854,S1,3,2862,3117
-24.37099661256964,34.939965943675446,35.62510848208271,25.984666218181076,41.10227093039774,-54.24460402894841,95.34687495934614,380.9604926177451,-149.33606023319854,150.98350035926265,158.4853917423386,53.069393342575694,54.41499481067121,-191.29089320659787,245.70588801726907,730.9098617595617,S1,1,3136,3391
61.57508403926501,61.57508403926501,62.10345533532685,8.083822743256244,78.58793046569883,34.47876137879929,44.10916908689954,258.2788644039676,110.58555893185259,151.32084644909267,304.41676165378743,283.620166651648,970.8448522027413,-64.00007457089411,1034.8449267736355,2261.6651671980558,S1,3,3644,3899
66.75882778864883,66.75882778864883,67.03686922261532,6.099241547566176,78.58793046569883,43.346831861510566,35.24109860418827,277.9179683454714,-11.710411090549915,86.00799277759303,138.91799656321277,138.42353860968564,716.5944725331591,-84.5463636591152,801.1408361922743,1074.6062781988087,S1,3,3772,4027
70.41360272225401,70.41360272225401,70.61081275182354,5.273654249727658,82.46279733327682,55.06275433792245,27.400042995354376,281.4810348610596,-69.94722538994196,69.94722538994196,70.22084774614163,6.192989458691293,-56.555220751796405,-87.52179481299316,30.96657406119676,465.04867587105923,S1,3,3900,4155
-254.38766673454307,273.9726165719454,292.6946628320171,144.7656059418232,70.22080279928652,-345.43980067457863,415.66060347386514,670.6423647370013,-58.87244909891147,58.87244909891147,59.64679967763605,9.579950358959204,-29.185928262448268,-78.49353121081478,49.30760294836651,321.0014173833761,S1,1,4174,4429
-11.049987486484966,101.05535689149833,143.5426697230141,143.11672092302433,69.17726277862504,-347.7642201178398,416.94148289646483,693.0404530314779,-62.47419610522556,62.47419610522556,63.91931573564387,13.514945250305257,-18.063055985411793,-85.7503297946509,67.6872738092391,445.37329253548734,S1,2,4439,4694
29.273655908752556,29.273655908752556,31.46298842889028,11.531379388973383,52.75060712627456,4.380028607158184,48.37057851911638,278.7154628003774,345.5553096149087,402.3597768253778,573.1935476749238,457.3208622981349,1021.4758888381168,-81.03759802785429,1102.5134868659711,2309.9043977678753,S1,3,4703,4958
12.913331504177652,13.887351393180829,16.027012483000135,9.492681317386305,31.232875269057196,-7.660258650001387,38.893133919058585,271.2683552877285,-0.9602089176406707,133.2801110367774,209.18113387007477,209.1789300240457,919.982041952025,-112.7248956475088,1032.7069375995338,1208.4292846581225,S1,3,4831,5086
0.1987657980066957,7.972172600530272,9.650026075782625,9.647978825682992,16.375293427816892,-24.508545576828585,40.88383900464548,309.0828088581209,-94.1867597861079,94.1867597861079,94.71519092295617,9.99107964966968,-72.72708603443618,-112.8068050213538,40.07971898691761,395.3867601037414,S1,3,4959,5214
187.03199813114313,199.56691274586143,252.37355136942165,169.44450745269435,360.9589841484228,-28.74188098649816,389.70086513492095,1010.6763553416615,-146.72855369922854,148.2740081296693,161.34342656815542,67.10017008984671,59.63795376884577,-223.31877550051036,282.9567292693561,731.3075071807795,S1,1,5217,5472
-23.169227950776886,23.169227950776886,24.013106066583994,6.310003100629355,-8.406801619103474,-44.49781593060333,36.091014311499855,292.7672927645316,114.90933841628433,184.33576082016089,329.8342461421455,309.1706225903252,916.6753105200147,-69.01955039464286,985.6948609146575,2240.09637819815,S1,3,5727,5982
-11.861345880858012,17.99840715439708,20.013374831112635,16.119666436538488,17.92620655495219,-44.49781593060333,62.424022485555525,307.2468704116252,103.2264152606858,190.43627329382534,330.6396658303477,314.1128711352536,916.6753105200147,-77.94835876316903,994.6236692831837,1820.4665616154332,S1,3,5855,6110
10.017211392814767,16.95534180122808,18.53543964690863,15.595448015874839,32.32649888872739,-27.830209667698266,60.156708556425656,276.5329303903502,-67.2070843730728,67.2070843730728,67.47180645717981,5.970969491280821,-51.31746687177239,-80.90643705289094,29.588970181118547,389.42970889339125,S1,3,5983,6238
-182.9226634545514,195.19148902363693,208.28816310777728,99.61555142398679,45.75882852623987,-246.76664018098487,292.5254687072247,609.9370167871887,56.78085933080366,81.37389554715801,82.3970746864264,59.709395663798325,117.78105581723062,-83.09386225351518,200.87491807074582,586.3814587903364,S1,1,6257,6512
109.02505969863529,109.02505969863529,109.52291542257794,10.430980796175001,139.81673055715012,92.69350449995497,47.123226057195154,242.3334959821545,183.54572216880038,267.63636445008575,426.1410752358738,384.5870303022714,988.3976357356775,-93.54540287925094,1081.9430386149284,2410.3451046538657,S1,3,6765,7020
111.83378326344916,111.83378326344916,112.14474065261102,8.3455243708988,139.81673055715012,96.71555260445527,43.101177952694854,312.69969620483704,172.30645938044492,277.6652474196749,427.8705150169112,391.64226237296185,988.3976357356775,-98.93360437202396,1087.3312401077014,2211.2227134922664,S1,3,6893,7148
104.61692294689578,104.61692294689578,104.81840083194507,6.495889938228191,121.94077278888933,92.67522346329912,29.265549325590214,294.7544180961436,-85.47977111446556,85.47977111446556,85.70716536672445,6.239144606244542,-71.39275540199604,-98.93360437202396,27.540848970027923,368.1188257129354,S1,3,7021,7276
-167.59852276897382,202.22204519456443,210.50074512768686,127.36286297413834,104.03929245443015,-245.75856748654243,349.79785994097256,613.9576496763873,-110.72596586844855,110.72596586844855,113.28661921443431,23.950335603815788,-65.65290849277923,-141.44402173253857,75.79111323975934,316.9976701552546,S1,1,7295,7550
-10.640310110411622,98.45595773472776,124.78987823277885,124.33542339215339,72.60726693834486,-257.051165973501,329.65843291184586,651.7965211614148,-84.74646181311422,84.74646181311422,87.76424003456759,22.816639520393235,-34.398583479242795,-134.44679472265378,100.04821124341098,458.9613327802014,S1,2,7561,7816
46.30455900163616,46.30455900163616,47.44034290549098,10.318621548179966,62.18782923145551,17.213021554938827,44.97480767651668,279.9877907748984,210.6481143575087,299.35140823551166,475.03048868280507,425.7714611101248,1063.9883638142003,-90.92584915265913,1154.9142129668594,2423.4097953998253,S1,3,7825,8080
35.08116598398644,35.08116598398644,35.91289985492073,7.684280655569449,52.18982757446188,17.213021554938827,34.97680601952305,305.5417528836434,175.80610194174335,276.2719231288655,456.9827969873933,421.81215162969215,1063.9883638142003,-86.4388768555632,1150.4272406697635,1590.192075617118,S1,3,7953,8208
-64.82675814579085,69.02608684215824,75.28220264809586,38.27403119421983,18.961589580203952,-95.08975093176373,114.05134051196768,352.28758800577464,27.096834055334728,54.154422043668944,56.30767172575636,49.35904658067448,91.60489173344651,-78.06601538779215,169.67090712123866,613.2990861303351,S1,1,8335,8590
29.277393444521312,53.15960802103095,54.056305180715725,45.441372810307726,63.99039620762985,-74.18616646964159,138.17656267727145,468.6074718139389,-40.2557838008306,55.87474070414979,57.702948582217914,41.34128863089381,49.71686633977493,-81.92003660954668,131.6369029493216,453.121102978511,S1,2,8600,8855
64.2771152723977,64.2771152723977,64.48756488477544,5.205619754363667,76.60911942473865,54.53776036822866,22.07135905650999,255.63722022949509,106.76002509624763,209.05183575361534,365.4876170169605,349.54755790047363,983.2818326632328,-89.01636313673579,1072.2981957999687,1620.5914247716305,S1,3,8864,9119
64.81536852443182,64.81536852443182,65.12660949190334,6.359502099454589,77.15131154738172,48.1031896986251,29.048121848756622,284.9060452509391,149.49389040597262,227.76983973980418,381.29231086506746,350.76402759705894,983.2818326632328,-87.17525306146018,1070.457085724693,2350.751397486435,S1,3,8992,9247
-151.97929600339933,173.99096618205982,184.99289759159606,105.4735310191418,67.78620965176911,-247.32361751011342,315.10982716188255,617.02269760428,-107.41064122906313,107.41064122906313,108.66000547505055,16.43018382731917,-73.80507803671858,-136.44333349566026,62.63825545894167,465.16117317153186,S1,1,9373,9628
-9.62504672893251,58.0360903465485,90.72583448663458,90.2138321919764,40.96685512410926,-245.30780145794077,286.27465658205006,522.665037764092,-30.76598529956577,34.08370232141929,42.169313014343665,28.83929799160509,24.726936120089043,-97.17340412328853,121.90034024337757,404.7171452690882,S1,2,9637,9892
38.45462800961491,38.45462800961491,39.16880318911639,7.445584457238722,60.775682765499205,23.549938054499904,37.2257447109993,326.16722347989355,156.52159642844654,203.74017847832087,367.89174608820355,332.9344180034827,971.1389397347974,-61.03637974977202,1032.1753194845694,2185.128979758148,S1,3,9901,10156
25.467763230131215,25.467763230131215,27.19340689781242,9.532807286626976,48.7822014318535,7.719802091100487,41.06239934075302,261.80864554270545,100.97229350141131,140.97374688916153,300.2062005309601,282.71603913166985,971.1389397347974,-40.147671663201656,1011.2866113979991,1212.728447402022,S1,3,10029,10284
4.857740871748491,8.553372512650194,10.271335105783676,9.050009860671333,24.542987017476246,-13.336176926560595,37.87916394403684,235.14989844278318,-54.57446495072938,58.98542071655072,70.24366820947648,44.22443554037325,18.67329568972775,-116.15181872507027,134.825114414798,483.457219391986,S1,1,10411,10666
-0.950659126341632,4.7882986709861495,5.757265202616763,5.678234746711798,9.202551976117366,-13.057792381240201,22.260344357357567,210.05258473702648,-58.20443703055655,61.58118314250861,68.8278973411722,36.73585390817692,44.28129479639275,-125.40028589247696,169.6815806888697,581.386127233298,S1,2,10675,10930
15.867121272393899,17.22202104535725,20.2716447228438,12.616419551376133,36.99609379351136,-11.783390577477972,48.77948437098934,276.9968898550608,132.47447647181784,233.4783013990188,390.93302527216133,367.80313121554866,1018.65090415615,-98.77706849411655,1117.4279726502666,2423.741925707503,S1,3,10939,11194
29.80570023833466,29.95812370507415,32.34832908097108,12.571182427812293,57.91433386619665,-4.387465696056038,62.30179956225269,340.75689604448905,36.86168634646198,187.5175600367628,312.61835812843293,310.43752015278733,1018.65090415615,-117.4593486370749,1136.1102527932248,1361.4112976934723,S1,3,11067,11322
47.04790917098367,47.04790917098367,48.6812808677107,12.5044531891565,68.8742680384123,20.22841338619014,48.645854652222155,310.7729073835103,-106.8587557087845,106.8587557087845,107.01786225793637,5.833452719355644,-91.05238562910236,-119.6327438609598,28.580358231857446,349.79175832765844,S1,3,11195,11450
-26.929931039869338,33.995154955199915,52.051748917638406,44.54394885472946,27.579128665861372,-109.14678696111868,136.72591562698005,416.98865873894624,-67.05331222660888,103.6081258173879,109.08264874665919,86.03997662149806,80.86834701925396,-143.70734755760935,224.57569457686333,595.4836180513406,S1,2,11712,11967
-37.90240607778633,37.90240607778633,38.838861449249734,8.477309254038268,-15.468545852271328,-55.97796690726691,40.509421054995585,295.1641691832035,197.75095288785923,317.167195733586,473.58298484619223,430.3201182466054,1021.6390820666952,-141.2702604681432,1162.9093425348383,2468.3063642207208,S1,3,11976,12231
-56.37278681975274,56.37278681975274,58.086623700407614,14.005883017056338,-30.975319327188995,-80.7847273534872,49.8094080262982,285.9882702373426,-19.7692657914143,138.6055875367459,205.8230549468093,204.8714379256066,891.2198725041967,-112.86097817965532,1004.0808506838521,1321.2096785430165,S1,3,12104,12359
-74.30581973754414,74.30581973754414,74.72312836898864,7.886131268242464,-56.524820345737005,-95.68407023955913,39.15924989382213,277.495508465733,-103.13157485737733,103.13157485737733,103.43151107425055,7.871197528965393,-85.82783750601293,-118.13911166610285,32.31127416008992,360.1565223615132,S1,3,12232,12487
221.11806051231,249.7516007834778,262.2782655752999,141.05563408975172,303.54925843297417,-104.39134333634328,407.9406017693175,725.4945069062583,-30.07974114564737,33.86606791724433,48.73790651908155,38.348307713295256,19.87332735483216,-119.53638463786056,139.40971199269273,477.6581574582155,S1,1,12506,12761
-7.677801493342962,122.27292946846177,148.11766346629975,147.91853702273033,306.3236559996256,-106.13325191939893,412.4569079190245,698.8781477398106,-22.420187667295174,108.8843215471345,137.35846169483045,135.51635393609683,389.79004994600274,-134.05646173952613,523.8465116855289,1106.3647443164316,S1,2,12770,13025
-108.42748495837174,108.42748495837174,108.84896158954241,9.569584354806171,-92.92083102940738,-129.49310805428902,36.57227702488164,294.8237950587502,165.19063059874458,305.7689416850576,435.3947978468001,402.84076947901514,962.6093170864737,-142.58876083240196,1105.1980779188757,2337.495201350367,S1,3,13137,13392
-104.26442521594717,104.26442521594717,104.43108248955934,5.897510010954644,-92.92083102940738,-122.85589810861597,29.935067079208594,250.62085275217453,-45.033048799026545,136.1365209075291,173.52951204415766,167.58435507572878,649.9529670544997,-128.078514427012,778.0314814815117,1061.0096969887513,S1,3,13265,13520
-98.71278545628073,98.71278545628073,98.99277141263289,7.440079261411075,-81.78173820750462,-110.27727499846745,28.49553679096283,193.36544675204942,-100.05537293001652,100.05537293001652,100.28963315548967,6.850756622301945,-83.63826704846136,-112.88983975935754,29.251572710896184,466.4887358080921,S1,3,13393,13648
217.0881614132592,244.5053865692214,256.6746876826553,136.94752816754067,299.4623661811985,-94.42885833680421,393.8912245180027,643.3751552047363,5.636391686571685,37.958887546962146,50.00634426739932,49.68768012038001,83.8512293310718,-106.7952140729159,190.6464434039877,459.23988313246576,S1,1,13667,13922
-1.641472613378363,13.811651591354709,15.213118911868932,15.124303444661276,27.7674520762958,-23.835512156064112,51.60296423235991,275.56766251977655,251.65558822426607,349.6899100728741,502.0988299936165,434.4798038993956,980.0787088206796,-105.96027095074912,1086.0389797714288,2422.413234448599,S1,3,14175,14430
20.92168955836418,25.813346123941066,28.373084050463866,19.165458631562203,51.5024911389957,-22.40141740270381,73.90390854169951,238.14373875271042,62.15139725782015,221.07914573862925,346.21068321546437,340.5863194425449,977.5240347029096,-120.51363968597826,1098.0376743888878,1369.981381539305,S1,3,14303,14558
41.4686052296494,41.4686052296494,42.67375864202254,10.06997800122168,64.20026996006793,14.118965080845715,50.081304879222216,241.2485862363552,-106.38745463093905,106.38745463093905,106.87459695340087,10.192593933919182,-80.4061759860747,-125.59493798042358,45.18876199434888,319.5613021658081,S1,3,14431,14686
-231.63755189652036,255.2411921134047,273.28559476029943,145.01400227177183,72.1837461444883,-324.32507977628234,396.5088259207706,630.3370878483606,-123.85811465520895,123.85811465520895,125.84105010182243,22.251681392346367,-82.17013399998217,-158.19878587543093,76.02865187544876,349.3453830844366,S1,1,14705,14960
41.626741502543574,41.626741502543574,42.78080768428267,9.869746602623373,58.1494371859698,23.09612644762311,35.053310738346696,238.0325404038693,176.67470227596684,187.44633475174172,314.0013574890625,259.58216826406334,820.2288422458934,-34.310244730859495,854.5390869767529,1820.615473972029,S1,3,15214,15469
22.207781385631698,22.207781385631698,26.087522292769524,13.68843545858098,49.57465057142205,0.3603986897604533,49.214251881661596,231.66783016799945,174.4385707785176,178.02034198564493,310.64332341618984,257.04174643003734,820.2288422458934,-11.71870552762556,831.9475477735189,1409.8321378815294,S1,3,15342,15597
3.543011074309941,8.332386477179622,10.954811184093034,10.366048456690086,26.825122751077263,-16.787401057998363,43.612523809075626,232.4698860632587,6.666487049853323,10.387528935169556,12.760058110178633,10.880121019054588,40.035415281917956,-11.71870552762556,51.754120809543515,394.7395482122046,S1,3,15470,15725
124.73508375205094,130.69959253999255,144.85741677595345,73.65344578749266,180.0352186689045,-22.042782601335045,202.07800127023953,470.09306812670656,-83.71873628714843,88.74259501986847,99.3350355186891,53.466087157955734,21.835970910796274,-142.46907882644877,164.30504973724504,468.64393652437764,S1,1,15744,15999
7.249409767862481,50.244703089458135,74.3478546521767,73.99357775779471,184.92583991717356,-41.82390195135929,226.74974186853285,439.7248069410622,24.38140860967879,64.19170975929404,70.64712740696068,66.30658734291198,93.3315819769533,-134.95232949383168,228.28391147078497,551.370069238988,S1,2,16008,16263
-33.45855709689276,33.45855709689276,34.16202145345005,6.897004188772724,-21.23242553443011,-45.360381473297785,24.127955938867675,203.96071390524878,36.17393622926427,36.17393622926427,38.07659087894621,11.88583655632921,64.79455804883774,16.909467049729063,47.885090999108684,277.434945347877,S1,2,16136,16391
-34.12372787521892,34.12372787521892,34.808918719804964,6.8725554446650765,-18.138014949646355,-45.360381473297785,27.22236652365143,179.61588473825927,18.83296482566931,19.294715099287917,21.898219620166355,11.173694930869605,35.32027226760768,-5.9268417248416725,41.24711399244935,268.72352167217537,S1,2,16264,16519
-35.67317401304102,35.67317401304102,36.53319820418073,7.880306266970145,-18.138014949646355,-51.8473830535849,33.709368103938544,196.05985967684387,0.8185578590358693,10.589991158367637,12.657867246799677,12.631372303475764,33.80245373373713,-18.468638048000226,52.271091781737354,279.3696562056139,S1,2,16392,16647
-38.91271210150408,38.91271210150408,39.25805007252941,5.195703263532706,-26.1779309299486,-51.8473830535849,25.669452123636297,242.4674853930647,-14.633450986170882,14.869909683886867,16.489384750272762,7.60012642512362,8.841744520500676,-27.398281450152105,36.24002597065278,265.23391025691615,S1,2,16520,16775
-32.461293279192105,32.461293279192105,33.225648964295814,7.0857736162601945,-10.53736002860867,-49.211467227650246,38.67410719904157,255.15386886370857,-5.862092853779458,16.385654123173957,18.325864381937237,17.36298282896184,28.238627491978807,-27.398281450152105,55.636908942130916,225.90513292110558,S1,2,16648,16903
-22.355057040553916,22.355057040553916,23.92433572654671,8.522045803097988,-5.618793251747524,-42.118738512711026,36.4999452609635,233.64313359891997,4.394866903498469,9.723746462429839,12.24735319449909,11.431658023722578,28.238627491978807,-12.802810574818674,41.04143806679748,253.21448741735134,S1,2,16776,17031
-16.931711069954247,16.931711069954247,18.042711657760687,6.233506574046591,-0.2839482945379125,-32.8368143426422,32.552866048104285,240.24309160774575,4.95004269212259,8.735866115693343,9.87796034033031,8.548168097978783,22.4062502029125,-11.859364962223212,34.26561516513571,246.26062446186663,S1,2,16904,17159
-8.107141723050002,11.526488790345267,14.839522903720592,12.429227373108507,21.598653034604492,-32.8368143426422,54.435467377246695,279.7479190709313,2.883290059214859,8.859429383459819,9.925204086219175,9.497174031654604,17.27379651953127,-17.199455309737925,34.473251829269195,269.3995426249922,S1,2,17032,17287
5.5092968658668795,7.205003014527429,9.217141019782826,7.389407054853087,24.41605870772031,-11.660002877152392,36.076061584872704,286.95493848065985,2.3474911845172097,7.886339552233259,8.995378007497413,8.683669192016824,16.61501059454768,-17.199455309737925,33.814465904285605,315.1380617247199,S1,2,17160,17415
9.970483839424222,9.970483839424222,11.12403615125021,4.932913165878964,24.41605870772031,1.0472980412452293,23.36876066647508,234.48276744695872,2.692249980278633,7.457462552607392,8.698175367949613,8.271036499453686,16.61501059454768,-16.552783651913447,33.16779424646113,335.46311211062914,S1,2,17288,17543
12.183394151276445,12.183394151276445,12.96770749973495,4.441434988078181,24.907342656805476,2.4585003498352593,22.448842306970217,215.47958801278983,-5.6518793076320035,7.239554249179644,8.285902311794146,6.05907892443701,14.703529990570477,-16.552783651913447,31.256313642483924,306.9403769214599,S1,2,17416,17671
9.333714222681214,9.681093832795518,11.32289238818684,6.410122529544809,24.907342656805476,-3.9191154056583697,28.826458062463846,226.36438108259384,-13.582348594333746,13.602279008353273,15.54343662462229,7.557660270589679,1.6796081434659966,-31.25922553341298,32.93883367687898,246.58677867270086,S1,2,17544,17799
7.440769239802945,7.989548349771568,9.671212005608151,6.177968499225415,19.946477333488,-5.707635859725912,25.654113193213913,224.18229819149576,-29.517737458753093,29.517737458753093,32.48596560997544,13.566176208815477,-6.799326580646411,-55.21617796769228,48.416851387045874,257.84269002081675,S1,2,17672,17927
22.79251532299226,23.51929688816226,25.249587276176705,10.864755076320304,40.28859102436139,-7.717404917518711,48.0059959418801,289.8508766181979,114.93507887757134,156.38033323655543,292.3898693279548,268.8526796017197,891.8011327696335,-61.81655211870938,953.6176848883429,2087.4544154671057,S1,3,17951,18206
22.62173542484613,23.34851699001613,25.189029235070965,11.079001767917608,40.28859102436139,-7.717404917518711,48.0059959418801,294.8698963107704,91.25532818835424,180.06008392577255,296.71738989236485,282.33610208716385,891.8011327696335,-96.14162192366213,987.9427546932956,2124.5198884381266,S1,3,18079,18334
28.816043618874428,28.816043618874428,29.884609236317438,7.919943141368878,55.39875590206241,10.194613523500903,45.20414237856151,271.0167720404818,-82.90647350974285,82.90647350974285,84.57059742837758,16.69438826585188,-18.48961164058248,-104.78475329235025,86.29514165176776,486.97369693333815,S1,3,18207,18462
-5.150093574415315,63.937043836556036,82.85977435226171,82.69956917591828,53.29448817399091,-180.7419614017965,234.0364495757874,459.27812668311606,-76.51439373533204,76.66465648927903,87.9572089115087,43.38223312391109,2.1739164628494643,-117.63229016239642,119.80620662524588,410.0550179442349,S1,2,18747,19002
35.37804810033406,35.37804810033406,36.28096055929969,8.04374363812704,58.65033080569678,18.836295708177435,39.81403509751935,284.88251344917785,242.93851915719551,335.43748352854703,458.1781860676679,388.46895126633666,866.1903449422567,-114.04262803884751,980.2329729811042,1987.0576323023104,S1,3,19011,19266
34.34212631822889,34.34212631822889,35.33894702536674,8.334238825740897,58.65033080569678,18.689882628157644,39.960448177539135,238.30778687289978,252.91053850934867,320.0284271035709,455.19295740022363,378.4664951850732,866.1903449422567,-82.39630384779936,948.5866487900561,1700.255786628334,S1,3,19139,19394
35.49006029228731,35.49006029228731,35.9281091452553,5.593268025330934,48.395469798844516,18.689882628157644,29.705587170686872,237.48549412737233,-69.0828989476546,69.0828989476546,69.64312665044002,8.815790528215496,-34.037657198192576,-84.04863853695423,50.01098133876165,392.1837661244298,S1,3,19267,19522
-6.61171941640428,25.84704546481941,27.139827035850804,26.322146149101155,42.219930788090906,-37.75721120528509,79.977141993376,294.48170423952126,-83.39849876866208,83.39849876866208,85.98165125344494,20.917331459880376,-13.869705816955948,-103.85227915031619,89.98257333336025,395.7956122377294,S1,1,19541,19796
-4.004583887565406,6.849648793793309,7.848842785692332,6.750380801256038,10.086832203118526,-20.26396263164841,30.350794834766937,271.4488404827173,111.91565636509071,135.75485458709358,269.12017566473946,244.74589845427676,896.6348324232779,-44.87386488354478,941.5086973068227,1983.6272070528435,S1,3,20049,20304
-9.124795820389604,9.124795820389604,9.736524045444773,3.396763418862823,-1.4452214537632753,-20.26396263164841,18.818741177885137,262.8129893195385,-19.20372562921824,31.78361717260598,33.48617657734436,27.432479722525862,59.94564732800841,-44.87386488354478,104.81951221155319,321.52452986133574,S1,3,20177,20432
-11.457763949198915,11.457763949198915,12.274375646567133,4.402265643674632,-1.4452214537632753,-23.0941190047599,21.648897550996626,278.6053964308954,-36.81654477907365,36.81654477907365,37.96981979212697,9.287047193648869,-12.00299988026497,-57.836687913017116,45.83368803275215,273.27728281300597,S1,3,20305,20560
6.236862160920845,16.263225605636357,17.280233731973784,16.115459292782145,32.821216900805524,-27.793944087561382,60.61516098836691,293.20872762976046,-80.17294667393857,80.17294667393857,82.13211800824159,17.83208989820109,-35.785179848907,-99.01945065052362,63.234270801616624,418.5711003585368,S1,1,20579,20834
-36.33938157932405,36.76280372677915,38.81319797396274,13.635016809608612,11.811376622644456,-49.19809375121588,61.00947037386034,250.81756701030372,-30.097016104442254,30.128011641084885,35.06948475805856,18.00106615744316,1.9668024649070734,-89.98874287301805,91.95554533792513,387.4988566410174,S1,2,20843,21098
-45.12330058721206,45.12330058721206,45.835932746254485,8.051116371986732,-32.20531431056611,-70.43624414837304,38.230929837806926,223.76953353872534,149.4816239133425,195.30052643598128,306.6226071302115,267.71751402468624,855.100540982162,-62.9174188091283,918.0179597912903,2342.4240430445298,S1,3,21107,21362
-48.88537963781117,48.88537963781117,49.934009302100215,10.179633718818579,-32.20531431056611,-70.43624414837304,38.230929837806926,222.40702299243617,129.87503355619836,209.3827661498556,309.3448187132437,280.76091701571636,855.100540982162,-94.58415057284006,949.684691555002,2117.946925044337,S1,3,21235,21490
187.47413007926326,217.09927635929006,235.88573437601818,143.16260067886756,317.3525398735962,-79.6044664543443,396.95700632794046,600.1136750914982,50.67607594414833,89.55623437541013,93.64397368175375,78.74724842057593,133.52309775861568,-98.08182780458952,231.6049255632052,672.0344383145087,S1,1,21617,21872
28.357985532904884,110.36667490791544,151.49516817340188,148.81737343604365,312.1908053254278,-66.54988596246854,378.7406912878963,568.70868865754,-1.3266307342913066,59.55814929102411,67.94757111693669,67.93461909502403,120.89329182308494,-82.31965780090633,203.21294962399128,454.0237829108701,S1,2,21881,22136
-36.34802826484632,36.34802826484632,38.67986188387239,13.22696324230839,-8.844717086891896,-57.617860428663484,48.773143341771586,315.0874557259214,110.75167381727097,239.8811471878775,384.72260206469235,368.43662587492634,1006.326281596162,-122.10314729746472,1128.4294288936267,2474.550257127922,S1,3,22145,22400
-23.443851296561576,23.443851296561576,25.773520290843475,10.707949596782225,-6.6302162524861625,-57.617860428663484,50.98764417617732,353.99220006623995,92.50330170041184,258.1295193047366,389.9966121122091,378.86738660581943,1006.326281596162,-149.4025492317975,1155.7288308279594,2484.1486074796976,S1,3,22273,22528
-56.67803019240063,56.67803019240063,62.62916177036184,26.64606532994086,-6.624148335780271,-95.34209126659667,88.71794293081639,359.1021589188682,-131.43467471825159,131.43467471825159,132.5203221375174,16.928144054762498,-94.80016533467739,-158.3225101958825,63.52234486120511,434.14410896018535,S1,1,22655,22910
-34.027152836895084,34.027152836895084,34.51007505036251,5.753099147088965,-23.6472240375562,-49.665607725642644,26.018383688086445,241.0954383612858,-99.07342533878003,99.07342533878003,99.82850007854192,12.255032418260795,-77.24577138638645,-125.53674091968354,48.29096953329709,318.4041855601063,S1,2,22919,23174
-48.490520513718664,48.490520513718664,50.48229929164202,14.04036901507755,-22.88503951204085,-83.354133782961,60.46909427092015,290.89888231812813,398.4745462055547,485.77094127099315,636.4138839754187,496.22642789653486,1030.273427546631,-136.1823630879643,1166.4557906345954,2398.3599577018826,S1,3,23182,23437
-56.38787761666763,56.38787761666763,57.622597650138495,11.864696280877142,-26.589696724420676,-83.354133782961,56.764437058540324,286.87927336827386,211.93652567516557,367.3047626393575,530.051890516366,485.8373346344572,1030.273427546631,-141.55554115062276,1171.8289686972537,1484.4340508847683,S1,3,23310,23565
216.3019851168879,244.75022572092135,283.5195012595235,183.29418656613902,369.12801164556976,-50.553210307788355,419.6812219533581,647.3933440025946,-59.60929938670195,59.60929938670195,64.60142976950908,24.901328376039444,-11.477311961365984,-101.95543870994906,90.47812674858308,395.4689196479178,S1,1,23692,23947
38.67300544356657,95.56197959703394,156.49596122010655,151.6422913575463,371.68313146546814,-54.54174199830961,426.2248734637777,658.8496471668442,-58.08166243110339,58.08166243110339,59.25906575225021,11.754036033161848,-36.24039162844669,-75.9378157302568,39.697424101810114,278.2323808529789,S1,2,23956,24211
-45.290784084508644,45.290784084508644,47.24775468392983,13.45716165033443,-18.047516172596254,-78.75688467732492,60.709368504728666,290.9647969249909,199.07454597337235,283.93159965816244,459.53550400904,414.1765379525234,1018.20769844542,-97.2965280051554,1115.5042264505753,2458.93812910286,S1,3,24220,24475
-30.78565795073991,30.78565795073991,36.3667191800418,19.359274998306738,-7.839141635098327,-78.75688467732492,70.91774304222659,280.08282429119026,182.30482837525975,298.3230051760369,461.81997130765404,424.3143120961978,1018.20769844542,-100.73284326056348,1118.9405417059834,2239.205431131545,S1,3,24348,24603
-16.004804636462524,16.057265223871212,16.99072876848075,5.7036034778679285,2.347616061386537,-29.094476206559275,31.44209226794581,248.21577610896995,-80.8504624812363,80.8504624812363,81.69226361034313,11.697377926355697,-54.289699186836856,-100.73284326056348,46.44314407372663,291.5282556260729,S1,3,24476,24731
-8.599618591098249,11.296438682461002,12.641239652319152,9.265392600154806,11.810306493707282,-23.892423309987155,35.70272980369444,259.9764086303379,-94.66349180890111,94.66349180890111,95.33185376998969,11.268791495489284,-57.257991551164324,-111.77435971098012,54.5163681598158,309.1209871644592,S1,2,24994,25249
-8.864063720059523,11.557766209051978,14.908036466811778,11.986572723781988,10.466600420700587,-32.49398734707496,42.96058776777555,264.0403014292068,300.3663754321659,416.1916443130458,569.9817025552683,484.4163310186244,1030.7876660554011,-150.87250920075527,1181.6601752561564,2480.997179879322,S1,3,25259,25514
-7.127570928191419,10.045898621861099,13.935919498437233,11.975290599001077,10.466600420700587,-32.49398734707496,42.96058776777555,260.0208130616385,155.3383381477388,363.8022727059939,500.63847037203965,475.92948922918646,1030.7876660554011,-182.32579287984382,1213.113458935245,1481.4576279883577,S1,3,25387,25642
-4.976732399575562,5.771299349179751,7.193625765442253,5.194264748378687,7.450978378135647,-17.0959845647294,24.546962942865047,280.1206647103006,-167.27351638086853,167.27351638086853,167.3568979876756,5.282236423766986,-150.59392152584277,-182.32579287984382,31.731871354001044,361.56796678400144,S1,3,25515,25770
-1.1555435608250804,55.455091898094295,70.84883642552417,70.83941234884516,155.18074186483412,-60.77918213823751,215.95992400307162,434.9108289208476,18.862594703329734,125.64953322700634,180.5409922068734,179.55292364119342,633.1803440879706,-117.54593451756813,750.7262786055387,1742.2252147857612,S1,2,26035,26290
-46.60895908793937,46.60895908793937,48.85652904519964,14.648049804777127,-26.48701192455823,-78.40931574809271,51.92230382353448,270.9737726381841,175.96380205648722,317.2700396472122,462.4345075430423,427.6475349308136,953.5392334357755,-119.68749236761415,1073.2267258033896,1564.949544369694,S1,3,26299,26554
-52.12561096817532,52.12561096817532,54.16773598697033,14.733102292068745,-26.48701192455823,-79.00536045753468,52.51834853297645,297.0985300975763,203.70343141703145,348.3472572068332,478.01582243381677,432.4396357019151,953.5392334357755,-153.223583392848,1106.7628168286235,2325.524950109335,S1,3,26427,26682
-45.58573833691743,45.58573833691743,46.57496452368313,9.548182060499187,-31.03910356646043,-79.00536045753468,47.96625689107425,270.976009361377,-92.39536685036043,151.21221377052566,171.09551907398634,144.00268341869238,636.7001761148304,-153.223583392848,789.9237595076784,1064.0138334291128,S1,3,26555,26810
-15.451727918971155,15.473390160870085,16.914117436013743,6.879787275588644,1.5298356641378361,-32.22556535710836,33.75540102124619,298.5285214416418,-66.11422293223401,66.11422293223401,66.93799828968706,10.469247398787072,-41.364800651521875,-84.61125372089245,43.246453069370574,367.74417493573975,S1,2,27073,27328
-23.834131375271088,23.834131375271088,25.555811868919605,9.221372016458858,-7.842004106359484,-52.7094796460671,44.86747553970762,282.2809118366939,159.23055101563926,242.2747146968168,406.85265479427625,374.3991377345926,1029.6712597317864,-76.13462360604757,1105.805883337834,2361.6035118590216,S1,3,27337,27592
-22.83419821559323,22.83419821559323,24.834789827453736,9.765560794178622,-6.802802526420191,-52.7094796460671,45.906677119646915,268.0187916541728,154.47291406754903,247.03235164490704,407.70579323326734,377.3090678150306,1029.6712597317864,-96.75084465032214,1126.4221043821085,2347.5652767721085,S1,3,27465,27720
-10.378788787528883,11.236899016444978,13.414299570942699,8.49848082205627,6.683323562786731,-29.20351462532982,35.88683818811655,229.84409568570476,-85.36300529823131,85.36300529823131,86.21462018202638,12.087930326784797,-62.66352028277847,-105.46979933251005,42.80627904973158,288.7762943318338,S1,3,27593,27848
15.493516336414501,22.04551569835462,25.425808477798,20.159927784665342,41.98566617435492,-17.978315144486437,59.963981318841356,297.48808749271905,-81.41144289890946,81.41144289890946,82.92718472357245,15.78274156460514,-47.90061613459632,-106.12147947876487,58.22086334416855,318.39596981061766,S1,1,27867,28122
-20.639837769977582,22.500992734945555,28.136882520689277,19.1227941162393,11.132429020498908,-64.76485236897928,75.89728138947818,311.50680969241625,231.57070184783686,313.24364121255894,482.9757506752319,423.84028334504023,1048.6687501615907,-113.58260417657112,1162.2513543381617,2372.621836511529,S1,3,28374,28629
-23.1062140646377,23.210658350390297,27.923632969546297,15.679035359902457,2.641118317191095,-64.76485236897928,67.40597068617038,266.25535565064246,102.91888120854755,257.933447351013,412.4271701259829,399.3793616962541,1048.6687501615907,-119.66653072150568,1168.3352808830964,1485.1658281036277,S1,3,28502,28757
-11.445685777004872,11.550130062757468,12.6210469861757,5.31856222313165,2.641118317191095,-23.250059497083804,25.891177814274897,260.3435538434554,-110.04574594444632,110.04574594444632,110.20854862519658,5.988154106458387,-96.25907990948022,-124.83244620879142,28.573366299311203,414.05969816742567,S1,3,28630,28885
109.21256882682849,118.1062530432599,128.5241292382744,67.75740997634071,159.67500002772871,-29.876886430731734,189.55188645846044,443.3816640295803,-70.88235962379565,70.88235962379565,73.32234937291395,18.75787865742175,-47.21062189046452,-116.73890038481844,69.52827849435391,509.59085473501426,S1,1,28904,29159
-35.489994367314836,41.68406859803973,44.1790785749522,26.31066862585902,56.69592378895438,-63.67643965358307,120.37236344253745,321.0494313311733,-80.27713511273757,80.27713511273757,80.98381952922269,10.675233188693703,-54.09164102470675,-97.42486892258047,43.33322789787372,415.4254366594389,S1,2,29168,29423
-66.78708469502271,66.78708469502271,68.52977388806269,15.356276472142,-41.67681725452855,-97.60232912873607,55.92551187420752,311.3695191053033,295.8465716978875,366.82882361484366,495.960162073252,398.0594030773964,884.7904886188951,-91.7205446824974,976.5110333013924,2133.116245281088,S1,3,29433,29688
-72.4628125363172,72.4628125363172,73.39545979189822,11.66337504287234,-46.340108285878856,-97.60232912873607,51.26222084285722,296.33832402142923,255.4300192127696,341.8812609175097,478.48213638211456,404.59938225577736,884.7904886188951,-94.89433885571202,979.6848274746071,1457.674364661739,S1,3,29561,29816
68.52957071130835,87.78447507535721,91.45657059360241,60.564034235397244,114.86013284975809,-54.16130995276118,169.02144280251926,421.0434049962665,-133.77542233527123,133.77542233527123,137.09964551536785,30.00748539047115,-69.7078507771314,-163.4269258538856,93.7190750767542,436.8730476792984,S1,1,29943,30198
15.396163569161049,25.43232290758194,45.64440570983755,42.96940679083072,119.11302908720609,-26.67819446373887,145.79122355094495,388.40731913825005,-67.84181824121939,68.96323972902731,77.41048737888362,37.28097710577945,25.65264270575923,-151.91432519090625,177.5669678966655,553.171380637817,S1,2,30207,30462
18.181169574451005,19.91566559006307,22.198338582842958,12.736220347638124,36.79245322508702,-13.403802528123515,50.19625575321054,268.11679700738875,175.3495179457771,283.04364294709035,440.96705155515843,404.6041115874051,1000.2083911564853,-117.91936971364841,1118.1277608701337,2368.412241003475,S1,3,30471,30726
26.976989532323838,27.37441321882921,28.305371847608548,8.56948721944787,43.83194707180298,-13.055354225177071,56.88730129698005,285.42812298856506,-32.773605287519345,141.6355415219752,205.2750555970798,202.64189904075144,870.3116614312797,-117.99563966809926,988.307301099379,1216.9134921993505,S1,3,30599,30854
-117.71546245543414,156.35909010726186,163.01473197478552,112.76911252516992,92.39986308212927,-198.29836437544736,290.69822745757665,496.5125665698059,12.222381728470122,49.07112692730751,52.491583735539585,51.04879771305808,76.29647955054634,-81.94508367425989,158.2415632248062,446.4477537126781,S1,1,30981,31236
-2.563095234915295,101.68585924455051,112.78264582931504,112.75351765278754,87.3025332381374,-185.62521531881566,272.9277485569531,471.01739419474245,-48.349456842046315,64.32171912604078,69.32658041266313,49.684049500745694,44.100806041763796,-100.46983908346441,144.5706451252282,403.42195481519394,S1,2,31245,31500
96.25575294479717,96.25575294479717,96.98666293245306,11.884561910454936,118.73580796411522,72.20144701815718,46.53436094595804,316.52174997755094,173.75783964753876,274.38593238079955,440.2308262384138,404.4890524248792,1017.3244299810626,-91.23555405484755,1108.5599840359102,2314.8373557994737,S1,3,31509,31764
102.19675707265996,102.19675707265996,102.57753421310116,8.830253058189562,118.73580796411522,73.78809635854351,44.94771160557171,271.99626424409456,8.761732078791255,128.5890999687453,227.74131797555592,227.5727135757333,957.5166454909061,-91.23555405484755,1048.7521995457537,1227.1057014528408,S1,3,31637,31892
95.40392628518529,95.40392628518529,95.6525171075264,6.891652804412165,110.3273203147806,79.20694276995752,31.12037754482307,266.2123828928583,-62.65732322401409,62.65732322401409,63.25893575591859,8.70360841104765,-42.27270972991754,-84.71864784354224,42.445938113624706,311.74312777612397,S1,3,31765,32020
-180.93861563732364,205.438077945764,216.12852809308527,118.20642125930554,84.18195073886004,-265.25588556042993,349.43783629929,573.4062720908256,-87.07536255394818,87.07536255394818,93.55122242554786,34.201059244017706,-13.523433924033814,-128.45888202197776,114.93544809794395,366.86846478714915,S1,1,32039,32294
-9.877856614888852,37.413780137834024,65.63420019001678,64.88664102324066,55.586934918079585,-265.2857791471762,320.87271406525576,521.1131938947099,-32.0597279817169,34.75660475011123,42.617291026964224,28.07859213378199,32.570993488818,-128.94644319539435,161.51743668421236,442.73003166134083,S1,2,32303,32558
-35.52883272622009,35.52883272622009,38.305721402512965,14.31888044782875,-5.462346503786569,-60.44436330357074,54.98201679978417,307.4649442644543,189.68948267060034,241.74557614271757,435.1597201222794,391.63999052836846,1095.769217113794,-60.38919132186658,1156.1584084356605,2434.2582009886933,S1,3,32567,32822
-52.268328597069704,52.268328597069704,53.103022367850826,9.378315961259297,-30.86960717066159,-78.4943344842786,47.624727313617,260.0588729553134,140.82297399024813,230.97199403521694,415.13635843306645,390.52155649798556,1095.769217113794,-81.72571821658016,1177.4949353303741,1554.3623395815114,S1,3,32695,32950
249.45396542263327,277.81495408320006,296.7035340345566,160.6415458202484,346.87509781543866,-83.04767374227926,429.9227715577179,631.0634833230554,-51.02937740062728,51.02937740062728,51.390716278235914,6.083449818523318,-37.366828962494736,-63.5139553132531,26.147126350758363,386.65980635780386,S1,1,33076,33331
-2.519475220570527,116.73359160191637,150.5398470799637,150.5187622971694,341.191680184261,-87.13567587002485,428.3273560542858,673.3072905489933,-68.97352033366727,68.97352033366727,70.85936724882745,16.23894761631396,-24.59512392685475,-90.05864105662383,65.46351712976907,393.2030399806548,S1,2,33341,33596
-46.032763401591296,46.032763401591296,50.352961746267916,20.40601505032858,-4.560416893862694,-71.51852187760095,66.95810498373825,326.8590706738464,186.638466781925,306.88545213540175,456.74001351397857,416.8663126975381,981.8485270977612,-125.97587008067941,1107.8243971784407,2398.792731693613,S1,3,33605,33860
-20.471226647644272,20.64156956679682,28.788688754671103,20.241479188886014,5.9499518596721375,-70.24689832780322,76.19685018747536,292.9911496085439,157.23104581460365,333.0931485087983,463.4009737897194,435.91152857122995,981.8485270977612,-160.67812886070132,1142.5266559584625,2118.2654584351408,S1,3,33733,33988
-142.60377641030402,155.30291052239056,170.44420351054183,93.35625026672304,46.00949780610337,-217.39869392643345,263.4081917325368,499.4283703003232,53.40911511806234,109.21883522609086,112.31201487078566,98.8000764505835,197.66974766680033,-137.08679512344975,334.7565427902501,775.6653781708013,S1,1,34115,34370
23.15546224710606,112.18726443871432,118.50571551858008,116.22146608391014,111.75211056826298,-188.5108449998994,300.2629555681624,591.9016125715349,-74.18087541834262,125.79417036227537,129.54033833189231,106.19744336522164,117.68613873306971,-165.86143256045858,283.5475712935283,571.0327562338421,S1,2,34379,34634
99.58372334597892,99.58372334597892,100.29430400231567,11.917611331992987,127.9100492921908,81.46842996019235,46.44161933199845,283.5313099958928,132.0386762840108,313.3861384459316,439.2174541866907,418.9006565134554,975.2436940573491,-170.85896892565975,1146.102662983009,2437.3866063237306,S1,3,34643,34898
103.86998232312483,103.86998232312483,104.34153376886785,9.908705335891714,127.9100492921908,81.77538589312724,46.13466339906357,297.39518362276067,44.67326430595773,245.24092837832302,362.1495156674029,359.38359889453017,975.2436940573491,-144.68743548278377,1119.9311295401328,1363.6071388934515,S1,3,34771,35026
-189.10992975044508,226.5804051411555,240.46658943379848,148.53152898864514,94.99188995893135,-294.4816493033411,389.4735392622724,701.8087965901102,47.01468485980931,95.08704127080154,100.14907650003478,88.42769323771053,189.44391800061433,-124.36610366154706,313.8100216621614,683.8876636293576,S1,1,35153,35408
-29.091380725582844,136.82392338712185,163.04149168270584,160.42512140435184,97.86448016266466,-284.12466336447295,381.9891435271376,650.2276802114313,-2.7404497301303365,71.36139361724061,75.32723423268479,75.27736812895618,159.66259113026354,-88.64314590649722,248.30573703676077,738.3862229489181,S1,2,35417,35672
64.56239486169353,64.56239486169353,64.82575783934811,5.837469414786827,78.63573548327479,46.964493113590265,31.67124236968452,278.5311137138153,151.8466249552362,258.65429723433704,423.71771165783105,395.5746473957256,1032.099903555334,-99.64281766583876,1131.7427212211728,2452.4773863171304,S1,3,35681,35936
54.01482394423323,54.01482394423323,55.01810499966212,10.458999571055267,78.63573548327479,35.95061091254138,42.68512457073341,311.18221222394817,143.58519361968035,266.9157285698929,425.37817560981654,400.4121432453501,1032.099903555334,-109.30863352305967,1141.4085370783937,2400.6642742144945,S1,3,35809,36064
49.52493534464562,49.52493534464562,51.46507922825799,13.997684061284705,87.33769305466308,26.508503943743385,60.82918911091969,291.42247232593866,-75.52443451008952,75.52443451008952,78.96221313998981,23.04540943217067,-25.08309515229082,-99.10212669731689,74.01903154502607,357.2062765097817,S1,1,36190,36445
36.20362570043957,36.20362570043957,39.13603831074528,14.863612643048596,67.88213193921897,7.01664063238629,60.86549130683267,204.92503164113677,-90.75642514728233,90.75642514728233,90.93206810012425,5.649097578496418,-71.89000299676289,-101.51204575325129,29.622042756488398,292.5320101581737,S1,1,36318,36573
17.868641133173725,17.868641133173725,20.070047862692334,9.138844853952444,36.56766185462336,1.933701054094676,34.63396080052868,235.61213530860897,-84.88224311848214,84.88224311848214,85.37805667296458,9.18789227335853,-69.83909735203765,-101.51204575325129,31.67294840121363,321.3453171603331,S1,1,36446,36701
-43.316803589129016,45.56192504848291,56.55992669962671,36.36866556650059,11.594578044148138,-89.42775112198541,101.02232916613355,341.2257548393217,-22.014522481951346,30.585708310047345,42.37238828046868,36.20469705000247,58.368521999736934,-77.70053206051709,136.06905406025402,444.5355262352048,S1,2,36721,36976
-96.4437170859382,96.4437170859382,96.85927657623196,8.9626387586754,-72.63272118046619,-115.58412005023438,42.951398869768184,234.06466022447762,241.53108554645243,267.51812255848125,421.3828363464537,345.2915137708057,962.5950096958087,-62.45561502086525,1025.050624716674,2235.5330666686523,S1,3,36985,37240
-95.14101872919193,95.14101872919193,95.4408981849938,7.559867824896315,-71.98328633219835,-107.93638533169283,35.953098999494486,240.06251584070856,59.307196328583515,148.13780788754354,241.39053110834396,233.99154893374083,789.0362134528817,-83.87705136856101,872.9132648214427,1165.1361320197407,S1,3,37113,37368
182.53845784803957,215.75597387340557,230.5787130615159,140.876734500642,285.44872964586307,-87.46576257438319,372.91449222024625,635.2589503901154,-42.74128027010597,43.34769190889477,52.24564333659364,30.046467488322175,5.439022671560495,-87.78592342829211,93.2249460998526,422.5719171712925,S1,1,37494,37749
17.77553114019473,93.09041947958568,129.3750820254416,128.14812656365177,284.1728287423448,-65.27114992754771,349.4439786698925,585.5086930013888,-71.83779400988243,71.83779400988243,72.73228224779369,11.371729541561555,-34.106063037686575,-91.15480457777309,57.04874154008652,297.62927819099673,S1,2,37758,38013
-61.03512516606803,61.03512516606803,61.82206491070264,9.8326601581434,-45.37783004279438,-85.70971913748329,40.33188909468891,265.9619631688,150.07985035275587,284.6939060301738,435.32315798689615,408.6346661723386,1022.4775547716418,-145.70720780947727,1168.1847625811192,2415.766461229623,S1,3,38023,38278
-58.0460363746026,58.0460363746026,58.73681122320414,8.981684355878471,-44.63018092799419,-85.70971913748329,41.0795382094891,258.5961686878215,-26.41478988139862,192.2198641236184,274.11074621276,272.8350418564992,974.8246252452641,-148.9450918897558,1123.7697171350198,1417.6353471276007,S1,3,38151,38406
-51.143419272692526,51.143419272692526,51.49750794344095,6.028597638120024,-32.508649529667466,-67.56935089966589,35.06070136999843,241.39507379858333,-132.54452416807976,132.54452416807976,132.81880973181742,8.531431980273924,-105.7193202535248,-152.42739226356588,46.70807201004108,460.1754098939397,S1,3,38279,38534
-4.254788552610087,50.79162812130476,59.18205177512643,59.02890839822742,110.23123590287754,-96.45733084882079,206.68856675169832,430.6991402681973,3.6909242426770774,113.42390676549347,163.86444687426788,163.822873945138,574.2275364106018,-132.25047193318932,706.4780083437911,1449.825868058503,S1,2,38797,39052
6.115634002973192,19.60756344858371,21.628760797663293,20.746139746570073,34.6638931242839,-28.885957415796053,63.54985054007996,330.7705169274734,142.49022657282046,293.73315679385377,420.75122207287404,395.8890326935608,952.0502218687554,-142.0505890617701,1094.1008109305255,2347.7182667829657,S1,3,39061,39316
27.745128232114993,30.721095333066426,31.82411837314347,15.5878917628826,44.271120524496006,-26.726312739713155,70.99743326420916,256.62235944910526,-14.460527344488199,190.80529071147302,263.55027343767034,263.15326290583994,910.3689857257733,-142.58025788917763,1052.949243614951,1280.9914436091642,S1,3,39189,39444
49.00955973869863,49.00955973869863,51.177197658651174,14.736641897378844,75.51933955101906,26.267536443703406,49.25180310731565,303.0809300331748,-130.36192412805832,130.36192412805832,130.61788518353856,8.173167528591726,-105.98895740413555,-143.11875139075633,37.12979398662078,377.24009511496035,S1,3,39317,39572
-52.7191426581808,122.09196836570314,134.202685066812,123.41415103839716,89.41907291387442,-190.09141179203374,279.51048470590814,506.1560980936978,-21.603072174666835,43.0217525308945,48.47195000787572,43.391672129363016,33.18393662430674,-80.0702041726872,113.25414079699394,468.0522454903353,S1,2,39835,40090
74.89399032443134,74.89399032443134,75.2090736648417,6.877134200200485,90.30092746940365,58.90352217605397,31.397405293349678,282.4608491841452,205.27483635493633,280.3587360415928,463.1510187170263,415.175996052365,1080.2582950076687,-72.31787690831804,1152.5761719159868,2504.4763964426347,S1,3,40099,40354
76.16895632732069,76.16895632732069,76.4207236314477,6.198152334431828,86.65844534462848,58.90352217605397,27.754923168574507,270.46217997207464,69.24879500728262,168.98051075566553,321.5482905680246,314.00303749686583,1077.3171503226822,-71.80386716262244,1149.1210174853047,1457.7903030999896,S1,3,40227,40482
77.45385142555563,77.45385142555563,77.61386838565033,4.981311587624946,88.70585813337591,66.29808443044058,22.40777370293533,253.89093928863366,-76.76490386528275,76.76490386528275,78.28895181898608,15.372361935285737,-51.94386220431067,-102.92501691095566,50.98115470664499,335.29809312034354,S1,3,40355,40610
-36.632701153848146,63.4952542212463,64.09615895573619,52.596224190067595,79.02275151963195,-81.91709601453047,160.93984753416242,398.73275917978003,-92.18929956169708,92.18929956169708,93.94522471438964,18.07866955726677,-52.20575601983247,-121.31112187313238,69.1053658532999,348.3199188010499,S1,1,40629,40884
10.640914146760519,13.476263855359342,14.39421822559067,9.693526935393459,26.349971085844405,-17.1457778138923,43.495748899736704,267.0667791414861,109.11599964906762,168.61687259624486,318.0992587243399,298.79899099822813,976.7164440379287,-62.455095045894275,1039.171539083823,2223.8348623685674,S1,3,41137,41392
6.186835296683615,7.708915914154517,9.582412152251248,7.317492170636205,20.797697884832445,-7.6993825388705694,28.497080423703014,232.46117838869725,-47.82020354841018,54.12879719952608,57.482765554004544,31.89822045702972,133.63372026186994,-85.34102778646567,218.9747480483356,559.3299082044754,S1,3,41265,41520
-6.32612325235077,8.027739646173389,10.589708176109758,8.492472187251057,9.859880772177105,-23.865019645196973,33.72490041737408,222.6239458545122,-74.18612344805229,74.18612344805229,75.06322764911548,11.441469872935114,-48.15303182724963,-96.63371023593837,48.48067840868874,446.8134565110095,S1,3,41393,41648
-37.7478696309813,37.7478696309813,38.89187213334455,9.363549346207458,-17.32482188116807,-52.22891379646784,34.90409191529977,249.03947884538258,46.870401067707306,76.13416446754991,77.7550250192947,62.040385391319155,134.80300728034652,-90.58856437397813,225.39157165432465,542.53589129836,S1,1,41668,41923
-31.718090521845593,31.718090521845593,33.40267665632172,10.473850364349712,-17.21904016372036,-63.474638710736116,46.25559854701575,349.1626535997797,-22.974380444854035,65.8485934183722,67.27252868343216,63.227928628402104,76.86367248818523,-95.3217413296753,172.18541381786054,539.5753389886798,S1,2,41931,42186
-36.88426895811726,36.88426895811726,38.425592499339274,10.773897268423633,-16.48283623350036,-61.08166765241826,44.5988314189179,263.881823828507,206.95846821264294,346.486891875914,500.10916931908747,455.27724923622554,1040.8806448226505,-155.6184157613777,1196.4990605840283,2513.723849993997,S1,3,42195,42450
-37.82212570056792,37.82212570056792,39.62497728637465,11.816329059236054,-16.48283623350036,-62.418806491306235,45.93597025780588,276.170691358206,-32.9933626418016,176.61511488766172,252.19621727716054,250.02873840919835,938.6667293842675,-155.6184157613777,1094.2851451456452,1499.652171806529,S1,3,42323,42578
232.94446240125856,254.0905173348492,285.3582908292483,164.82181767465886,350.43607731168566,-48.970634618388665,399.4067119300743,662.6575517783731,-117.20861113969553,117.20861113969553,120.66051865663434,28.65488155954659,-63.28767867327647,-149.52648102871984,86.23880235544337,552.549598403326,S1,1,42705,42960
-23.66493305527822,44.41717641557004,63.77258346321183,59.219197436823805,342.22173095359454,-69.50922658112844,411.73095753472296,703.5559339034778,-42.59416367163634,47.33126163985689,51.32315658495599,28.632213029344534,47.153683226403395,-127.3739073737781,174.5275906001815,476.41964458655536,S1,2,42969,43224
-14.029081900531569,15.166322357530383,17.816658680242483,10.982631176381977,9.69941894966951,-41.566053810141455,51.26547275981096,305.5379010438598,137.4403707271112,213.6381598675004,384.249285160427,358.82817286368885,1073.0482428300102,-67.7157427299925,1140.7639855600028,2473.778846206268,S1,3,43233,43488
5.416310197423838,17.329666319683827,19.984756793076507,19.236789958922465,31.4978502389102,-41.566053810141455,73.06390404905166,270.7166966669997,130.97322223270922,220.1053083619024,385.34614398399447,362.4053886758788,1073.0482428300102,-80.80262412040766,1153.8508669504179,2460.6857809962967,S1,3,43361,43616
-180.3395635658291,194.12713701871593,213.08094666524815,113.49507321749527,40.365837573663626,-263.48890977495205,303.85474734861566,586.4489809496879,60.34216637301746,91.01765987788589,92.95666764560801,70.70901651972757,142.72682769417762,-84.26322913003999,226.99005682421762,488.33500347020197,S1,1,43743,43998
-15.968213228229104,78.5326210893943,108.41370567830387,107.2312815609312,53.14088163081324,-233.20573568794842,286.3466173187617,504.05432450145395,-36.85463936164848,74.31824165131817,76.7958145098572,67.37457000794308,95.0625136886661,-95.60101582375289,190.663529512419,422.77888176764543,S1,2,44007,44262
19.698835209997213,22.11641009344699,25.19468513490437,15.70757939392143,49.28912177794198,-16.387707651780858,65.67682942972283,368.0150356310048,113.43968737213208,216.6857143347378,362.7358869039421,344.5413777427936,994.6808920776036,-90.59030527289144,1085.2711973504952,2321.9380990869204,S1,3,44271,44526
8.01973945665219,10.929201819447972,12.62157199270689,9.746171484972907,28.43487315706758,-16.387707651780858,44.82258080884844,326.33612779974294,113.84530126263846,213.3028030561487,361.9077131988895,343.53520962671166,994.6808920776036,-81.60527277735672,1076.2861648549604,2086.687223992044,S1,3,44399,44654
139.19698494284447,159.384035135264,183.42824885998385,119.45761533975846,235.91851652756998,-42.57237073186269,278.49088725943267,500.8616597736963,-115.238728807685,115.238728807685,125.66194921281418,50.10948874966421,-32.55933523266385,-161.5617367530277,129.00240152036386,360.8022815360689,S1,1,44781,45036
14.582236902735147,100.92537906363782,122.90163588943986,122.03348094360399,226.67019991977554,-71.30354358620662,297.97374350598216,503.1907464634255,-17.171060626599093,61.038151353250285,83.4253786472239,81.63913570947662,111.03117806882248,-165.57049421137546,276.60167228019793,593.4179858778655,S1,2,45045,45300
-43.65206139489844,43.65206139489844,46.305955917238954,15.451184077128042,-21.31251705219817,-87.71656524488431,66.40404819268613,318.0231053923052,186.46080771636443,217.8593216981276,395.89568447291816,349.23596631796295,1018.5302733046778,-50.27591338195246,1068.8061866866303,2261.475768891354,S1,3,45309,45564
-34.06520338588133,34.06520338588133,36.96869894037839,14.361288926237545,-18.6814306996837,-87.71656524488431,69.0351345452006,273.2335246395578,51.97386292649024,110.19727011067317,228.680217056822,222.6956650805166,859.529267777322,-50.27591338195246,909.8051811592745,1152.2820311941973,S1,3,45437,45692
-28.010419073302245,28.010419073302245,28.271200557647358,3.831083960017873,-18.6814306996837,-35.504741751045096,16.823311051361397,228.2432625020554,-31.910622797223652,31.910622797223652,32.323884002426105,5.152245112143665,-18.23074103101867,-40.70302607433919,22.47228504332052,288.3190692486508,S1,3,45565,45820
-16.903001473776367,17.65734040549443,20.989922114465532,12.444491614720272,8.450892280558497,-35.42754370830432,43.87843598886282,236.28727580411066,-31.184774446096156,31.184774446096156,31.585384915333904,5.014616934114763,-18.23074103101867,-42.37640039359303,24.14565936257436,268.2168907459244,S1,3,45693,45948
-10.011422624114921,10.832750788570067,13.206138997493207,8.61240525419414,8.450892280558497,-31.66294144750076,40.113833728059255,243.56853857458418,-25.78765169510684,25.78765169510684,26.79872594725891,7.291689272599383,-7.728772628369604,-42.37640039359303,34.647627765223426,299.828820097891,S1,3,45821,46076
-13.552607248999127,13.61959648173621,14.346042242602518,4.704866074705232,3.4930567850537577,-24.120005357291898,27.613062142345655,219.01131766963954,-17.77386132118496,17.77386132118496,18.701331653137622,5.816326962605554,-5.853307754529093,-35.63987451887447,29.78656676434538,321.5096416503357,S1,3,45949,46204
-14.550140155783314,14.550140155783314,15.229424227618269,4.497642021307194,-4.5233135938489655,-24.14320167676198,19.619888082913015,259.3522119338274,-16.647039413373598,16.647039413373598,17.435069456862973,5.182443992482898,-5.4185032433597335,-28.527364879090424,23.10886163573069,258.87831900804997,S1,3,46077,46332
-17.29726521918717,17.29726521918717,17.97000288042179,4.870895139444623,-4.5233135938489655,-26.688148170245608,22.164834576396643,283.75358312786807,-19.134139931535586,19.134139931535586,19.834753525886875,5.225144640399657,-5.4185032433597335,-28.527364879090424,23.10886163573069,246.4942509518394,S1,3,46205,46460
-17.103097565455954,17.103097565455954,17.607031871108994,4.182299006137943,-7.024609665108057,-26.688148170245608,19.663538505137552,227.486349417544,-28.931695477274197,28.931695477274197,31.065780082839474,11.315462384083904,-9.321343036102851,-50.58870710268223,41.267364066579376,274.71732246463034,S1,3,46333,46588
-15.735391901270026,15.735391901270026,16.392263817712273,4.593882321405782,-7.024609665108057,-28.949517183946085,21.924907518838026,206.7539457986283,-36.56200013339506,36.56200013339506,37.49849803841301,8.3281151158281,-19.22886750234922,-50.58870710268223,31.359839600333007,262.27729400801337,S1,3,46461,46716
-18.918756528478823,18.918756528478823,19.526041766802233,4.831869047795613,-9.230650595093792,-28.949517183946085,19.718866588852293,207.6690366742321,-41.04203795879947,41.04203795879947,42.19245704528224,9.785425473961267,-19.22886750234922,-59.956817487845875,40.72794998549665,283.38865802389284,S1,3,46589,46844
78.9608857135922,88.16087611977477,94.40335191664778,51.74138943267251,120.83000128041824,-28.865253292627425,149.69525457304567,362.06130870173314,30.827642891491276,54.43772459580722,54.935819072434924,45.47087695343023,70.64564989037422,-68.98284634008355,139.62849623045776,391.60400872803115,S1,1,46878,47133
8.736365852256558,41.26104155691618,55.71910865598871,55.029946221247585,119.93703194776111,-46.27443843590634,166.21147038366746,411.69387248647706,15.566946586839322,34.83332176722699,46.13616885597162,43.43059118489197,147.41915096113772,-32.59431642107362,180.01346738221133,487.85345631023637,S1,2,47142,47397
-11.484976451324625,11.755823674145203,15.944258377314123,11.059597240183313,4.653135432941401,-44.82207044049476,49.47520587343617,308.53498674539435,125.26412299028016,166.99871125054585,329.79878553714315,305.08382197889574,971.6435337221235,-48.468470346864585,1020.1120040689881,2192.285572524692,S1,3,47406,47661
-8.407326445138734,8.67817366795931,10.067174034951297,5.53758567381747,4.653135432941401,-20.53953903878116,25.19267447172256,274.6325505134648,-7.59747699693634,42.7139979302483,76.74215437073619,76.36515305257316,450.3888850991376,-48.468470346864585,498.8573554460022,794.2305434799017,S1,3,47534,47789
-70.27490106775119,70.27490106775119,85.69688787589205,49.044825124889556,-3.738362130986425,-129.56133510727983,125.8229729762934,380.59336284653864,-85.28731623177687,85.28731623177687,95.59874807447906,43.18789556563975,-2.8641043704620976,-141.87460280614948,139.0104984356874,549.6016385692095,S1,1,47915,48170
26.071667892910632,26.080996341417695,28.28344593100896,10.964554118343347,46.29584826242643,-1.1940414089038236,47.48988967133025,221.54139850677547,-57.95444370282969,57.95444370282969,58.970680030417896,10.900621924710178,-39.90880795442638,-82.97995799066236,43.07115003623598,316.60207804278184,S1,2,48179,48434
54.07374590290118,54.07374590290118,54.45104561879756,6.398935302755435,66.1897766769913,39.18390026870439,27.00587640828691,298.3245722730799,113.07330159558677,175.49090751730114,270.2806723038398,245.49148719922883,774.1332649436638,-85.48111883077095,859.6143837744347,3095.737062143704,S1,3,48443,48698
64.21863341093555,64.21863341093555,64.94683932342696,9.698405071706885,82.79909067107897,39.18390026870439,43.61519040237458,267.57943604295224,7.607255324063601,105.81557058338713,159.75779633120547,159.5765745811002,572.9393708991026,-91.73352426359148,664.6728951626941,1622.4750462211384,S1,3,48571,48826
-119.02036021929297,153.8685491847541,162.60137515494804,110.78520233113218,75.4495511213517,-196.46690204238905,271.91645316374075,502.9645091139905,34.47417594245279,74.86737910668211,76.93107294965242,68.77442241323115,141.36839912085796,-90.870819122292,232.23921824314996,578.2089828688222,S1,1,48953,49208
-4.422123288160066,76.1689867716303,94.7733958381916,94.67017156595243,57.12827201322807,-190.93384570635627,248.06211771958434,488.15383079404376,-61.10862232221365,82.78388067973049,85.30572327138734,59.52144740121468,57.506092102438096,-104.79747831340666,162.30357041584475,395.9820785275977,S1,2,49217,49472
26.611332698548594,26.96585485896518,31.22170194815755,16.328859254300138,57.484415875532385,-8.242186252948143,65.72660212848052,289.11948898827575,217.703817240098,313.4682513994022,447.15342046291573,390.5780708011845,975.15280841886,-125.64409141488161,1100.7968998337417,2295.347101829164,S1,3,49484,49739
20.213816794262954,20.56833895467954,22.261972454166816,9.327219744278308,33.970738833654046,-8.242186252948143,42.21292508660219,259.6311358099483,38.45713403709278,215.01898963283523,320.18048437099213,317.86253540437286,975.15280841886,-134.2239719167058,1109.3767803355659,1364.8729831905216,S1,3,49612,49867
-25.187195862217983,34.709835469047874,36.17862793131638,25.971104781870466,27.551413051781324,-48.22692719799379,75.77834024977511,271.0552234643585,-35.040121109906934,37.39149882945192,57.40148085504423,45.465590471861944,28.78900277619882,-123.65720792545658,152.4462107016554,438.2487130686379,S1,1,49993,50248
3.6516976771252843,23.14230451671581,25.18500107481001,24.918855977212502,35.53973099137057,-42.436786141313924,77.97651713268449,304.02838356000325,-60.208986601210306,60.276252960504166,71.00675636736372,37.64090039132201,2.747331047792086,-102.80615634465138,105.55348739244347,388.58646433029224,S1,2,50257,50512
-3.4916885419199475,8.399541127826929,11.133675284625722,10.571983563632257,13.727246884388583,-33.48483248314791,47.2120793675365,306.93228656670397,97.0053638014489,199.92207991150087,333.10204560806267,318.6642938611485,946.0130449085276,-99.19397507797974,1045.2070199865072,2207.1744469646756,S1,3,50522,50777
-11.58826278162307,12.08307305893987,14.541033357239524,8.783724540330377,5.813370210258517,-30.445571872896338,36.25894208315486,228.7541606935187,-68.3539408874842,71.98312993813558,73.27086713907701,26.388609975945904,103.8642881835303,-85.93160947644765,189.79589765997795,434.5930202507527,S1,3,50650,50905
-11.023807037697921,11.676222069215736,13.975911205134619,8.590795796048766,7.343012807531869,-30.445571872896338,37.78858468042821,193.99515457661204,-75.08724669181002,75.08724669181002,75.34552514564375,6.233261081977845,-58.54541020167428,-86.8516514813982,28.306241279723928,310.55439699876916,S1,3,50778,51033
26.393297500882532,26.393297500882532,27.176013821086787,6.4753049529584255,40.58155394853404,6.997374983784812,33.58417896474923,252.24442271556978,-37.26497454182604,54.77101837472173,57.92089221554296,44.34130610888229,127.73684018000766,-64.98751964632504,192.72435982633272,447.49643475838934,S1,2,51296,51551
41.908544859562085,41.908544859562085,43.205425582911154,10.50631560322388,57.996405507181606,9.984497145323427,48.011908361858175,265.11716956118994,52.66296712546165,131.7379149498595,236.44376943236276,230.50437739211563,813.3030199177616,-67.10476795983352,880.4077878775952,1906.8538834793465,S1,3,51560,51815
46.44063093852843,46.44063093852843,48.78706518836837,14.948094451317239,71.27576580401735,9.984497145323427,61.29126865869392,289.5656041255496,46.751625888424755,137.64925618689637,237.84539563647053,233.20531233712916,813.3030199177616,-73.93088695029742,887.2339068680591,1933.8977014348848,S1,3,51688,51943
59.435602018777054,59.435602018777054,59.83179485553298,6.874073632143316,71.27576580401735,33.9979533144342,37.277812489583155,231.06257034854414,-55.94965731650151,55.94965731650151,56.78347444806267,9.695298683374087,-33.89897185727152,-73.93088695029742,40.0319150930259,262.88173468128895,S1,3,51816,52071
-180.54303585360515,205.07757042634574,220.50882463219034,126.60313560664255,70.68573131953937,-268.336108304192,339.02183962373135,545.4092071947452,-31.484877105017656,31.484877105017656,32.342206906576784,7.397355018502088,-11.945473830755049,-44.21776769086082,32.27229386010577,311.7362544498204,S1,1,52090,52345
19.82483240876242,23.661460611289023,25.33465376156831,15.774051514529502,41.36216498669135,-25.703846238451614,67.06601122514296,260.2399981778939,123.58616539124242,155.46401989325514,317.3731389748221,292.3220297319725,979.206001231332,-47.12437010405478,1026.3303713353869,2208.5662108548713,S1,3,52597,52852
22.185934910458656,24.54373557763602,25.747491448472214,13.065894842606145,41.36216498669135,-25.703846238451614,67.06601122514296,268.1933173693056,34.7130128817841,94.9985071331138,202.99261998527174,200.0025262469303,946.5388535842266,-50.329106931052394,996.8679605152789,1232.9352376941465,S1,3,52725,52980
28.770051332962733,28.770051332962733,29.235010958609482,5.193266029071286,39.91610813253429,17.010712058477505,22.905396074056785,259.9921709735668,-41.66345309266171,41.66345309266171,41.832209520597424,3.7537221222059594,-32.65657114586878,-51.781732996551334,19.125161850682552,301.3227751965261,S1,3,52853,53108
75.64269014714314,75.64269014714314,81.90963333350818,31.42246744183291,106.33628647402398,16.313388415504964,90.02289805851902,319.30277842046587,-92.00302025465595,92.00302025465595,96.78375838791302,30.042306031849396,-35.593938608067326,-124.22315161948424,88.62921301141691,361.2628784806225,S1,1,53127,53382
11.148546488821033,19.282819226585715,36.78849498738448,35.05856920388237,99.65570825883164,-15.851027893235674,115.5067361520673,318.61473100745764,-35.62697485552617,35.94712233227791,47.45099000313305,31.341906689305603,7.706081937236471,-116.99393668290651,124.70001862014298,416.38879426462034,S1,2,53391,53646
-13.909739438269447,13.98535519107061,17.94639447418517,11.339851118181207,2.808867954366886,-46.8332704346353,49.64213838900219,270.84106988573404,158.32049925713238,184.83156542562014,322.58615934970334,281.0630707136114,914.9683345293981,-42.4182993779358,957.3866339073339,2647.0344244462785,S1,3,53657,53912
-7.471920415795274,7.775547544032331,9.707520280506335,6.197286123494992,2.808867954366886,-25.570369287630445,28.37923724199733,243.1750143526072,32.91955747443537,58.27421188920974,103.01317454560017,97.61156112699781,370.58340974022184,-42.4182993779358,413.00170911815763,1276.7730181939983,S1,3,53785,54040
-138.88775821905193,145.81788822293947,164.1565309450046,87.50746978849533,27.992948444191715,-212.24343478448458,240.2363832286763,603.0010169415835,-55.990053758532895,55.990053758532895,57.278949347855196,12.082711554562495,-27.65059306120415,-75.78445251344259,48.13385945223844,381.3719940674432,S1,1,54166,54421
40.40955854707812,43.378180262306856,46.00924433725936,21.998139523966543,63.64718260128979,-18.858381197189114,82.5055637984789,320.11532696318346,-70.20389535137838,70.20389535137838,70.90218160120864,9.926350452380902,-49.65940207212528,-88.46300709464217,38.803605022516884,281.7760467543254,S1,2,54431,54686
46.12901300422151,46.12901300422151,47.48156062622047,11.252233500857159,64.4718056299752,15.983906790053249,48.48789883992195,302.1151763986136,152.52703501749914,248.86792137515124,390.8011243042602,359.80692370526225,900.4622044888162,-97.24153185236472,997.7037363411808,2152.770783819102,S1,3,54695,54950
52.44999924662804,52.44999924662804,54.01975484204825,12.927934569130272,70.17598055391282,15.983906790053249,54.192073763859575,281.6022612748977,20.82602129809169,163.99051627316484,266.0373525658494,265.2209452459166,900.4622044888162,-107.75654506049226,1008.2187495493084,1185.3396208353838,S1,3,54823,55078
-36.891924447349716,54.601381867447635,57.11003502506579,43.59520628618795,37.54500162138707,-76.87342682938743,114.4184284507745,273.0560821405005,-20.44930986426721,21.70782701768321,34.25524054588711,27.481761787261238,8.07197495168078,-72.45021125594987,80.52218620763065,358.32500548916096,S1,1,55204,55459
-12.624679175886683,31.38661096883176,44.25204824287688,42.412984443397,27.589827399678764,-119.01246523954397,146.60229263922272,419.83772172798774,-25.716884151952307,26.43544621066124,30.3869179719849,16.18661957763891,9.067990454686917,-46.18059248869531,55.24858294338223,357.4450074606324,S1,2,55469,55724
-4.581215521860066,12.196716105648866,14.419509460790817,13.672407155731731,24.616207908514934,-30.260511000417672,54.8767189089326,247.13949614330295,136.4076292768638,191.77055775977772,353.5392428781186,326.16400005196624,993.0986502954885,-54.97243394408716,1048.0710842395756,2248.9477214505987,S1,3,55733,55988
-14.475790817359258,14.475790817359258,16.005388455787195,6.8281725104674535,-0.25716883277968045,-30.260511000417672,30.003342167637992,209.8520997999554,67.38495201773918,138.3498288173599,278.2442105004515,269.9613100401362,993.0986502954885,-58.10032167186407,1051.1989719673525,1338.281928281279,S1,3,55861,56116
33.27914738202249,36.98606444951105,40.74967867264817,23.516688998447524,65.15111462539097,-16.66164986183665,81.81276448722762,307.7975289715223,-69.43276328029496,69.43276328029496,75.76729051789215,30.32777103061145,-5.547599629410929,-98.63103734811088,93.08343771869995,370.44191032589623,S1,1,56242,56497
-7.327899026891754,25.821150893340707,27.842385063503528,26.86075765640432,50.86438933792775,-31.525974613218107,82.39036395114586,312.9589366429675,-15.246318475458136,19.355880420733545,35.86117659902854,32.45880096386211,18.031683409600227,-89.42171865159357,107.4534020611938,309.9052070982939,S1,2,56506,56761
-18.16520289193899,18.16520289193899,18.649251812515423,4.221373835767346,-8.179434307550158,-28.906649876263927,20.727215568713767,234.07602149791717,-0.9216118147029346,3.4386661982398934,4.312325444917526,4.212693011113331,9.432077928462904,-11.465942983858833,20.898020912321737,264.4397772190272,S1,2,56634,56889
-12.522844876262845,12.527466803042504,13.435276625173138,4.866725202842378,0.38818774945502277,-22.32729393776068,22.7154816872157,217.65689704591847,-3.8738539303999344,4.992285229095254,6.389765189938143,5.081570122360825,9.432077928462904,-17.402374586050584,26.834452514513487,266.9956831868727,S1,2,56762,57017
-6.118506255136272,9.019564368971983,15.183666674763364,13.896316594557632,9.893261049557486,-44.37703427676128,54.27029532631877,312.08808784844433,175.7572958916064,230.7856615264671,405.47596457093437,365.4040650917829,999.4805958245481,-67.45197549302748,1066.9325713175756,2261.6269260115323,S1,3,57139,57394
9.824182033389114,11.773619373568243,15.129203552367324,11.50557462727519,32.71508011246617,-27.014466892843732,59.7295470053099,279.64048975023604,-28.85712217362648,84.40145069719905,118.97777469350345,115.42520249440528,595.2487830083176,-84.11175344023655,679.3605364485541,910.5085957442287,S1,3,57267,57522
-68.23307023325826,92.82383759126847,96.71736340630851,68.5455798050552,61.1439956033855,-136.64209422852556,197.78608983191106,413.57421132693287,-90.51788040175228,90.51788040175228,92.34870181184249,18.297432986806303,-58.538780132944765,-122.68531367500006,64.1465335420553,312.51623066178826,S1,1,57649,57904
43.76724935641897,70.19405176216486,72.03541349650398,57.21475929675271,83.09926255930242,-111.71905905360735,194.81832161290976,441.23153778142796,-48.40243373085312,48.40243373085312,54.128443495633306,24.229998022912415,-30.14026711949102,-118.07442262298693,87.9341555034959,328.2676198246773,S1,2,57913,58168
49.31981055654068,49.31981055654068,50.558963920351644,11.124977274869273,69.432984729322,17.030122910319974,52.40286181900203,311.0268446682229,194.85463799945256,240.94339821897012,418.83288551577505,370.746080275399,1006.0299630317093,-52.60294145876493,1058.6329044904742,2263.9561689643097,S1,3,58177,58432
41.16635185994761,41.16635185994761,42.668041967857945,11.220217462860289,69.432984729322,17.030122910319974,52.40286181900203,303.9240029330602,140.17274828492066,205.11547008565375,383.66942129702227,357.1467842171398,1006.0299630317093,-55.71176867829577,1061.741731710005,1400.4802609785029,S1,3,58305,58560
-102.95590590487772,114.55168592921055,124.4201924237219,69.86033010272675,35.07212198411185,-154.73599819810875,189.8081201822206,401.47319926290265,-72.52406923541764,72.52406923541764,75.01797916919638,19.182194352219742,-38.18016683243684,-99.60382171891469,61.42365488647785,361.97475016861006,S1,1,58686,58941
-21.812545564213963,46.25097663806543,69.24242259418047,65.7170141038085,34.421219709626904,-145.67041202165066,180.09163173127757,369.8016341510405,-42.84875871252689,45.342244798732544,53.30089481596871,31.701250211602243,30.646385111697,-97.56195875782714,128.20834386952413,539.0742289340742,S1,2,58950,59205
2.483483473757678,10.313051943756602,12.847702987157678,12.605387018326443,28.58572020580933,-20.275566863398183,48.86128706920751,248.62049839377096,129.98262006350294,174.71962304802204,331.4220081720702,304.86893246481316,970.7255202478129,-51.54580998391887,1022.2713302317318,2192.373793432869,S1,3,59214,59469
4.870380077808041,7.804337042031456,10.955448830288416,9.81332038459758,28.58572020580933,-9.804527221847438,38.39024742765677,229.6457041381127,-30.22268314473952,41.48515989307471,46.605327662474984,35.477401117603485,196.3978070271577,-52.9498548956022,249.34766192275993,549.7909460815365,S1,3,59342,59597
74.35552777118804,74.38383709340872,83.87846520925108,38.81819696646958,112.1704750133111,-1.4311978556317926,113.6016728689429,343.97108916474895,-53.131898915281496,53.131898915281496,58.65312949765732,24.843327424587628,-0.40133083434908245,-84.01393003417759,83.61259919982851,378.11037291981154,S1,1,59725,59980
36.074427869853004,36.074427869853004,51.01018577672538,36.064868041333646,112.25979393395218,6.3401933026644395,105.91960063128774,292.7860185240445,-14.20263461411628,18.166887432662552,32.20621952722497,28.90546222176205,25.379643899392164,-74.31206496612192,99.69170886551409,349.44903819284843,S1,2,59988,60243
11.054616300628226,11.505641888573626,12.51137771026247,5.859183446073123,22.344671741810295,-6.756380047681637,29.101051789491933,235.329118982696,177.110277030421,196.44619875362787,375.1235785623276,330.6805844975092,982.4475578739107,-24.650283263064743,1007.0978411369754,2153.029092868599,S1,3,60253,60508
13.22505422636668,13.67607981431208,14.678350347575067,6.368038130838877,26.89194717757866,-6.756380047681637,33.648327225260296,199.23629168945791,153.64195613730934,196.22261837501264,370.4954590696177,337.1365220582129,982.4475578739107,-53.28555160294093,1035.7331094768515,1601.016561453374,S1,3,60381,60636
19.390981410667063,19.390981410667063,19.928627196076672,4.597827949300748,29.48850443245849,9.625540500719373,19.862963931739117,187.18150691080587,-49.10312910178004,49.10312910178004,51.28148333941405,14.787604468084856,-14.970917393507074,-75.3232812888622,60.35236389535513,292.4104492144852,S1,3,60509,60764
-45.49415004751821,75.1323576275161,97.96582120249707,86.7616530232886,36.49704391990158,-167.9397947563549,204.43683867625649,453.08376260298684,-61.91362655514102,123.16237543783271,145.36187511596472,131.51721402166282,339.1714114971561,-193.81806870854248,532.9894802056986,1272.2434871465289,S1,2,61027,61282
-1.259560662122845,13.242882552061996,16.57633287273329,16.528409434851586,31.954839193703297,-30.391032913465654,62.34587210716895,239.49802679068128,235.78085046574947,333.3296050041447,498.6188686192477,439.3497088843766,1029.5905684626696,-122.6288777611489,1152.2194462238185,2408.5727781821042,S1,3,61291,61546
-14.741036481070164,15.215807568504932,17.305330455949903,9.06511476228436,6.4963927711648095,-30.391032913465654,36.887425684630465,249.22229429351123,121.05614249122985,285.2472991685843,434.1809025311911,416.9633874669846,1029.5905684626696,-130.05743266746035,1159.6480011301298,1501.2452530784835,S1,3,61419,61674
-18.331858345401624,18.331858345401624,19.700548660596738,7.214886494787613,-1.909867279968878,-42.4213678542313,40.51150057426242,275.7273381326071,-103.61096110390254,103.61096110390254,104.63123425260686,14.576142162776854,-80.82944943770454,-130.05743266746035,49.22798322975581,361.31904964388207,S1,3,61547,61802
158.2089428296003,176.08873175682692,190.23236536323856,105.63277540817029,229.51146466806037,-57.44862524171886,286.96008990977924,459.2896974386818,26.557244589166736,60.784670911565684,62.37799321851454,56.4422430259484,82.06889058717707,-88.32862978619377,170.39752037337084,440.8594251474664,S1,1,61821,62076
-76.08284427213997,76.08284427213997,78.35916835101006,18.749935256507772,-45.44421385617008,-127.42749845839495,81.98328460222487,286.64689672153486,99.77101043718389,188.2701338536615,318.58048341610555,302.5545734078116,901.2204107154846,-86.3611746879595,987.5815854034441,2125.452972569527,S1,3,62328,62583
-86.62583924602878,86.62583924602878,87.576847111871,12.8712130344116,-69.71981594489685,-127.42749845839495,57.7076825134981,282.7560149961175,105.82107060472899,181.85795399451078,317.2195801724715,299.0487636838983,901.2204107154846,-74.22105999724809,975.4414707127327,1994.0658660188215,S1,3,62456,62711
-90.00340654126416,90.00340654126416,90.4074242631148,8.537515613969276,-69.71981594489685,-104.7526840229851,35.03286807808824,236.47553000346895,-50.13087202304814,50.13087202304814,50.79518219556926,8.188174673872417,-34.61857195860713,-74.22105999724809,39.60248803864096,238.24226237560765,S1,3,62584,62839
163.4263556845374,221.50798131857547,237.49409084190307,172.32315413923098,302.27649499978634,-109.29215224975498,411.5686472495413,604.6093666572465,-90.66561913404288,90.66561913404288,99.10214493361103,40.01225609089197,-25.156291783186482,-132.39213797498186,107.23584619179539,314.05799377060356,S1,1,62859,63114
-66.1842407786924,67.5763153840292,68.9460091292305,19.31834484100558,82.79872480085636,-96.39978097664903,179.19850577750537,403.41455347194324,-25.403744051939352,26.109704174165273,27.92254566683489,11.589579140764164,11.506599610091818,-74.30757257836981,85.81417218846164,388.37419263454774,S1,2,63124,63379
-69.5421374748111,69.5421374748111,70.69262808851568,12.70192038613331,-49.301517048715375,-104.5127140575622,55.21119700884683,245.27813614515904,126.41807072466548,175.5267062998116,321.18884860587445,295.26386142401645,894.392569495374,-50.53534840192859,944.9279178973026,2013.2363652203326,S1,3,63388,63643
-67.57521231130974,67.57521231130974,68.74367748910555,12.620771601117308,-49.67303793635487,-104.5127140575622,54.83967612120733,232.89429642472777,91.65220506122739,160.8172700473446,302.56868912084866,288.3534028648239,894.392569495374,-64.5522373335723,958.9448068289463,1228.744626208945,S1,3,63516,63771
105.58137745267712,126.79917731840395,134.18220536298904,82.80964298480396,161.8083462390328,-58.72928516087852,220.53763139991133,419.2679103447375,30.103705181147756,58.15033441889348,59.55520751312239,51.386668273956104,95.62986852439442,-67.93476795895457,163.56463648334898,448.62062264776296,S1,1,63898,64153
33.473735996832616,51.30632836794861,82.12809124443626,74.99688240099584,181.59032500957633,-25.103678749373554,206.6940037589499,425.83783796037346,-22.664923384350153,47.067915145040104,48.71838907353314,43.12519776072558,58.20008429209275,-66.00348702613668,124.20357131822942,386.21374475642364,S1,2,64161,64416
-6.502978041143367,7.27460583227384,10.362428366548995,8.06791164107952,5.421112656226658,-25.731985488285765,31.153098144512423,209.20642340005955,23.06054952332243,107.77948269444333,171.25676843623137,169.69705887523025,581.6678293694564,-71.06634517106563,652.7341745405221,1448.8083282927157,S1,3,64425,64680
0.1337168715569581,3.974389874582376,5.222085853580488,5.220373593951536,12.646564697311355,-11.629438534763992,24.276003232075347,225.32596920284254,26.608355030952787,104.23167718681297,170.51520219094277,168.42633291966214,581.6678293694564,-88.24727747779858,669.915106847255,1483.9158330127577,S1,3,64553,64808
-79.42836174883067,84.55385967532779,92.51004587303169,47.42619463257959,15.832779674659355,-115.27436568637168,131.10714536103103,361.04220978667615,73.33136463793578,104.5552997189296,106.67988031883081,77.47972525234049,160.45252280951613,-84.7001456254507,245.1526684349668,589.5102731802643,S1,1,64935,65190
5.883295443752434,8.644127977857197,12.81386516592439,11.383407890961841,16.762495417106056,-93.58570062776873,110.34819604487478,319.25191529233194,-49.72853516524475,52.65516486075177,53.724669674573505,20.332558175523662,83.60981804123523,-73.36867053998385,156.9784885812191,482.28384119060445,S1,2,65199,65454
-9.950153387492191,11.510036894909627,16.892124058738247,13.650578844180242,7.88686178317132,-40.709002073352075,48.595863856523394,251.69498026974532,135.7381751694995,210.15136089185856,358.25806089484115,331.5478638112241,915.3416265068798,-66.9146312935606,982.2562578004404,2114.0485922403736,S1,3,65504,65759
-19.4323139020532,19.830485980564294,22.33169595867956,11.004082006372684,7.88686178317132,-40.709002073352075,48.595863856523394,277.72097879111385,126.88049949038498,219.00903657097308,359.9939753473979,336.8931598229524,915.3416265068798,-92.06013565732711,1007.401762164207,2175.315181041998,S1,3,65632,65887
46.99360751667345,48.479823807473025,56.04558885915667,30.54028295773435,80.7113833603718,-11.326769362741054,92.03815272311286,294.38942887403493,-72.05654027171643,72.05654027171643,76.68825690911494,26.24773803261765,-23.989349625272876,-105.71959250638108,81.7302428811082,295.0319464678817,S1,1,66014,66269
42.424068607974995,42.424068607974995,50.202432765436534,26.841808029900037,88.81850380600268,8.654023565911032,80.16448024009165,317.1037737092472,-39.18325888990131,39.19527700913147,46.50719148584596,25.05176805473243,0.9197794009049315,-81.07199357199721,81.99177297290214,409.1960388530829,S1,2,66278,66533
37.650869711731325,37.650869711731325,40.9727201181342,16.160934497398095,62.931493924513816,5.05169393687464,57.879799987639174,248.08111247764054,118.15756554599253,168.16325675855228,309.52689444336505,286.08685409853865,901.7035310395993,-56.95595227598103,958.6594833155804,2064.530752207494,S1,3,66542,66797
49.29348893978305,49.29348893978305,49.80257550649077,7.10270900594972,62.931493924513816,21.84647897459293,41.08501494992089,249.8867930444341,-31.365932467309225,47.741886514547495,53.83368777175067,43.75207674571042,207.41521169341718,-56.95595227598103,264.3711639693982,529.1152822336817,S1,3,66670,66925
46.68895069097147,46.68895069097147,46.94789468884439,4.924093732948032,60.45632795479203,35.568903250889775,24.887424703902255,285.7189962095626,-40.63847208958782,40.63847208958782,42.3377588687578,11.874359446002616,-8.641683753505905,-55.253605433841805,46.6119216803359,296.81810255223024,S1,3,66798,67053
-20.54544029545108,77.04638447485212,113.9293491225628,112.06150755079486,50.74831988975759,-257.5812286637637,308.32954855352125,483.9443025919782,-33.587860027049416,35.10316355872248,40.45894186135491,22.556188404600462,10.902503866325565,-61.866291406616554,72.76879527294211,328.1511112222365,S1,2,67317,67572
7.559505162859951,17.912000346329975,20.58747146955909,19.14935673077828,35.567225864203515,-27.104006763671258,62.67123262787477,293.4267467370953,100.01299462721238,181.92797524307454,311.5423192787656,295.05256753210864,895.2979672617912,-76.77732466001558,972.0752919218068,2098.2576425196685,S1,3,67581,67836
-10.334858218378445,11.228209375284365,13.360934393790014,8.467896638550595,10.258931505243737,-27.104006763671258,37.362938268914995,318.36723287546187,101.74904356986968,180.19192630041724,311.1983239440552,294.0944218413635,895.2979672617912,-76.88412632555625,972.1820935873475,2098.2228169026644,S1,3,67709,67964
-14.399702133555339,14.508736374096664,16.023218686013152,7.027952441834172,3.6106154540496997,-30.677921455952493,34.28853691000219,256.0071890925411,-54.87067263946386,54.87067263946386,55.63609928262006,9.197001004585509,-36.693057083163204,-76.88412632555625,40.19106924239305,296.59526418965066,S1,3,67837,68092
198.52882972690622,210.99302912094703,243.24964011974032,140.55849737973247,311.27934173464075,-39.543645772914765,350.8229875075555,867.7766820120529,-36.13267703098527,36.13267703098527,37.92638870587718,11.525650126730303,-7.114603688451216,-56.6292699135853,49.51466622513408,357.5063070208057,S1,1,68111,68366
-59.05693838936588,59.05693838936588,60.26714678193883,12.016946754912505,-37.819033462302585,-89.25563997803468,51.436606515732095,264.83884298189184,62.530504715519484,154.59219924915263,302.7816265092529,296.2543659283541,969.2725434378433,-68.18640359778382,1037.458947035627,1304.2308398073767,S1,3,68619,68874
-84.35680245484866,84.35680245484866,86.9334797521891,21.008564477800732,-52.302844819730836,-121.84614525532885,69.54330043559801,300.8705869182072,184.9885617534475,258.7447646396999,422.55316165941315,379.9084185020873,974.703377364691,-86.98488959685712,1061.6882669615482,2304.1347610818207,S1,3,68747,69002
-108.53497418181539,108.53497418181539,109.25742714229234,12.543714167103298,-71.6614844313941,-126.69948718486367,55.03800275346957,253.67561812838647,49.3319929035037,177.27862952497156,304.1942816034615,300.16747897867737,974.703377364691,-102.38663139531201,1077.090008760003,1292.3121798425414,S1,3,68875,69130
128.2836836852869,164.66092971311895,167.8869141518734,108.30195032210536,198.95838184039556,-129.0369218195817,327.99530365997725,582.9671617066414,-122.85252387859936,122.85252387859936,125.08628531751454,23.533723700103835,-60.71966737893033,-144.62607278862836,83.90640540969804,402.05862133191874,S1,1,69149,69404
-97.40448751664988,97.40448751664988,97.67282538011659,7.235097052116614,-86.5257775075267,-115.87700611869373,29.35122861116703,232.63851255013546,211.62946584713805,269.3189055337669,412.0325646002593,353.53048450780295,923.158044113993,-76.69693367880036,999.8549777927934,2319.9381181501785,S1,3,69657,69912
-92.60845101508333,92.60845101508333,93.59983968376504,13.586934511265964,-64.77578165918146,-115.87700611869373,51.10122445951227,237.5823317684525,137.4027461042224,225.87020672581662,376.4454572444036,350.47349064225483,923.158044113993,-81.89468453417327,1005.0527286481663,1623.784536912843,S1,3,69785,70040
-71.33374963679837,71.33374963679837,73.56806973990155,17.99325006800009,-46.20104799234547,-109.71705290082201,63.51600490847654,201.45782452964005,-53.915144118818624,53.915144118818624,55.69150786475765,13.95354015643991,-29.85484649927344,-81.89468453417327,52.03983803489983,412.0123821189833,S1,3,69913,70168
130.91960816025676,157.46605542554937,172.8459280116951,112.85287337675064,221.38174562378023,-56.1494497266482,277.53119535042845,490.6872951832744,-75.04109963105155,75.04109963105155,80.8579243088061,30.11373921802492,-14.569155675716368,-108.19335366477186,93.62419798905549,375.4577845359295,S1,1,70188,70443
40.55241992124947,79.85004482363874,115.0145640605162,107.62830103909117,221.85177194120294,-40.67071374879377,262.5224856899967,465.8798752371603,-17.10368105204582,37.10774011185211,54.72853961565834,51.98727866442495,80.56607328754987,-106.68000765769075,187.24608094524064,514.6578950131054,S1,2,70452,70707
-26.175330640196314,26.175330640196314,26.908516494198437,6.238615695404656,-14.613040056233963,-40.67071374879377,26.05767369255981,229.42378612425486,4.813301317868499,6.265922885077583,7.647003513716318,5.9421202581397745,19.89327214581148,-10.729244551756542,30.622516697568024,343.1894106596936,S1,2,70580,70835
-30.226282511277617,30.226282511277617,31.373260462221225,8.40555278246507,-14.613040056233963,-48.135850503320775,33.52281044708681,220.55946765956378,13.60608286100343,13.904041104698216,15.907111810533793,8.240795794844841,30.753682363503252,-4.3833063518208775,35.13698871532413,273.1395561285335,S1,2,70708,70963
-33.98155649233384,33.98155649233384,34.31143235303242,4.746388993228863,-22.225879386261624,-48.135850503320775,25.90997111705915,198.36295482460926,27.40921142621942,27.40921142621942,28.899590115123594,9.160864468757952,44.90202505832604,8.543225551363356,36.35879950696268,248.4024014610414,S1,2,70836,71091
-28.68226684061287,28.68226684061287,29.108181318568075,4.96122853318762,-16.213543405170515,-36.60302214176871,20.389478736598196,220.5944948677638,30.100414639036018,30.100414639036018,31.234604258540216,8.340596006624764,44.90202505832604,15.99058438710729,28.91144067121875,238.17179428569978,S1,2,70964,71219
-24.54676300875655,24.54676300875655,25.023497903423355,4.861262502125756,-14.772845679155596,-36.247474555037634,21.47462887588204,281.43720680034227,21.25703332680073,21.25703332680073,22.725401963315996,8.036319340193598,38.60175798048584,6.7961416039463804,31.80561637653946,216.48636069938243,S1,2,71092,71347
-22.264024391210846,22.264024391210846,22.69757391987394,4.415096800264974,-11.92468671359041,-33.57004271781966,21.64535600422925,263.21145349226526,14.448484915553031,14.448484915553031,15.795063840371125,6.381639708290959,29.5549431268777,0.7016972097041041,28.853245917173595,231.13455134291158,S1,2,71220,71475
-15.400918850367106,15.484570888388827,17.338501134285313,7.9646293164227195,3.224199815597389,-33.57004271781966,36.79424253341705,247.18603769021013,2.994056634890493,9.635207318655628,11.481161106730502,11.083893053695952,20.046804182169023,-25.11731521612338,45.1641193982924,248.30742895571748,S1,2,71348,71603
-10.414080995118049,10.49773303313977,11.420695196482045,4.688197499900054,3.224199815597389,-19.915055886092215,23.139255701689606,228.75310581648097,-14.377319197930545,15.283878955079395,18.30099457938581,11.323387093777493,11.502935006382668,-43.56274759807983,55.065682604462495,249.53057737262262,S1,2,71476,71731
-6.2050263698556805,7.146779083232786,8.882436832935444,6.355732203332978,8.571492476917316,-19.636839695207577,28.20833217212489,201.82568013541874,-33.81919599672418,33.81919599672418,36.12796906417181,12.707955415286541,-10.324457751178299,-62.71020593410526,52.38574818292696,257.1647167457327,S1,2,71604,71859
7.759926898684839,9.571340509191792,12.346324334558448,9.602877646891978,25.748900013894584,-12.926705794365992,38.67560580826058,213.53385514664222,-53.984658873928,53.984658873928,55.058645238694034,10.821784593401956,-30.85995647134753,-69.70528501916084,38.84532854781331,239.29812734881457,S1,2,71732,71987
19.0638145799202,19.0638145799202,19.983089385619028,5.991229845036974,36.250113073979634,6.58903595539835,29.661077118581282,213.64878155440647,-46.43268854531659,59.450123688337435,62.6131217352524,42.00486219340759,102.30714525478542,-87.47735130048069,189.78449655526612,557.9282751628829,S1,2,71860,72115
43.894378481562285,43.894378481562285,45.72655857431871,12.814120990842923,65.58853471561773,10.345512884790388,55.24302183082734,246.91688547701347,134.37681490600858,222.90798468835263,370.87388234911566,345.6737019566603,944.762863820076,-83.27597569488906,1028.038839514965,2193.4973008467223,S1,3,72215,72470
41.03599174376894,41.03599174376894,41.91941155058988,8.56063352521616,54.459244737080006,10.345512884790388,44.11373185228962,233.1579917866311,3.365409133653422,133.77298360362403,223.64177272671378,223.61644959553004,939.7058882314475,-98.79097586428571,1038.4968640957331,1237.6012340927973,S1,3,72343,72598
42.172477776406524,42.172477776406524,42.876213631247,7.736395384856478,54.66192045079956,20.493696453573047,34.16822399722652,264.3098873847997,-49.314001088524556,75.8674728225288,82.64330090514787,66.31775389094396,153.06299082313865,-103.40017151439305,256.4631623375317,624.6736246656139,S1,3,72471,72726
-63.7981679030928,80.52208431449282,109.32842976130254,88.78344060848761,34.33917259863084,-182.497743448782,216.83691604741284,494.9170100459238,-16.024734004413638,35.69176437651697,38.85833716497734,35.400258011981336,31.506481313600478,-64.94796326154993,96.4544445751504,426.1134958357375,S1,2,72991,73246
3.822679336840662,9.276758329853893,12.049462104555584,11.427014469966007,22.596189745777487,-29.81819645330972,52.414386199087204,273.1120927617995,99.46409804827367,167.70814183170938,304.6885040367698,287.9964890265298,916.781687211066,-70.46439006493421,987.2460772760003,2176.6514575915035,S1,3,73254,73509
9.433696630344508,10.014317492005356,14.692617991745163,11.26403086545755,33.56813028779756,-7.9141716672387235,41.482301955036284,239.2340935841132,-30.373376377747853,63.36607475059111,82.24569646913353,76.43175122361461,402.54536028707884,-70.46439006493421,473.00975035201304,725.6575366079767,S1,3,73382,73637
18.647662977312677,18.71657653981109,20.97576997761867,9.604560981040764,34.09396289780561,-1.934225208225802,36.028188106031415,270.6657208006633,-57.08685315758188,57.08685315758188,57.382295705708195,5.815415464265781,-40.633082777177464,-74.8095705933604,34.17648781618294,314.7406925930659,S1,3,73510,73765
76.60533060046119,76.60533060046119,82.79419613989235,31.40863317696284,106.07190676693743,10.416602453000952,95.65530431393648,371.49780119180684,-74.1886085340129,74.1886085340129,79.61918011204186,28.900937796216034,-17.310409523002726,-108.97684880367518,91.66643928067245,325.2997974727858,S1,1,73785,74040
16.976235423733907,19.508488088559712,20.934683662098756,12.250241257628625,39.35478266542367,-19.397966298300513,58.75274896372419,464.0535094093751,134.35417352312993,196.82246954092375,328.92619080084944,300.2355659339404,926.1399396548269,-66.45088595158724,992.5908256064141,2673.596781035993,S1,3,74292,74547
18.78150862320245,21.594994577004194,23.342908140193302,13.86168439541439,40.576151908696446,-19.397966298300513,59.97411820699696,321.6087793320787,167.72052867664277,212.58753613375734,340.37872977934495,296.18829137328805,926.1399396548269,-67.5816042122843,993.7215438671112,3177.456624244541,S1,3,74420,74675
33.354622702862194,33.635855991838135,35.30639719663977,11.576304563918594,51.51625463334833,-9.18148146120335,60.697736094551686,225.0811841820105,-31.00403884472405,80.13546059107045,109.2446898942959,104.75281306683712,537.6041331408538,-87.4104473800351,625.0145805208889,833.1366194927988,S1,3,74548,74803
-149.49161496574874,191.43872483142863,235.58836755410982,182.0827723364917,57.892894865311064,-345.3524178522171,403.2453127175282,651.454715139165,-20.24419560082351,44.13937021543237,50.77317905642347,46.56273462728792,49.107171797999264,-87.90329791988852,137.0104697178878,378.35827277728913,S1,1,74822,75077
76.79874276805991,76.79874276805991,78.5205478832435,16.353273346033827,95.64915602188684,29.564859488897497,66.08429653298934,276.79997993473336,145.20612215774332,230.12283774064088,384.8675616668914,356.4242165051766,990.1647918426493,-79.52983156948079,1069.69462341213,2335.045423767192,S1,3,75331,75586
72.71303642259252,72.71303642259252,74.10280939784882,14.28428139111809,91.63179685270019,29.564859488897497,62.066937363802694,290.2925817936522,135.46241906150993,239.86654083687426,386.7479893708217,362.2484510724332,990.1647918426493,-92.71809710712022,1082.8828889497695,2299.2596417808904,S1,3,75459,75714
78.56617781520802,78.56617781520802,78.71992683523973,4.917579125404105,91.63179685270019,67.71306353537088,23.918733317329313,233.55633944881774,-80.91143234961471,80.91143234961471,81.19977449959781,6.836921377290694,-64.09548033509569,-92.71809710712022,28.62261677202453,322.7780512308422,S1,3,75587,75842
-1.6888220064781265,28.142889404765548,34.60138717900716,34.560148653355014,70.92496549199385,-33.596899167046125,104.52186465903998,291.24556425266906,-131.52801570226367,131.52801570226367,135.90592725274553,34.216986247383666,-56.8423889253268,-163.5853655007916,106.7429765754648,394.6892682093984,S1,1,75861,76116
10.319729718684908,18.50185379617189,19.84908465302773,16.95551061149007,41.93641721765068,-30.563002049027002,72.49941926667768,302.5632722070572,-34.60125335513513,39.31515180455373,67.73024473582038,58.22490290440916,58.93778008914521,-151.55811836136922,210.49589845051443,600.0649669818313,S1,2,76125,76380
-1.543638434533681,8.50946157453911,9.87022728428893,9.7487725907907,17.913653661044474,-21.407716624809918,39.32137028585439,268.66392409257884,152.03199697651445,163.2089432652633,334.63418998523207,298.1045336830782,997.5013098319363,-32.31057674934213,1029.8118865812785,2146.662384351325,S1,3,76389,76644
-13.688827703037596,13.870614278705808,15.646811160114277,7.578832073402017,3.7078166311659513,-28.282283264648985,31.990099895814936,247.19151770530362,-7.988209057410157,30.01148620412495,44.01287189148799,43.28188314054327,236.45891306625316,-35.59145303078821,272.0503660970414,486.2933216698257,S1,3,76517,76772
-14.53353839410512,14.53353839410512,15.896838808878272,6.440942932718059,-1.3248552466441201,-28.282283264648985,26.957428018004865,246.9470275661987,-29.009639672109884,29.009639672109884,29.58679281218007,5.815420449565001,-16.43691152618945,-41.970954554584075,25.534043028394624,292.9427352385148,S1,3,76645,76900
-11.497864493309137,11.519547540622828,12.884617518518239,5.814850014575447,0.8537793035446503,-25.29792813401129,26.15170743755594,239.5545225192495,-23.964295263189435,25.160342786914967,27.407280888068698,13.299308185622744,15.27525708239509,-41.970954554584075,57.24621163697917,348.7755878982941,S1,3,76773,77028
-6.358470839829738,7.6285036637343335,10.342200335484916,8.156651050421317,7.579123134670316,-25.29792813401129,32.877051268681605,196.85728141183918,-2.4135619287315464,15.53017439941504,18.029330234753587,17.86704977129625,19.428083632064258,-41.179512369214414,60.60759600127867,325.7023862774988,S1,3,76901,77156
0.6914582369817591,3.3122622291466093,4.241383743433749,4.1846411513502755,9.87068661688527,-10.606218846436335,20.476905463321604,228.29622770391336,12.931933391229123,12.931933391229123,14.03988303010558,5.466572442020673,28.623440667797357,2.058619087957944,26.564821579839414,280.19886475143164,S1,3,77029,77284
-1.2614340338286927,4.215988626689364,5.364742187511398,5.214330533900133,9.87068661688527,-13.732211443066442,23.602898059951713,282.72648032965276,15.073127437672621,15.073127437672621,16.11205841070181,5.69203438829631,28.623440667797357,2.058619087957944,26.564821579839414,316.81794919500066,S1,3,77157,77412
3.0625616357162015,7.293560808284506,9.261724126999828,8.740723656087638,22.12795199470679,-13.732211443066442,35.86016343777323,264.3878150473673,13.172664274842042,13.274124015446592,14.734772733160824,6.602608832893243,23.296745338618152,-2.827085790031669,26.12383112864982,335.522808278537,S1,3,77285,77540
13.837687106077041,13.837687106077041,15.295215235730328,6.516289178790821,25.458072577126824,0.19257894296460776,25.265493634162215,264.29233186629085,5.689325579490825,7.968272267222083,9.860182680290183,8.053246360272725,20.67891271859852,-11.471702924915252,32.150615643513774,345.5360643027807,S1,3,77413,77668
-77.55350855740863,94.81333848972331,100.42281643668568,63.79808282003633,45.12595674673636,-128.6461996082579,173.77215635499425,359.52382500369015,-81.51726554163501,82.10662744738393,94.92819617674509,48.6446075941123,6.730776826410852,-134.62025005648596,141.3510268828968,429.2036540443585,S1,1,77761,78016
21.5954152513619,59.00699429193558,62.546229827568716,58.699820321397006,67.35195826726442,-106.03733991135259,173.38929817861703,376.3901980391842,-15.348715399890567,32.88250667677089,51.39084080476887,49.04523885347342,63.790372359349014,-120.84894643734803,184.63931879669704,502.9450115846295,S1,2,78025,78280
52.86992886866073,52.86992886866073,54.01512451546634,11.063647583147599,69.0683311955995,26.666466680979163,42.401864514620335,232.02212083693712,113.18403795419472,198.35347430758412,341.0246114811402,321.69420135937486,942.0893145500875,-92.46516649513866,1034.554481045226,2138.650238995059,S1,3,78289,78544
61.52041045315541,61.52041045315541,61.6938478272376,4.622765125510559,70.61722250655797,43.98082242153353,26.636400085024434,221.03713254984382,-59.7582670259766,82.42669425712938,91.14147585232763,68.81655427724131,365.49111246416476,-92.46516649513866,457.9562789593034,655.0913297558136,S1,3,78417,78672
-110.85161734079523,149.26925768217976,159.34092708275415,114.46156549917302,78.7828973921655,-199.09448903618394,277.87738642834944,476.7899601024511,35.7607193284427,77.64699138194891,78.58551071238935,69.97752101238945,102.05632075121528,-85.72537920369025,187.78169995490555,431.4583805474451,S1,1,78799,79054
-6.7045887205422225,99.13005645764044,113.95194864661678,113.75453876856766,80.30752678454628,-199.39934276196908,279.70686954651535,539.5508042484782,-15.94779497079527,60.44201814261649,62.75030969222237,60.68994317050639,88.01177451997084,-73.32795194501388,161.33972646498472,441.98521834918813,S1,2,79063,79318
49.58503139632745,49.58503139632745,51.71242446291361,14.679901404906195,74.55415640764758,19.76941552996037,54.78474087768721,245.12445427467932,108.49218069091683,199.39600802093594,341.72823846461637,324.0488168363822,973.025689781941,-88.56522885190851,1061.5909186338495,2234.964716578824,S1,3,79327,79582
58.08449654920257,58.08449654920257,58.95249941835039,10.079109499170988,76.05676491371479,23.160107840237167,52.89665707347762,208.4536563864626,-58.9994967564906,73.05645061705529,77.39140073763326,50.08481097711956,261.91623952659756,-88.56522885190851,350.48146837850607,529.2778172669324,S1,3,79455,79710
-94.67032267891106,115.09426540236137,130.85461265677932,90.33526253588138,60.974092640674364,-173.4924420572394,234.46653469791377,496.616172339995,-58.01987551764449,58.01987551764449,58.61607703493572,8.338976668785925,-41.56883430827657,-76.0299618447958,34.461127536519236,306.71330413080636,S1,1,79836,80091
9.089507504486917,57.46350175352099,71.5675315810904,70.98797384019528,62.885584489357946,-170.86472829489125,233.7503127842492,477.1754316306039,-27.621162987908022,27.621162987908022,31.03633828393901,14.15364438123687,-5.714204341014225,-64.52960065613505,58.81539631512082,289.10116572938193,S1,2,80100,80355
31.78084717579331,31.78084717579331,32.78471149486782,8.050780123105392,50.35762948292468,17.218834207795318,33.13879527512936,273.28866519367097,-15.027058519338436,15.027058519338436,15.596172906904178,4.174700180663286,-2.3055335463713567,-25.979261500748084,23.673727954376727,240.18789941488808,S1,2,80228,80483
10.050376222673423,12.765984905819764,14.47492952692297,10.41698241296908,27.101746247730304,-17.187550194105807,44.289296441836115,263.045330755196,132.40758054729466,144.78621845545823,246.0213964777264,207.35177872027603,635.9067873335616,-26.856462124308297,662.76324945787,1425.988674408333,S1,3,80508,80763
2.6970380757786803,6.859281021142854,8.968903178752903,8.55378336454951,27.101746247730304,-17.187550194105807,44.289296441836115,267.5605792774751,98.65725983948153,129.81856405971587,233.85021280135712,212.02044030754445,635.9067873335616,-39.49730730980247,675.4040946433641,1067.7990855976159,S1,3,80636,80891
-15.255386457436748,27.39176747799504,30.510940098959555,26.423297480756517,27.340570393658854,-52.49047148050703,79.83104187416589,387.1408655503951,-43.43255338744443,43.43255338744443,46.63999915396393,16.997141739967514,-10.492304626742607,-70.62055079038974,60.128246163647134,387.4168467068841,S1,1,81018,81273
27.445179478180982,27.445179478180982,29.754462123729365,11.49304744977933,48.13340463885321,7.762863493606814,40.37054114524639,239.34703800080285,-30.200721070702482,30.200721070702482,31.235435202405156,7.97300815836021,-12.055177952162378,-46.72360247916013,34.668424526997754,368.209615376764,S1,2,81282,81537
47.42858243724653,47.42858243724653,48.24436940940689,8.834520230585596,67.84785524124061,30.756752774278752,37.09110246696186,261.05635397199865,90.55961599991217,154.44182293294725,278.9495264162472,263.8404711900679,859.6677171639699,-72.39030086964267,932.0580180336126,2015.7632253801294,S1,3,81546,81801
57.73501278979633,57.73501278979633,57.963102343280276,5.137074208110802,69.79319128720405,38.9857438161759,30.807447471028155,268.0985083381081,-40.68924912815412,70.82821398850089,82.74790440237994,72.05276322510068,328.11073817774235,-85.96120472331586,414.0719429010582,631.4633814634462,S1,3,81674,81929
65.23503932818495,65.23503932818495,65.56170412785026,6.536565764829383,84.709271119026,55.53743368405963,29.17183743496637,214.39007379025918,-62.86097425396905,62.86097425396905,63.83023138621536,11.08135166212281,-46.06838588405323,-85.96120472331586,39.89281883926263,266.43562657465645,S1,3,81802,82057
-169.32478259555512,196.08434325092344,205.41522566040476,116.29502539697481,84.18239089165229,-239.7999070453224,323.9822979369747,569.5473122747313,-19.16306013500351,19.16306013500351,22.594444461486624,11.97021498493001,-2.425861494473067,-47.01422556725109,44.58836407277802,292.5534943300366,S1,1,82076,82331
19.758111401105722,21.42753682641366,23.692109612242746,13.074138279061504,36.41458876628231,-12.955731229798578,49.37031999608089,318.51058368939215,157.46361356447474,171.89086367450798,334.703526618548,295.35006540393863,918.6480806822979,-26.79526380675387,945.4433444890517,1999.82324212223,S1,3,82584,82839
19.717817610832036,21.38724303613997,24.01097362410834,13.701624832244836,39.85938192611404,-12.955731229798578,52.81511315591262,317.5077790189955,135.98830327106822,170.82300055664928,330.1436877680196,300.83556296841573,918.6480806822979,-50.60508287989537,969.2531635621932,1521.3413496248709,S1,3,82712,82967
28.93416814107072,28.93416814107072,29.588649107938288,6.188866618125249,39.85938192611404,12.656424843958055,27.202957082155983,243.64575529796377,-36.46722471445021,36.46722471445021,37.30693537174398,7.870765430202703,-15.622153623728217,-50.687319968371455,35.06516634464324,313.03362658288205,S1,3,82840,83095
56.37450115400458,56.37450115400458,61.50907615826585,24.602480961896617,86.14188092165364,4.467538547579379,81.67434237407426,322.6898591135856,-126.93376830571815,126.93376830571815,134.8168518766468,45.424685069243814,-28.627739657757154,-162.9743973399903,134.34665768223314,416.08606110439007,S1,1,83114,83369
-21.67150199230828,21.67150199230828,23.08073622232261,7.9414347546154,-3.6320019765179503,-40.37515892828364,36.74315695176569,271.1233434417003,135.5787445759271,157.5439419641213,327.18981355756273,297.7777327387798,990.7195647587885,-43.94954122649171,1034.66910598528,2223.903518021325,S1,3,83623,83878
-22.4057718760223,22.4057718760223,23.63436461893309,7.520942599190912,-6.611916050840488,-40.37515892828364,33.76324287744315,301.0444358990796,119.62475897888487,173.49792756116352,328.62883610061124,306.08304258172507,990.7195647587885,-58.12537088874724,1048.8449356475357,2224.1749196847654,S1,3,83751,84006
-12.192642798612662,12.369424832083023,14.196888998649516,7.2726280549340965,3.0726924470772508,-28.874247464322632,31.946939911399884,256.3019085090933,-47.82421827581422,47.82421827581422,48.19630521752067,5.9772889279076455,-33.32473162707056,-60.97594086753518,27.651209240464617,298.7583569697428,S1,3,83879,84134
-9.633509563632463,10.358204334858696,12.287009183397688,7.626669532653227,5.931917062254983,-25.43744241338006,31.369359475635044,170.74807684292597,35.19715611011587,54.08992397798084,57.06662120168276,44.919477480670686,113.90367276158698,-55.3807455161606,169.2844182777476,670.5179914320535,S1,1,84154,84409
10.590337043684094,11.033143890613195,12.95396277597341,7.459886922901527,27.1913027870105,-5.7432071963261375,32.93450998333664,253.38322596436484,-51.89032104680848,74.7879764105582,79.94978132123504,60.8223816943438,54.84820732553335,-125.21776903685121,180.06597636238456,436.0534884423414,S1,2,84417,84672
-23.034731737103662,40.419836435827065,50.30834264901495,44.72505420779685,27.155937903054863,-98.06437984412815,125.22031774718302,358.5097049727025,114.9501079885244,232.85081292008994,361.05123977778914,342.26374394391405,933.9365610249534,-121.55312829690159,1055.489689321855,2165.083799521226,S1,3,84681,84936
-65.02351221520388,65.11561045953765,67.9029836386743,19.56420318421638,3.997983420348367,-98.06437984412815,102.06236326447652,341.37689287745155,128.1278676260443,210.9331943536967,354.94552922287403,331.0129578323317,933.9365610249534,-88.08767697972564,1022.0242380046791,1767.0129614373493,S1,3,84809,85064
91.85506828284839,104.62592105975946,114.55050936029917,68.44315616230192,146.93181423553168,-31.56093355943003,178.4927477949617,373.54658659688295,-25.277336326933614,30.67641671927567,39.573219128509145,30.448250202730602,33.394619775830975,-79.77407810956454,113.16869788539552,432.9575038212456,S1,1,85191,85446
13.836911440561714,79.38100400675125,91.40075915059776,90.3473223459978,158.36802901758807,-122.7136950898129,281.081724107401,595.2161086222637,18.23813628924146,107.26631910402116,185.6891256904876,184.79129250154824,676.996469807537,-128.41470503713245,805.4111748446694,1701.131954456338,S1,2,85477,85732
-39.61656326521617,39.61656326521617,42.39329368243867,15.090369919210692,-23.311681158108644,-83.8906801427237,60.578998984615055,263.1732187103602,32.418367641217685,189.17983555135393,280.3176343443424,278.43675325625986,854.0080510481182,-134.9870531015075,988.9951041496257,2157.390303417766,S1,3,85741,85996
-44.958199356525796,44.958199356525796,46.94833499072589,13.524291812154178,-25.571122191882104,-83.8906801427237,58.31955795084159,240.69260053841194,44.177648007312875,177.42055518525873,275.6975373912383,272.1350171149153,854.0080510481182,-112.17058198005437,966.1786330281726,2074.615073611242,S1,3,85869,86124
55.08480526974951,88.97461396082325,94.04851637267092,76.22852261650048,118.97118540950396,-59.567140497997364,178.53832590750133,451.959286495891,40.137689071200285,93.10013124966227,95.19858319368831,86.32343921617837,148.16772591712066,-92.7488615898489,240.91658750696956,611.569132835183,S1,1,86251,86506
22.66022820109409,76.60414566146807,83.4305093586726,80.29423360193368,126.73554506052051,-66.01761682444639,192.75316188496691,388.2146927637856,26.294179633714894,53.440760808476256,62.28276439556445,56.46024139288924,97.6184845083185,-39.713708010729725,137.33219251904822,456.59090575291646,S1,2,86516,86771
-71.17300582824457,71.17300582824457,72.36200412848466,13.063800475493194,-55.532834760599556,-116.47198081821371,60.93914605761415,332.1342704374207,105.9750691777952,157.20092448576332,312.2778049580835,293.7459994318227,968.3360860206523,-59.41328852498242,1027.7493745456347,2227.477195436955,S1,3,86780,87035
-63.561383647973194,63.561383647973194,65.9323247109631,17.522041848684218,-39.70043812789581,-116.47198081821371,76.7715426903179,339.7310497430698,98.53496115071353,164.641032512845,313.232552686801,297.3306131122676,968.3360860206523,-59.41328852498242,1027.7493745456347,2232.5577725758935,S1,3,86908,87163
50.574944105356266,68.70911399025893,72.99730364160084,52.63821204870242,99.43905341301496,-43.04725519887424,142.4863086118892,331.52371061024746,-108.69337807034736,108.69337807034736,120.21644635353735,51.35896744999316,-15.195296647489176,-154.90743189581093,139.71213524832174,544.4434813702632,S1,1,87291,87546
52.5040003238526,52.563085899487824,67.85657609392351,42.98656614784807,113.59337779472018,-2.785568162258493,116.37894595697868,333.40026054322595,-57.93498628943719,71.66256646180663,88.14186524427778,66.42684526893588,132.97076920622797,-144.1869102779206,277.15767948414856,698.923841559581,S1,2,87555,87810
24.187268175395346,24.20992041143519,26.17387660599531,10.002393453437842,40.600091512157505,-1.4559128670784252,42.05600437923593,257.47052254483884,142.58974328229294,153.86006078357718,330.4514548905094,298.1045607667621,1014.3151814461919,-27.417178577981154,1041.732360024173,2328.4811506673323,S1,3,87819,88074
34.19398435627887,34.216636592318714,36.812495390231625,13.635660992353131,52.54272512223216,-1.4559128670784252,53.99863798931059,249.41109775327487,134.91973148251597,161.4870289787183,330.8327773393052,302.0711714459427,1014.3151814461919,-34.90740241196145,1049.2225838581533,2281.0374428567256,S1,3,87947,88202
-177.67449281345,220.9947339849633,242.21951253592806,164.62705384178483,91.60370513845677,-307.4387322497317,399.04243738818843,625.4034519606062,-29.0889517951638,29.104342245560723,32.59369209747478,14.703116948580211,1.1970622704320628,-50.29669687398273,51.493759144414796,339.4491402666563,S1,1,88329,88584
-24.141645293125293,138.11689188695408,164.42593771919348,162.64399760635808,101.16842474903399,-286.7964786819463,387.9649034309803,618.4605916445462,-24.874672956298756,27.36441068624583,29.696701628874965,16.221736434537593,25.160934691218444,-50.365486215166754,75.5264209063852,427.00897172415114,S1,2,88593,88848
104.84688737590389,104.84688737590389,105.49271258253675,11.65515403614371,127.34425622360392,73.33185353851864,54.01240268508528,253.03097642374684,78.47720720146866,143.37558745191166,265.1767026502593,253.2982660389166,854.1038422947253,-65.95995852902546,920.0638008237507,2001.0129197017868,S1,3,88856,89111
108.2359454096785,108.2359454096785,108.61014986351545,9.008039445316502,127.34425622360392,82.54521375701817,44.799042466585746,257.5961735556574,-6.6094123453225215,89.1449988691952,146.4480985211878,146.2988763761398,727.9546800303808,-72.30254595326284,800.2572259836436,997.2453701272898,S1,3,88984,89239
102.60951618636633,102.60951618636633,102.79470211409549,6.167493066510263,117.62516025110229,89.21242356948846,28.412736681613822,271.50223308635327,-49.36195391762725,49.36195391762725,50.69725340538082,11.558936295500581,-28.320343952489548,-72.30254595326284,43.982202000773285,250.27079203079077,S1,3,89112,89367
-142.6553958483139,203.89567748082234,217.83948012134576,164.63133703793775,108.27657013080822,-274.6657614360371,382.9423315668453,559.2511412581612,1.7673246631729471,20.73499961763966,24.619778827912242,24.556263418326832,55.5214110907707,-48.21143641979019,103.73284751056089,389.4237827008764,S1,1,89407,89662
-19.249967722171903,116.16753701474768,143.06082548496903,141.75979165876376,81.62600726829731,-268.91284094376164,350.53884821205895,577.0042534181164,-20.027521641274486,20.067989716406203,23.653974275310134,12.586058792382776,1.8822724486329998,-40.84081991995633,42.723092368589334,360.332257814183,S1,2,89671,89926
53.858440592349,53.858440592349,55.47949502804514,13.313254505465522,80.55593688311357,17.083121659762945,63.47281522335063,260.31512745071444,132.41531804762116,179.02417204341313,345.57347662498296,319.1977620426324,1010.3542983711884,-77.59953014161918,1087.9538285128076,2304.288074947215,S1,3,89936,90191
44.77543377491358,44.77543377491358,45.84502379535388,9.845137737222949,60.88052730563917,17.083121659762945,43.797405645876225,255.06464919163403,37.783046327305186,153.08486919572115,273.77926667865205,271.1595992645829,1010.3542983711884,-94.63710008348048,1104.9913984546688,1416.3548750860132,S1,3,90064,90319
-65.39742211956572,74.24864774643888,81.58354863718873,48.77553268137496,25.92521936545451,-115.38851638122348,141.313735746678,325.2689065153179,-72.15231033781313,72.15231033781313,72.93069040149443,10.62683938687966,-46.91959144356864,-89.61265724253141,42.69306579896277,326.7369398501122,S1,1,90446,90701
10.36747832376949,54.26595525517522,59.29110239626996,58.37765168770614,49.97142907296839,-103.71107230691783,153.68250137988622,337.86174769706554,-18.072079493865573,24.2396974040749,35.53141402371795,30.59217751799083,21.038011169590163,-80.90417909299546,101.94219026258563,387.0939397637876,S1,2,90710,90965
25.590477580785517,26.566795627348633,30.99783792240307,17.492667408113707,61.86663911503333,-12.650313404549163,74.51695251958249,315.0888231728876,131.89560280866877,158.3633970636777,328.86604379383243,301.25806996717085,962.5844641511254,-51.41007688761926,1013.9945410387447,2197.1421442707565,S1,3,90975,91230
13.70919406595885,14.685512112521968,16.458978514461933,9.108016897294284,41.06747846275677,-12.650313404549163,53.717791867305934,282.19420536367943,106.84130464248193,183.41769522986453,331.72684313401015,314.0503686957692,962.5844641511254,-75.91289815106629,1038.4973623021917,2215.1850379767698,S1,3,91103,91358
10.466916545574772,10.927204684844506,12.910949709157084,7.558854438362762,25.63657372809703,-6.75244817338097,32.389021901478,264.5072335527659,-57.47206459726645,57.47206459726645,58.18557676599132,9.08422448636655,-38.097294811364776,-75.91289815106629,37.81560333970151,269.35276099116936,S1,3,91231,91486
-28.404104820409135,30.3199569638401,34.57157853670047,19.70788856956674,9.440021596584957,-54.54806355657865,63.9880851531636,238.36574149158477,6.377273420834291,9.686677246118268,11.125503278412511,9.116315424220907,23.893993151919414,-11.823344183894829,35.71733733581424,282.90081291343745,S1,2,91754,92009
-50.692852861270644,50.692852861270644,52.63983468546657,14.184035550534045,-23.059618614521614,-97.13656607861839,74.07694746409678,299.23187622247735,118.19835371592414,129.50987286848672,287.79785605138835,262.40570711518626,945.6889031577172,-20.67374981072881,966.362652968446,2109.062135842075,S1,3,92018,92273
-36.82854165836897,36.82854165836897,43.35213615445567,22.87064119066721,-7.4547987134929015,-97.13656607861839,89.68176736512548,318.4445014267935,104.6504408519547,142.97159176614002,288.91905560687263,269.3000295623056,945.6889031577172,-54.986333528405034,1000.6752366861222,2124.5025173621652,S1,3,92146,92401
-16.245045688919518,16.245045688919518,17.04264825673254,5.152703190328936,-7.4547987134929015,-36.40955066131632,28.954751947823414,198.9763761351828,-43.38749507713826,43.38749507713826,45.039840841919215,12.08770176653597,-3.192018255180364,-60.22429606026314,57.03227780508278,320.91655871299974,S1,3,92274,92529
69.64175727067861,75.33572825951435,85.05642637434019,48.832584529445484,113.20391510477447,-22.660699182067535,135.864614286842,313.5678013628851,-86.39684836453398,86.39684836453398,90.20171957126438,25.921705312126747,-35.38925817828432,-115.85284614002802,80.4635879617437,364.9431493336936,S1,1,92548,92803
40.16375277595892,43.239422094060274,66.67119538152141,53.21579893746457,118.84536949094777,-14.188171401106445,133.03354089205422,381.82807014296753,-51.37391567285188,51.72061639979082,59.61904325715307,30.25146454862958,5.673001618119709,-101.91219169400999,107.5851933121297,374.49371421009823,S1,2,92813,93068
-10.73596206074538,11.123410978746602,14.987753290087486,10.458100559602785,4.928626065709283,-37.712258759504024,42.640884825213305,276.9503495135506,147.37879653658334,195.77387544356702,364.65202287618666,333.5424832298329,1006.0621384334197,-46.665022735237905,1052.7271611686576,2197.2897650200016,S1,3,93076,93331
-8.323334253025305,8.840074103495027,13.393283375567178,10.49295699460642,6.19256650021825,-37.712258759504024,43.90482525972227,239.8562402013016,145.92172366564336,197.5185694168548,364.87110648610275,334.4215527008398,1006.0621384334197,-54.78156813779507,1060.8437065712149,2256.789486431589,S1,3,93204,93459
-2.1898417631330735,3.699182368861517,4.427774454075318,3.8483476543316884,6.19256650021825,-10.99072418829754,17.18329068851579,220.39002423802287,-38.58619351454121,38.87381461688901,39.50063035879837,8.45017566686054,18.783416281424238,-54.78156813779507,73.56498441921931,323.1142580243679,S1,3,93332,93587
-49.832549431203574,49.88770994097442,58.97608203537418,31.541960456348274,1.9719693793448747,-85.16015122272177,87.13212060206664,378.50500131285423,-29.779372223032944,29.779372223032944,30.53921991515479,6.770003177860479,-14.08404627919037,-44.61935389554038,30.53530761635001,287.2881892193235,S1,1,93607,93862
-8.31718181383844,8.31718181383844,9.102641787634857,3.698996375985172,-0.13509040900409863,-18.338505116183,18.2034147071789,218.74663012110193,-57.54336420209607,57.54336420209607,58.63927653856296,11.283881835210245,-32.59931719617967,-73.99481247047109,41.39549527429142,246.49322120692733,S1,2,93871,94126
-18.8946396815486,18.895926116755955,23.990621627760717,14.783183601336665,0.16466370654136153,-54.30187389091559,54.46653759745695,262.53287027693693,161.68828449445004,210.04103234346312,371.20206207131963,334.1375009531879,967.5582763289418,-67.84280896118327,1035.4010852901251,2167.47075704824,S1,3,94135,94390
-12.239022650660374,12.239022650660374,15.991246268187181,10.292049444422268,-1.484276185411942,-52.19062636193731,50.70635017652537,248.28475493317714,18.67856403834066,69.03972042046897,137.50991068954124,136.23540943275805,689.4781649613734,-48.887970829400544,738.3661357907739,930.0340165184036,S1,3,94263,94518
122.25451351242381,138.79648707806828,171.78418665579076,120.6799101376536,247.72249316768887,-30.688120409167336,278.4106135768562,713.8660834792349,-84.15779965047025,84.76656217897585,96.95210792619808,48.13705422358611,15.904896023767995,-146.5839841692863,162.4888801930543,449.8309944234268,S1,1,94644,94899
-39.07758815759827,39.07758815759827,39.785263453344314,7.470561681503615,-19.949768940166734,-52.74653690714192,32.79676796697519,270.1211208056448,-20.099842817304605,20.099842817304605,20.816627386590675,5.415560402378069,-6.817324370696663,-33.304267754313614,26.48694338361695,334.85333063085943,S1,2,94908,95163
-32.99014212305927,32.99014212305927,35.506520739667835,13.128729479154188,-17.10720218853919,-71.97879724635357,54.871595057814375,258.50125412701,85.11390205794808,125.27514822642513,241.52465446858588,226.03048996239386,808.7173572762896,-41.98719835959177,850.7045556358813,1847.1286116673446,S1,3,95172,95427
-34.42478655593676,34.42478655593676,36.54953779628711,12.280178488133437,-17.02105500002056,-71.97879724635357,54.957742246333005,234.95007525119945,92.18978065455914,118.33585262026105,240.8425870628202,222.4998788448578,808.7173572762896,-41.61441171867458,850.3317689949641,1833.979021748184,S1,3,95300,95555
53.666398024366444,81.25563789367446,100.41927719440142,84.87607999510998,159.51932816549342,-42.283627917607376,201.8029560831008,569.7453243263955,-22.373887147894088,22.890804559393324,25.720554682280998,12.686847798310927,8.744605499738936,-41.5464194627653,50.29102496250424,252.84163920023437,S1,1,95683,95938
-17.208946324545312,17.208946324545312,18.936527051822807,7.902165727402544,-6.4611673309577835,-37.19631213648278,30.735144805524996,219.9929351941453,-23.163007797952723,23.163007797952723,24.28179437338687,7.285643948438846,-5.987682366733125,-41.42223703217429,35.43455466544116,263.39429075777826,S1,2,95948,96203
-33.08213044415547,33.08213044415547,38.85871168277133,20.38558605781622,-7.954529587326215,-88.4154551372268,80.46092554990058,311.8256990064162,111.78527021488986,129.085916283434,273.75334936195617,249.88987504473505,885.9703750763467,-28.82382146010621,914.7941965364529,1946.5071261212317,S1,3,96212,96467
-39.172298484955995,39.172298484955995,42.471303037770106,16.411660888880643,-20.304894617304964,-88.4154551372268,68.11056051992183,304.3010222438682,110.29844968713896,130.88583852385634,273.8793687728229,250.68737629967245,885.9703750763467,-30.739740080624927,916.7101151569716,2029.4525069723406,S1,3,96340,96595
140.19368649299474,169.26365505759026,215.70082977797034,163.92857662533658,329.6182465722307,-42.77046571542992,372.3887122876606,889.3749001546419,-69.83131973791721,84.02727633135382,107.36370291196722,81.55091346287873,65.09787789239009,-176.66052392956118,241.75840182195128,680.6324427596917,S1,1,96721,96976
-35.28036435422038,35.28036435422038,35.74992834150827,5.775228779575099,-18.003719704661798,-48.846483983516805,30.842764278855007,236.28463671247778,-10.040456053571647,15.592270972710013,19.670042106073947,16.914484878086544,20.035668810447817,-44.43236234947273,64.46803115992054,403.5645395501606,S1,2,96985,97240
-38.31207592844292,38.31207592844292,40.24913653973722,12.3360378666586,-15.281255330444836,-72.84842115564798,57.56716582520315,302.104117241424,95.0275652559512,176.0262536932862,314.0760790525644,299.35521587999534,917.5791671074265,-94.25371547371535,1011.8328825811419,2226.4485772031526,S1,3,97250,97505
-31.42056881918326,31.42056881918326,34.704883915298794,14.736920392447459,-14.659724974023698,-72.84842115564798,58.18869618162429,300.1988720589026,70.77840246195788,200.27541648727953,319.84160338227997,311.91195712745736,917.5791671074265,-109.81340588342051,1027.3925729908472,2157.8979193774007,S1,3,97378,97633
0.9781077791515829,16.85246053738848,18.903278276780128,18.877956318991487,23.40417644431504,-33.59989467923459,57.00407112354963,183.41816503622312,-13.895296746264691,50.950580277085415,63.67167245532785,62.13696646595971,58.68713343837446,-118.55474092713834,177.24187436551279,495.89172482366314,S1,1,97759,98014
17.949735612206258,17.949735612206258,18.51634400527178,4.545545816891354,28.366793671438813,6.023668268385946,22.343125403052866,204.63723262386958,11.57015564152128,14.344312687057394,18.08845332149416,13.904087240622685,43.125267339093526,-9.999061491075205,53.12432883016873,338.61572498397214,S1,1,97887,98142
3.9629754190141706,12.828898789920494,17.426199821296247,16.96959828752687,25.342585597839875,-58.26776533348019,83.61035093132007,316.3071913500394,54.27075901930827,123.65580939459021,229.9960892519782,223.5014223370225,793.3437906609468,-107.52697744274748,900.8707681036942,1997.7079388679754,S1,2,98231,98486
3.3287553651167068,12.420349942680378,14.561760853443715,14.176186612488301,22.026593551644126,-38.34789227286488,60.37448582450901,309.71626427150136,114.8450304687141,260.389843986207,392.08990546830637,374.8934687971845,961.4735247198437,-131.10529942248542,1092.578824142329,2429.6509621381083,S1,3,98516,98771
1.6072826950884413,10.452491698623552,13.212774597934146,13.114650392362089,20.757785525493922,-38.34789227286488,59.105677798358805,297.44392436688145,23.127485287244596,212.94382966420483,322.4630558361369,321.632619308844,961.4735247198437,-140.83171598908675,1102.3052407089303,1326.9197212079555,S1,3,98644,98899
-45.17016043800213,68.31702324875427,71.27260909090893,55.131129252271464,48.2168700433796,-96.0259978919928,144.2428679353724,365.26120289908937,19.751980355527998,91.6415220039978,95.27268972117524,93.20270746465557,130.98410902425286,-133.7772694280784,264.76137845233126,614.0501462850243,S1,1,99026,99281
0.4677877124454568,69.2609814511982,70.02442590890483,70.02286339851997,81.69827643669296,-88.4152456355966,170.11352207228958,439.28280774477815,2.245533551840275,70.98828833917341,79.61835828635343,79.58668579154244,194.0499759973978,-123.10273030537583,317.15270630277365,811.0400720352374,S1,2,99290,99545
71.03106735508665,71.03106735508665,72.18249436953312,12.841338084671074,91.86125357614688,32.694915950932696,59.16633762521418,261.07522482778995,69.75153417447115,231.72173223164637,332.67920794009154,325.2847658221243,843.8959941869074,-134.45493747924897,978.3509316661564,2176.1864358643847,S1,3,99554,99809
77.15005323732454,77.15005323732454,78.54050648057871,14.713274404557746,94.08072366965253,32.694915950932696,61.38580771871983,246.95080761780162,64.36161948903208,237.11164691708544,334.55937227686024,328.3101514041803,843.8959941869074,-140.40709176704232,984.3030859539497,2021.9880067992442,S1,3,99682,99937
-115.49475531231138,168.04063036330228,174.44472252633017,130.73608037813298,109.87007748760554,-212.9416755772306,322.8117530648361,522.2890876885575,5.309224494262139,75.70400883186541,84.33244001635583,84.16515059323415,113.26087747395214,-143.78361063084137,257.0444881047935,663.1550498112874,S1,1,100064,100319
-72.40884449345205,139.0565673462551,160.45384750861615,143.18657904790282,122.11658477949229,-242.9252400231421,365.0418248026344,593.9972194025142,51.585345143706775,107.02956314982771,146.88804018140618,137.53199087753745,477.3144882606184,-127.09759854528907,604.4120868059075,1265.1763068585333,S1,2,100328,100583
32.24133014392612,34.42518427854544,39.679600015479636,23.12935986876448,61.013684846063995,-19.860333749978835,80.87401859604283,311.71902427126213,131.64353588546948,277.87110120420743,404.1389470032382,382.0971969858681,941.4732179578009,-143.83758544108878,1085.3108033988897,2264.8607939576364,S1,3,100591,100846
18.00598216860244,20.18983630322176,22.067119519773183,12.757051777112352,44.80308298383869,-19.860333749978835,64.66341673381753,304.5465988981381,51.966744896339875,267.7048334510531,375.69103557470214,372.0795770209255,941.4732179578009,-169.22136091040278,1110.6945788682037,1393.1952854435988,S1,3,100719,100974
39.32333066434872,48.342610813168335,55.39893348270668,39.02201297323924,90.41248419747615,-24.821211094320052,115.2336952917962,379.38184260978494,-12.12331991238517,93.0715585650136,102.22707488675857,101.50566464096923,82.2755346073312,-160.04807702576727,242.32361163309847,620.2179814227982,S1,1,101101,101356
-2.0540132296448164,44.36507540063772,45.32485325863449,45.278287871442245,57.496908110889,-52.848721026110496,110.34562913699949,314.7476396237489,-23.736929023862206,78.3424333656472,80.81174581083798,77.24698351075993,72.32147950829429,-110.87504941430589,183.19652892260018,537.6079047827577,S1,2,101365,101620
-33.84758561061715,33.92994033857751,40.4614783510041,22.16917180863362,3.30409032118245,-82.50469085552545,85.8087811767079,332.12077904722696,151.4426949221766,269.5860449425734,397.8497821255716,367.8988438308462,952.4794365114068,-119.06037802834905,1071.5398145397558,2327.1797871970944,S1,3,101629,101884
-48.00444444627087,48.00444444627087,49.13909905608528,10.498779426612204,-29.401235136895984,-82.50469085552545,53.10345571862947,251.6605640187986,134.94377973394577,265.42847395383836,395.83837496710737,372.12658519342125,952.4794365114068,-108.14470491033961,1060.6241414217463,1926.0770055539824,S1,3,101757,102012
-42.51027247097197,42.51027247097197,42.765215785204035,4.662661857650323,-31.52929338213004,-54.65726077032673,23.12796738819669,182.8442230549046,-88.00486424699224,88.00486424699224,89.04574202365764,13.575273161607235,-58.354988518599434,-107.84275555579327,49.48776703719384,266.9335661866667,S1,3,101885,102140
6.636424445677424,78.27262014116972,92.81662884109953,92.57907139307049,171.20006032396995,-63.5594961343013,234.75955645827125,430.59502247295154,3.225610612409456,5.131579860283761,6.450424014042958,5.5860009074519095,17.942940139975146,-11.962980457082635,29.90592059705778,304.4873952019648,S1,2,102403,102658
-49.38402301490301,49.38402301490301,49.655210620703556,5.182490969597685,-34.30162738634657,-63.5594961343013,29.25786874795473,231.39586551385008,3.1346893277662997,5.682154435344046,6.960062526041415,6.21419288281222,14.639552768589454,-15.660418099731093,30.299970868320546,261.25340281250703,S1,2,102531,102786
-39.15609048148326,39.15609048148326,40.35219910800879,9.75195114109385,-20.786439086480588,-55.60567127974548,34.819232193264895,225.66047588160268,5.806879245302218,7.707139857601865,8.607109246004372,6.3531474879096175,15.13096464407729,-15.660418099731093,30.791382743808384,260.1618360727032,S1,2,102659,102914
-30.86026431553619,30.86026431553619,31.32051969075009,5.349676632648693,-18.843528193366044,-41.305782914558876,22.46225472119283,228.9039275088175,9.224210858127645,9.22492822615321,10.145417278497902,4.224147937708128,21.94090760281233,-0.09182310727231532,22.032730710084646,236.62688434934023,S1,2,102787,103042
-26.55587196875813,26.55587196875813,27.425116937103134,6.850014816969915,-13.885802917285995,-41.305782914558876,27.419979997272883,232.80068397793116,6.114159633576579,7.929069629644764,9.364894637534935,7.093539564087403,21.94090760281233,-9.137107728518533,31.078015331330864,270.04716335657423,S1,2,102915,103170
-23.3462163800152,23.3462163800152,23.95907474113406,5.384370268541909,-11.672510238958875,-37.48027115205405,25.807760913095176,249.2784992193254,-4.0407987137114745,7.614215243684006,9.198477808488201,8.263409692646105,16.28467682939963,-19.061116645179805,35.34579347457944,269.51053763817475,S1,2,103043,103298
-21.110431498680544,21.110431498680544,22.08362631600466,6.483535548175064,-5.361812122065087,-37.48027115205405,32.11845902998896,280.35501470721266,-12.852528187079956,12.896044067222743,13.978972959832936,5.497654428213503,2.3210805422767193,-26.711766212163845,29.032846754440563,207.1757985708957,S1,2,103171,103426
-15.13256255711787,15.13256255711787,16.53739434512816,6.670154584504851,-0.7106468064468645,-28.33357787796599,27.622931071519126,252.90047482381908,-19.676780229947422,19.676780229947422,20.328893628165197,5.10766442981583,-9.14699148379406,-32.468633667445275,23.321642183651214,196.97098919327618,S1,2,103299,103554
-6.352693854145794,8.018091310319871,10.727693015382544,8.644459394767592,8.295582585436401,-27.234451500563647,35.53003408600005,220.85688116443507,-26.853541969273536,26.853541969273536,27.260836727710792,4.694731387350123,-16.33358107612495,-37.58543207816165,21.2518510020367,240.3506885203915,S1,2,103427,103682
0.35395293859889704,4.075168496766126,4.901268916877261,4.888471572261048,13.144035052869853,-11.314968059662517,24.459003112532372,232.00788145797048,-28.985109679326822,28.985109679326822,29.23348436763118,3.8026339752770277,-18.17470466669416,-37.58543207816165,19.41072741146749,289.5162145354571,S1,2,103555,103810
7.281788855242601,9.325301372513756,11.02071411548292,8.272344932536912,23.480218140131164,-11.314968059662517,34.79518619979368,257.95941589301435,-28.4420371776041,28.4420371776041,28.719639459290114,3.983492419899876,-18.17470466669416,-36.78414210345702,18.60943743676286,338.757901401719,S1,2,103683,103938
12.193804360453012,19.975083390443082,21.76617582522348,18.029906967966866,36.21955663998564,-34.03264684797392,70.25220348795956,307.2517971281256,156.57396075604686,189.13524664545056,356.39913032987806,320.1639188182474,988.0365870376573,-41.369105198716085,1029.4056922363734,2193.9740944446635,S1,3,103963,104218
9.843816648334755,17.625095678324826,19.379052752843236,16.692721749057238,31.751105127004635,-34.03264684797392,65.78375197497856,260.3579386775985,148.13739424980554,197.57181315169188,357.35968038920373,325.20955335406666,988.0365870376573,-65.34556229144457,1053.3821493291018,2238.727467952654,S1,3,104091,104346
24.97142797750861,24.97142797750861,26.765105409319926,9.633205714408213,40.48565976477408,6.104596604878476,34.381063159895604,199.50201259974824,-49.189089908099305,49.189089908099305,50.8315940029614,12.817346952268421,-14.402861992215325,-72.18256460120958,57.779702608994256,387.81149711853516,S1,3,104219,104474
-29.45319081785933,35.61440899992117,38.907165520556205,25.421980243299785,20.72064074865829,-59.73159468808054,80.45223543673883,319.18142610086886,-29.30357652960747,29.30357652960747,31.229979089733483,10.798703464704872,-12.275643382552811,-58.635272281601736,46.35962889904893,329.72789559931897,S1,1,104494,104749
12.295644665485568,22.65263389774408,23.9219856424299,20.52019783863544,32.54526451594497,-42.358973729899596,74.90423824584457,287.27435939836846,-38.51372948273206,38.51372948273206,39.29755757392943,7.809652527944761,-18.592032107755287,-50.724124136170886,32.1320920284156,240.55235181487086,S1,2,104758,105013
49.60800630116945,49.60800630116945,51.864856793654205,15.133045993764453,73.32083187956594,20.81175448273673,52.50907739682921,256.4358565137535,50.094719507153044,101.37098054823083,215.37614760951308,209.46933913251945,809.3717246409632,-43.44682724674989,852.818551887713,1648.501619391517,S1,3,105022,105277
57.36587707590186,57.36587707590186,58.20694813642693,9.859257511050812,74.67392473762104,23.999671859559772,50.67425287806127,318.4291400446479,33.97265064744597,122.36923049093537,221.24846245533863,218.62465814001396,809.3717246409632,-93.32178849041121,902.6935131313744,1886.7351368615236,S1,3,105150,105405
-170.61748751206986,200.628782081326,221.67911021854718,141.53197823232557,66.63335600818496,-279.22144742331943,345.85480343150437,569.0589849468024,17.546473174480447,48.37831457930851,49.61640768307819,46.41022721890788,72.29252114045485,-70.54623754917876,142.8387586896336,417.6202457319582,S1,1,105532,105787
-17.71574559896505,121.58898964593368,138.7889178315209,137.65360899997287,90.11721413961541,-232.1533137541583,322.2705278937737,570.1719195653893,-15.401521362938968,44.17626219864225,47.25863867075524,44.67854147932693,56.59885254133049,-71.2351071583268,127.83395969965729,410.22340501042254,S1,2,105796,106051
72.40915222712391,72.40915222712391,74.45282700452056,17.324494876164817,96.04941129963156,24.8194308540885,71.22998044554306,265.3363427916263,164.28404047264428,256.306961608782,421.7473079696101,388.4347381808118,1036.6664181206568,-84.12574815880521,1120.792166279462,2390.3817641155274,S1,3,106060,106315
80.09918433105999,80.09918433105999,81.39429077224297,14.46206208724433,96.1828905576431,24.8194308540885,71.36345970355461,273.8633478611353,-22.997262198663304,104.89172152201691,161.88088767717866,160.23903309280567,779.1440574032455,-90.47897628582874,869.6230336890742,1148.272370433911,S1,3,106188,106443
-61.07479957190837,100.44613008502853,103.33769307167341,83.35794903083091,79.51410847925541,-129.14100019143712,208.65510867069253,424.2425314720526,-91.83716832264244,91.83716832264244,97.32759160562624,32.22723385942713,-30.358929345773124,-128.92681619462067,98.56788684884755,403.8942142330257,S1,1,106569,106824
-19.279224607831086,84.26053493190982,91.75627058452265,89.70799680129379,64.77552083052863,-154.19184538874168,218.96736621927033,476.88210778294524,-50.48957164294486,56.994701818974036,78.47714442133348,60.078826152304025,51.020204683109384,-137.77734279548463,188.79754747859403,581.7432524024535,S1,2,106833,107088
40.32323169219393,40.32323169219393,42.54088667758172,13.555959029611184,67.29124244769832,10.265926314833004,57.02531613286532,288.76520014456264,153.85640513085696,173.41898001636122,342.3923347126258,305.8769645955256,994.0264345254692,-34.58828631883711,1028.6147208443062,2174.0356872759867,S1,3,107097,107352
42.00100256085997,42.00100256085997,44.02455284313232,13.193825712066369,57.6113279371559,10.265926314833004,47.345401622322896,221.4538493515747,144.4194257378797,160.25203246732485,336.04305487459453,303.42703274261964,994.0264345254692,-36.15266827011075,1030.1791027955799,1482.5658938752006,S1,3,107225,107480
53.785864452393255,53.785864452393255,54.10407260725248,5.8593052318195396,68.04750347107678,43.088893710945364,24.958609760131417,220.7221178647517,-30.64263844054227,30.64263844054227,35.31294362823065,17.55086029494842,-1.398664856208719,-59.577864996001345,58.17920013979263,329.70317627139553,S1,3,107353,107608
-112.56463000417364,148.2599879917188,158.99982861151454,112.29492228286409,75.03353008987034,-197.6334676970615,272.6669977869318,527.1453472601587,-66.91280268341177,66.91280268341177,68.5975981380218,15.109841407385272,-41.44435564350026,-89.74465356541933,48.30029792191907,309.2684119250185,S1,1,107610,107865
-29.200733532801863,114.14354346302552,131.2546653681568,127.96524661818582,81.31562116606378,-215.07319381378065,296.3888149798444,462.16126136294497,-36.16200156279431,36.36485057448482,48.33050680462321,32.06473968339977,4.44808190355841,-88.77265871225214,93.22074061581054,415.70202732602877,S1,2,107874,108129
65.80644710006439,65.80644710006439,67.12706698347745,13.249703463500419,86.2748514050235,36.60933250841567,49.66551889660783,244.08995887829064,157.37449621764839,171.4672203407412,309.18942799098767,266.14163582881116,829.473034054464,-22.003724268095695,851.4767583225597,1830.6596170540854,S1,3,108137,108392
60.75723649037641,60.75723649037641,61.56666399599257,9.950493939896747,78.51070114705863,36.60933250841567,41.90136863864296,251.00267432186524,160.3161393902151,167.63323640488974,308.9278392950429,264.0741284990276,829.473034054464,-19.857182643977925,849.330216698442,1729.7947173348011,S1,3,108265,108520
-50.68211241449413,85.30611575300931,86.343492008225,69.9036629467941,81.19906982715226,-105.35167702510614,186.55074685225838,412.76894144430923,-65.04891733374103,65.22621849335023,73.71161653939993,34.670459566606034,3.010110493799283,-95.12131084064711,98.1314213344464,324.4788839087217,S1,1,108647,108902
-23.29669229062537,87.68680761992574,88.4985958286544,85.37719597152066,94.0448453244915,-105.35167702510614,199.39652234959766,410.93978896648116,-30.568903254963985,70.73341423096777,73.18030928422937,66.48984750113449,79.46750711774413,-95.12131084064711,174.58881795839125,434.79975673302124,S1,1,108775,109030
57.38271222204436,80.35545751414753,81.5695017947679,57.972475892346395,94.0448453244915,-128.95176777720994,222.99661310170143,595.5401682304905,32.40601462596709,51.75657458907719,54.19640181758795,43.44076640708652,79.46750711774413,-87.9475671390718,167.41507425681593,546.0855160242556,S1,1,108903,109158
-22.18364149486291,95.53169590175443,97.62782720073153,95.07406951405463,89.20464769431133,-133.5152227364596,222.71987043077092,461.13776761171965,-29.896899910554424,73.89497814959492,79.9767205922075,74.1785091008327,67.87714768056016,-120.97176872210592,188.84891640266608,564.5007536766528,S1,1,109031,109286
-121.43754835485672,121.43754835485672,121.95443378786027,11.216317135291336,-99.30157129693843,-142.24419118690452,42.94261988996608,300.9440772030823,-104.12749952821548,104.12749952821548,104.76715483788725,11.559436613751028,-64.19267603215208,-120.97176872210592,56.77909268995384,502.62534313398777,S1,1,109159,109414
2.8922624551234257,54.027923168655526,65.32810832387659,65.26405254860317,58.186771716715334,-133.70505050376707,191.8918222204824,451.7622519052363,-5.957406506759711,34.84508657650386,49.41203268914033,49.05158796803515,93.83496724353424,-103.87753489907927,197.71250214261352,562.8967067053768,S1,2,109423,109678
43.039077927409295,43.039077927409295,43.628739293487385,7.148752583316886,55.504940187970206,19.312240160953696,36.192700027016514,284.45741304391606,51.11326332960834,62.699217041375626,92.94435103560023,77.62787322364949,275.57575693683145,-23.157468824536057,298.7332257613675,777.3824397296532,S1,3,109687,109942
38.51906366234895,38.69708803576223,41.12062015898925,14.393996555362284,54.13388760556601,-5.5696862999010275,59.70357390546704,344.1546327989155,196.97798656614157,196.97798656614157,333.47383163397603,269.0807856257937,981.9415801534043,11.515370574994042,970.4262095784103,2206.7562091054383,S1,3,109815,110070
37.493997059326766,37.672021432740046,40.035753874483234,14.037869240500672,54.13388760556601,-5.5696862999010275,59.70357390546704,298.2186357916629,141.39499490786238,165.3285522615337,324.8627544937917,292.47780201632247,981.9415801534043,-56.38761394166911,1038.3291940950735,2199.073215837122,S1,3,109943,110198
-9.188033196975447,21.402390580931062,24.474663869534346,22.68455901043631,23.491542055613515,-45.086804808153765,68.57834686376728,296.6327088262202,-62.58389957837849,87.50698552195942,112.99336045786157,94.07845141754659,122.36899531553627,-183.3181634310841,305.68715874662036,704.4713804356288,S1,2,110461,110716
-5.36542841957357,8.232217852452342,13.403392088147354,12.282633974154052,7.072631095880623,-39.6836624731869,46.75629356906752,215.08905967847204,169.72535065104927,194.92588373515707,384.40401773413447,344.905427902379,1047.554884501864,-42.59168309842837,1090.1465676002924,2307.7435547705627,S1,3,110725,110980
-3.1335346868326264,9.927096178198765,14.136565365979333,13.784899009895689,22.116831995597764,-39.6836624731869,61.80049446878466,227.9416385739196,96.53829209026182,157.26591909038362,329.5881629444516,315.13285343390277,1047.554884501864,-61.15307866289695,1108.707963164761,1480.6419290529086,S1,3,110853,111108
6.4643662716530494,12.739960084547917,14.28859840209331,12.742684685819466,25.785654031964057,-28.826678407971382,54.61233243993544,286.88905221122934,-28.91314147372006,28.91314147372006,33.02782565718173,15.964570703963222,-0.320686341551232,-61.15307866289695,60.83239232134572,491.17531938133766,S1,3,110981,111236
5.0451267155849155,8.801055855356843,11.458748761202168,10.288324430928665,37.61347518686162,-13.428006763285694,51.041481950147315,275.8123824651968,-92.49414192185316,96.86496551333735,113.3588928880234,65.53680116498249,13.0856046758786,-159.34678378250072,172.4323884583793,599.3342192899896,S1,1,111256,111511
-42.53278596905891,42.53278596905891,44.038087739454795,11.41557223524709,-27.815063132625475,-77.43510644044022,49.62004330781475,311.56433298912816,167.79034554913733,168.0258637471098,353.78173293708437,311.4609357535349,1035.6023488563262,-3.6602311880368132,1039.262580044363,2250.890368544288,S1,3,111763,112018
-13.856028605634588,29.094570804972854,31.309300120480064,28.076373435935935,26.002345581629136,-54.224824588339914,80.22717016996904,336.39885757339744,23.950639353536456,24.328367190511443,67.18173493514976,62.76744684510875,401.8833017097876,-4.15316647851053,406.0364681882981,644.8263875276632,S1,3,111891,112146
15.579084226621152,20.717012221447412,21.946729897515592,15.458042820950807,31.98718113707434,-48.37810791352466,80.365289050599,281.53246289249796,7.67136581676638,7.9321081060427705,9.45848429419748,5.532908064384289,27.547294484447388,-4.15316647851053,31.70046096295792,309.2238292224081,S1,3,112019,112274
50.109961526738076,50.109961526738076,56.8377199373512,26.823835733645563,97.91290664173059,6.399143957083059,91.51376268464753,406.99887518654873,-85.46095613363765,87.70101666746993,111.15504442474023,71.0765001796686,20.794824735937517,-158.44983626832177,179.24466100425929,345.54215580334323,S1,1,112293,112548
-1.0841640038455562,27.808741827015687,32.28819054585431,32.26998353173056,62.92560118382106,-34.2414784798816,97.16707966370265,317.3424821839746,-50.94574515866777,60.44658370323872,80.47029736955358,62.28964447620857,81.86463972937375,-158.0991638616188,239.96380359099254,478.79625559688293,S1,2,112557,112812
-44.91970139496651,44.91970139496651,45.56128943584747,7.6191549166630335,-23.67988024017473,-60.93903248304192,37.25915224286719,282.38327387059655,100.85364738439176,166.52314273134274,310.10107557505046,293.2425939082996,958.6041853217608,-92.73893474202252,1051.3431200637833,2184.04663533512,S1,3,112821,113076
-49.41926000849983,49.41926000849983,50.03669907345144,7.836325310974863,-33.075314038585525,-65.91426152966275,32.83894749107723,282.73659217992434,66.98931341526983,200.38747670046467,317.55640722255896,310.41021835025094,958.6041853217608,-110.1906611411449,1068.7948464629058,2157.6137375119124,S1,3,112949,113204
108.21929990457099,136.22931023805933,142.6530402979664,92.94338617899471,169.4765512135188,-74.10641259149759,243.5829638050164,472.5253745114272,54.31684537404239,96.7355401231443,101.24154567435922,85.43729208692031,190.36664306579985,-105.3344500592965,295.70109312509635,523.0117339123736,S1,1,113332,113587
8.130697053419443,73.17928949042317,90.38185027822955,90.01539104587515,172.91977750988454,-80.23786861523915,253.15764612512368,569.0611920863117,9.086493929337458,64.17077828059638,75.61340676572048,75.06545750736764,234.262078529415,-67.70449590102781,301.9665744304428,565.2222272710604,S1,2,113596,113851
-22.005537862161617,22.005537862161617,26.826145382525127,15.342697920553142,-0.47954203439171283,-68.3501214951289,67.87057946073719,376.526719098704,107.27613230457918,194.41615429352808,345.97693525568826,328.92532764548423,1019.5427698853831,-79.05046094280289,1098.593230828186,2287.4985827332143,S1,3,113860,114115
-7.472373565643397,8.482278501455122,9.767524882215088,6.290323967822696,8.971366787816223,-22.492352878756996,31.46371966657322,324.5561422569344,-54.71664796186285,57.74299900276327,59.17837841331313,22.54260205581548,105.38832678048078,-79.05046094280289,184.43878772328367,365.4225771671817,S1,3,113988,114243
2.5863738885567704,7.620451560514212,10.140733493775922,9.805363119251655,33.02341489123757,-19.519751282874434,52.543166174112,349.7063118030635,-51.08770830199701,51.08770830199701,51.40747095688986,5.724869486157716,-35.63746322994509,-66.10041886097108,30.462955631025984,200.85576573795413,S1,3,114116,114371
24.03042835735954,65.70201021740432,69.9963803804996,65.74216135276815,69.74718419297665,-125.60453089716596,195.3517150901426,444.3276419048229,-20.879279072610096,45.66406469827143,72.79820153456927,69.73975804428797,111.02660837062473,-168.81207208125946,279.8386804518842,528.6359934218905,S1,2,114634,114889
72.48701220045935,72.48701220045935,72.79706334257952,6.711593965221117,84.7822310429873,43.50302392137686,41.27920712161045,277.93970977789485,137.55781258475372,145.3175616385646,302.1931536925429,269.0697871102265,918.8871997433451,-22.218387554543806,941.105587297889,1964.7939080425172,S1,3,114898,115153
75.78520540880653,75.78520540880653,76.25635789381991,8.463732059520321,90.63727637932801,43.50302392137686,47.134252457951156,291.39760416386713,101.19537412869008,124.96623232120356,277.8154064491665,258.7293881944416,918.8871997433451,-25.24699158511455,944.1341913284597,1169.5330441001418,S1,3,115026,115281
74.01573154195545,74.01573154195545,74.59501976031947,9.278386570499928,90.63727637932801,52.74726644505735,37.890009934270665,278.01629370029536,-26.25439731810311,26.25439731810311,28.939526689664074,12.173858323676994,-8.784360873532217,-50.08332799424915,41.29896712071694,203.50865018760015,S1,3,115154,115409
-39.89789084131429,99.46894021040694,125.312438422911,118.79126874442595,55.7717254207316,-215.48286866223134,271.25459408296297,564.6629397461445,-40.07115432755939,42.01286151753094,50.490145499203116,30.717379175112235,9.890059211132806,-76.88687583658923,86.77693504772203,221.98941752291773,S1,2,115671,115926
35.91400604590376,35.91400604590376,36.56276745397566,6.857122838938369,49.67088005077906,22.485009903658433,27.185870147120628,251.5021820592803,63.22687684705262,179.27387266897057,293.38724021490566,286.4933415719926,888.5416658522008,-99.25406531940102,987.7957311716018,2068.3757142984036,S1,3,115935,116190
33.43117124707587,33.43117124707587,34.64630075849115,9.095215516770988,52.148182412563024,15.192382647364793,36.95579976519823,293.02412085627157,-79.17655168305896,83.0519559858605,84.50689422569934,29.537921986040743,120.44544684934854,-99.25406531940102,219.69951216874955,383.03677898639376,S1,3,116063,116318
44.73891472137131,44.73891472137131,47.3976351678563,15.65136828073104,68.38764538180729,15.192382647364793,53.195262734442494,296.4437461870076,-82.46699713758568,82.46699713758568,82.74817799678999,6.8158157910753765,-62.544385679516495,-93.57226472979617,31.02787905027968,218.89834181584598,S1,3,116191,116446
-47.20538828720231,67.33371390206653,68.77821524383354,50.02093770394114,58.51374822025992,-89.21813352254962,147.73188174280955,479.7636895753734,76.51128936143016,104.12198538449474,109.37277139451884,78.15641830821816,209.63042215132717,-81.42254617854216,291.0529683298693,557.7327601841587,S1,1,116465,116720
47.354016723530535,47.354016723530535,47.92567094810367,7.380178586829654,63.81109358182784,26.925156468045667,36.88593711378218,238.12498542579192,75.313439246484,202.6281024888784,321.50918483046036,312.56366039450796,947.0099092740898,-119.56084874835608,1066.5707580224457,2164.5281251946817,S1,3,116973,117228
45.98101429930779,45.98101429930779,46.56372473593895,7.343485908691131,59.672590374206514,26.925156468045667,32.74743390616085,253.0985459622282,84.98488510498979,192.9566566303726,318.63174995268884,307.0891749664982,947.0099092740898,-103.20604190992657,1050.2159511840164,2180.82303818882,S1,3,117101,117356
53.18572593418834,53.18572593418834,53.70882800355721,7.477751157206085,78.05995846332773,35.31105019767981,42.74890826564792,318.7865589835328,-80.42530704862665,80.42530704862665,80.74617000161213,7.191241621818322,-60.03788525292222,-90.6752485599875,30.63736330706527,190.79464730121953,S1,3,117229,117484
-128.94015592451774,154.45620173766793,164.30903579346088,101.84250307969592,66.96943381532692,-201.26032012504908,268.229753940376,549.9430481844786,17.915006507815878,44.101398949138705,46.64829161372798,43.07105353139529,78.27650843635587,-63.73427875648511,142.01078719284098,346.85655365755457,S1,1,117503,117758
-31.453973715980908,94.59956713739527,116.88296695916371,112.57120192416593,64.36293463045841,-200.51944575204726,264.8823803825057,546.203151801722,-23.132709396265216,45.83676046838521,48.51955745297985,42.65003178686923,40.60655868584672,-69.45052233351649,110.05708101936321,304.43232451869443,S1,2,117767,118022
56.51619752660117,56.51619752660117,57.03557481935133,7.679597131882821,72.13307269356014,35.61402413175439,36.51904856180575,265.64125317626906,83.38675045958198,143.88252681736282,275.0543836568372,262.1098315909458,906.4391970070515,-60.574617137542425,967.0138141445939,2016.753451449675,S1,3,118031,118286
45.66953308024677,45.66953308024677,46.387843236496465,8.131773998705125,60.78814978140691,27.356973563300063,33.43117621810684,289.79792194480143,58.00541718200273,103.80014753941902,232.89110975835712,225.55185785539643,906.4391970070515,-39.43671544656804,945.8759124536195,1126.2079998864447,S1,3,118159,118414
25.859875031229947,25.859875031229947,26.841719718566058,7.193384517682049,49.791307455251335,10.072025098404174,39.71928235684716,333.17431141724126,-61.02135965389934,61.02135965389934,67.25890250580728,28.286986977675017,-3.388506904222698,-86.12057582661573,82.73206892239304,294.9879546237147,S1,1,118540,118795
-16.700632600073934,20.68438997055443,23.409524672257817,16.404106685168664,20.299338249740597,-39.91013196829948,60.20947021804008,317.2761601387612,-17.164787713725772,31.898335719669788,45.24427734398535,41.861852504663425,60.00158331352925,-93.41925347850163,153.42083679203088,384.543900486046,S1,2,118804,119059
-61.18938661764025,61.18938661764025,62.09442676596726,10.562992035925218,-43.268337325168524,-84.59718182537205,41.32884450020352,308.263387067281,121.21854371499889,142.3251808147424,299.97472363181254,274.3918721055659,944.4977701373432,-27.278894618488778,971.7766647558319,2023.0147911631893,S1,3,119068,119323
-75.49995417497288,75.49995417497288,76.1212869362523,9.706041644679406,-47.067639278905716,-89.59700787248885,42.52936859358313,271.99356107182007,80.67269659053656,119.23011381568844,266.283873025087,253.76961413465537,944.4977701373432,-39.84357067753192,984.3413408148751,1163.0636761312558,S1,3,119196,119451
126.04873880341039,189.6402354043269,204.33204296810027,160.82070522661937,264.3364224932804,-105.45138767180897,369.78781016508935,599.4739396091741,-87.68753414439882,87.68753414439882,95.7419872781442,38.437279867899264,-26.1502630470869,-130.45291780101041,104.30265475392352,330.55556269125384,S1,1,119578,119833
48.459015656172156,105.82136086437784,144.44720007656136,136.07614563762826,268.51103227050953,-62.822502643422716,331.3335349139322,600.1590279947417,-22.7851351703592,44.99905444398493,65.41804628043994,61.32176118164124,89.6765637329797,-123.4232785611211,213.0998422941008,420.34355983044395,S1,2,119842,120097
-64.26144643424612,64.26144643424612,65.15959803407559,10.781452506078411,-44.129882660374705,-86.8642551951019,42.7343725347272,376.98836639762004,142.59827651838987,165.02018041664218,330.911205491583,298.61004245315917,965.9498045723932,-34.58465187008713,1000.5344564424803,2070.2516912150427,S1,3,120106,120361
-53.299873935176755,53.299873935176755,54.75234414954404,12.52767449945814,-34.73542927995,-83.83145153954786,49.09602225959786,341.48864387048195,-11.737578219911876,41.565894260514085,64.48477918552275,63.40753901656394,342.04657887642884,-53.560427578731016,395.6070064551599,542.395081811586,S1,3,120234,120489
-46.11704186487104,46.11704186487104,46.59333543686168,6.645100207343822,-34.73542927995,-68.4868717155579,33.7514424356079,286.25151146778614,-38.94998128204047,38.94998128204047,39.75419917400383,7.955834971583072,-22.303112006542428,-53.560427578731016,31.25731557218859,233.70365215040863,S1,3,120362,120617
20.115114114191456,28.77285570829397,42.97125596170913,37.97250351372396,97.65930732232668,-21.21593451417731,118.87524183650399,427.03342885616746,-40.04990715712667,40.04990715712667,41.06425497194799,9.070720649798936,-21.509390702670405,-60.90268337330763,39.39329267063722,234.38772960048524,S1,2,120879,121134
37.69842853356091,39.19269885377571,43.25604770273757,21.211179810692023,72.94562727892546,-15.678466668756801,88.62409394768225,382.1788999180685,116.96525743209503,175.14147038606524,322.2801353530419,300.30586773657745,961.5651992985385,-64.11916359840468,1025.6843628969432,2130.576338727614,S1,3,121143,121398
55.127804755036166,56.13915553619797,58.66369425815023,20.058767831159013,79.63123451519898,-13.327555127715765,92.95878964291475,362.8395880822668,41.985135972394446,116.39582379137735,241.86090435994217,238.188886002661,961.5651992985385,-64.11916359840468,1025.6843628969432,1189.9718936522759,S1,3,121271,121526
68.97630003693199,68.97630003693199,69.95592244142058,11.666238375979981,89.81654937683678,42.42907773415006,47.38747164268671,316.3328340309761,-32.03527220038467,32.03527220038467,33.78559545710819,10.733489434411842,-11.985676300827242,-55.26353334163583,43.277857040808584,228.47469158919216,S1,3,121399,121654
-87.50999879125803,151.2648770894431,173.14740556234807,149.4055693892509,87.09785222926875,-253.4054291212077,340.50328135047647,677.5998689004472,-35.31869068456675,43.042562593752564,53.334052302720416,39.96387397834717,59.400222728822634,-81.20986083681115,140.61008356563377,335.1067654531719,S1,2,121917,122172
70.2510258709074,70.2510258709074,70.96619902752468,10.049615340864696,87.7996274002451,50.0320516781364,37.7675757221087,310.94360154007535,141.0062903553716,170.31561035611102,347.9970129254342,318.14956716180126,1049.4158632378305,-35.06840733614999,1084.4842705739804,2258.223701315028,S1,3,122181,122436
60.13785281943311,60.13785281943311,60.98537260408633,10.131847310705217,80.26712083647878,26.77989853276251,53.48722230371627,318.78882405067276,-13.881556494336765,36.73670928190363,55.234125552203665,53.461303901150174,337.3694819324468,-40.259858035458,377.6293399679048,561.2391032455234,S1,3,122309,122564
54.434717128789714,54.434717128789714,55.179291651198156,9.034146237284082,70.67001990519869,26.77989853276251,43.89012137243618,359.0362726289454,-23.07876282230505,23.07876282230505,24.46494666719297,8.118147696389041,-7.606802877344913,-40.259858035458,32.65305515811309,217.4533307882564,S1,3,122437,122692
6.94936976092628,23.138320925546996,31.421914464518384,30.64380799674598,65.03914858584551,-35.83742428524473,100.87657287109025,346.16573532461314,-67.98269944336928,68.16263840057002,78.08208520860974,38.40787167908564,3.051263840878525,-101.76247826676078,104.8137421076393,336.9802455524109,S1,1,122711,122966
46.14051555639921,46.14051555639921,47.59846621260548,11.690458074097325,67.39208227755107,19.51765030375644,47.87443197379463,396.91513748148964,76.26073870236466,148.09629688555094,276.65552631897344,265.9371729852709,928.4606939821047,-83.13047611842913,1011.5911701005338,2079.597135367358,S1,3,123219,123474
44.160114670345806,44.160114670345806,45.44272581610972,10.720335904253878,67.39208227755107,15.004691403720937,52.38739087383013,354.29529390310563,56.441224840995986,167.9158107469196,281.143540990297,275.419822777902,928.4606939821047,-91.08472918571292,1019.5454231678176,2064.2642901400727,S1,3,123347,123602
51.72837653370965,51.72837653370965,52.913667114816654,11.136930848505154,69.50207533241658,15.004691403720937,54.49738392869564,297.36964120355225,-76.99915432605589,76.99915432605589,77.36071452296048,7.470634817417833,-62.707363531169534,-91.08472918571292,28.377365654543382,198.366196267828,S1,3,123475,123730
-200.6983450015104,227.5526110948137,249.6388374293154,148.4578171290244,73.67086793199334,-317.73930487271,391.4101728047034,706.9783241717571,111.27509048942468,138.79253296948377,148.06868793911127,97.68413681135881,224.74626215773412,-63.11150754562087,287.85776970335496,527.6465031125485,S1,1,123749,124004
-15.662117425813733,115.03556850762104,149.34190545036247,148.5183584654942,85.39691103400452,-315.0897028592616,400.4866138932661,672.9428671149751,-9.918905814642638,76.57505151158766,85.60449716930829,85.0279086127041,141.62245562661465,-83.76798937753492,225.39044500414957,351.35916441301106,S1,2,124015,124270
58.11974509936472,58.11974509936472,58.89566194533187,9.528600398992662,73.29466214504612,35.99398809464298,37.30067405040314,341.18936508259844,28.434587993113375,142.45582088996656,239.48527211271616,237.79123147114487,851.8697556097667,-94.28419905533369,946.1539546651004,1889.2135731020803,S1,3,124279,124534
47.388619439005744,47.388619439005744,48.46513915748737,10.158172139696307,68.1990149396017,23.846858868220508,44.35215607138119,328.69087181512225,20.10140994485119,152.7100275459842,243.0769210691464,242.24434539259133,851.8697556097667,-102.39043518990516,954.2601907996718,2041.409594097517,S1,3,124407,124662
38.32943237275669,38.32943237275669,39.77765706266672,10.63562952426375,64.15035007785094,19.481255027976268,44.66909504987468,301.45379243229706,-87.84554941845361,89.76657802620906,91.08035704638247,24.058073220159187,76.75852827204649,-102.39043518990516,179.14896346195167,388.8154613714104,S1,3,124535,124790
16.02996271910034,16.02996271910034,17.183760170267117,6.190469191710093,38.332182174910116,3.222302266789661,35.109879908120455,323.7188157724719,3.1540711576994918,35.720423050075254,43.038674562408275,42.922946581299115,46.261579057135215,-94.00679759092746,140.26837664806268,342.9837706427526,S1,1,124794,125049
6.617033713287107,11.34469508279225,12.800381533230926,10.957400797337895,21.991260585008703,-22.09696875644682,44.08822934145552,329.03905163641053,95.2098535880081,131.57565978453837,277.09146117222343,260.2206018637031,916.9220410205953,-73.31555033166934,990.2375913522646,2121.6163876714713,S1,3,125301,125556
-1.462986024808096,5.888666320721116,7.675819857187329,7.535109977379727,15.897407574635695,-22.09696875644682,37.99437633108251,291.3313852290958,63.268386053292566,160.57050747398682,282.7713681381845,275.602536209216,916.9220410205953,-97.6578080820732,1014.5798491026685,2087.2323820050287,S1,3,125429,125684
3.621786667403248,7.003010747495468,9.060641623772991,8.305292768486114,22.23867237742536,-12.501716988261872,34.740389365687236,272.0482374179314,-83.92718017176779,83.92718017176779,84.04674661706633,4.481522657421167,-74.63884149755607,-97.6578080820732,23.01896658451713,192.9079523600209,S1,3,125557,125812
-33.67008668291616,39.50182676742875,43.03174890304267,26.796579565672676,18.883031266318113,-62.13307303723705,81.01610430355515,384.44575104226254,95.979356831731,129.18922502236876,135.54150275582725,95.70507839960835,206.70827955376453,-82.42877320227777,289.1370527560423,548.4288812748725,S1,1,125831,126086
-26.57429042621154,26.57429042621154,32.21243423699015,18.205713603585455,-4.841283210753162,-72.45367113839971,67.61238792764655,338.3782783814767,-29.6956583849279,81.35508119872141,85.18892038921383,79.84560119484024,128.70121077106177,-89.81902785559413,218.5202386266559,396.22170038835065,S1,2,126095,126350
-39.49355485763099,39.49355485763099,40.49877728273318,8.967167116972712,-20.203216465607184,-54.514504707280196,34.31128824167301,218.5222258834314,-80.19507293113509,80.19507293113509,80.4602316268644,6.52680251107638,-64.87831491282253,-90.76775291180759,25.88943799898506,199.69210625099763,S1,3,126359,126614
-52.92998627249406,52.92998627249406,53.92210203966415,10.296098366349385,-40.12655961785416,-87.5579236257611,47.43136400790694,313.72957171092753,9.924283348177148,122.94512040412467,173.49710042297934,173.2130262284176,544.595187383578,-89.8660820479548,634.4612694315329,1327.3158184090123,S1,3,126487,126742
202.8431328223953,249.89711045509313,274.11424889021595,184.37267940625958,361.5313642945796,-91.79298122813043,453.32434552271,759.5534164672739,14.548413028900551,68.49155593684353,71.09967671394526,69.59531383051625,98.93155880169327,-101.77473101213178,200.70628981382504,397.4253079351364,S1,1,126869,127124
7.841642284037036,137.7134816079145,170.04959631001535,169.8686959138981,338.7532736992607,-97.9768408788088,436.7301145780695,663.9355970058891,-40.686056653825474,67.90328287751092,69.34272110669565,56.15209492479046,70.21889513268593,-85.43732290671129,155.65621803939723,348.354939155494,S1,2,127133,127388
-99.02962243173593,99.02962243173593,100.04174422254668,14.19452246880018,-83.0743496786821,-140.59070849311945,57.51635881443735,365.1135387072128,146.29381346168455,225.85701647525306,394.5551694252761,366.43130579011154,1055.646012387735,-82.96743209424771,1138.6134444819827,2372.1274348810043,S1,3,127397,127652
-89.43842532200313,89.43842532200313,89.52683105134689,3.9776317095576705,-80.22233069474159,-100.55788619901904,20.33555550427745,269.14122412447756,-51.81333474511308,51.81333474511308,52.638641540977616,9.284660783808507,-21.62634289604778,-68.40753137549206,46.781188479444275,239.05023795586436,S1,3,127525,127780
124.73336712937977,159.91603700821327,173.105510791898,120.02960047876228,211.96206630642308,-68.60433940857516,280.56640571499827,520.9861097983218,-57.56611429821695,57.56611429821695,60.546010446383754,18.76064672601223,-20.751224377557314,-77.6425205288524,56.89129615129509,247.85888576059185,S1,1,127906,128161
-6.447838092146192,47.77078459675314,54.71726585557311,54.336033777291256,198.11510317774523,-48.91721413255167,247.0323173102969,544.4540401211277,-15.430975612594537,19.00786763691275,23.46057277984838,17.67154398466856,33.82318723773655,-61.554010834562334,95.37719807229888,304.7322984830515,S1,2,128170,128425
-20.789038045843505,20.789038045843505,22.573316726676428,8.796051680800947,-6.428926092409176,-53.15160393816367,46.72267784575449,329.50000668234475,104.88732579779422,132.3615396173508,273.7764201065507,252.88767683172287,910.1697760208611,-32.45614262763568,942.6259186484968,2019.300923108956,S1,3,128434,128689
-9.931678587738745,11.391795764663147,16.71718922556434,13.447162378478819,7.452873571385934,-53.15160393816367,60.604477509549604,305.50341236060456,96.86867205576473,140.38019335938026,274.6460220417398,256.9959100793328,910.1697760208611,-48.380997478107155,958.5507734989683,2025.420308104887,S1,3,128562,128817
-4.878985099590261,7.241292082491951,9.795119381915686,8.493519182527143,8.636341392105113,-25.876101152009007,34.51244254411412,256.4096662024848,-52.17310234927929,52.17310234927929,56.66922006632673,22.121661198413562,-18.27359425373431,-85.67464561409803,67.40105136036371,241.39058160289125,S1,1,128944,129199
-24.666311683616655,24.666311683616655,26.31450824892568,9.16659218627371,-2.4224538407413228,-42.951999005537644,40.52954516479632,315.85357294437824,-29.355896893860425,29.457342228267148,39.273960200735516,26.08975406948086,3.7798814525134317,-75.7050188476495,79.48490030016293,272.1199709013839,S1,2,129208,129463
-51.920803824022585,51.920803824022585,54.842095014232484,17.660280740052375,-28.516889784057646,-101.77509246067866,73.25820267662101,316.0708520306411,112.22711652722218,121.08958264994273,299.69004091235774,277.88341968896947,1007.9358860641795,-17.082250863042177,1025.0181369272216,1846.4724845534358,S1,3,129472,129727
-61.60828000938409,61.60828000938409,62.91193567345197,12.740937346438944,-45.83440626481639,-101.77509246067866,55.94068619586228,343.6432319209007,122.71436613394542,140.93915123033014,305.6947545740899,279.9829768369089,1007.9358860641795,-33.72383699955302,1041.6597230637326,2181.306748300321,S1,3,129600,129855
-57.376885288059825,57.376885288059825,57.62568763800844,5.3491037000738135,-47.29754448655369,-73.01047422224876,25.71292973569507,276.72010469959224,-10.994461379372265,41.48214473910016,65.67598363061018,64.74918258036674,363.24638662514957,-43.90572777498546,407.152114400135,572.7736498271111,S1,3,129728,129983
34.83628526146389,97.67693625904023,136.58825060451602,132.0711302002977,274.0550986477193,-60.287677995251556,334.3427766429709,563.8727973010405,3.354927186750716,60.658744726395,69.43218373904472,69.35108220023727,89.16769082262452,-123.76367209620881,212.93136291883332,445.1511693244131,S1,2,130245,130500
-34.95162391867062,34.95162391867062,36.44708595474657,10.333153441253858,-9.840907912743525,-59.49688547223288,49.65597755948936,310.5044597483872,161.37201607461287,197.67323140197828,369.25722540216265,332.129449070266,1044.2186930018586,-65.27685109519336,1109.495544097052,2213.50419273004,S1,3,130509,130764
-5.957295244323957,25.605473401879525,26.712974535005674,26.040231217863962,34.70903140731748,-42.669079088183835,77.37811049550132,287.42303551234266,-32.708542731457214,65.08826517365094,84.64043038608962,78.06506061181865,410.63757166387273,-68.88903833250079,479.5266099963735,634.6357407108287,S1,3,130637,130892
24.215224302204284,28.822841187960666,29.92450924329247,17.581216267534828,42.54494564752516,-20.25806583621261,62.80301148373777,289.306886238199,-65.59908258175994,65.59908258175994,65.8597170248367,5.853434122205751,-53.66016140257769,-79.58788521927285,25.927723816695156,235.3692139766521,S1,3,130765,131020
-149.96684481076917,169.83362663845818,194.60287669641073,124.01703542667482,42.87298841524368,-259.099360255432,301.9723486706757,635.8166870201558,-58.66893991861805,58.66893991861805,58.804207554615445,3.986265790420542,-46.24703965027735,-65.2033508672509,18.956311216973553,223.94048465495297,S1,1,131040,131295
66.72420456522157,66.72420456522157,66.87239986581636,4.449538060529481,77.98230425232214,53.25724110957238,24.72506314274976,267.6147685833997,60.65176363095513,201.64545932035222,323.63268760394305,317.8985373577648,966.2862809324898,-133.36470915188187,1099.6509900843716,2252.770327651604,S1,3,131548,131803
69.52685790967078,69.52685790967078,69.70205940856421,4.938938651518526,80.5737299357035,53.25724110957238,27.31648882613112,220.84943804574525,-113.26394218003571,118.48387879739863,120.52523479508018,41.20208276588372,151.84870097098784,-133.86510934611147,285.7138103170993,440.7682542565301,S1,3,131676,131931
66.9528348622101,66.9528348622101,67.36492556109617,7.439831971600678,80.5737299357035,52.226601783175575,28.347128152527922,207.64087456173797,-116.73110236495934,116.73110236495934,117.55685852409935,13.9091598134645,-80.76885966316722,-133.86510934611147,53.09624968294425,219.31570643354604,S1,3,131804,132059
-31.803496735673647,54.57646489017208,55.88540704957364,45.95341463352348,59.61125689069284,-74.70059013560113,134.31184702629398,391.9249460583418,93.88556043551861,130.06164922899137,134.80695833827278,96.73891439397794,190.64463985404336,-90.5119798101309,281.1566196641743,547.527376435793,S1,1,132079,132334
-20.576799353498394,37.450910688789186,48.6390970370786,44.07218044240852,59.67699256182517,-82.46691957462208,142.14391213644726,429.9910539809153,92.19231323316572,143.9009191819694,192.00822094214328,168.42723737592078,589.4403735146507,-83.65943164716211,673.0998051618128,1270.3929950285096,S1,2,132342,132597
-30.081546038753146,30.081546038753146,33.38079178660795,14.469894547620166,-1.8779863835954618,-74.29816497889945,72.420178595304,363.2581875006121,76.78610541012827,194.6874915515922,314.22001955312567,304.6934766349804,918.7735092028673,-103.89228036072726,1022.6657895635946,2136.502387178345,S1,3,132606,132861
-40.8464110404867,40.8464110404867,42.43041379932072,11.485239235348667,-21.545406702547435,-63.35377503038839,41.80836832784095,347.0137805586628,-75.92534906712152,86.61757240112885,89.03217937314037,46.498068056283714,240.0746789228524,-103.89228036072726,343.9669592835796,525.1020118242233,S1,3,132734,132989
129.45482235894346,190.47105018274948,208.45457806896675,163.38531172025637,274.99557020642305,-98.7128361855786,373.7084063920016,681.8520184798449,-95.65921729758035,95.65921729758035,102.26395177717502,36.15563550953962,-37.166705125634024,-139.67488889463195,102.50818376899792,288.04888842956257,S1,1,133116,133371
69.70361870807642,179.88668574772734,200.7368557574072,188.24635666691984,292.1663228151631,-115.22442179788838,407.3907446130515,657.3809844222695,-42.65988019998515,69.61427827703417,87.98006938658112,76.94561215943729,114.9177329797329,-133.75330720692367,248.67104018665657,481.12210171633734,S1,2,133380,133635
-111.84028507252262,111.84028507252262,112.09231142950092,7.512450765569164,-90.35309122107797,-134.0132462837073,43.66015506262933,330.16206525721014,105.1846352338994,118.75489451984473,260.08603014250696,237.86747483840782,902.2509862997549,-21.288311921380625,923.5392982211356,1929.316212617393,S1,3,133644,133899
-111.9569654486646,111.9569654486646,112.19193023719941,7.257210061389843,-90.35309122107797,-134.0132462837073,43.66015506262933,291.5806605638172,101.50674269528977,121.95319102395797,260.26498762337076,239.654428229452,902.2509862997549,-24.98501382717602,927.2360001269309,1950.5219341396632,S1,3,133772,134027
134.68655597108656,197.60340598672207,211.58641643702396,163.18193301131438,268.7527514323796,-109.3504459345498,378.1031973669294,653.7312059493352,-67.07004310869434,67.07004310869434,76.90054045212773,37.620505568469156,-10.084398818475583,-111.90906541325074,101.82466659477517,280.7786637330307,S1,1,134154,134409
31.82768003446558,135.81565496497467,160.33546322742492,157.14470895317032,272.4529848839173,-105.29243862313712,377.7454235070544,657.203591372577,44.01058459377141,111.83801056709947,151.40903889145773,144.87154828243345,451.4659065235656,-122.02214536753594,573.4880518911016,1104.6986942561925,S1,2,134418,134673
-71.16826263668011,71.16826263668011,72.61349638520993,14.415209001655708,-51.481934808620416,-108.96129530842656,57.47936049980614,362.29877852485635,109.46754935453117,162.62095286627186,319.18690223500215,299.82850797862784,981.3716662969439,-83.84824181251182,1065.2199081094557,2177.9010599336602,S1,3,134682,134937
-60.32516909370908,60.32516909370908,61.31732272486334,10.985810846744497,-45.58269882209183,-108.96129530842656,63.37859648633473,302.97715248871225,-10.316477616282238,118.35579854042257,193.72709553201278,193.45221072105213,914.7158706767393,-87.22667748224136,1001.9425481589807,1183.2670082689024,S1,3,134810,135065
57.27304173422914,77.20329335605174,87.09584345477444,65.61619188590437,153.65678119172534,-44.70754112302164,198.36432231474697,479.9044380000883,-7.489865838588035,33.65441518853807,44.998532951795795,44.37082236711197,71.34549139734115,-77.12699681521023,148.47248821255138,330.143831892231,S1,1,135191,135446
4.277727585180665,51.01048615117228,69.5222510373599,69.39052122594752,159.87727767562572,-42.31511043457676,202.19238811020247,450.9080006643533,-43.52188266655203,57.48769869126693,59.656303916433515,40.80098437695786,46.5443850539328,-78.17086389811836,124.71524895205116,265.6131759628678,S1,2,135455,135710
-20.688393333298443,20.688393333298443,23.149652542061364,10.387338162633432,-3.080301986621192,-44.02890062307525,40.94859863645406,249.32190671734577,82.75768264773797,148.13963702900622,274.00807133861,261.21177064114295,883.1108481717918,-67.02011131463136,950.1309594864231,1983.619942719858,S1,3,135720,135975
-16.637736505999754,16.637736505999754,18.371547339982342,7.790986819532895,-3.080301986621192,-42.9071555039327,39.826853517311505,302.9758663290594,16.522530463659244,94.8946699036579,177.42017953774686,176.64916103475778,855.0646689517539,-60.54204413226985,915.6067130840238,1045.8587321111872,S1,3,135848,136103
-22.38039220735238,22.38039220735238,22.793606881118144,4.320481373184849,-10.83320335163113,-32.85974233739036,22.026538985759228,280.61276504067973,-47.285468778722674,47.285468778722674,47.84206378807266,7.276503959901121,-33.49946240830922,-60.54204413226985,27.04258172396063,273.1925836951951,S1,3,135976,136231
13.970275244203101,20.615918419272436,37.255736444428784,34.537245223351924,89.85218886581265,-17.042693408296095,106.89488227410874,354.3644902312282,-32.83243867996096,32.83243867996096,34.694557624146455,11.213531961956612,-13.971996333830601,-58.5258160564698,44.5538197226392,227.11376892442482,S1,2,136495,136750
-0.44935053698530636,7.79961875819523,10.798024565574323,10.788670845551716,14.278787624662508,-32.92904060135271,47.207828226015216,269.3169306990994,155.89263387336487,186.9196776317928,359.90951396536354,324.3953528440401,1015.070562953488,-40.70832919219613,1055.778892145684,2203.2184520936426,S1,3,136759,137014
3.3986644016548615,5.606818824806835,6.470779481829547,5.506366078221668,14.278787624662508,-14.192262425190119,28.47105004985263,239.6600272214675,-20.97696050973808,41.10287678308083,53.35666383131967,49.060174306471296,265.9547988793672,-50.82043205503202,316.77523093439925,472.6697285863047,S1,3,136887,137142
2.2074495929080715,4.4900354839733065,5.448316611928343,4.981096284813648,14.007750706126684,-14.192262425190119,28.2000131313168,244.23355453128542,-42.19440510102941,42.19440510102941,42.50587203408244,5.136276428310136,-28.444150080942823,-50.82043205503202,22.3762819740892,255.94760553571183,S1,3,137015,137270
-24.798071230615164,24.798071230615164,37.35498572799943,27.93654635026272,-1.6498021913895586,-119.74750461311527,118.09770242172571,399.5845185479716,-21.793238049205527,44.04684683742537,65.19222753816878,61.44169029835551,90.24144594525497,-199.44216773558372,289.6836136808387,550.3024891213053,S1,2,137533,137788
-38.436475951101144,38.436475951101144,39.45304350673741,8.898312109885714,-23.41934715076924,-65.05567798273442,41.63633083196518,285.70584042900725,143.62153272753744,189.1505908206255,350.8310014806486,320.08631169874747,1013.8885605376486,-50.20327074580194,1064.0918312834506,2203.153772741701,S1,3,137797,138052
-45.199434611412045,45.199434611412045,46.17762507550886,9.454320093108294,-28.69417943198669,-70.21217297958844,41.517993547601755,283.20724702092616,154.22090623794134,178.55121731022157,349.88631933144603,314.06424268683435,1013.8885605376486,-40.531228960439165,1054.4197894980878,2177.651525623549,S1,3,137925,138180
-52.19793078515383,52.19793078515383,53.06668548661741,9.562903862523177,-31.67469793982374,-70.21217297958844,38.5374750397647,232.3198943332489,-24.828655879598305,24.828655879598305,25.65406478331324,6.455144236879681,-3.978160004197803,-36.66906108929561,32.690901085097806,243.17838557402214,S1,3,138053,138308
181.14158683132024,213.94943887945988,248.84217735477444,170.61698259814668,331.70823863981605,-55.75897663674975,387.4672152765658,580.3649674650206,-52.68094037986629,52.68094037986629,58.25148835202854,24.85868894208803,-11.443859823607188,-83.3420658874402,71.89820606383302,267.80875600245645,S1,1,138327,138582
-10.458461529159724,12.483985198437539,14.380490240662747,9.870110536609129,16.794564884312962,-29.01720607736324,45.8117709616762,285.80573646623833,64.45873675040085,67.66463604902646,158.05640751088745,144.315277125432,579.8120086153057,-12.419103227606996,592.2311118429127,1297.8219608797676,S1,3,138834,139089
7.847029841861632,12.816948602662798,15.311408988753527,13.147751438242787,31.184393817200686,-15.314448331508158,46.498842148708846,271.5946243209172,57.7072890963006,72.44637511674489,158.33636261117715,147.44582906984573,579.8120086153057,-19.81836801510072,599.6303766304064,1303.7159906534039,S1,3,138962,139217
24.920163645500544,24.920163645500544,26.4252395160607,8.790832006280688,42.535331833619246,3.253783153251921,39.28154868036732,225.48331222568854,-15.895946013707588,16.206440725752852,17.231644348506585,6.651952140741304,5.427713248678052,-27.423948872024038,32.85166212070209,214.93635119468877,S1,3,139090,139345
-166.39096170269664,187.54503353034886,208.9642968446778,126.41252002646874,50.86229499164678,-260.0595582562237,310.92185324787044,491.65022234954864,-101.42929604546353,101.42929604546353,113.64221086878504,51.25085360135104,-9.974676990012734,-153.80461235929158,143.82993536927884,305.7196182971092,S1,1,139364,139619
-16.266591406243307,78.91134968911909,110.9481110259867,109.74917468599482,48.733588339842434,-243.961380120653,292.69496846049543,482.6975675072945,-16.927476384341187,40.36446232305616,65.45259183700078,63.22580423718305,57.34346342924572,-146.66457235501917,204.0080357842649,413.34593000705297,S1,2,139628,139883
17.950899553607666,19.36007448347886,24.23304555542847,16.278995734005203,44.7870085687897,-11.749991542827003,56.537000111616706,300.8328565979434,152.68579116149215,177.91104805149484,350.3866593441466,315.3694028020795,997.5635898056198,-45.468318437747435,1043.0319082433673,2126.4995254227247,S1,3,139892,140147
1.3705381023522243,5.529033479347849,7.139324429964866,7.006538276944894,17.269609563973848,-12.072959908033882,29.34256947200773,252.3778097955041,-22.610270844622814,39.962721377667535,48.636020605940395,43.06086567539323,239.58310148414884,-45.64403918118949,285.2271406653383,459.857639661799,S1,3,140020,140275
132.8262896209526,135.72898483469,153.69306785098473,77.32228586234518,186.7861272997488,-15.047844697220356,201.83397199696918,431.343189856765,-23.02298953519235,23.02298953519235,26.099296861516436,12.292894269779804,-2.6160919373939207,-47.98346859983321,45.36737666243929,270.33695253941596,S1,1,140402,140657
-13.510624438834878,13.703965452116242,17.469935847453108,11.075273621309988,2.7525957469664983,-33.01607054306557,35.768666290032066,244.25973634375356,-37.01068781579633,37.01068781579633,37.206410337227034,3.811293426617839,-27.83763881015463,-47.25722797911285,19.41958916895822,210.88747125726906,S1,2,140707,140962
-27.18874774155629,27.18874774155629,28.542773028371553,8.686880245240648,-2.903259800444499,-46.19309067518364,43.28983087473914,255.53508733179015,-46.32069096613975,46.32069096613975,47.831737105483384,11.927642807673903,-27.83763881015463,-71.7884079306727,43.950769120518075,218.91075756768151,S1,2,140835,141090
-51.958445779364,51.958445779364,53.13772850769035,11.132749128130891,-28.438143623301894,-75.6417789047185,47.20363528141661,266.97168005857,151.29174535067534,239.55739672540935,414.7318641512069,386.1519479830207,1098.2665896101948,-82.64740978969859,1180.9139993998933,2448.9083516658593,S1,3,141115,141370
-56.61269277998221,56.61269277998221,56.76588631439603,4.167597060451523,-44.357121690554735,-67.46245840354428,23.10533671298954,237.89649121361464,-63.62261549555146,64.95312934422468,66.36127276457798,18.86746725026795,56.5609919398406,-81.74686564601515,138.30785758585574,286.03595453802234,S1,3,141243,141498
60.910082776188005,83.73015316859326,85.53644192524608,60.05368193066034,102.40355343292043,-66.18948698581431,168.59304041873474,358.20347342479323,-42.646506215723235,42.646506215723235,44.133181714417404,11.358399351584097,-25.97697398970841,-69.29650862785647,43.319534638148056,257.7902522278586,S1,1,141624,141879
-6.025680934440732,41.90763626366683,47.88239926898145,47.50174027370442,91.68699351326292,-40.95678924677839,132.64378276004132,317.8469648682315,-44.75439604241079,44.75439604241079,45.258993783028856,6.739477214984061,-32.00366057808096,-59.25179926742473,27.24813868934377,183.43624414611514,S1,2,141888,142143
-40.678359771516185,40.678359771516185,41.7345254790873,9.329612171129133,-23.843922252710087,-59.307591541895384,35.4636692891853,283.6545848499427,185.32297468885147,271.73278079458277,463.778625934388,425.14233960647147,1148.407328557356,-82.94263738029537,1231.3499659376514,2504.2972986859513,S1,3,142152,142407
-52.63097015458291,52.63097015458291,53.57642976917574,10.02071890628725,-30.048123926944484,-71.05155821515088,41.00343428820639,260.7218593568467,-65.148152549537,77.69636050213668,81.44366419673396,48.87523562268137,280.55731790341395,-83.24004913858188,363.7973670419958,506.47341001072664,S1,3,142280,142535
135.8050884852331,164.2753875521559,174.73877599185067,109.95734526009699,208.65473168980756,-68.68900116138126,277.3437328511888,433.926679505229,-54.54673680979954,54.54673680979954,54.74800518995619,4.690157319528804,-43.228320478491426,-68.74169026792602,25.51336978943459,215.1211867022152,S1,1,142662,142917
7.810855912727373,65.77510500345842,90.11397723358175,89.77482621963188,204.47906991608824,-50.00190737148287,254.4809772875711,479.9015313483618,-54.23230500290789,54.23230500290789,54.558745523154315,5.959346200035956,-40.28044623304424,-65.07481520619349,24.794368973149254,214.39724717832948,S1,2,142926,143181
-29.47623384130157,29.47623384130157,30.56453962139898,8.08348444675784,-13.494393609638708,-53.619712537593195,40.12531892795449,250.17060161870884,129.41871753285162,191.33232321345594,360.0776520893525,336.0159387385259,1055.2322365879297,-67.50954305457,1122.7417796424998,2328.0717595060737,S1,3,143190,143445
-23.62918888188043,23.725178470969368,25.857031135123307,10.499880566328095,3.4289482092343295,-53.619712537593195,57.04866074682752,273.61272269393083,127.95279510109847,192.79824564520908,360.26715035068855,336.7796042631174,1055.2322365879297,-61.14012231222482,1116.3723589001545,2295.373137976525,S1,3,143318,143573
-48.558888695085436,52.763254451805714,59.99312464608906,35.23080092049402,20.573183933799438,-81.45476860057487,102.02795253437431,346.0434965234615,31.26875380580224,60.48336283359826,61.715741423639855,53.20806118344949,105.76837030958805,-58.491186644232776,164.25955695382083,418.3705152412223,S1,1,143700,143955
7.842570356248123,27.583483989943957,31.210562657874878,30.20915939956675,33.61948229577347,-65.57376728853532,99.1932495843088,340.0218330452303,-49.06383142577543,64.37052740839155,66.19550167532981,44.43630146481233,51.33867007437341,-82.69966746452427,134.03833753889768,291.7519075984542,S1,2,143963,144218
11.132928454640094,13.386003361937641,14.525762137461534,9.330362784906917,25.82860348915979,-20.161756556126036,45.990360045285826,313.80117009101826,121.33737953199571,242.76112599471915,403.38181507720725,384.7000507711048,1077.7215841300701,-107.11654527705795,1184.838129407128,2484.361523415101,S1,3,144227,144482
11.603695192626354,11.67986330479508,13.165942723324513,6.220635471596265,25.82860348915979,-1.4344835941176315,27.26308708327742,252.36756433378946,-81.035791589937,96.03181546456392,99.99375254669376,58.582856107923895,313.3403524069326,-107.11654527705795,420.4568976839905,605.2394120232062,S1,3,144355,144610
11.722828881849232,11.798996994017958,13.199455945329031,6.066376204915369,25.361668949351362,-1.4344835941176315,26.796152543468992,248.21929224561188,-87.55546967357809,87.55546967357809,88.11263328096823,9.893223637699629,-68.69828768066394,-105.98944417794144,37.2911564972775,242.55870303970954,S1,3,144483,144738
-37.482716625165125,37.482716625165125,38.79889004673836,10.019971220341052,-21.805057241471413,-53.094089676108474,31.28903243463706,180.64914844980456,-43.82396987773083,43.82396987773083,44.384401401817165,7.030985133917575,-28.726396361826055,-56.99176210474197,28.265365742915918,215.533570310789,S1,2,145001,145256
-58.00297675960951,58.00297675960951,58.57148414784779,8.140850220080477,-43.782923812266716,-78.84623581340311,35.063312001136396,224.6761384588508,192.67545183694642,251.31282272129195,448.66957701966624,405.19200337918164,1131.4952845483724,-56.990122829967234,1188.4854073783397,2496.103158263283,S1,3,145265,145520
-61.27713499245434,61.27713499245434,61.727050149261565,7.439183237827867,-46.29595418404641,-77.78030153068022,31.48434734663381,228.45247837428187,-9.753474473570154,69.96337279856948,122.63086756475393,122.24237978449875,681.1597259791176,-56.990122829967234,738.1498488090849,898.9995899194944,S1,3,145393,145648
-70.36123829338926,70.36123829338926,70.74921239021965,7.399135061431346,-51.16869262138213,-83.95029269572429,32.78160007434216,230.98691306524026,-49.311691937237455,49.311691937237455,49.48477680132833,4.135235587517703,-38.81973049124006,-58.582332470036974,19.762601978796916,186.65006672855384,S1,3,145521,145776
26.8927744041661,73.94868868562283,110.1636939672028,106.83079215912491,242.562296310704,-42.21939521537147,284.78169152607546,461.49479510668397,-40.91983832043533,40.91983832043533,41.55817562541481,7.255948810614202,-24.36429470018882,-54.469022480723055,30.104727780534233,213.66399743630768,S1,2,146040,146295
-24.310944764607317,24.310944764607317,26.036121162159144,9.319740866721741,-12.132249232513827,-51.84040961923588,39.70816038672205,273.48456562910155,140.96991399705522,191.66666197362187,364.66995005777164,336.32076329421074,1052.7938766024326,-49.22815939692868,1102.0220359993614,2265.7189875974705,S1,3,146304,146559
-16.754116619477934,16.793289567509255,21.34642721635233,13.227604892948715,1.1467115545147206,-51.84040961923588,52.9871211737506,277.1357283667184,144.45043762671384,188.18613834396325,364.30530830654544,334.44346118556115,1052.7938766024326,-46.483305379992565,1099.2771819824252,2290.6916101190595,S1,3,146432,146687
-1.4701576164648196,6.269449618174679,7.569055192472899,7.4249062680583,11.001355428866288,-19.736670587903507,30.738026016769794,197.4190705151876,-38.40640134636628,38.40640134636628,38.776663702904465,5.3458379651821515,-25.918894139236958,-48.720536730503056,22.8016425912661,258.3738010231708,S1,3,146560,146815
-45.580594877728515,57.75992678342982,69.11265816415893,51.95160141043077,27.162285158280646,-102.79768182103943,129.9599669793201,325.9032308818358,-68.76960951492906,68.76960951492906,70.69545052768474,16.388640348622538,-42.62041768908583,-93.57397251956536,50.953554830479526,239.8601026983108,S1,1,146834,147089
15.066872552687261,16.855458165865084,18.832051332225742,11.297588630352259,31.057498378233173,-17.06846756100752,48.12596593924069,226.106967417332,146.95426267404383,201.70710309811003,363.2189398720035,332.1632775664255,1012.8311802264564,-61.77854261300425,1074.6097228394606,2204.4531737194175,S1,3,147342,147597
-0.7681233769976821,9.199462947333409,10.768920767095732,10.741491561496263,20.340274706960884,-20.947791247729604,41.28806595469049,249.11787509347445,132.2444487082376,192.15032227594864,357.241265186132,331.8625127031413,1012.8311802264564,-81.5503857628667,1094.381565989323,1524.7942603205681,S1,3,147470,147725
-8.987096572749369,9.006812438076377,10.198503124080478,4.820950234544621,0.8237366620639892,-20.947791247729604,21.771527909793594,254.77413187869,-64.5634200398339,64.5634200398339,66.85905900030058,17.369472161399923,-25.788560522331522,-85.37655393924571,59.58799341691419,212.5151789287679,S1,3,147598,147853
17.463890303147878,24.202094243040563,26.499073933990307,19.930214620989457,47.1433393488077,-22.812670389634985,69.95600973844269,278.0153049585601,-12.089293154852962,30.600041846812516,39.97941317157283,38.10777438475457,29.562958627542894,-76.19190755991046,105.75486618745336,279.5549403633505,S1,1,147872,148127
3.482858167303055,23.28414842955049,28.26504505364334,28.049642972254354,52.83687459618807,-31.071770449198738,83.9086450453868,251.2174966889912,-6.736806379455575,30.5720067840965,38.85071173849911,38.26216463288086,122.07651525558424,-44.850398285411394,166.92691354099563,411.9762566108989,S1,2,148136,148391
-53.86216165841013,53.86216165841013,54.757260175991526,9.860278062231393,-29.771360601126204,-73.95051570704045,44.17915510591425,202.56985055141934,84.08192848018115,163.4340056808145,290.6906099478034,278.26473009506554,901.5965603344629,-77.38420069847899,978.9807610329419,2082.048437053395,S1,3,148400,148655
-67.05776301467705,67.05776301467705,67.56447377740945,8.259209180403333,-51.26360885307577,-88.47629438807739,37.21268553500162,228.3903321039942,63.08013589489791,184.43579826609772,296.1582871758023,289.3624500836039,901.5965603344629,-115.09717640076111,1016.693736735224,2067.5453992994435,S1,3,148528,148783
164.12180756738863,213.08230342424116,234.35953769310856,167.29741536718558,294.7845381449008,-91.00043362751344,385.7849717724142,611.9345057632754,14.177901312233098,58.74026219182654,61.11350715395247,59.44617625244519,111.29001688409365,-74.22770136088282,185.51771824497646,390.4266469547985,S1,1,148910,149165
38.10122894112659,143.94940025364127,170.46300033103964,166.15032601543663,287.89434965858044,-108.28444919493712,396.17879885351755,655.3353389917377,-9.289825707187024,39.099995266914156,40.56000073047021,39.48180337302022,55.618130777688734,-57.1656063392257,112.78373711691444,332.83215336323696,S1,2,149174,149429
-64.43787308245318,64.43787308245318,65.37146504889124,11.008585524401639,-38.09963622470212,-86.4727383348237,48.373102110121586,251.4172848565498,117.08051374476575,208.26966723081327,353.1872900895409,333.2167690589044,971.6386958093375,-89.92967186585498,1061.5683676751926,2206.899042197989,S1,3,149458,149713
-53.236593683394545,53.236593683394545,54.12431889834493,9.762529856491815,-29.575695134581327,-72.62752649286489,43.051831358283565,220.09862417388226,-59.53470135714143,67.8727992845267,70.29913515024772,37.384324752344774,165.4331125692919,-89.92967186585498,255.36278443514686,421.167566919672,S1,3,149586,149841
-43.01771655711435,43.01771655711435,43.42907381087179,5.963263727349388,-29.459905860560426,-54.35381922233969,24.893913361779262,216.0554600058301,-59.097220710292206,59.097220710292206,59.65634441998644,8.148492736393505,-44.602999709543965,-87.26142594764977,42.658426238105804,225.32700536769894,S1,3,149714,149969
-38.55092893084377,38.55092893084377,39.08371437073663,6.431376803014899,-19.926742083811014,-51.49690629724579,31.57016421343478,204.22817269336787,-49.099071689940146,49.099071689940146,49.669681370421955,7.507223629635642,-34.814268912170746,-65.82018338530915,31.005914473138404,207.14028694226428,S1,3,149842,150097
27.088378685721732,30.543309091475997,33.3384748971828,19.433827431801085,52.10183599588316,-15.405736487347996,67.50757248323116,274.4984281066682,-29.457006288432947,29.457006288432947,30.134352999905815,6.353267761251246,-16.401699757347334,-43.246092868411935,26.8443931110646,222.95178035147921,S1,1,150213,150468
17.278914502626264,17.974431860426222,24.26166733194854,17.031371504875075,51.083551041209674,-9.284268058292044,60.367819099501716,341.9532198728503,-31.08347968610672,31.08347968610672,31.516848341018928,5.208552577653237,-17.32907646673094,-40.342056053981004,23.012979587250065,295.5042255483165,S1,2,150477,150732
19.581163841310737,20.22698265036116,21.803568950552027,9.590288921676002,34.48636454061364,-7.815860026092846,42.302224566706485,282.5687409910836,112.97391873392232,142.31711619036446,275.88175676510076,251.68956553997097,827.8612194122137,-41.34787494446059,869.2090943566743,1850.973171205744,S1,3,150742,150997
26.33830359045112,26.33830359045112,26.94166357540129,5.669832465543781,37.82196702978782,10.397564057240002,27.424402972547817,270.7876015742493,-13.821196012335815,44.70666822308751,66.84454975757895,65.40006401435735,319.791048868378,-64.63267358898447,384.4237224573625,535.5298190027795,S1,3,150870,151125
-70.1774231665693,91.05228673225474,94.40898502383554,63.152084137667735,52.87893796688377,-122.1912050311389,175.07014299802267,381.13689352430623,4.787678212689281,29.61769181787121,33.98392309286094,33.64498723603901,50.302631922734896,-61.38775791225312,111.69038983498803,338.8475628544385,S1,1,151253,151508
-15.693252497038323,58.42180688005806,67.77447876397807,65.93255491631668,46.58435106270053,-113.870572227024,160.45492328972452,431.9395065216813,-28.114939783205077,35.915833888901176,41.20268377473529,30.11994872551391,19.90114221494084,-61.9010528041804,81.80219501912124,329.8659896783887,S1,2,151516,151771
0.8831621119934092,16.067778946595475,20.16595028075889,20.146602080995663,23.703239346795094,-54.278669505683105,77.9819088524782,316.6849851323577,137.8223431242168,194.29074558761738,351.07639613822556,322.89261010613876,970.637281331502,-62.656639189967976,1033.29392052147,2115.0378565306523,S1,3,151781,152036
6.1126679021442865,11.551022983608531,15.35987674961132,14.091171167839292,23.703239346795094,-54.278669505683105,77.9819088524782,295.4921650126586,-22.009116396943625,62.63307940140272,86.14693108464382,83.28800952555031,406.9154703451417,-67.22833468014011,474.14380502528184,606.7001789878275,S1,3,151909,152164
67.0973355820359,69.14450212581234,82.36257842793059,47.76548841044837,109.9007590607583,-8.491793496137497,118.3925525568958,317.87235253405987,-92.13831255873306,92.13831255873306,98.36746548060475,34.44836170135207,-28.552259625387496,-133.51432537075289,104.9620657453654,313.4997743315323,S1,1,152291,152546
9.712263774544255,27.093144157888574,43.8925202331025,42.80450052023721,107.50185151957663,-23.16012352094514,130.66197504052178,334.9771739059832,-6.001012673007717,33.74042355107522,51.010402466108545,50.65618428832528,79.73196219162483,-115.56027064667651,195.29223283830135,441.0241609522965,S1,2,152555,152810
-8.4311701135575,11.76649724855279,13.487556264294454,10.52756118475516,16.675708678204273,-28.091172293925922,44.766880972130195,264.2385562119391,31.568397691284638,35.22967618169101,68.87014458053693,61.208929754970846,245.27697686269573,-13.526464358641304,258.80344122133704,628.9098997073175,S1,3,152819,153074
3.9745808473959876,14.885150681833505,16.559542301039176,16.075482832792886,32.41317111529286,-28.091172293925922,60.504343409218784,312.25704187683806,91.65103400067413,95.86796826515427,233.8353315592431,215.1256615376892,990.7229083712749,-11.37298501857856,1002.0958933898535,1473.1879751081947,S1,3,152947,153202
-80.77757072362316,84.49457717257607,97.66583275719044,54.89625630355456,15.988205645872755,-127.95213982246509,143.94034546833785,331.7728813742836,-84.76665660607027,84.76665660607027,94.01252026310274,40.656707860436356,-13.455024650510284,-121.26838224902335,107.81335759851306,273.1051281709324,S1,1,153329,153584
-24.494250172847508,43.374683979464514,62.64207094454891,57.65466816045219,28.946719902163437,-125.45449965816087,154.4012195603243,335.53725439848085,-16.805626061359625,38.494570851050554,53.64621531977987,50.94592575291899,67.32766045000943,-100.29135434676475,167.6190147967742,405.96218807978033,S1,2,153593,153848
7.241164118866089,8.056943252772056,9.60720985381405,6.313796273152,18.989761970719243,-5.299299623173633,24.289061593892875,268.0127534463812,87.61905144707558,119.96179891817404,242.35682424252525,225.9640061612402,833.8034254971474,-50.74449203669244,884.5479175338398,1814.9532995424997,S1,3,153857,154112
5.291099067311175,6.4829918806082265,8.345232794414324,6.45346271801946,18.989761970719243,-5.299299623173633,24.289061593892875,259.7587961684036,-32.33186163059138,34.08261061162443,35.567733600568516,14.822766171713813,40.97974950063695,-50.74449203669244,91.72424153732939,249.16907936856757,S1,3,153985,154240
99.22629466244426,114.10479379494845,132.31494619607398,87.52935184514813,168.7461492246637,-35.03983648261121,203.7859857072749,389.62293784662023,-53.841420996921435,53.841420996921435,59.34653301240663,24.96221876406297,-8.479854281076065,-81.91814037119417,73.43828609011811,284.28308273967866,S1,1,154367,154622
13.10926578159583,68.53067578232489,86.03292647814716,85.02829875436622,163.96113093315327,-60.94495059866743,224.9060815318207,446.11487903151357,15.273429447767107,62.328000029382565,89.63631444825747,88.32548454874714,261.2282195709551,-80.71024513752621,341.9384647084813,765.432471389221,S1,2,154631,154886
-30.278501461627947,30.278501461627947,33.17710919984118,13.562187290270728,-6.501373197234494,-58.38575097126408,51.88437777402959,305.5710434808917,90.59173872017546,156.3070976591216,297.4948280818296,283.3660346814572,932.1427013878557,-113.39361665018065,1045.5363180380364,2147.4191776708617,S1,3,154895,155150
-19.37583970550024,19.37583970550024,22.85920059262544,12.129298720068183,-6.501373197234494,-58.38575097126408,51.88437777402959,281.6706926730847,46.74805292156506,200.150783457732,308.52015773405856,304.95787787215943,932.1427013878557,-133.47955708438684,1065.6222584722425,2166.294193124053,S1,3,155023,155278
-8.037983984232653,9.665909169240745,11.242731947094263,7.860651061040257,10.088165748163245,-20.90810865611382,30.996274404277067,210.12106783490788,-98.67388512137862,98.67388512137862,101.45007264494065,23.570779255610358,-63.00741001154925,-133.47955708438684,70.4721470728376,248.55296981571416,S1,3,155151,155406
-5.342919406026359,19.266670361784218,28.609553274714322,28.10622263484412,18.944974341252077,-66.72143870478357,85.66641304603564,265.1130109993737,-58.161729054684216,89.75156802893193,90.8086376961045,69.73823881911468,84.40610111029113,-105.17970476221264,189.58580587250378,390.65857082798186,S1,2,155669,155924
17.727200180552632,17.73641458411491,19.20291530699007,7.382298425697,31.88722190273429,-0.5770648052362244,32.464286707970516,256.272071780146,70.08609635085975,175.45760515951423,298.40239788485394,290.05504677858767,929.0553269429878,-96.2279601472099,1025.2832870901977,2139.1028631772656,S1,3,155933,156188
15.235524635115835,15.235851726693832,17.34830421570766,8.29713494246771,31.88722190273429,-0.041867721983617434,31.929089624717907,252.6796304270175,-75.17157007351454,78.48755849286906,80.82558992579425,29.69867066949874,99.00665910459921,-105.39486113186612,204.40152023646533,398.94927671353435,S1,3,156061,156316
9.1213672357844,9.121694327362396,10.415303972484157,5.0278441293662945,25.466205196560985,-0.041867721983617434,25.508072918544602,277.01818254737856,-95.0442911107467,95.0442911107467,95.2462502056252,6.1992665282432595,-75.07412494273647,-105.55777445434467,30.483649511608192,227.57965917873005,S1,3,156189,156444
9.037088749662125,9.134846061273667,11.399859233640463,6.948943623137833,27.12946641443196,-2.2116083199515795,29.34107473438354,249.1163791628183,98.8542840266496,134.82163563006816,138.15717995857122,96.51547494409134,183.1682235673213,-100.96395180978831,284.1321753771096,518.5402352930007,S1,1,156463,156718
-0.7888618285384137,11.249150656737294,14.315716269869796,14.293964787101226,18.43754177625718,-43.143313418666644,61.58085519492383,223.76197379420285,90.40246804318132,163.03875535598826,297.1616282131565,283.0767158457153,937.338575354196,-65.08767994026991,1002.4262552944659,2094.7160163818626,S1,3,156970,157225
-7.661328496588792,10.645645433686257,14.202945923999078,11.959419659306155,11.539378204108058,-43.143313418666644,54.6826916227747,268.40289729479395,85.94953945946263,167.49168393970695,298.0919423385234,285.43209832438225,937.338575354196,-76.1985493948459,1013.5371247490419,2096.880950314179,S1,3,157098,157353
-13.469511067782086,15.35832167542854,17.7075621266303,11.494782645329476,10.274854423053636,-34.493992692467465,44.7688471155211,215.97569544803264,-64.11153150802714,64.11153150802714,64.3627786389906,5.681443639335758,-51.43894095562603,-76.1985493948459,24.759608439219868,204.3532046179797,S1,3,157226,157481
59.375040750582585,81.03087761323873,95.92490346907391,75.3405046533258,139.27857240023985,-37.3735197734711,176.65209217371097,534.610021523082,-55.903871513568276,55.903871513568276,56.63039074379888,9.0420299485122,-34.903842733837564,-72.13166613744876,37.2278234036112,219.87148601328948,S1,1,157500,157755
-36.03934467972415,36.03934467972415,36.7449489163117,7.166373275122806,-22.521699557359117,-50.74065791450463,28.218958357145514,267.14692440442474,-51.9391880276116,51.9391880276116,52.314215864613175,6.252833642577755,-36.66662658802004,-66.5419956396757,29.875369051655667,204.9241559665502,S1,2,157764,158019
-63.81056637322583,63.81056637322583,66.86578761304035,19.981120395021872,-36.005002677677055,-120.75488477457485,84.74988209689779,277.8009201238149,117.90872058989653,175.62346472563073,324.17694715092074,301.9738840909004,967.3695388798791,-54.38819931686326,1021.7577381967424,2135.2360343552537,S1,3,158028,158283
-76.71636264328805,76.71636264328805,77.54126155778003,11.280378839186794,-59.75151980160315,-120.75488477457485,61.003364972971696,278.79133582245134,55.81891993278174,126.92354789915747,253.13415079094108,246.90311151176,967.3695388798791,-54.93887978229138,1022.3084186621704,1141.160658778843,S1,3,158156,158411
192.75722583396293,241.1548731843992,274.5674780945152,195.52992588342258,358.60580278219345,-95.04576925531526,453.6515720375087,693.2578503151982,21.142110119282062,47.4952605649671,49.34663840479577,44.588136331964094,87.47482327062032,-44.37729508752243,131.85211835814275,313.17339318344534,S1,1,158538,158793
16.551455606541186,111.43201283842092,156.00342260211104,155.12290991622592,360.3878882104359,-75.13110964932132,435.51899785975723,603.8617277851912,-37.779711499322886,53.385677314709724,56.28194352553713,41.71750910636541,48.86999853370905,-77.82230352546586,126.6923020591749,260.64785723999205,S1,2,158802,159057
-58.822034582556824,58.822034582556824,59.9708065768922,11.681861540503986,-39.123292618860305,-94.05939449243614,54.936101873575836,279.50424378975123,105.70285373486999,189.48286198432666,325.76903573249666,308.14342659609883,935.5783702759074,-77.01278709998189,1012.5911573758893,2103.899578609112,S1,3,159066,159321
-55.63094598269163,55.63094598269163,57.10995663176626,12.912977795732065,-33.28377445088502,-94.05939449243614,60.77562004155112,266.9726541113293,110.98698286555772,184.19873285363894,324.7331790831047,305.17786163452314,935.5783702759074,-65.50141661229881,1001.0797868882063,2063.4872319227543,S1,3,159194,159449
-26.759641494885802,26.759641494885802,29.52142802838186,12.467409510404146,-4.242548862320033,-44.262035508687,40.019486646366964,218.54210990199059,-35.21252055032544,35.21252055032544,35.68721094789742,5.801329307377553,-22.65388214640581,-49.613836236786234,26.959954090380425,239.04605572471476,S1,1,159575,159830
-6.571248644072451,7.167138009355893,8.481766356388773,5.3627466639908,6.242575236595281,-18.956242053666035,25.198817290261317,254.39767584375176,-28.81829426715911,28.81829426715911,29.279578801317804,5.1768378682361105,-17.64552579337272,-38.86254577699048,21.21701998361776,234.43613234408764,S1,2,159839,160094
-5.156588857901881,6.117438792150004,7.6718781148617525,5.6804317758298,4.385953846403497,-21.43542123613028,25.821375082533777,194.44302252911558,149.45050082009215,177.81175007706054,339.7903641382745,305.15903946277723,968.7697566894416,-29.664445791740324,998.434202481182,2048.3700274127473,S1,3,160103,160358
-10.976540176154046,11.162950287883891,12.994756044988312,6.955519422015613,4.385953846403497,-24.29145117546377,28.677405021867266,186.3843606196658,147.5945347323232,180.15358014489337,340.0522092942703,306.3516906482862,968.7697566894416,-40.567500825815266,1009.3372575152569,2089.7354652763656,S1,3,160231,160486
133.49344600548912,157.59191539473798,180.381478356732,121.31355080014656,269.0905262873004,-58.5737110360294,327.6642373233298,564.0982088009316,-119.77117748464278,119.77117748464278,136.18026857107031,64.80687148775999,-25.515639503014448,-179.47531213035344,153.959672627339,340.48136233209016,S1,1,160613,160868
22.718120068764904,119.08696907149447,136.74998919832868,134.84971845088958,227.75862397321788,-83.54950383258897,311.30812780580686,495.6608527153861,-42.208464771524405,66.32617307427572,96.98393330211998,87.31740273497054,95.63355818004682,-174.0349102495633,269.66846842961013,552.1519798390619,S1,2,160877,161132
-85.48505195310314,85.48505195310314,86.98502005318771,16.08414145140254,-63.001861876343675,-126.7976685089876,63.795806632643924,286.99599122915873,138.65725074654202,157.2343214524683,302.3330573148738,268.6623240440857,872.5882412479504,-48.49595202628622,921.0841932742366,1934.0016763973251,S1,3,161141,161396
-76.40349013538102,76.40349013538102,77.26694168556281,11.51898313970892,-62.70012796204734,-120.6103067041422,57.910178742094864,296.01754940304005,-2.7491887492786375,75.05914511735696,114.59908719352374,114.56610644867747,524.1304339337474,-79.49243420727917,603.6228681410266,728.2512829874454,S1,3,161269,161524
-72.83422958522158,72.83422958522158,72.9756135917557,4.540394236239085,-62.70012796204734,-83.7684379276526,21.06830996560526,246.1967856166408,-71.0388636562672,71.0388636562672,71.50514431587446,8.152638472317658,-46.873613498891174,-82.42668981182784,35.55307631293667,217.17442807918343,S1,3,161397,161652
4.392495358748221,85.75914894900478,89.8489799279247,89.74154655794601,123.12447273733639,-109.97035358583202,233.0948263231684,488.59941901086825,4.8583200661195,25.917218796064766,27.993987522832604,27.569186849880943,45.77607383963428,-31.872236228105205,77.64831006773949,250.16854223903135,S1,2,161915,162170
-72.33771745248343,72.33771745248343,72.89051403814898,8.960003934723847,-58.167677753834106,-100.52326044649162,42.355582692657514,225.77829941760874,117.46296201025741,132.60518174255532,297.7700414973671,273.62282464940773,961.2683555079302,-38.6367046743209,999.9050601822511,2096.812052318584,S1,3,162179,162434
-79.56145356914254,79.56145356914254,80.02801596593382,8.62893072222357,-63.053246768966346,-100.52326044649162,37.47001367752527,231.59749564251052,95.23644916763253,154.8316945851802,300.1183765905137,284.6068493857208,961.2683555079302,-66.13779044509603,1027.4061459530262,2105.0784354124876,S1,3,162307,162562
-83.95830424422508,83.95830424422508,84.0497405531099,3.9194432613862147,-73.33868615360545,-93.29162289731879,19.952936743713337,207.27526083327115,-53.88602969326425,53.88602969326425,54.39614825598686,7.4321429604082665,-33.853532034258556,-69.41540942505621,35.561877390797655,210.51463256324303,S1,3,162435,162690
189.94415592536245,229.73120885109856,253.55869495027926,167.96794162783073,319.7594986990545,-79.37624139934302,399.13574009839755,588.2471385511668,-98.41742944465634,98.41742944465634,108.73529250519073,46.2317360445774,-16.728002186040605,-142.4880875201272,125.7600853340866,288.5553341528527,S1,1,162709,162964
-10.06724197615333,21.0363714974785,24.973616789307552,22.854587603646678,24.531789382441584,-56.95937146237077,81.49116084481236,294.4639878433359,168.76740665021285,232.35743606906817,416.6516817598217,380.94118491684446,1069.3751040508664,-67.35280724591881,1136.7279112967851,2317.440466604531,S1,3,163217,163472
20.379348413154986,21.674882839664733,24.34027363333854,13.309060026952798,43.657928172341734,-29.75344255737208,73.41137072971381,243.82308644906385,-29.90909957790166,65.62672440623535,90.90721039914887,85.84618025861303,488.29243843545675,-67.35280724591881,555.6452456813755,727.2904806962464,S1,3,163345,163600
44.472031014749,44.472031014749,47.27307846732632,16.030670765791264,76.87050546564865,19.048075369745128,57.82243009590352,196.89561351034047,-38.80722312518326,38.80722312518326,40.223467881248766,10.579546384703493,-19.230953288555785,-65.11658683656788,45.885633548012095,241.47674692699147,S1,3,163473,163728
-193.85729784452832,229.6615636819365,251.74189654939448,160.6030216113753,76.06864171212614,-309.7280347899975,385.7966765021236,554.1652983361673,-118.69592571785833,118.69592571785833,132.53851442775243,58.97232422667601,-18.141265674293663,-173.86233747081866,155.721071796525,330.92390560959655,S1,1,163747,164002
-2.5493751700713148,107.91414193169491,139.09873017388216,139.07536597912912,76.40014137316113,-303.4381512117181,379.83829258487924,556.5863461755885,-38.66577848731989,44.63376911642344,70.11838294792135,58.49397576845721,51.24596285781954,-161.3307771406531,212.57673999847265,418.79181893576765,S1,2,164011,164266
56.77013300366862,56.77013300366862,57.257106010780255,7.451723792217671,69.06412787103872,37.915154743863916,31.148973127174806,225.55064007062424,212.10751864928895,237.29126452892672,431.2454962846276,375.4771345877353,1081.87708680552,-43.24327174666239,1125.1203585521826,2304.9253213290754,S1,3,164275,164530
48.81255166738086,48.81255166738086,49.10967325100812,5.393960190811288,61.52384231843308,37.915154743863916,23.608687574569167,217.9060688740151,178.2324975745028,185.49059404097642,392.81066257422356,350.0477016641523,1081.87708680552,-23.747729784536592,1105.6248165900568,1313.205257317562,S1,3,164403,164658
-21.110961250804344,46.90607989561309,56.89271895031894,52.83094533156696,42.29507831229701,-93.66579833843018,135.9608766507272,450.75226986909985,-46.94189101855865,46.94189101855865,49.29512307595986,15.048854663255689,-20.94012472535838,-74.45254793062468,53.512423205266295,289.17357855020055,S1,1,164785,165040
21.474852999891958,21.474852999891958,22.404750482546756,6.387764305154842,32.59694971578404,2.7245065373136246,29.87244317847042,227.5986453472357,-36.58191399971351,36.58191399971351,37.61747800420186,8.76574124157083,-15.872214681501738,-50.33114488518113,34.458930203679394,231.18640521047402,S1,2,165049,165304
1.7609898761668417,8.487167256527805,10.56707317692824,10.41930660757203,19.06729564702044,-23.63470861153339,42.70200425855383,241.65421760328155,78.52075084753754,127.6039652446282,253.55265000696681,241.08802959063385,883.6431589838569,-51.96040892423473,935.6035679080916,1956.3124201002186,S1,3,165313,165568
-5.099549102567164,7.2388566872972655,9.136035477355895,7.580352445237093,11.580197735364955,-23.63470861153339,35.214906346898346,245.5546988614936,63.539601741377396,142.58511435078833,256.3715547810998,248.37289125712894,883.6431589838569,-69.71277508224311,953.3559340661,1983.670489302091,S1,3,165441,165696
24.693322546316217,44.33059972576396,55.71208141737318,49.94072323745031,99.40945907775072,-45.6968868952586,145.10634597300933,472.55634480600054,-76.46276621524686,76.46276621524686,82.53754792177786,31.07880627778809,-15.153114468069377,-127.79294102887661,112.63982656080724,360.9457667338345,S1,1,165822,166077
-30.41129629554201,30.41129629554201,33.06906683162845,12.989081520240818,-9.425787865530848,-51.20118317625015,41.7753953107193,200.95635421930444,-22.260379393196743,22.260379393196743,23.15683450379142,6.380790978156742,-6.772581676283194,-34.0001923519064,27.227610675623204,196.1336539611235,S1,2,166086,166341
-14.557657794747055,17.848547740710416,23.399600494356136,18.31982267453788,13.044601415860267,-56.5620649914204,69.60666640728067,279.28318571925365,199.7087096985319,245.35105992377407,402.2822669409865,349.2097558283942,961.9907660583481,-56.18956950578028,1018.1803355641283,2096.2251248368984,S1,3,166350,166605
1.8166691635453862,18.38502134657116,21.731831724713786,21.655766512905977,26.508871281441884,-56.5620649914204,83.07093627286228,245.2171591413966,31.104367976424207,93.64896054531744,174.49228740174516,171.6976314789474,667.0843604411847,-56.18956950578028,723.2739299469649,847.1516038273743,S1,3,166478,166733
-64.45476440568424,81.64412002748129,98.73536017579177,74.79475044714748,31.588665344077445,-145.04769260529238,176.63635794936982,476.12183267048886,-93.7487328124408,93.7487328124408,107.30086358205506,52.19818408255572,-26.456938787465695,-177.08703316012853,150.63009437266282,451.0301276348963,S1,1,166860,167115
47.160714934119206,47.160714934119206,48.045629117300564,9.178749597845316,59.2926611715744,20.282674056498585,39.009987115075816,272.6917683843092,-13.718046486002951,15.715851424924917,23.124048035663428,18.615498869585306,16.13808303688239,-75.32894338287277,91.46702641975516,296.9653773480213,S1,2,167125,167380
56.847347745945086,56.847347745945086,57.999537945620744,11.50328023465883,71.21875879407845,16.87118320544087,54.34757558863758,297.708188669372,99.2330215621981,167.96360110082267,320.89527791898195,305.1664903332884,1012.0986190894315,-79.28992264033423,1091.3885417297656,2232.73424916214,S1,3,167389,167644
55.93626458642813,55.93626458642813,56.7191998834238,9.39158876510725,71.21875879407845,37.16778045805522,34.050978336023235,179.81107249897138,-61.542219367576905,62.01988537426645,63.41948677575409,15.316218143297931,28.409474446422326,-79.28992264033423,107.69939708675655,277.55148459395053,S1,3,167517,167772
45.581428280583864,45.581428280583864,45.969506205354634,5.960612104987868,60.712802131771575,34.605679579072934,26.10712255269864,169.37239344356385,-55.530683683717626,55.530683683717626,56.314778209269235,9.364689764112926,-38.04879065402115,-77.6341172459355,39.58532659191435,254.0874228715655,S1,3,167645,167900
-90.47064009950432,110.82902664089168,139.94356690150823,106.76734143502344,35.42285638594108,-215.6529380802797,251.0757944662208,464.722497363569,-23.540557446964222,23.55240572658483,26.659698322162313,12.513259755750356,1.1685374392843828,-56.78719946718999,57.95573690647438,320.3026793967017,S1,2,168162,168417
0.06518271717970414,7.183277080876033,9.846879716036606,9.846663970882432,12.192295403251935,-36.609341624526,48.801637027777936,282.4516320207847,144.274930322468,170.33654267352568,290.13375375581546,251.7187707519786,796.0911998444919,-34.45375052553205,830.544950370024,2810.901121824043,S1,3,168426,168681
-0.7449408895629057,5.962947431647409,9.123244217188773,9.092779999402033,11.938198378731222,-36.609341624526,48.547540003257225,275.2006111491404,32.660743359237294,74.87156647428706,142.5456730660096,138.75353960553127,576.7392314342729,-36.91858791745708,613.65781935173,1582.2176886800748,S1,3,168554,168809
-1.4470639473481373,3.902104476392478,4.814807866694922,4.5922086979440015,9.10628835777437,-12.406096576403913,21.512384934178282,196.75143417316707,-21.447799339751832,25.744161881372428,27.91273726612778,17.863728758845937,100.40588342285012,-36.91858791745708,137.3244713403072,399.2094719029683,S1,3,168682,168937
89.81980328183027,106.14274395607683,109.74468153754047,63.05789454294751,129.85086087013926,-54.80541838140113,184.65627925154038,440.2044117792075,-63.245103771046004,63.245103771046004,70.21811318595661,30.50639717150215,-4.696610537698342,-93.67658846181335,88.979977924115,280.04218062608487,S1,1,168957,169212
116.76210422716676,116.76210422716676,116.85436391535042,4.64256206263316,125.97684607159414,105.45799546643946,20.518850605154682,207.64416848924185,-81.00259656033502,81.00259656033502,81.40781035909953,8.112394094637756,-62.46959488284923,-93.67658846181335,31.206993578964124,279.34952639061675,S1,1,169085,169340
-9.781472833205324,86.23182179737013,90.02212530984897,89.4891380811963,130.8914367429712,-82.00561170091137,212.89704844388257,399.9840319554649,-3.3389762377570182,36.12291265841475,44.69623005123011,44.57133853134971,83.52945602102757,-74.88596170759793,158.4154177286255,369.7058585829962,S1,2,169364,169619
-71.53030995791784,71.53030995791784,72.21518580301702,9.922087375571353,-57.36538371549959,-102.75120152306579,45.3858178075662,247.4903906884487,126.08829758190045,128.9423495576058,279.65246389941433,249.61418585070712,932.3064251226303,-14.002224285052534,946.3086494076829,1981.0456029198763,S1,3,169628,169883
-60.02026042081236,60.02026042081236,60.745374289273066,9.357822212552545,-44.59990316418911,-100.91412745336011,56.314224289171,228.9736072658045,19.429171374294885,42.822210108728285,98.60463459238503,96.67151215743992,552.968909877086,-25.640160000044915,578.609069877131,713.749072708759,S1,3,169756,170011
40.432029336968306,62.63681715767588,64.59255611726036,50.373101050619894,94.55836345637863,-50.45023512247939,145.00859857885803,354.81533831961156,-48.56042952623457,48.56042952623457,51.835376332934814,18.13259285939504,-13.84991594487639,-73.72954571047696,59.87962976560057,250.8483294469671,S1,1,170138,170393
19.553893928120434,38.84182446664523,52.62236750952102,48.85446545153174,104.09805872667124,-25.275433933355377,129.3734926600266,291.8926474639676,-52.68855381102617,52.68855381102617,54.84629357218711,15.232603714044828,-20.073806438401185,-81.11395355565156,61.04014711725038,266.4231713637075,S1,2,170402,170657
-14.207506509078485,14.287789813165588,17.38015139225897,10.010815212175972,3.330314509388683,-40.84941487786195,44.17972938725064,246.13898861709077,74.27583287386904,144.16592591568036,240.7234561409754,228.97790938723585,699.9522555078973,-67.78349494500519,767.7357504529025,1662.0910015304048,S1,3,170666,170921
-6.039657065028971,7.53762474931256,11.654099665101379,9.966974543007609,6.208858534546735,-40.84941487786195,47.05827341240869,213.43972826018344,-17.606132931481604,90.97254529607716,131.63083391139878,130.4480759513503,591.3335602862546,-86.83223540694581,678.1657956932004,818.5957000811138,S1,3,170794,171049
20.38843280751654,36.32315205360651,37.650577121584966,31.652452752382406,50.43441594702573,-31.79909132655995,82.23350727358567,237.56580748213872,72.05824976271414,123.92983530801894,129.1324654281359,107.15783811127874,198.23651393763782,-88.63988464049673,286.87639857813457,545.8955320153301,S1,1,171175,171430
-9.256165117677098,34.748037868807764,35.434061974154844,34.203744755546055,47.43583679240754,-42.04316423525225,89.47900102765979,293.77190953327414,-9.106560156955616,92.94155476132002,97.73022027469602,97.30501794382629,144.33345482295047,-94.60210759919661,238.9355624221471,404.9127083399127,S1,2,171439,171694
-46.990190550815115,46.990190550815115,49.84334744391273,16.621710995342436,-25.312676178741505,-93.34549660257002,68.03282042382853,311.2208782567426,79.28157470781099,185.4489425573561,306.99371227986103,296.5797890808136,904.4200721405633,-98.73342013635616,1003.1534922769195,2074.9889430769135,S1,3,171704,171959
-54.139003524666165,54.139003524666165,55.571622690359966,12.536887404611816,-37.85534833048915,-93.34549660257002,55.49014827208087,294.7462564824593,65.74568365704165,195.92500019141988,309.70316303302394,302.64427018056693,904.4200721405633,-105.90407200413902,1010.3241441447024,1888.7752301491494,S1,3,171832,172087
67.90684300273156,89.75923811154408,96.45391008831014,68.49830249521649,131.7671959013906,-43.80516899721479,175.5723648986054,344.16354638607436,-34.939974052142574,34.939974052142574,37.14052102678453,12.594304878659557,-15.15724324500116,-64.40741211258666,49.250168867585494,266.35203566555083,S1,1,172213,172468
57.44690808546862,57.44690808546862,78.55390743411868,53.577692415666874,143.64522927509677,7.111716063381934,136.53351321171482,351.4168696802948,-40.36059871546273,40.36059871546273,41.48673545023698,9.600587984458954,-22.538517918359126,-55.68965575440352,33.15113783604439,241.36150656681758,S1,2,172477,172732
35.322909594868406,36.52343736248914,39.99018807182963,18.74852526928607,59.92093792911309,-17.95337603576291,77.874313964876,305.0181566454378,146.66302512402473,200.79824012023235,375.79340097517814,345.99225031488885,1048.04765481618,-56.22305032115121,1104.2707051373313,2311.226361887229,S1,3,172742,172997
57.404648379141555,57.404648379141555,57.95800993066536,7.989822250227152,73.49631896933337,40.073287872625556,33.42303109670782,186.3322079571564,-33.754847995506424,45.592175790410856,50.6502465340965,37.76317929895483,214.71056381974165,-56.22305032115121,270.93361414089287,419.2587722218476,S1,3,172870,173125
70.55863006739722,70.55863006739722,71.08227697801524,8.612190394520235,96.08248560460929,53.81159066786802,42.27089493674127,189.12095598422036,-43.00155479086096,43.00155479086096,43.33717865057902,5.383060371274429,-29.58156780682963,-52.829661692828694,23.248093885999065,183.48352709826918,S1,3,172998,173253
-109.9267377202979,192.03664648666236,216.33623383212714,186.3262686870577,153.90941967284317,-305.12590661194014,459.0353262847833,788.2310975335018,-18.318548062014592,87.79502064127693,124.120639668485,122.7614108285399,502.7962518535038,-86.07437270397166,588.8706245574755,1339.8218398158735,S1,2,173517,173772
104.3392874798904,104.3392874798904,104.69190823138067,8.585379276224092,117.52322373598463,79.00663671510394,38.51658702088069,284.54098887204105,120.37210344206326,172.66300284915445,334.39599088267965,311.9795432898484,1005.6868052999093,-50.39377381486025,1056.0805791147695,2235.9176997537515,S1,3,173782,174037
103.51658515143521,103.51658515143521,103.65996065986775,5.450141520271835,115.2965125479354,88.32706650517761,26.96944604275778,208.89458610707197,-22.321374173695723,46.585481844244114,63.268867828102856,59.200556511301635,337.08896839919413,-51.45802738890293,388.54699578809704,601.9415458263109,S1,3,173910,174165
97.04790789974437,97.04790789974437,97.27198560368257,6.598693474147737,109.81249027301618,83.83399210835152,25.978498164664657,210.2675319606198,-44.42058621866305,44.42058621866305,44.83254051962509,6.063679529307958,-31.96261600692456,-57.58710420629887,25.62448819937431,224.2937621076225,S1,3,174038,174293
-22.146130038450334,41.117604499694735,55.258849976285276,50.62696341892975,29.932749723777512,-104.21678736141897,134.14953708519647,386.76572668297393,-24.554050598041904,24.554050598041904,25.43699872303178,6.643756713209672,-7.603922136852071,-35.6425803065545,28.03865816970243,250.5237970756188,S1,2,174555,174810
1.2487939436240305,8.44224436062807,10.650698899942409,10.577235023558963,20.477137208194055,-27.232336528294777,47.70947373648883,286.9944317854405,90.43817022831897,149.56235834955584,280.62105831461304,265.6484815227956,906.3326386579604,-61.39975151222095,967.7323901701814,2029.4673448350518,S1,3,174819,175074
6.540912909626583,9.126222419935424,10.626864479304952,8.375363094827213,22.154130769244173,-11.900937423014641,34.055068192258815,238.4452605966065,-58.159975012956096,58.159975012956096,58.9899568436521,9.860644751143854,-34.8549556573887,-73.36411633113715,38.509160673748454,237.57584583761422,S1,3,174947,175202
2.6411242467820433,7.079809387807423,8.660299969646506,8.247742617063123,22.154130769244173,-9.473507216997868,31.627637986242043,190.59644203311535,-59.45440533110434,59.45440533110434,59.9649868816089,7.808542657646204,-43.34825084293819,-73.36411633113715,30.015865488198962,242.9771994568349,S1,3,175075,175330
-22.052050930041098,22.73078171485728,25.831026846686907,13.451728429206911,6.5003851633720195,-47.84968743956914,54.350072602941154,242.18183528082764,-12.532609452146804,15.14122374221949,24.154830233655854,20.649201532666957,17.60921551451402,-55.50321024762376,73.11242576213778,273.8619139948359,S1,1,175350,175605
43.65328753861509,43.65328753861509,44.46753338139438,8.470655942512183,57.259599254460284,21.833147960399284,35.426451294060996,223.97524729064358,184.67280986004127,223.43303852368012,413.1067577544711,369.53098192277236,1053.9876728004097,-44.56996962735895,1098.5576424277685,2291.6685093183614,S1,3,175858,176113
46.41552457371549,46.41552457371549,47.34889177178965,9.355032365709018,62.8975008071659,21.833147960399284,41.06435284676661,257.9300418949275,170.3867432358578,237.71910514786356,414.60480736442867,377.9755336250917,1053.9876728004097,-75.05767625931867,1129.0453490597283,2269.1740496666043,S1,3,175986,176241
54.09239297473637,54.09239297473637,54.380670196191296,5.591986521230096,65.17894438429929,39.962141235950455,25.21680314834883,215.69284923207704,-54.02503607201375,54.02503607201375,54.797487745681345,9.168431744617571,-37.18923443400074,-75.05767625931867,37.86844182531793,253.04526415462766,S1,3,176114,176369
-105.04663490629191,132.54798263158943,142.72234147240437,96.61713745619775,57.2165716381601,-182.370934944024,239.5875065821841,448.39378151468793,-128.263921803927,128.263921803927,138.62889222654246,52.59597060074496,-37.021600114569594,-174.24493221289683,137.22333209832723,348.78051784441914,S1,1,176388,176643
-42.342113552098226,90.80382557667443,114.4985392007964,106.38167557929104,52.98354659175337,-199.1577622130206,252.14130880477396,474.4762113560598,-48.92103813782519,59.125539989202714,89.8590751222945,75.37496540199287,46.51378750959168,-165.12906445361963,211.6428519632113,443.380155838093,S1,2,176652,176907
20.56604771831508,24.426607179845078,26.544342083535795,16.78212673935447,41.042257125494736,-25.775715843433016,66.81797296892775,268.0291922393609,188.56451889476776,208.7069260542832,403.35482276335046,356.56491030447546,1062.8812200954128,-31.404679607633803,1094.2858997030467,2324.96605336867,S1,3,176916,177171
17.269922064720284,21.13048152625028,22.386725383718385,14.244832932839493,32.5816502588517,-25.775715843433016,58.357366102284715,244.18568728360276,107.28083261969985,154.86483369104485,330.2163451958791,312.3037905420745,1062.8812200954128,-48.627347626344964,1111.5085677217578,1317.0461367258185,S1,3,177044,177299
100.48681198835857,109.88983061679349,128.11996088021476,79.48034343385815,177.0616328320169,-32.54416432265378,209.60579715467068,453.23962859264344,-98.65755417930025,98.65755417930025,107.40391435357387,42.45336054811522,-28.362218329817754,-150.8894545429749,122.52723621315715,288.48074898126504,S1,1,177426,177681
-45.51234165495741,55.91380859911431,58.41583644615725,36.62016800598575,146.3025448344053,-72.57936721221778,218.88191204662309,425.54363393988496,-10.688212775271056,15.439304060013807,26.11843967454226,23.831386839696,40.40663418319211,-115.57644573608052,155.98307991927263,352.6366593492384,S1,2,177690,177945
-74.0312753160767,74.0312753160767,76.68201985955355,19.9875572498546,-43.04497279473069,-120.25274823097178,77.20777543624109,270.9944025516756,147.98664886985327,161.2561250373039,325.88529028257915,290.3466448554755,966.5530240192622,-20.125646698765685,986.6786707180279,2053.2458004200653,S1,3,177954,178209
-83.2117829372662,83.2117829372662,84.19225527465737,12.811519372594496,-66.07203906467572,-120.25274823097178,54.180709166296054,262.0579293199629,145.36956304011903,156.3982423632141,325.1558874024915,290.8505479692734,966.5530240192622,-18.672785891470802,985.225809910733,1830.1382793317266,S1,3,178082,178337
133.04918681203225,177.8846180019308,189.97836000480538,135.60859544576218,243.30839815212187,-92.47364955634782,335.7820477084697,514.3418019974353,-80.25986439160212,80.47197429989374,94.86936280940675,50.5821131201978,3.7850793383439916,-131.68784542647435,135.47292476481834,318.30088692556905,S1,1,178463,178718
84.69672246141366,115.05652958247943,157.99638224232987,133.37661716342438,266.9020640181097,-35.98065692766246,302.8827209457721,530.3695833897771,-43.62087470707636,50.34819859383578,73.39690504035997,59.02817089571017,59.8570488132475,-128.5719014978522,188.4289503110997,454.0326044543052,S1,2,178727,178982
-30.518543092656156,30.518543092656156,32.15376538277317,10.123396455346008,-18.095210339903087,-57.44593642189254,39.35072608198945,205.12846479043486,103.57742048725493,118.47978217610849,248.63213068424017,226.03020677288126,805.59909242044,-36.80018342942585,842.3992758498658,1776.6256392230148,S1,3,178992,179247
-17.652770341400416,20.75078089398205,26.77701862789786,20.134260003103243,9.917295899194333,-57.44593642189254,67.36323232108687,238.3480851834868,78.9521839190133,142.97245336083222,251.8885992973706,239.1953576272116,805.59909242044,-69.41855493625468,875.0176473566946,1769.5993424481178,S1,3,179120,179375
-113.93641829128515,123.8262986991011,137.80191220902017,77.51038379092057,27.549756877319556,-177.51042518228033,205.0601820595999,469.4041259791245,-10.38678802922282,17.864467180753746,26.8819341697932,24.794213420576355,36.2619309193006,-57.565333771381106,93.82726469068172,310.6384173576695,S1,1,179501,179756
-34.213686718816994,51.60351317094342,69.91875885973484,60.97586802655945,30.959809645557733,-149.20630567311215,180.16611531866988,363.5977084207717,-38.13421154372979,38.18267044919337,43.49820364398853,20.925478015853372,3.278034452571733,-68.24604925432608,71.52408370689781,234.83252382447472,S1,2,179765,180020
-4.491080947373203,14.943122815436572,18.580460709865356,18.029523346860604,19.050638371688603,-41.427440891771,60.478079263459605,294.70724950829435,140.95238814774203,189.81560461991847,346.39963439974497,316.42555362632345,973.6972570806554,-58.336695753958026,1032.0339528346135,2139.698191833055,S1,3,180029,180284
-10.28425154640489,11.351191689034883,16.968811118493726,13.497211597414665,8.018627106845395,-41.427440891771,49.44606799861639,287.6978189693432,148.892465423778,181.58049109376424,345.4118797040723,311.6735477719109,973.6972570806554,-43.73715848544604,1017.4344155661014,2062.313691201476,S1,3,180157,180412
-20.585577234147266,21.604100233430295,28.861949240949365,20.229832523382278,8.018627106845395,-53.863881700486196,61.88250880733159,224.68552857780202,-37.452733214418316,37.452733214418316,38.36633062040456,8.322745943725499,-13.534255664532218,-56.29996217161913,42.76570650708691,214.2750381098616,S1,3,180285,180540
60.61512478121874,60.82895500232034,100.23810863152208,79.83410968866693,194.7936401817729,-6.837523322149511,201.6311635039224,406.71345142897,-49.96355633478948,49.96355633478948,53.01726911721985,17.733410924806062,-20.847131664903802,-87.53298294214227,66.68585127723847,263.45078951573635,S1,2,180804,181059
13.985021871646069,17.649001070993293,20.427733402295186,14.889978348030848,39.566076995544336,-26.871142128152734,66.43721912369708,255.8474969660888,169.31899083867472,222.90527017883326,397.2771799336029,359.38869909524016,1028.5273430136217,-58.37727664160629,1086.904619655228,2295.0723459202045,S1,3,181068,181323
30.589564437481023,30.989801225293085,32.364802264338635,10.57161166213249,45.8416452771521,-15.025397649051271,60.86704292620337,197.20113059341818,-24.98389991451988,56.11410738081856,73.63678237831344,69.26889968876615,346.7541948433873,-63.52102380773171,410.275218651119,602.2891465774674,S1,3,181196,181451
40.540138654666315,40.540138654666315,40.8421564837658,4.95771157943289,54.34667581352126,31.104124796640985,23.242551016880274,169.50125384966043,-54.6533583222336,54.6533583222336,55.8728476276159,11.60971688372815,-25.87811600654391,-72.04466906334493,46.16655305680102,224.1283925783919,S1,3,181324,181579
-81.29174276323441,113.22383001894072,162.11959469095888,140.265518005235,31.897382212293987,-277.41966931436696,309.3170515266609,449.91476853637835,-28.347719432247008,76.43903821795901,93.78084543286691,89.39381283452384,78.71267455238491,-162.32628432558909,241.03895887797398,489.5654263787112,S1,2,181845,182100
5.548951740630329,8.614339971945562,10.178431466171478,8.53285425234167,23.971518755941712,-9.819751546929117,33.79127030287083,212.39311808346272,255.6672099313175,267.4245329602726,423.37351489157237,337.46023599467253,844.4858314372548,-34.487645662969285,878.973477100224,1804.3164972431582,S1,3,182109,182364
-6.103269900541821,12.98980924831542,16.743680514704476,15.591694381934074,14.355810147872505,-35.99470144346993,50.35051159134243,202.5948159951082,110.39986190449198,149.9350341354254,302.91634291157703,282.0818698434786,844.4858314372548,-35.58170010650119,880.067531543756,1032.3949588245662,S1,3,182237,182492
-26.154399410135014,28.231746750030307,30.76481155230123,16.199414228413826,14.292729514859047,-48.50509179707916,62.79782131193821,222.0772867661224,-23.37498256283816,23.37498256283816,24.29749907232268,6.631640170918003,-6.713137049375522,-35.58170010650119,28.868563057125666,187.6931177738177,S1,3,182365,182620
173.0556483008875,192.46714265827976,210.30349068997614,119.49602833378364,260.02602266022654,-48.771987498603075,308.79801015882964,483.55926117312896,-128.63003053207768,128.63003053207768,141.88649888992686,59.88400297707207,-13.617139687890257,-177.7241511538964,164.10701146600616,354.129541322263,S1,1,182639,182894
-4.972076017763978,9.683109256592555,11.15613938033635,9.986886699420788,21.494244055451645,-20.730081336791738,42.22432539224339,246.21012569288018,98.37776259677955,102.44273572789226,187.02760456894268,159.06332291653055,562.584666064493,-16.754786510646777,579.3394525751398,1213.7680697081137,S1,3,183146,183401
6.981696316684559,10.058981598137095,11.652320541046508,9.32912056588871,21.494244055451645,-20.730081336791738,42.22432539224339,250.44634135896322,84.32509503549959,103.6734483263104,187.16938633787353,167.0977484269316,562.584666064493,-32.86671293582655,595.4513790003195,1279.83725338476,S1,3,183274,183529
17.45969422816779,17.45969422816779,19.03817754544007,7.5902095959586635,37.56534510959885,3.5505410118728786,34.01480409772597,202.19255207941637,-23.042977762749754,27.486107098424117,29.414929720679794,18.282758716833513,50.992495999627906,-42.021727755536084,93.01422375516398,266.15212200222356,S1,3,183402,183657
-170.24455365265283,191.56238588914482,217.19450984626798,134.87122398410128,44.27445928202482,-281.7546621565737,326.0291214385985,531.1943260498028,-68.22550911963742,68.22550911963742,71.19225851083286,20.33759025153974,-31.738035401913358,-102.58487705918476,70.8468416572714,252.9242075555939,S1,1,183677,183932
-40.4523319663044,98.97600555252033,142.1267851367114,136.24841977720268,53.50721424550031,-287.9621041991158,341.4693184446161,542.1339701213484,-52.85440754265949,53.33891886306243,62.224419306637344,32.83732573402837,10.195318766680906,-112.45611469889697,122.65143346557787,336.4757626842759,S1,2,183941,184196
26.711915105455645,27.18151641898404,30.863253138866828,15.460077157398135,45.96011489000951,-5.2916315200084085,51.251746410017915,287.94246581662446,226.67731918316386,291.70285971818873,458.2570504402132,398.2673941538501,971.3431945189625,-74.34480154931084,1045.6879960682734,2208.391997556352,S1,3,184205,184460
25.424931670358227,25.89453298388662,28.850821662223225,13.636083020538713,40.82139655029312,-5.2916315200084085,46.11302807030153,264.5970304547563,113.45432151505439,237.2716255978408,381.87666925610284,364.633936231522,971.3431945189625,-118.01996102310129,1089.3631555420639,1206.7609191286206,S1,3,184333,184588
68.65800803460064,68.65800803460064,73.21473617035944,25.425882978100322,96.60551086282344,20.265685212160673,76.33982565066276,266.71067572906793,-1.358165201668239,44.43022097564673,52.88392957927184,52.86648650166153,45.87696479120594,-99.34526505425757,145.22222984546352,327.55266634496934,S1,1,184714,184969
30.063194992808523,30.063194992808523,38.5130032502109,24.071886635142008,86.8542791289617,11.497724106369622,75.35655502259209,228.8682932064392,-41.511342718676985,53.25882220895739,56.238447157084636,37.94168373086181,43.17301074483158,-76.07706474213424,119.25007548696581,258.2553845796606,S1,2,184978,185233
-2.9981198241498532,10.496508717602154,13.163785963535087,12.817821125831138,16.51406029976242,-34.28150216589568,50.7955624656581,231.7418574433822,78.25182762073817,135.97108383842277,225.6799176297423,211.67918342477975,641.6081676465035,-75.88393771616045,717.4921053626639,1452.1870961514728,S1,3,185242,185497
-4.296741055472404,9.754240290635359,12.560588136534758,11.802812827367704,11.214554515652267,-34.28150216589568,45.49605668154795,214.06086091070625,97.2540257208304,116.99265901370538,222.69235814482423,200.33357396401314,641.6081676465035,-33.547633177823435,675.1558008243269,1468.532183786125,S1,3,185370,185625
-56.532025312201085,61.21515802432589,69.58222551296903,40.568660582256506,15.396105393371323,-109.33416179716076,124.73026719053209,372.3616604973081,-43.51862810958028,43.51862810958028,46.076493093470745,15.13843529737161,-10.169040879318903,-61.220693538348755,51.051652659029855,283.7870193710527,S1,1,185752,186007
-19.08024101882559,19.32938802942641,33.735361338168275,27.821197085680986,8.007641324093186,-105.31550817683046,113.32314950092365,315.34545533233364,-49.53300425608583,49.53300425608583,50.674090886483334,10.693221055330131,-4.465300288885941,-69.08005326482841,64.61475297594247,279.6678835739225,S1,2,186016,186271
-31.59466171075219,31.59466171075219,33.61894071983696,11.489583391361077,-13.224774526143415,-58.61398997233705,45.38921544619364,331.37175997942944,116.07036746829345,186.54891257901474,328.0387180817157,306.81765000806365,928.4824532346871,-63.250226420255274,991.7326796549423,2099.982567389208,S1,3,186280,186535
-40.547154571050854,40.547154571050854,41.3487212435498,8.102160493849542,-13.224774526143415,-58.61398997233705,45.38921544619364,338.32925007395073,108.27173044690721,194.34754960040098,329.49899147936713,311.2022136360092,928.4824532346871,-79.11816995207056,1007.6006231867577,2044.7383816603003,S1,3,186408,186663
132.37999792275951,158.7003932747956,174.20479925089094,113.23801584279639,219.83260757184297,-62.920351567015096,282.75295913885805,493.78117934549186,30.69149158413775,72.62269880342433,75.44651369350757,68.92175834121926,139.2140159379628,-88.28844467205727,227.50246061002008,484.61397729655596,S1,1,186789,187044
27.694636120567957,46.76608105604102,78.73973142718329,73.70856419286899,175.502177876179,-24.477333177458544,199.97951105363754,433.263600539731,-50.39547542755565,59.31320134701401,63.27979060404886,38.27045799729742,31.31392066215565,-86.49934630712072,117.81326696927637,338.4473956580572,S1,2,187053,187308
-31.35398814105206,31.35398814105206,34.21782599343961,13.703541271075824,-9.142719253999694,-72.60179572050772,63.45907646650803,287.98363335281226,167.13536181742063,273.6564780814989,433.09579103632456,399.54691219372427,1001.3572920402557,-116.23120213136775,1117.5884941716236,2292.7927494788782,S1,3,187317,187572
-37.57727742953153,37.57727742953153,39.38909142018936,11.808841767593268,-12.54859136566571,-72.60179572050772,60.053204354842016,294.81605606923756,155.12968796999024,285.66215192892935,435.6479852664224,407.0920620412862,1001.3572920402557,-116.23120213136775,1117.5884941716236,2276.638503340759,S1,3,187445,187700
-22.82425990498369,22.82425990498369,26.25219486698616,12.970385311314702,-7.023104425914934,-47.16266543646225,40.13956101054731,176.84402939646878,-95.88602774840392,95.88602774840392,96.41010068179303,10.038784593056258,-80.06452927287188,-116.06666617656468,36.0021369036928,238.16030379972815,S1,3,187573,187828
-7.333214421597631,7.969222560174449,9.220650446523207,5.589665544899902,9.43611469702589,-16.867881088375395,26.303995785401284,225.7543662283411,-66.46809540491677,66.46809540491677,66.62963780422646,4.636909225474097,-55.361501141236616,-74.91703296174072,19.5555318205041,197.85557152727083,S1,2,188091,188346
-7.248609363387683,8.6705291183441,11.892317841161958,9.427878124595559,11.105322604116036,-28.547135673522735,39.65245827763877,257.52786302615044,193.1593274385147,270.60683811668645,414.2638554423201,366.47512350695257,932.8277187313762,-80.04668441881395,1012.8744031501901,2121.710571549656,S1,3,188355,188610
1.0274966051243726,6.998018315131873,8.90625093982712,8.84678226982157,16.289155109821518,-27.015854602867105,43.30500971268862,224.28799192959445,4.53138430922219,118.23431411216463,180.79891856030878,180.74212433414436,682.2505748271548,-80.04668441881395,762.2972592459687,905.104431142342,S1,3,188483,188738
9.011418610144847,9.24602119148099,10.28864599551949,4.964934143959453,17.969116881477216,-5.117512234207359,23.086629115684573,194.5464559636178,-76.73620106105571,76.73620106105571,77.06963627654473,7.161304526141288,-62.4116960615924,-93.0281364276707,30.6164403660783,226.20320900585247,S1,3,188611,188866
-4.77691605636356,10.881414696681087,12.19870158913103,11.224499697141246,14.826700204950304,-21.53936868051411,36.366068885464415,249.56152857360183,-38.315063221009254,38.315063221009254,38.791218754368465,6.059255962519792,-21.690015201227325,-51.26250442381696,29.57248922258963,216.78207930828407,S1,2,189129,189384
-20.761577740177117,20.761577740177117,26.267503508511172,16.091570162921606,-4.771138397862343,-60.60661795970366,55.83547956184132,221.04104235339702,198.71643643115493,244.62353620746956,441.8952220588022,394.69376125105,974.3151411018296,-40.93478398492481,1015.2499250867544,1277.5760123993996,S1,3,189393,189648
-32.70368477477074,32.70368477477074,35.56407310489881,13.97398647355203,-6.302262460992042,-60.60661795970366,54.30435549871162,240.1119083406165,260.49831929808147,287.3302877723542,471.27320759533455,392.73281227836065,974.3151411018296,-33.31893023470072,1007.6340713365303,2112.7334443199697,S1,3,189521,189776
-44.9389608952241,44.9389608952241,46.547284623104694,12.130107148819343,-25.543363980403747,-66.62511684943428,41.08175286903053,213.00777112963164,28.978820006582676,75.50981442522853,167.14006272274503,164.60871349351234,835.1971084052244,-49.579176785805274,884.7762851910297,1041.4344672388127,S1,3,189649,189904
148.11939183789897,186.13001705319164,204.70049882129533,141.29026852284656,261.4086940338296,-75.69408312267055,337.1027771565001,494.56896218284817,-143.7455371774124,143.7455371774124,157.9439270039318,65.44848828659445,-38.04010022229412,-200.83025932289343,162.7901591005993,351.4227611967234,S1,1,189923,190178
-13.191396907377918,90.67777116807665,112.05324657275366,111.27406308357016,251.1839210589413,-74.28569996174157,325.4696210206829,534.1824765086402,-67.56093933854616,67.56093933854616,83.07761750146831,48.34676830371974,-13.910236259722135,-187.70238609644585,173.79214983672372,442.4356742927986,S1,2,190187,190442
-55.4902093511675,55.4902093511675,56.661980080177855,11.463710253232806,-35.493155125232214,-81.43651733841135,45.943362213179135,214.8148211811469,155.55634757675003,192.20883891977434,321.7011563100485,281.59164884599045,867.4720111489646,-58.963854936970236,926.4358660859349,1897.2348719380343,S1,3,190451,190706
-38.26474142406979,38.26474142406979,40.32296976856831,12.718154532240586,-14.073035866182948,-63.785929215310794,49.712893349127846,238.4726840866327,-0.20350673297185295,49.02339187758915,73.44086132072063,73.44057935868258,288.79291534300796,-53.777960006164555,342.5708753491725,494.6561512924984,S1,3,190579,190834
-8.30302421588904,9.749800757158848,12.349726390013062,9.141965367389293,11.55696119397868,-25.673140397968176,37.230101591946855,224.65632678982698,-61.845119796060814,61.845119796060814,62.688436876430856,10.247988847629744,-35.609145700734906,-74.03321543010284,38.424069729367936,210.1082617449011,S1,1,190961,191216
-12.481958887847245,12.917797074747401,14.56635439303506,7.508620554108651,7.09631384229826,-25.143120556103923,32.23943439840218,279.6357064341617,-36.44308774124609,36.44308774124609,36.76009583575466,4.8172608127136325,-22.47015178294112,-45.59190118755627,23.121749404615148,263.1044736084117,S1,2,191225,191480
-3.5959022010858743,6.8856891250620995,9.947789007525119,9.275127680979024,13.549350533320277,-29.58658117889105,43.135931712211324,255.83460508798274,167.72724721871765,249.3512643011968,398.33158757950275,361.29714115121124,895.992044375724,-78.69294941040282,974.6849937861268,1594.196986288887,S1,3,191489,191744
7.774539712589487,16.425230204380735,20.177276807271337,18.619318774182332,36.11541975539779,-29.58658117889105,65.70200093428883,257.3134590314652,222.663187786393,246.83768544711026,402.92518622776566,335.81216550548186,895.992044375724,-74.55419185661482,970.5462362323389,1973.3811747913421,S1,3,191617,191872
24.0060703369375,24.0060703369375,29.202883843077444,16.62880067023125,54.53508720468639,5.137346706578923,49.39774049810747,228.2787048025314,-52.1148215170336,52.1148215170336,52.78518228174,8.385752605714694,-38.265140045572394,-75.290071578648,37.0249315330756,226.96461899541663,S1,1,191998,192253
15.020655553739381,15.020655553739381,15.903642406803607,5.225490267850502,30.632761086037412,5.722093035232996,24.910668050804418,190.81222306376122,-37.80421009912997,37.80421009912997,39.430907234877886,11.208842230417227,-12.801608013363348,-52.92871408510616,40.12710607174281,249.236505042306,S1,1,192126,192381
15.625745075716994,15.625745075716994,16.675073123793254,5.821868644392304,30.632761086037412,5.85229758870102,24.78046349733639,196.2635158290031,-22.01527976491723,22.01527976491723,24.04672455329457,9.673283755501313,-6.181547480075708,-47.6022001637766,41.420652683700894,303.91313767462236,S1,1,192254,192509
0.4135257489504216,14.375683092417166,15.243712234227072,15.238102215659243,27.19970738058812,-25.33774319459169,52.53745057517981,210.75130448410823,-11.23991190810442,11.272480446711393,12.388082071051278,5.208546601227116,1.8024339264489089,-23.0683615044747,24.87079543092361,278.4910232457221,S1,1,192382,192637
-17.210435263383978,17.858262720050963,18.81217041301781,7.595964303055397,11.067657019309538,-31.37575844376417,42.443415463073705,214.13882901491644,-8.606786181279563,8.639354719886537,9.4337090382927,3.8623953511908256,1.8024339264489089,-20.05699025482952,21.859424181278428,201.25554382315448,S1,1,192510,192765
-18.34021158001063,18.34021158001063,19.52321823489279,6.692734078662799,-4.427364179766145,-31.37575844376417,26.948394263998026,186.11254521784255,-6.181758185152364,7.4747921883420325,8.691810085788411,6.110108698518781,7.302506233013203,-20.05699025482952,27.35949648784272,219.19080572025916,S1,1,192638,192893
-9.82338856028064,10.01403683556656,12.601461858613522,7.89290049144412,4.878785314989512,-27.012719528444595,31.891504843434106,168.3225281477759,-1.5375681710208693,4.7685323049914174,6.008097567055387,5.808022081115085,9.029869784346442,-14.280537929735427,23.31040771408187,231.94019328061705,S1,1,192766,193021
0.37655000275653183,5.199272732740424,6.096395973760826,6.084755867272842,14.017710403652623,-10.661758197205003,24.679468600857625,220.48438719479427,-4.189775472369536,6.127705603150416,7.582968598051882,6.320379280563117,9.029869784346442,-17.544083774227484,26.573953558573926,226.3265086478835,S1,1,192894,193149
9.71485025015113,10.274030104340884,11.682176340402329,6.488060470232573,20.829123962957684,-4.800847233153292,25.629971196110976,242.87953934920148,-9.980883466085078,10.140082976126857,12.152269630804089,6.932504772172382,4.1083839826022865,-26.986804141631595,31.095188124233882,241.1485522055665,S1,1,193022,193277
12.878457864963837,12.878457864963837,13.346798541305482,3.5046189982001206,20.829123962957684,5.964076618039337,14.865047344918347,200.29837301558965,-13.466494085663431,13.670146485181832,15.83908298771953,8.338470299320981,4.1083839826022865,-28.41311217709673,32.52149615969901,246.65437171656788,S1,1,193150,193405
3.076028779584233,10.08121464334695,11.681399238089245,11.26912308508526,18.234093609453502,-24.49555409125217,42.72964770070567,206.67878961152937,12.225606712295704,45.530348203268495,73.65737955073246,72.63569441257468,238.6702706894535,-40.15180146026955,278.82207214972306,632.5334811387585,S1,1,193278,193533
-9.371629562039168,11.375663149323657,13.049343505788624,9.080634630023459,9.500277915312823,-24.49555409125217,33.995832006564996,203.0631016867372,21.405393613194043,46.148513201198675,74.04119691651421,70.8795313549283,238.6702706894535,-40.15180146026955,278.82207214972306,645.0670413422797,S1,1,193406,193661
-16.660195369190753,16.660195369190753,17.34842669167843,4.837954003185185,-5.287992120127918,-29.42038448623228,24.132392366104362,215.27691448741328,-5.255095241547294,15.113827698958126,18.068038974222112,17.28693166459208,57.45614072752642,-25.506118904418678,82.9622596319451,282.41303833984745,S1,1,193534,193789
-12.98654048537945,16.253862683558694,21.62154299476455,17.287015002482423,13.13543146688773,-45.910548341168614,59.045979808056344,263.6599629232567,-19.195025733569707,19.27040982946044,23.022219474665246,12.711159531185672,2.854414329209612,-48.68601217972808,51.54042650893769,303.41590511671313,S1,2,193881,194136
-59.48966389424949,59.48966389424949,61.798562652484215,16.7344625148896,-39.59947587385712,-110.43494731768605,70.83547144382894,326.8745069233531,135.24849756842923,174.71567464425982,342.1636818470359,314.2989485833547,1000.9654151371575,-45.987249021051284,1046.9526641582088,2220.2126206565185,S1,3,194156,194411
-72.88462771728169,72.88462771728169,74.3313901960161,14.594060812044416,-45.69811256668316,-110.43494731768605,64.7368347510029,361.75325310333085,137.36666971863878,171.5258944701776,341.8601877388193,313.04757787152937,1000.9654151371575,-34.33550371300014,1035.3009188501576,2100.9551046629113,S1,3,194284,194539
186.97363178495962,234.3470650898376,266.4171645453537,189.78663435955767,353.3677428693296,-76.90528780247277,430.2730306718024,564.9417277052264,-93.02411849883586,93.02411849883586,102.04491101581233,41.94850702634841,-28.063608301171595,-137.18870781003645,109.12509950886485,290.22225821848247,S1,1,194666,194921
99.88139862856305,127.46974632629461,198.10081536942374,171.07787483492015,358.16535530382583,-30.791331449839667,388.9566867536655,585.2676126562551,-61.14683611838615,61.14683611838615,74.52002877760309,42.594590287101255,-0.1255262444174965,-128.4550693484316,128.3295431040141,441.4370671616498,S1,2,194930,195185
-9.508315842018487,11.533279484966776,14.238798330292052,10.598835206717201,12.176595500470931,-39.32986685808844,51.50646235855937,264.0530088468403,122.33645155012792,161.30249930953622,311.77553256711116,286.77129446586696,937.8336443191376,-44.98991394488214,982.8235582640198,2111.231808479931,S1,3,195193,195448
7.803591689850675,17.796805880485493,21.15777172024109,19.66609419544021,34.81179989356126,-39.32986685808844,74.1416667516497,270.34534703893445,127.11001632585887,156.52893453380526,311.3378260235107,284.208173110285,937.8336443191376,-44.634647754335965,982.4682920734737,2077.1381732699188,S1,3,195321,195576
-193.54075452954433,230.30157755663902,264.2368826675052,179.89748885956018,63.48229889349552,-342.1470298158748,405.6293287093703,592.2045903633618,2.0187935680870552,27.444549197907953,31.86197509331741,31.79795479864435,53.028035373862444,-52.14854834723315,105.1765837210956,329.77538498876385,S1,1,195703,195958
-134.92109269031513,177.95613225008915,227.7375618475596,183.46851452912136,59.64819294096799,-349.28930531975715,408.93749826072514,649.7880467045828,-39.02667305038711,39.100936317119555,45.12478678390409,22.65314929344249,4.099473145049344,-71.93679235190736,76.0362654969567,242.46723732899014,S1,2,195967,196222
28.40458640497966,31.02595082484227,35.04198488095876,20.521212818919516,57.3557934228934,-20.498937172414088,77.85473059530749,306.8108361937443,128.20029295968553,197.1745812832902,346.1237997520004,321.50640684100483,941.7260601493037,-67.72764539086167,1009.4537055401654,2148.4400885195637,S1,3,196231,196486
16.830307932851444,17.117709193826066,21.42191068454157,13.252886186105805,47.17098400402107,-7.3818943854303445,54.552878389451415,236.33644237932742,-33.239394408936825,58.70619059445613,69.35311989930207,60.868693916446965,286.1233019500722,-64.57623155253663,350.6995335026088,581.2876066459951,S1,3,196359,196614
203.72508312899797,227.60681837326788,265.1413246676962,169.69387894271125,367.2798983134568,-52.21580262549792,419.4957009389547,667.0391640590203,-97.45382257146653,97.51206484592385,115.69159074451953,62.34818870830583,2.6123376854724114,-162.4209779110033,165.0333155964757,410.6108476759296,S1,1,196741,196996
85.16566326419412,139.74297092095333,192.90025253093333,173.08182234789345,335.5842215713524,-60.49443179217446,396.0786533635268,551.7424387691335,-21.438196557230793,61.49671318649891,77.9536798200472,74.94784804022042,88.29109438193132,-139.14988741073893,227.44098179267024,493.8726430386897,S1,2,197005,197260
-36.72880080967609,36.72880080967609,38.67894910737689,12.126677002962865,-14.69075125784663,-69.57960577150752,54.88885451366089,255.37045877313227,145.7554962250254,145.7554962250254,284.16405419467395,243.93553455072956,896.2424839593534,3.448050192303204,892.7944337670502,1891.1199182524394,S1,3,197270,197525
-22.19566145057101,22.773144439876162,28.914974940584475,18.531820973295208,9.858260965146668,-69.57960577150752,79.43786673665419,233.38867589453616,122.98371330819874,124.71305034742,275.3587701155444,246.36854210810273,896.2424839593534,-9.83919048467682,906.0816744440302,1277.754554978395,S1,3,197398,197653
1.5776889552301583,10.364512578075374,12.3832078198643,12.28229349390793,22.404173986313644,-20.4650721950646,42.869246181378244,188.05779959571584,-0.40240290391451883,3.252441767826522,4.120424030662684,4.1007275080628895,12.910790548441549,-9.83919048467682,22.749981033118367,241.89210039692935,S1,3,197526,197781
-73.54979018943432,120.30323470696509,152.90780981631008,134.05680387772583,49.3594494139225,-246.14248976324137,295.5019391771639,460.4926139216056,-64.7161978482779,66.31102781852886,88.2876262757074,60.05429784338112,27.38107359389152,-164.55912902611556,191.94020262000708,507.6830571236572,S1,2,198044,198299
25.077460872492043,27.792277579646615,30.011744629606188,16.487139591248887,45.67198744798163,-23.7544015036307,69.42638895161232,375.63129641420636,197.3543099041113,210.39346728500755,389.1757906409949,335.4237206628587,1034.5691676325673,-29.21898106610147,1063.7881486986687,2200.1701300574896,S1,3,198308,198563
27.08643285127015,27.08643285127015,27.586906498218738,5.230923965715452,39.76842809809238,9.627192633623913,30.141235464468465,191.59683969210005,4.462192257898469,48.11316194699619,69.05877955398593,68.91446781148046,293.89534935553496,-48.721738463541726,342.6170878190767,479.7233937646223,S1,3,198436,198691
14.361145870227478,15.904819704350384,18.47692599782559,11.625587452820238,33.33151456327583,-9.814036902376326,43.14555146565216,187.27561465825215,-33.96124467649547,33.96124467649547,34.650241866711205,6.8755451743693765,-20.90553312604713,-48.721738463541726,27.816205337494598,249.35766440350469,S1,3,198564,198819
28.16108203264539,40.63588756001888,66.09745842526063,59.798222958794284,136.03102119181847,-18.3831478792806,154.41416907109908,342.3575757179236,-79.24243253964354,82.13802589181672,86.20470229453439,33.939469396107874,47.55857374970707,-127.57198429790502,175.13055804761208,542.5521432435785,S1,2,199082,199337
-29.840791902801868,29.840791902801868,32.283662154633014,12.319171267912399,-11.62765628929517,-65.03698351350148,53.409327224206315,290.5619025682278,155.88011466979054,231.47162057709457,393.76377038236325,361.59548768792376,1006.0704979331176,-92.61358102921004,1098.6840789623277,2277.093317503128,S1,3,199347,199602
-29.901264633998416,29.901264633998416,30.526210810043498,6.145235528994159,-17.64566154691446,-53.43423795883739,35.78857641192293,209.4306702048732,-13.720451796759518,63.35173102754597,94.35077219900437,93.34783027495183,504.484459340363,-66.09410562189822,570.5785649622612,750.3183113974281,S1,3,199475,199730
-29.48383486444655,29.48383486444655,29.8591639264185,4.71944404255181,-20.98071460135921,-40.128519379091344,19.147804777732134,198.66962146566948,-50.41494324257889,50.41494324257889,50.94907009809857,7.358073233429433,-33.63614396214512,-66.09410562189822,32.4579616597531,247.7005308904617,S1,3,199603,199858
30.16130079781719,43.54693587099153,45.12372692814677,33.562578358486554,61.18899742686942,-40.20205866927875,101.39105609614816,338.3827545192078,-12.877653924729971,19.600363032134652,26.196600755995004,22.81288935150225,19.032719836046397,-59.91966326481128,78.95238310085767,326.36964449341684,S1,1,199877,200132
-55.51052257952784,55.51052257952784,56.648022761194014,11.29514788307284,-35.94194863852574,-84.93449703729112,48.992548398765386,272.01941768513154,175.31956870591284,223.95800972824497,398.0432158032155,357.35339717951183,1005.0302959118628,-55.437287848248765,1060.4675837601117,2228.99885336444,S1,3,200385,200640
-42.971017394387985,42.971017394387985,45.84904862621315,15.988337124919001,-18.748640697340274,-84.93449703729112,66.18585633995085,216.2984984736118,39.99890959768415,128.35422186528422,242.659832996895,239.34051429099353,992.4913517876275,-96.98928859488653,1089.4806403825141,1202.978797336766,S1,3,200513,200768
-33.12273899151788,33.12273899151788,33.685686432589975,6.132669250380114,-18.748640697340274,-48.87784991176551,30.129209214425234,171.49240401264996,-80.9976569272369,80.9976569272369,82.83564484870298,17.35291415866748,-36.20861577208582,-100.26737921790674,64.05876344582092,211.71078110707538,S1,3,200641,200896
72.6333572838912,90.38099196352836,94.25669746365067,60.07262626541959,113.90271326815397,-50.89661770966001,164.79933097781398,345.9048234194781,-55.066471333902314,55.066471333902314,56.62657844711302,13.200497015626283,-35.559553063336836,-84.70299138056258,49.143438317225744,269.48241899481116,S1,1,200915,201170
43.52012884597865,59.756285423658895,79.17913685633327,66.14630827599808,132.8927240450865,-26.29914487137229,159.19186891645882,377.8201974042888,-29.474291159501362,29.474291159501362,30.894022004581096,9.257794352030105,-10.602432884258572,-46.70304493090085,36.10061204664228,283.0445673822247,S1,2,201179,201434
-14.47312169638059,14.47312169638059,17.074043268001258,9.058239447008264,-0.2584742775801041,-39.03803424171672,38.77955996413662,241.0287971550935,80.38847424234234,108.00300173463982,219.80385376264238,204.576214008123,758.5662745541972,-46.43258460326675,804.9988591574639,1710.3835506196747,S1,3,201443,201698
-3.8665343586522294,10.445862356178644,12.223590319714324,11.595950687958945,27.564441381950676,-26.83843637193513,54.402877753885804,238.11754017976136,-34.13718852589351,40.0054392010377,43.781004476299806,27.41220006678392,105.05772137549852,-61.55336116934529,166.6110825448438,342.31962601694,S1,3,201571,201826
-52.26083292738486,68.36349796519812,73.64692608092963,51.89099211718619,34.115081180613146,-97.57856610907697,131.69364728969012,290.99855772931954,27.192884626252265,55.81268462214553,56.9485657223334,50.03684805754914,93.4645973046445,-56.07282718453136,149.53742448917586,396.72959139586874,S1,1,201952,202207
-2.6660292274095276,35.979349741717584,44.03146188030287,43.95067602978552,32.61982109521407,-90.24877854344757,122.86859963866164,295.79068700261774,-30.32210157374565,48.69917653384829,49.455555841765424,39.06945302623816,46.70690096644136,-60.099141604192084,106.80604257063345,325.4326299204764,S1,2,202216,202471
9.290244521855055,11.715272511314623,13.042945368403988,9.154768189709294,23.424749702811972,-12.72301306712287,36.14776276993484,192.97397346905657,121.66740088168544,181.12201396590623,315.4060830830972,290.9949154341307,869.4405753616,-58.688893388282516,928.1294687498826,1986.4843673605046,S1,3,202480,202735
7.058456720547593,9.538577234774076,10.640219581495913,7.961938298342028,20.614900146267452,-12.72301306712287,33.33791321339032,203.04084427961618,79.2118349978445,158.48005720942433,287.60745344550236,276.48423548853754,869.4405753616,-67.81743797059595,937.258013332196,1201.8122049841731,S1,3,202608,202863
49.37941945263631,54.368072300428295,61.20536611720919,36.16309964677006,85.91802619095121,-14.471982344496924,100.39000853544813,276.3241085305332,-77.6917620136072,77.6917620136072,82.99733647269068,29.198424217447972,-26.37002168844366,-114.61839019128521,88.24836850284156,309.05315002406394,S1,1,202991,203246
-35.741337299848325,62.006473779229054,62.75555238782163,51.583099592008786,65.23806463126182,-77.61940061261035,142.85746524387218,307.555591198322,-17.333414110432635,29.206971956584947,49.497364343083625,46.36315166366736,55.177209619761385,-107.69487399938738,162.87208361914878,401.3675161231324,S1,2,203255,203510
-69.55730640671345,69.55730640671345,70.49837198869923,11.48048685812558,-55.3751709627431,-100.61879897829071,45.243628015547614,233.5019880685157,149.46472989664937,165.1007322842809,340.71291695706395,306.1790102183897,953.2270782339289,-21.37621354931858,974.6032917832474,1911.4268523503379,S1,3,203519,203774
-69.03218787751864,69.03218787751864,70.07589658723339,12.049411576819743,-52.332545642397704,-100.61879897829071,48.28625333589301,218.3898463846641,145.64737737172376,175.28440641815675,341.5735120384625,308.96489378411326,953.2270782339289,-39.09544311880678,992.3225213527356,2078.4118861537704,S1,3,203647,203902
-59.98071395590918,59.98071395590918,60.22296401962224,5.396234673187993,-50.711127277904204,-78.1325830657339,27.421455787829693,171.18939186969706,-24.42366318765709,30.789984796607325,33.36658043134384,22.733529558280694,133.45032753727935,-39.09544311880678,172.54577065608612,402.69613583926036,S1,3,203775,204030
74.89438651100407,88.16846085017468,132.15321882039694,108.88206516103578,232.30894998718563,-19.034965370442887,251.3439153576285,416.97433379288634,-32.84682798093062,47.232732199559756,66.19061051419555,57.46549235700577,70.71101575052097,-120.94339385873377,191.65440960925474,407.3094102793669,S1,2,204292,204547
-3.296640394599505,8.871503325895453,12.7701666996836,12.33731411800813,14.951659885641456,-47.54968369444733,62.501343580088786,278.25805438215616,163.44450788806097,166.4442605064817,356.15059575660206,316.43188793010756,1012.3706630803802,-17.04767103411974,1029.4183341144999,2196.619640132658,S1,3,204556,204811
5.305738910157647,14.184225354320457,16.739816057540555,15.876730653932874,26.380131408500688,-47.54968369444733,73.92981510294803,290.7743823152752,148.94803263438905,177.91149317407553,356.6494368963016,324.0575634247626,1012.3706630803802,-39.50835534702905,1051.8790184274092,2202.186577219236,S1,3,204684,204939
23.534456229900975,23.534456229900975,25.32805995933727,9.361623324331042,48.461938825189684,5.944257913932774,42.51768091125691,199.2637118827892,-30.140100598955176,30.140100598955176,30.632121868592627,5.468201354848995,-18.66177374862018,-44.65075285872858,25.9889791101084,249.21843419000248,S1,3,204812,205067
-197.40225869222905,222.4880023098943,256.5632033514818,163.8811324624652,46.840599003307325,-332.76568407580487,379.6062830791122,573.9671220805045,-128.24237442708784,128.24237442708784,147.73591512733407,73.34707914984385,-16.411274278721237,-194.92329706683233,178.5120227881111,395.6203440614508,S1,1,205086,205341
105.3924650161731,105.3924650161731,106.30158537042149,13.872828481594386,128.19191357062562,67.88062353540082,60.3112900352248,294.24583931683617,177.0291544658715,212.51114800841935,406.47082618442755,365.89508196769975,1058.5603220222624,-56.44575822697523,1115.0060802492376,2335.681639399268,S1,3,205594,205849
104.99738973082944,104.99738973082944,106.14601246479086,15.573185669215183,128.19191357062562,67.88062353540082,60.3112900352248,283.9555745797261,159.0585373133483,230.48176516094256,408.30576973241165,376.05050632131224,1058.5603220222624,-68.81290606660006,1127.3732280888626,2315.0057132870015,S1,3,205722,205977
97.40588717185324,97.40588717185324,98.33492023497982,13.485165252381615,124.26196140485001,81.34529672834385,42.91666467650616,189.30227222016637,-58.71021045186612,58.71021045186612,58.92406012821806,5.01558079303367,-43.51532276372304,-68.81290606660006,25.297583302877023,240.71396704011465,S1,3,205850,206105
-172.12311668764892,213.76043531161207,230.94511042738483,153.9781696606599,91.63713245008852,-294.472411926349,386.10954437643755,581.2408894994965,-39.802509267260305,39.802509267260305,40.87681958246876,9.309921331964045,-17.168117328403138,-59.25348551984467,42.08536819144153,241.7673531386631,S1,1,206124,206379
10.105527002996027,63.52108630805192,94.47060814626701,93.92855863642988,59.44114062913679,-297.70660745495525,357.14774808409203,571.8755380250471,-63.53479135549671,63.53479135549671,65.00943941703572,13.767988260117681,-30.212463445859086,-80.63933504845467,50.42687160259558,288.58209115749094,S1,2,206388,206643
-1.9523023094278806,11.722848830511413,13.962963249899842,13.825804078268146,22.16114959092583,-31.477751083703545,53.638900674629376,246.9804245611301,230.91607402398233,289.2980753858052,448.94241158254545,385.00266969840914,997.072350283845,-75.22622344593736,1072.2985737297824,2230.9497717992285,S1,3,206652,206907
-17.692053179558286,21.65209816767274,25.138721487478268,17.859075348871873,12.892581595030164,-43.407749590045455,56.30033118507562,163.24823916336578,-42.494223941079234,71.17771214976759,82.26214585096936,70.4365073782876,309.72197315759,-78.35583398550722,388.07780714309723,567.7621347634987,S1,3,206780,207035
189.33963894069984,226.1612176519622,254.70266363211363,170.36416286032411,321.7915016176595,-73.81055803121416,395.60205964887365,601.8661249422807,-96.00856498535147,96.00856498535147,96.57094185026614,10.406837142043976,-73.4633574336118,-116.23340397585756,42.77004654224575,389.8290301683064,S1,1,207162,207417
3.5236032878234553,125.16543721680155,154.66129391555793,154.62115009113288,311.07069497433594,-91.90281885655656,402.9735138308925,601.0961584906294,-64.30316733596507,64.30316733596507,66.49904947505958,16.94775063686318,-44.45840406845484,-102.87140602521193,58.413001956757086,292.97781434812765,S1,2,207426,207681
-95.17837643267487,95.17837643267487,95.86190097427159,11.42719204534061,-79.85767254341654,-131.41006382988553,51.55239128646899,246.87901237955293,113.62367916212237,158.00207337399365,301.977892252131,279.7861807572038,898.8343943240449,-54.691021867079016,953.5254161911239,2002.573747725633,S1,3,207690,207945
-79.25040904265717,79.25040904265717,80.31912026376467,13.058857014173102,-53.143157331800765,-107.34902703916626,54.205869707365494,204.05671507221035,-15.768025662844611,48.11409294449268,69.15402719019775,67.33237589242255,334.78984018210616,-62.49370946318155,397.28354964528774,589.8291108897947,S1,3,207818,208073
37.33884629394022,71.60740778859285,75.0574380909239,65.11090208413934,100.76389037974725,-57.0837785755681,157.84766895531536,375.5157921273898,41.54973545882448,73.61720636547248,78.62937807024497,66.75476446677965,136.22612066881754,-51.61946907590904,187.84558974472657,504.91897733242513,S1,1,208199,208454
25.682920280081984,39.07869511246432,56.8760341326727,50.74712666297377,104.67130445346021,-25.716405652979212,130.3877101064394,355.2455909957132,0.016692373551698836,53.34346996626003,57.0880196414155,57.088017201014324,91.68451385555991,-55.11115969550412,146.79567355106403,431.78683474677865,S1,2,208464,208719
2.5900850499986516,14.134386708132748,18.134271850639983,17.948350202363645,27.502899437606956,-43.196118889808915,70.69901832741587,322.53311718502346,96.59812938654501,157.5389495359453,288.7663314121522,272.13010777246467,901.5417775682839,-72.20737713188862,973.7491547001725,2054.4421593322704,S1,3,208728,208983
16.718411797918627,19.388280038007252,20.211920570493117,11.358540403728732,31.063014817814757,-38.500040987307116,69.56305580512188,257.4352842370238,-21.41141158065377,88.27712726118605,123.3613075756549,121.48894460361063,586.8736035225178,-75.1105648242261,661.9841683467439,834.9339838401681,S1,3,208856,209111
-69.16059240607345,92.84368731301186,115.29437827223425,92.24752635828247,41.47665059595651,-186.448670976358,227.9253215723145,388.48638815398044,-85.73940578414184,85.73940578414184,98.50375696054795,48.494787669655416,-24.81235297319333,-157.31448412105064,132.5021311478573,358.2737102107867,S1,1,209238,209493
-20.713199876312096,88.48661730172317,103.87996352418158,101.79395941149573,62.69093237740833,-175.13237520194104,237.82330757934938,442.7696597083186,-46.801003964838394,53.06863262598048,73.76701185200538,57.01962877340647,48.74895727436617,-141.63767814144222,190.3866354158084,502.72392720022106,S1,2,209502,209757
34.3927990144051,34.3927990144051,36.41603312595553,11.96924578181208,56.398336091079074,4.954575370449079,51.443760720629996,306.3960680475258,146.41155213066688,176.86875656368667,346.4625523854139,314.0063018604956,981.6588711509183,-39.49928495115781,1021.1581561020762,2130.987703111401,S1,3,209767,210022
28.690858987204262,28.690858987204262,30.78526885815936,11.16097617798358,50.342888074540184,4.954575370449079,45.388312704091106,313.01338392457245,147.75415723155635,174.1685952420358,346.2461101907489,313.13747435114936,981.6588711509183,-34.86836696816579,1016.5272381190841,2030.24305690059,S1,3,209895,210150
29.82956188031734,29.82956188031734,30.445243549560377,6.091805382673232,45.61436622673259,17.4946266141777,28.11973961255489,220.086193939785,-21.25095069393017,21.25095069393017,22.15815736194357,6.275430844237141,-8.401911822592785,-34.86836696816579,26.466455145573,235.8444816561491,S1,3,210023,210278
10.705376111796934,38.72135934137836,39.31283542882056,37.827158917350594,54.23240640262901,-42.52157197421104,96.75397837684005,277.3466385849906,-41.156712849037234,41.156712849037234,45.55248622733588,19.523165443992905,-10.939147439910728,-77.86957950867398,66.93043206876325,261.41991706171495,S1,2,210540,210795
35.86240335884378,35.98777172788813,38.872331667835915,14.998206380158567,55.04086982090503,-4.101652589526954,59.14252241043199,265.99712218574905,82.9993783705398,186.14400332864517,309.9786521761067,298.66012119970037,915.8403790760773,-106.84818180128715,1022.6885608773645,2168.809737012662,S1,3,210804,211059
44.4349656672771,44.56033403632145,48.43703549255349,19.279010178294737,70.28426743652322,-4.101652589526954,74.38592002605017,262.2911050850814,48.51050369581441,194.52402816889517,306.7265894173458,302.8661943610997,915.8403790760773,-109.88601897839125,1025.7263980544685,1446.7422526293258,S1,3,210932,211187
63.658643393197906,63.658643393197906,64.40590211064307,9.782502135108302,76.43614443245906,42.14929015647017,34.28685427598889,223.8360489393437,-99.11841072275841,99.11841072275841,99.287573349322,5.793347684333154,-85.98132565064256,-110.71573068655161,24.73440503590905,275.5916739836759,S1,3,211060,211315
-69.83623043431876,147.27672027144422,169.56278524860898,154.5135562337189,86.22184939505942,-251.87872485698134,338.10057425204076,520.5571997752018,-12.961187921561411,63.37680506998795,64.84029319580131,63.53165533322304,65.9617448934885,-82.7596173477677,148.7213622412562,474.3937572664188,S1,2,211579,211834
85.10728294826819,85.10728294826819,86.8015068092066,17.066105985612513,117.54158667935103,29.349762293413377,88.19182438593765,443.1333143022337,147.71586023687465,199.43819485853706,362.3894620136144,330.9171298270868,989.2560768531691,-64.9695944616018,1054.225671314771,2167.4100880046776,S1,3,211844,212099
82.48091092403365,82.48091092403365,84.02710266115511,16.04535181197122,117.54158667935103,29.349762293413377,88.19182438593765,410.04804799637213,155.59683703372903,191.54283393354538,361.46782554710427,326.26463677642266,989.2560768531691,-47.29213612093682,1036.548212974106,2149.752496343572,S1,3,211972,212227
85.45645200462826,85.45645200462826,85.67110971827123,6.06084574467392,97.61534331539482,72.90269014212913,24.712653173265693,216.48174307271532,-27.482537886435114,27.482537886435114,28.43698620071403,7.30563450360466,-8.746284362424793,-47.29213612093682,38.54585175851202,297.88587168796124,S1,3,212100,212355
-58.34718327906625,93.53992430283081,94.8785894642578,74.81679585578513,83.54656005068239,-115.46918180591935,199.01574185660172,351.75356742707686,-97.21632339614368,98.55978782387848,112.29078586093335,56.197927493835536,9.089916985749614,-152.94356479340655,162.03348177915618,442.0839210320436,S1,1,212375,212630
60.910287178875784,60.910287178875784,62.111613853774465,12.156870127926375,78.47757448858353,25.0339350089466,53.44363947963693,303.98709842798985,138.18689863263452,154.38014705192649,327.50000239626127,296.9185622621885,990.5876973343718,-29.303423285055015,1019.8911206194268,2169.1248919305726,S1,3,212882,213137
58.65527194341535,58.65527194341535,59.522778938643306,10.125230161462547,76.10909952273232,25.0339350089466,51.07516451378572,279.1953605918701,29.773569127607388,57.975856077441755,147.078339253159,144.0332338693779,806.1891221003287,-29.303423285055015,835.4925453853838,1001.1653552680415,S1,3,213010,213265
53.138142215145336,53.138142215145336,53.39774063351504,5.258949199900383,66.48597933533385,42.011789431159265,24.474189904174587,218.05120795331683,-8.735182354050218,12.00370557653828,14.144859867235068,11.125360664050715,12.985178734518492,-25.45169695024664,38.43687568476513,241.0340037292885,S1,3,213138,213393
-86.3236670107846,117.20198311727995,122.9752151246297,87.58497615892884,70.98794332868475,-155.65907501095006,226.64701833963483,413.08826703829544,-63.70343284243897,66.71366923680462,75.87016064048494,41.208663163245895,13.217640423149058,-98.36694199802092,111.58458242116998,341.61024638744806,S1,1,213412,213667
-20.144232274237265,77.90945329406813,92.72913066728093,90.51464842991567,60.07707084763185,-157.9745156033678,218.05158645099965,478.32517855977375,-20.85831430410108,38.809790188056475,53.96251100531584,49.768296317938855,57.040481260139096,-98.79830076001396,155.83878202015305,425.3131720914763,S1,2,213676,213931
40.01378823197994,40.01378823197994,40.91462629947429,8.538348584585746,59.395743719606266,21.621022458797036,37.77472126080923,374.1479715079329,109.77984670214948,109.86121560053967,229.5762054889809,201.62742716399308,736.623161671126,-1.8719654945641662,738.4951271656902,1593.68058537655,S1,3,213940,214195
43.866227217883896,43.866227217883896,44.74615294914423,8.830193283116207,60.0402281980239,21.621022458797036,38.41920573922686,346.60138079978447,87.94284529286804,102.58230137798185,222.9778939768693,204.90289691498907,736.623161671126,-25.19923020426218,761.8223918753882,1129.9621135260197,S1,3,214068,214323
-48.011634003367135,74.79291467858673,77.89447019116768,61.33866225056943,53.25243352545782,-105.49404483937455,158.74647836483237,346.46193892481824,-66.94591937568501,69.59004720586819,81.23095660947456,46.0077405512879,11.994899740700665,-126.58777954139873,138.5826792820994,455.7668968945601,S1,1,214450,214705
-21.521440093541834,78.28759333124309,80.51921453228658,77.58976430687544,85.17018997107104,-99.99971886567735,185.1699088367484,387.4969346565215,-1.768164774151991,135.13948166573488,204.12882597033024,204.12116790121698,757.3430443043435,-117.51687887051446,874.859923174858,1910.9035029796928,S1,2,214714,214969
64.94186270663225,64.94186270663225,67.32283242074858,17.74593568525264,87.87433092714305,24.29904207901029,63.57528884813276,236.81431705173796,104.21507381743044,169.39099375900926,302.7690113610255,284.2679943816403,876.3502675995328,-62.265888662749894,938.6161562622827,2071.2661913670677,S1,3,214978,215233
61.50955404511225,61.50955404511225,63.5370783020378,15.922784942675655,87.81409825982813,24.29904207901029,63.51505618081784,233.43619318450533,92.3098956134055,181.2961719630342,305.19846100294666,290.90373626065605,876.3502675995328,-100.35903106581846,976.7092986653513,2027.556203393871,S1,3,215106,215361
-143.07125199487183,178.74154614653392,193.53892346416876,130.33776025499768,75.56590655124862,-254.40408073049733,329.96998728174594,515.4232777618749,-2.8596021465280064,50.244696246962015,58.26912353595254,58.19891264630011,59.214918474236036,-104.75726074152331,163.97217921575935,460.9259187573366,S1,1,215488,215743
-27.65333926049646,86.55292010998971,123.08304492596406,119.93635302105352,61.68122698993241,-255.75319750846455,317.434424498397,470.7072564948099,-39.08204841329082,51.30949278194535,54.26673743548594,37.64933311113443,39.05816617018382,-78.70413061427173,117.76229678445554,393.57793964489434,S1,2,215752,216007
36.78460549235905,36.78460549235905,39.296549395167595,13.824311669604208,56.86779367725888,5.504547490237356,51.363246187021524,245.82699721316968,194.69343843391633,295.6643169816395,462.5972837358538,419.63163840512414,1031.9877522045856,-101.25996993324415,1133.2477221378297,2375.450192852188,S1,3,216016,216271
38.911562238746114,38.911562238746114,40.569007208363786,11.47757247907678,55.63314419119086,5.504547490237356,50.1285967009535,216.4414413540212,68.2153355093903,218.4351270876134,356.319777188492,349.7291117665184,1031.9877522045856,-109.62735147807354,1141.615103682659,1339.0196340236698,S1,3,216144,216399
-17.042984039636654,47.96444580386759,55.74595698630171,53.07681617564576,42.63982909828688,-90.88214362990114,133.52197272818802,454.95564813357703,-123.93426828723439,123.93426828723439,127.65277191591942,30.586391122941503,-84.78158832514615,-170.12081573983494,85.33922741468879,323.5331545945308,S1,1,216525,216780
31.942765127872153,31.942765127872153,33.03251424544726,8.414674881495465,48.41888109515967,8.96786538054046,39.45101571461921,209.28040429994243,-30.696276726363678,92.97373223992861,110.66246017196242,106.3198884802353,335.7012926666141,-106.0436345953078,441.74492726192193,1002.2904046669562,S1,2,216789,217044
26.57099918788625,27.208726351101557,30.505797635037222,14.986183353582417,46.91654610397157,-10.405741239669272,57.32228734364084,269.57417834311605,248.64701606762688,316.57293775091074,486.57544098085555,418.2467228399755,1000.5769713952222,-79.33503125917846,1079.9120026544008,2259.0174527072218,S1,3,217053,217308
29.75775369504209,30.395480858257397,34.148135543250056,16.750261374240907,49.69650494988182,-10.405741239669272,60.102246189551096,253.29176238929574,238.70845207100757,317.02715519609814,486.12656450445553,423.48236282845124,1000.5769713952222,-78.34242981831758,1078.91940121354,1825.7298416414037,S1,3,217181,217436
37.99323224674457,37.99323224674457,38.4585686652582,5.964545852393863,49.69650494988182,27.108813765251647,22.587691184630174,197.96040288846012,-69.92309336115477,69.92309336115477,70.05292338145817,4.262990628148779,-54.661116513016,-78.34242981831758,23.681313305301586,204.4778943999059,S1,3,217309,217564
-11.035833765106286,20.325074968856974,21.611911758928503,18.581848750451393,23.846551601970546,-35.8985515669687,59.745103168939245,279.1734075526059,-27.347353503231123,27.347353503231123,27.783789653864552,4.905224143655766,-15.148702712845266,-35.88915187598759,20.740449163142323,237.97549756363256,S1,2,217827,218082
-27.217461978782627,27.217461978782627,28.433995465824104,8.228114096439583,-9.884066459643131,-48.39327351051664,38.50920705087351,210.4066887205783,125.51984511641061,147.62657887424749,277.91390081698006,247.95343262246345,832.6797682512142,-41.303771598629076,873.9835398498433,1846.271069765443,S1,3,218091,218346
-20.04987626833467,20.04987626833467,21.57554234042549,7.969095865150763,-4.781772797370989,-35.98425974556731,31.202486948196317,223.53303469939834,25.360774080602816,51.910643201018175,101.78286325865406,98.57272640625548,459.84518058238075,-33.019227069137685,492.86440765151843,669.3836294291517,S1,3,218219,218474
-17.210721473567276,17.210721473567276,18.34875021513112,6.3614228610087284,-4.781772797370989,-33.57044159591807,28.78866879854708,204.3419199628282,-24.15306311641524,24.15306311641524,25.056714099786912,6.66846785798071,-9.369760198503613,-36.57175822931844,27.201998030814828,287.72376045589476,S1,3,218347,218602
122.33707279921201,132.5696419772881,150.77030036463387,88.12107631527324,186.99070695765187,-25.197404408238658,212.18811136589053,357.46699603256184,-100.15982373786484,100.15982373786484,110.51768080993219,46.71367551805252,-20.991801147272746,-143.7521864789766,122.76038533170384,334.9837714553269,S1,1,218621,218876
15.934244990617177,47.566787171092756,74.78590213195012,73.06867313882614,174.5174900728431,-29.40195819934786,203.91944827219095,357.35415784794407,-44.2775597189273,51.03298044201037,66.42074916070453,49.50973262305158,58.60454813334614,-145.5192444143382,204.12379254768433,489.19505702529915,S1,2,218886,219141
-3.743122351265133,6.883492621513381,8.799662709635983,7.96386205724443,10.49932513563436,-20.500367157016342,30.9996922926507,227.3021926323555,127.36598048026833,179.99047711431737,303.8028653683091,275.8153150611743,789.9083772385097,-59.07496262992962,848.9833398684393,1797.3927702662486,S1,3,219150,219405
11.034601385594637,11.907743381000165,14.89153751630704,9.999773090456252,27.361091208447327,-11.59840744350592,38.95949865195325,190.79058635424389,40.15011498319495,122.97290857011097,219.6444211628283,215.94360378300195,789.9083772385097,-68.42297916553812,858.3313564040478,1046.1602848229136,S1,3,219278,219533
23.931072803152993,23.931072803152993,24.91462285146141,6.931247097078144,39.81111788488673,11.164424077281755,28.646693807604972,158.56249963698224,-60.18382167103806,60.18382167103806,60.40937348563581,5.21536326594116,-46.301899801680236,-69.73583444277378,23.433934641093543,268.85899976146936,S1,3,219406,219661
-0.1988042543809172,107.18009799985309,118.0254465643375,118.0252791294294,86.10047896522389,-193.32127202052195,279.4217509857458,498.95858652476346,-19.280314847961314,61.268527690200685,62.08539992776099,59.01581435135422,79.9419349501913,-65.89675365148464,145.83868860167593,351.6543512606139,S1,2,219944,220199
75.83708305622358,75.83708305622358,76.10197448611558,6.344080249242837,89.72911775317722,61.55146899677032,28.177648756406903,209.49181465999067,96.00589322532498,147.4063432509946,265.5798716404213,247.61974211792997,792.0544306981631,-61.47733376755994,853.531764465723,1776.7951943607188,S1,3,220208,220463
66.89885311816874,66.89885311816874,67.42344322528677,8.394292574550489,89.72911775317722,52.79858384511078,36.930533908066444,187.78708155709995,-17.302384231024025,55.15702276557753,76.31228133338543,74.3249068766842,354.7045513408589,-58.97767189565033,413.68222323650923,567.3858879815361,S1,3,220336,220591
59.666123691894825,59.666123691894825,59.85946382329981,4.807191778621466,73.8804587022538,47.9757006830453,25.904758019208508,169.87992227542583,-49.79004893178313,49.79004893178313,50.01276420648538,4.714616733536992,-38.01510323735062,-58.97767189565033,20.96256865829971,264.11709493367596,S1,3,220464,220719
-132.38798482768243,165.65385013844423,176.26472628284802,116.37300032581724,75.707159754836,-215.6074616131878,291.31462136802384,454.0974463155701,-124.34008591964957,124.34008591964957,135.22161612409263,53.14535257861818,-27.46390134292593,-168.29956090241402,140.83565955948808,392.7216695490375,S1,1,220739,220994
38.89017494078455,38.89017494078455,40.199347474739334,10.175550622448167,54.80463810876944,16.962202248927884,37.84243585984156,203.74983325576437,158.21385134667008,158.83712913736753,301.7145015592566,256.9046860086527,861.3073380111589,-6.831010090119566,868.1383481012784,1827.8625449556748,S1,3,221246,221501
29.316201832699722,29.316201832699722,30.288711032311415,7.613561985252139,47.05596578180972,12.372986101617819,34.6829796801919,210.79284360821742,99.95796223857623,107.26918775917596,248.124731632413,227.09973190818243,861.3073380111589,-15.764247131455807,877.0715851426147,1032.641231191752,S1,3,221374,221629
17.460510194793187,17.52782805642731,20.71758566310232,11.1511855623295,35.96204608368766,-1.7625590534169289,37.72460513710459,202.30316743687072,-7.753060701041051,7.763988369945066,8.441524319918361,3.3390691232356957,0.7441244282597026,-15.764247131455807,16.50837155971551,227.02214425152067,S1,3,221502,221757
54.40124955806512,54.560768827180915,61.181186260865914,27.99359924711161,89.26987244880645,-2.8111510532187007,92.08102350202515,283.76638280268827,-68.62194096750011,68.62194096750011,75.00655339337153,30.282210451115105,-7.449730623177045,-97.4748932674677,90.02516264429066,294.7954745445362,S1,1,221776,222031
-15.482179587535033,33.987548727891465,35.61877086239875,32.07801354459748,65.06476912856527,-40.67123747744227,105.73600660600755,284.76561412442095,-26.288367386388394,31.61243528114925,41.324066234339696,31.884168333176973,40.22010372619762,-92.37389642614211,132.59400015233973,399.35875897691915,S1,2,222040,222295
-7.857754866602833,9.331747980220143,12.08422836175386,9.180646140408411,10.488110600783832,-27.52272208258215,38.01083268336598,212.49073924381977,134.79899555060115,171.7845058274093,314.31378881346,283.94081889862423,884.8724821424057,-48.80857229723267,933.6810544396384,1964.1427491909176,S1,3,222304,222559
-3.2936465918430526,6.148301423142524,7.532585842341516,6.774344366821374,16.09087954651488,-16.74087604434506,32.83175559085994,166.8345922197533,-35.32512581342544,38.261022905985946,39.82263545336292,18.384172016087675,57.92755382794104,-68.98044890715525,126.90800273509629,334.50638403704136,S1,3,222432,222687
-104.40424378339875,114.80415024889672,127.82843173529912,73.75541905462045,29.867650816364787,-160.24212759517667,190.10977841154147,324.83143931079974,-98.26557990498645,98.26557990498645,102.98404305312387,30.815400849322007,-39.57243912982588,-126.1840088689539,86.61156973912802,305.8491523395928,S1,1,222814,223069
27.25834700492492,43.41786499583233,49.70305088474367,41.561710573682106,63.121261643215966,-152.92857346663615,216.04983510985213,438.31194481844284,-2.4972378604019805,14.870380390516026,28.5029988939034,28.393392699965133,27.9149474361883,-120.92840482356318,148.8433522597515,388.66730395611404,S1,2,223078,223333
41.889473699516216,41.889473699516216,42.698324237676914,8.271570944102875,60.75224878307882,26.436011744116136,34.31623703896268,246.40849829050154,149.244709571623,154.8276241463152,309.5645101802643,271.2124676854456,875.3334467881351,-29.90474199808584,905.2381887862209,1897.335920302868,S1,3,223342,223597
47.74843101145704,47.74843101145704,48.26580742970945,7.048085043891183,60.75224878307882,28.206070705627535,32.54617807745129,236.71118273486337,127.45709679740926,170.34462565993184,310.4234724961955,283.05020888982233,875.3334467881351,-52.907053083171554,928.2404998713067,1678.1828922789412,S1,3,223470,223725
-52.59764458193574,79.61656449340117,83.06001897451732,64.28417018582056,52.86464222559867,-101.7020452329796,154.56668745857826,299.93912614920424,-56.7262846189312,56.7262846189312,57.69391639980167,10.522196675567034,-34.78135143425802,-70.3010047552043,35.51965332094628,244.96378121762513,S1,1,223852,224107
4.9244869692624516,37.62377253276797,46.08111830594284,45.81723357445169,39.80872035116181,-107.32325696938405,147.13197732054584,295.7071125491058,-56.62439168221577,56.62439168221577,57.380920493493065,9.286996462774509,-24.13606400146308,-69.48995166512147,45.353887663658384,327.39136900513745,S1,2,224116,224371
6.7809517717998355,20.12193592017361,21.43713094972147,20.336402740505285,39.110767960598054,-25.612539710928868,64.72330767152692,239.85348807822106,188.77040629970136,244.74278793924043,388.95764609919746,340.0790851617815,853.8473688594429,-67.9314187937353,921.7787876531781,1924.617473653675,S1,3,224379,224634
-5.774096478816671,13.333815061504943,14.385932758866282,13.176299601782702,25.963677314268306,-25.612539710928868,51.576217025197174,265.3341246317898,28.831813992322704,102.1331596368888,191.5691950270196,189.387124655327,817.8939341619574,-57.02509654929286,874.9190307112502,1037.906475472542,S1,3,224507,224762
-35.77272583493848,40.750666876333575,47.25473919147397,30.87592042988437,15.438038050319156,-65.24033355694749,80.67837160726664,249.03549122845706,-94.97353768814064,94.97353768814064,99.69329683977045,30.31139346486591,-37.11946564391471,-128.7828187375337,91.66335309361898,339.05717420260675,S1,1,224889,225144
16.551378919176152,33.72875543930199,34.48954142547023,30.258557857457095,39.980672454678725,-48.451166263176106,88.43183871785483,268.9732801760101,-33.880136672261614,34.728210573037046,48.29551067308501,34.41791234579666,15.193003387432558,-109.01907375666715,124.21207714409971,387.05339115323943,S1,2,225153,225408
28.518778571373957,28.518778571373957,29.09410822232663,5.757291207624941,39.99256471151251,15.23822802280049,24.754336688712016,159.15681563160416,134.4457843037466,153.27691442071563,299.9489767180589,268.1300425486877,860.8292128994749,-35.56611770383757,896.3953306033125,1844.8427321648205,S1,3,225417,225672
23.16241572646508,23.16241572646508,23.928737898989148,6.00724522164051,37.70877480074463,12.491223961414182,25.217550839330446,149.54323745705005,-5.904965246711633,50.48924499608746,80.96866180406145,80.75305306782901,396.5841654651974,-57.942941060465905,454.52710652566327,592.2011312819147,S1,3,225545,225800
18.068418889488868,18.068418889488868,18.412811177084244,3.5445527611985512,25.43316036219681,11.503663729776296,13.929496632420513,161.41718203553336,-49.47721865784499,49.47721865784499,50.43343683128709,9.774271558495805,-30.84133777564041,-68.08823783797399,37.24690006233358,262.97032269137355,S1,3,225673,225928
-7.182938272415782,14.377715678407398,21.600617207312848,20.371353943995096,16.230693964119812,-57.43452008952368,73.6652140536435,291.8537318859817,-45.12021511476762,48.60191608825187,52.49064184535092,26.82226070513073,22.400123119609628,-76.26050081001013,98.66062392961976,317.3888700370678,S1,2,226191,226446
27.86736413634174,27.86736413634174,29.636169837935487,10.085265428112997,50.98186756777813,12.248757316470602,38.73311025130753,255.95498987052542,89.85595967748449,156.61807537254882,260.55486413918715,244.5705291670044,756.6040687747106,-74.96522703357365,831.5692958082843,1708.195165815147,S1,3,226455,226710
26.263335693210205,26.263335693210205,28.193826321523275,10.253245384460934,50.98186756777813,11.071597588717177,39.910269979060956,237.42626582002606,22.285465899943468,106.55121948740644,177.83908553264123,176.4372362986582,726.1485187934232,-79.13445597062316,805.2829747640465,940.7612384665473,S1,3,226583,226838
18.055641727892176,18.055641727892176,18.442523957597462,3.7577242741525407,26.34998509257875,7.328419908335367,19.021565184243382,198.72796908597888,-66.84882551463144,66.84882551463144,67.12444866873516,6.076687946243348,-48.17174373794231,-79.13445597062316,30.962712232680857,250.91175627124363,S1,3,226711,226966
-55.78098941327511,60.83972510342146,66.20846590061062,35.66570028736868,15.356475647636328,-84.33529941221008,99.6917750598464,250.44868101989664,22.395101354019427,50.1657247987535,52.14657857118501,47.09272865341282,88.68757481476649,-70.20668742066705,158.89426223543353,362.6958487266985,S1,1,226985,227240
10.57493222492456,11.525784656943877,13.620384246018986,8.584036081439443,24.24396085484923,-6.947498516110758,31.19145937095999,191.90456506885695,94.6842631057559,174.5569541407317,290.7871488809098,274.94009579253515,808.5181442393181,-82.34260291958252,890.8607471589006,1878.025532047575,S1,3,227492,227747
12.563086252729606,12.573969237383624,13.68728261753073,5.432363137588946,24.24396085484923,-0.8971331501654409,25.141094005014672,153.13371105116732,-41.99514189142438,86.16032858217292,102.54572166682556,93.55230135966292,407.6326239337986,-91.35015086414838,498.98277479794695,710.1036567576634,S1,3,227620,227875
6.542752509546273,6.815856772645861,7.697619478430105,4.055334170389972,17.4022430430065,-3.817268774335378,21.21951181734188,156.04917066665644,-76.85324304256244,76.85324304256244,77.32701869512117,8.546745235260385,-54.192656893754865,-91.35015086414838,37.15749397039351,275.13183194191777,S1,3,227748,228003
53.44245319811979,54.4129370611641,61.250151557606884,29.924659764090688,84.60892168237955,-7.38655141684934,91.99547309922889,248.92520719383907,8.018447022217899,30.502628898151244,32.72184997602965,31.724185934483433,43.162346735928764,-57.07803001723324,100.240376753162,438.68314424258426,S1,1,228022,228277
9.923387530718193,25.055066014570194,37.80692092718507,36.481360307828595,82.66726802919791,-20.95323730642189,103.62050533561981,249.86680038997247,-36.36699219145082,43.97199614137291,46.77689472745103,29.419717185758117,22.954796244710046,-62.698902968595206,85.65369921330526,287.73202490639085,S1,2,228307,228562
-17.446659585793917,17.446659585793917,19.614804341667476,8.964073775874587,-3.8833331176053454,-51.96155998436736,48.078226866762016,243.03886563527732,112.84120929375182,173.69993035795449,295.2711461577104,272.8587752637098,776.9408350125032,-57.712903507535884,834.653738520039,1819.493416796562,S1,3,228591,228846
-16.084574815073488,16.084574815073488,18.25170024147647,8.62618193194509,-5.708518213062597,-51.96155998436736,46.253041771304765,224.18330553558587,99.99772351315231,178.3671454005089,295.6444563923833,278.21951744573016,776.9408350125032,-67.38133991031441,844.3221749228176,1495.7039949409925,S1,3,228719,228974
-91.24455238977157,96.98798465021345,135.25644133900303,99.84356054789615,14.838957886183778,-207.9722147399576,222.81117262614137,574.705519887651,-34.53178257635153,34.53178257635153,35.11794915517036,6.389549668381601,-20.357787037940536,-51.89447014438579,31.536683106445256,226.13471938301439,S1,1,229101,229356
28.834720244978964,28.834720244978964,30.788094075978254,10.791925000901722,46.69415470209086,9.191228173825465,37.5029265282654,208.36478361492965,-41.022107422542625,41.022107422542625,41.46850935027149,6.068275730957466,-26.592625081560538,-55.31604216550848,28.72341708394794,262.7769872386177,S1,2,229365,229620
43.466169552027736,43.51929354808015,46.36674217078257,16.14208425223347,64.39798440359054,-2.428740575616267,66.8267249792068,263.79802980135446,149.00407319017216,176.13152174636934,313.5043777287715,275.83107335440303,825.3457904659095,-37.97007640025044,863.31586686616,1797.2831679302244,S1,3,229629,229884
42.89825747520513,42.89825747520513,44.60231285439924,12.210889302287292,64.39798440359054,10.340517605636126,54.05746679795442,179.64118351393796,45.81385601703086,85.24153905219175,178.0462459792404,172.05102819847065,779.1147681101434,-44.08629474023618,823.2010628503796,966.2180253250601,S1,3,229757,230012
31.290024472656945,31.290024472656945,31.88706692042301,6.141612596709834,44.22672094473987,20.48170527194596,23.745015672793908,152.31806505887076,-37.61105261515762,37.61105261515762,38.324365727896115,7.3597370622450775,-21.970680748190922,-51.01626922088275,29.045588472691826,291.8228800598878,S1,3,229885,230140
-7.6231948331809445,61.63147565421301,84.74304080917314,84.39946602983069,47.49696282994987,-189.18211513352742,236.67907796347728,433.90623326720987,-58.59563079232594,59.97417162455885,72.69870109009183,43.03084001313411,21.19811351586501,-151.60907378785157,172.80718730371657,388.6802292637792,S1,2,230403,230658
36.57305193516247,36.5734507758807,39.54824801584239,15.049112707083113,58.161617940674354,-0.051051611933331194,58.212669552607686,248.02104692043616,139.97321850429864,201.021051838988,338.81776868707067,308.55303997794806,873.5843754307938,-63.91795450601693,937.5023299368107,1955.6266754652222,S1,3,230667,230922
50.98985230921422,50.98985230921422,52.14273608814206,10.904122534259853,71.96983962642987,10.872797859051115,61.097041767378755,206.50440570596115,13.515917119778223,108.13348484921157,182.15251893672524,181.65037885841397,778.8986086666581,-75.78472060681682,854.6833292734749,1002.2025815344397,S1,3,230795,231050
70.44714613753787,70.44714613753787,72.39134149764241,16.664510941058786,98.73260536313775,40.02684875049327,58.70575661264448,186.52511054221077,-67.40822956198446,67.40822956198446,67.60354124548417,5.13511209699286,-55.423105452739584,-78.54185154424879,23.118746091509202,238.64910744541118,S1,3,230923,231178
-139.96955282803344,188.37499301134002,198.02698707067773,140.0828750754735,113.75285871500387,-244.87575509580702,358.62861381081086,541.9589501005715,22.47902446523409,52.83903675670172,54.085499212769655,49.19283163415087,81.86230171726164,-67.26699301068237,149.129294727944,313.33348485016234,S1,1,231197,231452
73.38152467042869,73.38152467042869,74.19659278811072,10.967507392657188,92.18453600275353,43.61605798209597,48.568478020657565,216.2413737451044,123.13050277082036,188.26676382111285,316.8717182898227,291.97014426024754,847.0868241286884,-64.49835358641543,911.5851777151038,1905.92598010956,S1,3,231704,231959
68.4716241295519,68.4716241295519,69.39524706607406,11.28436991696162,92.18453600275353,43.61605798209597,48.568478020657565,251.26461571517473,118.00629068727159,193.39097590466162,317.8985443056676,295.18468766162925,847.0868241286884,-77.85799452842093,924.9448186571093,1924.211915343442,S1,3,231832,232087
61.690495826189455,61.690495826189455,62.21753427390497,8.081107340175617,80.30881991421728,46.420092956929345,33.888726957287936,206.75375655091233,-63.54927799402137,63.54927799402137,64.15189523931063,8.772395866243032,-45.665226898104216,-78.81279310717774,33.147566209073524,212.19580339994872,S1,3,231960,232215
-76.65509476018951,100.01511658038932,107.03320999743968,74.70009698562907,52.01658355657572,-145.7682514266945,197.7848349832702,325.1083021814585,-24.540199534708197,24.957518604677883,30.919050394243826,18.80867576621217,10.397624309686167,-61.86123173820708,72.25885604789325,240.22496544166617,S1,1,232234,232489
-42.66512119523531,42.66512119523531,64.74805861823044,48.703167537909565,-8.803105446519337,-151.7719301488227,142.96882470230335,319.057652471191,-36.94230103179764,36.94230103179764,38.53323915993926,10.957961244370203,-12.57352542858239,-55.3194267462689,42.74590131768652,220.3906985787506,S1,2,232498,232753
-19.290025110591362,19.290025110591362,20.821188819679836,7.836889376373467,-5.575635245963062,-37.28270059481117,31.707065348848104,236.94306829270562,111.10215638414684,147.91003007719013,291.50145588080045,269.49844086268627,892.0131530866873,-39.90290632372628,931.9160594104136,2000.7608719651848,S1,3,232762,233017
-22.664444225794625,22.664444225794625,24.288814411896393,8.733239574830778,-6.323225892174056,-42.1638027874045,35.84057689523044,180.8101264892015,-15.602224821690443,39.09109114611622,55.1199463314771,52.865669996684446,276.95263054412146,-40.56864527361153,317.521275817733,537.7391122585753,S1,3,232890,233145
126.02118048514396,133.48064908236466,151.91769270372916,84.83894993194725,191.36238264089903,-19.491354000305492,210.85373664120453,347.58345896466847,-107.64966965382298,107.64966965382298,116.91225413773256,45.60727782918583,-23.14806041058238,-147.83748004438974,124.68941963380735,359.68343050952365,S1,1,233272,233527
25.204257538296947,46.44644985140273,80.87842628870102,76.850928692372,193.02701297532408,-21.951228093555386,214.97824106887947,376.3170683610915,-31.645982767255298,36.92885926755512,57.892492646385215,48.47754613742682,42.911898277402734,-136.01714861530533,178.92904689270807,442.46899492033447,S1,2,233536,233791
-4.568180769329251,5.628309737593295,7.113635450362443,5.453029779799821,16.692265435334704,-21.111680317469187,37.80394575280389,242.1006796004728,181.72308812752755,206.44587814323415,374.50574368540373,327.4618623515602,961.4924519640525,-36.718929718216266,998.2113816822688,2091.4112944021626,S1,3,233800,234055
1.6394495093556023,5.180948328174486,6.61206904667115,6.4055961771111045,16.167484927246026,-11.612334595570477,27.779819522816503,161.62579598686528,-8.693598276120701,44.03932078874463,65.39628926704017,64.81586224769231,315.7425771945286,-52.43281660254566,368.17539379707426,517.3343692078927,S1,3,233928,234183
-116.39936307852255,130.69071936840015,145.0435507350583,86.53796787969836,33.703431447892896,-177.21207060960717,210.91550205750008,368.64124075584317,-59.94922893921412,59.94922893921412,61.24135299974559,12.513723140342396,-32.42434442882034,-76.7125329206006,44.288188491780254,306.50941974818335,S1,1,234310,234565
-94.57972756450773,97.80613447561994,127.97009634533032,86.20336821990551,15.164317918011179,-181.7786492209628,196.94296713897398,335.22890582716707,-50.13846764995315,50.13846764995315,53.52216215745757,18.728478414537218,-16.79983872389082,-76.7125329206006,59.91269419670978,319.2210000600725,S1,1,234438,234693
12.128612673091416,12.128612673091416,13.538203997604942,6.014958196603925,27.21266587476024,0.4027129916611817,26.809952883099058,212.63279297602529,166.73720475667602,179.23759536713206,343.6586451858578,300.49953238051734,940.0163606911112,-27.068407397296596,967.0847680884078,2050.480674019917,S1,3,234963,235218
10.974739776918382,11.45480908362914,13.035588221373745,7.034319235444423,27.21266587476024,-5.617497350306802,32.83016322506704,196.90079535061446,34.221113471763765,44.23409443733497,116.06610028332936,110.90651481194664,617.3689427661353,-16.869315993140823,634.2382587592762,803.0945554971316,S1,3,235091,235346
-2.7750195814615575,10.4362038254091,12.96823167981684,12.667845089987091,18.359041055445758,-29.587256165909334,47.946297221355096,190.9265970260593,-7.6672007908445075,7.684105949584286,8.418945646361822,3.4774527788696172,0.990634842395316,-16.869315993140823,17.85995083553614,222.55930347018779,S1,3,235219,235474
81.86263392773587,102.71626374171937,111.33652241820434,75.46078710557441,156.46010239187498,-46.22237634615735,202.68247873803233,368.78663461866955,-101.50381239703978,101.58027084672077,118.9930396074798,62.09927168569538,2.858717469007009,-155.95768606505732,158.81640353406434,414.0253282303819,S1,1,235493,235748
-51.217568491241096,51.217568491241096,51.468221177775504,5.0733094770028035,-37.574825957105865,-64.70284783252093,27.128021875415065,262.65565931374624,83.81784358964565,140.35733227296254,264.5574336999042,250.92868473305498,842.5650834528775,-56.58122403869408,899.1463074915716,1914.6946008659288,S1,3,236001,236256
-52.102388759944866,52.102388759944866,52.416012697487986,5.725336026015669,-37.574825957105865,-65.71021732420454,28.13539136709867,287.4496024950286,71.33355700054473,152.84161886206346,266.844265586839,257.1330117317291,842.5650834528775,-79.62720743259649,922.192290885474,1957.2181670807836,S1,3,236129,236384
-53.51637611828018,53.51637611828018,53.701469863632255,4.4548123059647775,-38.85017394270408,-65.71021732420454,26.860043381500454,236.24019052052182,-67.93667842004535,67.93667842004535,68.53393027169815,9.028140657816941,-47.616936858578896,-82.54355466254083,34.92661780396193,284.98180584871807,S1,3,236257,236512
65.4488712582895,88.31119776285672,90.65239738030513,62.724017742907684,112.44317349076586,-61.03073037279626,173.47390386356213,336.5329894727202,18.75155750052203,49.74029053343702,52.68068727479072,49.23041644196109,86.19712790670333,-79.37945943081621,165.57658733751953,384.31201056458633,S1,1,236531,236786
20.09404084430993,58.0748162582973,67.58527855591537,64.5290585707546,109.57395648694498,-56.70668720943891,166.2806436963839,357.6416445079608,66.47730887603034,81.94912996461335,129.85994556860678,111.55434938935537,410.3368075105657,-55.69621923385886,466.03302674442455,917.4904272720622,S1,2,236795,237050
-51.541354164696536,51.541354164696536,52.02237541487083,7.05807018065676,-37.79463967432351,-68.5217688099304,30.727129135606894,204.1613561726956,116.33120947728398,198.4525093186145,328.76811660246733,307.49881982844397,866.1289188609876,-84.71942952030143,950.848348381289,1988.1945785523799,S1,3,237059,237314
-55.976811973643144,55.976811973643144,56.68162820530873,8.910864002567378,-37.79463967432351,-68.5217688099304,30.727129135606894,188.54809259639316,48.840100706353184,167.82190979048409,280.9656243518853,276.6881396634811,866.1289188609876,-89.87552022707561,956.0044390880632,1107.2040659287118,S1,3,237187,237442
112.84436628483195,150.50315856660905,158.72790801996925,111.62749563691962,191.02817094895096,-81.28773553685481,272.3159064858058,430.54666522566026,-123.81186427048365,123.81186427048365,130.82645784337262,42.26327410070222,-47.93383308455341,-160.86541103840156,112.93157795384815,402.7054707169939,S1,1,237568,237823
14.89578551022015,98.81723019053767,116.37367247716331,115.41640793169572,201.63762199816782,-80.95487196544671,282.5924939636145,444.20848652356494,-43.91987016864192,46.749618511828295,76.8485116043438,63.061388663528504,26.638496924315795,-157.29510330038624,183.93360022470205,410.15974551213844,S1,2,237832,238087
-85.2211978571344,85.2211978571344,85.59070596858899,7.944582052984603,-69.40828040819683,-107.72937808422917,38.32109767603234,249.99675555054364,152.48841492974506,156.96338439838132,317.0702163779732,277.9942543042728,915.4955832878074,-13.546825952304562,929.042409240112,1973.5358646313528,S1,3,238096,238351
-87.15199781235322,87.15199781235322,87.27085976123524,4.553267044745807,-70.88691952951797,-99.05107972301118,28.164160193493217,166.94902156275845,21.275614489691687,22.124170087485656,55.84670833292376,51.635288899246774,296.5495827510054,-4.866467008779403,301.4160497597848,506.26634341501546,S1,3,238224,238479
126.91883434105658,161.66837885894975,170.23830627576916,113.45787946700763,211.68518409110953,-84.32743957421725,296.01262366532677,454.817724576105,-60.12106315354733,60.95782116182268,69.71600637908875,35.29559902787197,5.86314886611678,-95.18487533825298,101.04802420436975,271.0369156627954,S1,1,238606,238861
34.167238281945146,60.869512623325846,99.05452986321211,92.97526399320823,210.03802430212605,-32.355810436533666,242.3938347386597,446.7156086929487,-25.29357787184762,28.272000313450793,39.645600728925174,30.528815496152692,27.945669340121228,-86.53661720411623,114.48228654423745,364.37844871787246,S1,2,238870,239125
1.585817181515396,6.170582863937227,8.42172774981299,8.271075030416585,34.29156965892139,-13.56485170106119,47.856421359982576,304.19073232039557,77.86994280120349,156.82105514319102,275.8234493241973,264.6031881993022,847.6084322374029,-80.33074930927252,927.9391815466754,1975.5356075234645,S1,3,239134,239389
3.405508976821989,5.4344071897918225,7.092212629245562,6.221092234263619,19.428134866565085,-7.964386193425911,27.392521059990997,214.1738032743262,-2.1353828077260744,119.20876528345612,192.65211844975028,192.64028364659626,839.154619570792,-83.58374314499798,922.7383627157899,1096.5692680958878,S1,3,239262,239517
-105.25622162620137,107.22408233978504,121.65740323685367,61.005340514666344,15.5700225173483,-155.27370218945745,170.84372470680574,369.9713572961796,21.19938321639433,63.84567984510047,66.0171402623423,62.52078822009711,68.40441748924276,-96.58568246023802,164.9900999494808,421.0201268530547,S1,1,239644,239899
-8.30115684405325,66.5786485200878,77.63308614849028,77.18799686472853,60.77314912818046,-138.96408883988332,199.73723796806377,358.05951394421805,-3.5153764174734157,46.79208429700356,50.395969675389175,50.2732124313358,79.20981507788319,-54.414763927378786,133.62457900526198,394.6039019033335,S1,2,239908,240163
64.54568846972566,64.54568846972566,65.87964046092996,13.190190568392996,86.71430872037884,42.872645039928734,43.841663680450104,236.04713997117148,129.7616031682733,183.3181652446837,315.64655587763787,287.7406376941122,839.3852474397664,-66.95244068729343,906.3376881270599,1901.3326734211694,S1,3,240174,240429
71.6130949686536,71.6130949686536,72.79834299367347,13.082942009927573,86.71430872037884,42.872645039928734,43.841663680450104,279.1772086541951,109.42591599114918,191.21983010710477,316.2207342793756,296.68421208026126,839.3852474397664,-70.07563502920767,909.4608824689741,1651.1745498213436,S1,3,240302,240557
-63.677530595871104,87.22460624615204,92.69831985483872,67.36579696791158,46.58758288534947,-113.52834276676397,160.11592565211345,341.76325159075043,-39.23113667058786,39.23113667058786,41.054359561839426,12.098692266788692,-22.028321154822727,-64.52053111956081,42.49220996473809,269.993666162481,S1,1,240683,240938
-30.75079934176361,47.6556173214903,66.25662296246449,58.6884011217955,23.530751208436627,-117.8145835218365,141.34533473027312,358.7019897787727,-35.25485151049829,35.25485151049829,36.05927964924675,7.574106798514075,-19.549682913154623,-50.01705827487189,30.46737536171727,269.51392245954355,S1,2,240947,241202
14.453288343560668,15.22143511627114,16.52312950365749,8.007263243613885,27.962295530743564,-9.030711241903118,36.99300677264668,220.41863794056144,75.33027540795183,139.53692296423415,253.1885633795488,241.72256459247225,793.3052131922086,-63.54770855441812,856.8529217466267,1844.077797192661,S1,3,241211,241466
13.413280865877166,14.181427638587639,15.235993168069864,7.2262981000346995,27.962295530743564,-9.030711241903118,36.99300677264668,195.86183941905614,71.7986424226852,143.06855594950076,253.88382860361344,243.51992397479174,793.3052131922086,-62.86031854152659,856.1655317337352,1815.8003656103149,S1,3,241339,241594
11.529673444773383,11.529673444773383,12.33548156684353,4.385286278320264,22.041928663841052,1.9306477362956582,20.111280927545394,141.7753905982148,-53.70574683507906,53.70574683507906,53.83736375427583,3.76224572517636,-44.78307618125076,-63.60212105377097,18.81904487252021,215.6675597237275,S1,3,241467,241722
2.1024846926925704,10.264975409794022,12.09864656014112,11.914562799541072,21.992324007133504,-15.10840550897114,37.10072951610464,190.593936989486,-24.07477689609401,24.09867696254694,27.616919766318944,13.531421757620157,1.439500576935969,-40.417640313160454,41.857140890096424,263.918984450215,S1,2,241985,242240
7.2324386824400095,8.622476061714654,11.884046250020878,9.429866699873374,23.15794438268117,-8.556333202422772,31.714277585103943,208.32148458369846,145.64894401403845,186.43385661436417,325.5753246485255,291.17980205980683,833.514293038419,-45.78029232673358,879.2945853651527,1865.0874641829155,S1,3,242249,242504
18.793035859940296,19.341863472219742,20.90534488029815,9.157251101242455,30.639388102571985,-8.556333202422772,39.195721304994755,189.57711082326875,93.99683228866616,157.54464479785437,290.2888502434735,274.64925285784807,833.514293038419,-56.875670692985366,890.3899637314045,1026.4539324759046,S1,3,242377,242632
26.907311179599272,26.907311179599272,27.263453164522314,4.39232097396283,35.40289294602802,15.298397289673963,20.104495656354054,161.76803393747812,-51.03851469859281,51.03851469859281,51.195122087721764,4.0013176502575245,-42.47595401660773,-61.212685758303884,18.736731741696154,181.5744796961436,S1,3,242505,242760
-50.4161996366525,68.99861114107368,75.19518213931853,55.789983251140065,37.25555774326732,-105.53501175173525,142.79056949500256,279.8877323875409,-54.4631920258487,54.4631920258487,55.83248881277427,12.289325505661239,-25.859958476321303,-85.11569924167779,59.255740765356485,273.07743609834904,S1,1,242779,243034
-9.583490842984302,13.760035614443014,15.20765618815968,11.80802735429197,15.291843371415528,-27.31397371224881,42.605817083664334,197.0147978869287,122.73025446794617,147.18145908874243,273.05511480943574,243.91879870528086,794.135719763593,-35.44919428921966,829.5849140528127,1746.663310299987,S1,3,243286,243541
-7.207199100773751,11.456572210834334,13.43037021463954,11.332745705436214,15.291843371415528,-28.507637030555912,43.79948040197144,243.89384809032,124.3386891551443,145.5730244015443,272.9773334633717,243.01546239684674,794.135719763593,-35.90083815721337,830.0365579208063,1750.1279682741442,S1,3,243414,243669
-19.812462103784497,19.885290442386367,22.21516686676813,10.04887975370667,2.124319895662584,-42.642821178034986,44.76714107369757,212.97838457807,-27.8677775598746,27.8677775598746,29.581277552831217,9.921640768087993,-4.536599097098377,-42.42499384580689,37.888394748708514,238.38700988187017,S1,3,243542,243797
134.41960502780123,153.0417943360901,173.79750503597617,110.16779266600594,225.97727392514568,-40.64826499971309,266.6255389248588,468.41203442296194,-71.359264050888,71.359264050888,78.28503145705064,32.19319158373477,-19.72385053046322,-123.44154124322574,103.71769071276252,420.58173174831234,S1,1,243817,244072
9.149949634288276,95.34914222485092,112.006791537546,111.63243154310165,199.75485246614863,-72.75545355351842,272.51030601966704,403.9724381277948,-19.650042087993057,36.883799244068925,53.2015799551849,49.43970019799911,44.97466152206857,-105.63240112135321,150.60706264342178,360.3154074939098,S1,2,244080,244335
-79.93408536546642,79.93408536546642,80.19626758192382,6.479454518541739,-65.92913159808188,-94.13397034866277,28.20483875058089,185.92719852632766,98.03813848017924,133.14776201208002,250.66668541836646,230.6996111439538,746.2497372348424,-51.23305446942923,797.4827917042717,1697.7983782776046,S1,3,244344,244599
-84.33978437767243,84.33978437767243,84.43496089604399,4.007916247153854,-73.17154398750941,-94.13397034866277,20.962426361153362,177.85268939685858,71.45672730127578,159.7291731909835,255.85902940086808,245.67820222670423,746.2497372348424,-89.45617146314717,835.7059086979896,1693.1910250816434,S1,3,244472,244727
92.61658678710533,130.66020136371742,137.16937518178446,101.18105227594609,172.47337459672457,-78.57878924472124,251.0521638414458,436.6686908053839,41.108737477762475,85.58425690205664,87.33380770839868,77.05365450017256,136.62813275722772,-88.74768240807376,225.37581516530147,423.6116153489563,S1,1,244854,245109
-3.22183180187816,89.55089790885276,97.54212346195294,97.48890013384741,158.2852271318768,-77.50141677907915,235.78664391095595,396.7607624022832,-17.032530160509328,51.67648540049214,53.187852946111455,50.38690918630073,75.05921229099783,-65.9711990782199,141.03041136921775,341.48574445254155,S1,2,245118,245373
-43.13247365913588,43.13247365913588,44.96704678888515,12.713182644709212,-22.82098074291276,-64.78181420928874,41.96083346637598,200.70628362719827,70.77965835216513,110.14184475348259,187.67812044429996,173.81978269764332,534.132040074698,-50.50126790600123,584.6333079806992,1223.0589803665591,S1,3,245382,245637
-25.279222745642524,25.279222745642524,26.72334732542767,8.665921165786818,-6.660833716399889,-43.160551104696985,36.4997173882971,219.62520276457013,76.36988582433864,104.27347858459238,186.6604789105594,170.32256141303435,534.132040074698,-34.59036385478016,568.7224039294782,1141.037768130529,S1,3,245510,245765
38.58684327814163,38.902964972179866,45.358052042124996,23.841317305976524,67.37685070676936,-5.88925792387543,73.2661086306448,248.39329981044744,-76.43682142721576,76.43682142721576,81.78993534802187,29.10336500024571,-24.31434068060837,-119.93564650688995,95.62130582628158,284.0414945216781,S1,1,245892,246147
34.78431543774141,34.78431543774141,38.50824288246057,16.520779927784275,67.65673894722161,9.193694807466532,58.463044139755084,282.6862907374387,-21.401652946390573,38.92984983776711,51.416849483461895,46.751060543769775,35.22956558592743,-99.82607248957785,135.05563807550527,383.7944628668979,S1,2,246156,246411
20.801915199645627,21.187846998869617,22.809703276863978,9.357504347064523,35.456493905497275,-8.733064224660975,44.18955813015825,232.53366399469624,159.35482365477435,177.9879384608747,334.93039019333924,294.591932090847,887.202263429385,-37.60116389527538,924.8034273246603,1946.5839752092863,S1,3,246420,246675
21.284449305632222,21.67038110485621,23.292820839146906,9.461908919481752,33.75617054671877,-8.733064224660975,42.48923477137974,243.88899571901382,152.8201396618137,180.121528413548,335.00302055331133,298.11579745727346,887.202263429385,-38.387196968881845,925.5894603982669,1926.4030332995505,S1,3,246548,246803
-86.10702036550155,101.20426043563747,113.8076296008849,74.41611115307836,31.0402467755141,-156.61063285683247,187.65087963234657,323.71909216228255,-71.5484808817348,71.5484808817348,76.16732163772353,26.120409050787394,-21.704128923624626,-109.71100312710155,88.00687420347693,329.7132125146161,S1,1,246929,247184
-52.03828765086183,71.23408426749259,99.78748167022705,85.14433696055222,35.116904207647224,-171.71466756495107,206.8315717725983,414.4691943592168,-42.89550135322013,43.68531305784156,55.783235041037806,35.66153775848089,16.349625984209897,-110.11366320181709,126.46328918602698,360.8306435388755,S1,2,247193,247448
10.250806584535258,10.988370565420842,12.916916816370444,7.85924324648895,23.28343440024467,-5.797852977132235,29.081287377376903,214.85340874239427,89.7154162777484,122.05376184230452,235.56546326746073,217.8123769819422,742.5856986409449,-34.267368557379015,776.8530671983239,1655.759885202827,S1,3,247457,247712
-0.7870712707925414,7.463833412646793,9.266169831911075,9.232682284607867,21.61477408935454,-15.737518943957408,37.35229303331195,207.4537981939851,87.64184414280443,124.1273339772485,235.87183344397346,218.9849971287301,742.5856986409449,-46.9670538003312,789.5527524412761,1701.5995173731828,S1,3,247585,247840
-13.584511998911848,13.584511998911848,15.25682920543875,6.944916929333919,-1.7480238314154073,-26.57178308711049,24.823759255695084,181.68799186281882,-33.82384837127161,33.82384837127161,34.43089433110521,6.4369065393991605,-19.687250194365813,-48.1012813115992,28.41403111723339,251.07960149719216,S1,3,247713,247968
45.135259830354826,47.385328693836925,74.16524792617953,58.84974358481127,141.72192300060726,-9.751744294310777,151.47366729491804,312.89801954358086,-25.775813957655465,26.425377318447904,31.173428885745736,17.53254354949619,6.040985942179268,-49.77463572534543,55.8156216675247,269.07301776759977,S1,2,248231,248486
13.353362874284286,13.485778609632513,15.180373999408364,7.2202115418870925,35.2220963382683,-3.3994609094947794,38.62155724776308,222.25371116568186,95.23319423514393,168.05344190801765,292.71906269522066,276.7943069879506,843.2624530418811,-76.57620109734823,919.8386541392293,1909.0833671907862,S1,3,248495,248750
20.472162910416024,20.472162910416024,21.338037570739246,6.016842455945319,35.2220963382683,8.0125714562219,27.209524882046402,217.39352513602788,100.3397044700113,162.94693167315026,291.72442403349646,273.92532428482417,843.2624530418811,-58.30373957256014,901.5661926144413,1899.2689405443307,S1,3,248623,248878
24.105702927954248,24.105702927954248,24.49335969345704,4.340478708885017,33.08239460267806,10.200137740375599,22.88225686230246,148.17541505461875,-48.93511252964997,48.93511252964997,49.104601131440766,4.07634811913657,-40.25575451233547,-58.30373957256014,18.04798506022467,287.75839005576694,S1,3,248751,249006
-137.51376316731046,145.7562848876081,156.76645961441102,75.27076324577567,31.624332233690453,-181.35780447755346,212.98213671124392,385.13946442693884,-29.52858432287149,29.52858432287149,31.046388273890535,9.58858345847997,-4.781493146640496,-51.57767137271162,46.79617822607112,317.16748681375077,S1,1,249025,249280
39.22824555814627,39.22824555814627,39.766298113775235,6.519449064408844,56.617275540941684,27.147657451340013,29.46961808960167,225.06892424126028,157.15830671357241,217.49789204721324,316.72398128964085,274.9824484487755,670.7157212640764,-71.18986122908336,741.9055824931597,1423.3200505265502,S1,3,249532,249787
39.671486484291194,39.671486484291194,40.18667896833985,6.414228451739878,56.617275540941684,27.27275015677068,29.344525384171003,230.45540307603017,180.50878689495275,203.60324202977313,315.13891395529805,258.3197881360181,670.7157212640764,-53.48666746365349,724.2023887277298,1570.090736729711,S1,3,249660,249915
34.40442506584152,34.40442506584152,34.88027760853227,5.741890101453759,51.35823208437658,20.652923387622298,30.705308696754283,169.41269190119286,-30.411102239112566,39.8669324030528,44.05317347709062,31.872354070650054,104.14649704688834,-60.452849630505455,164.59934667739378,407.787948049542,S1,3,249788,250043
-2.6738492434646197,12.810106331070482,14.008755039621793,13.751208964427551,22.258944727177074,-19.947860281986003,42.20680500916308,179.69117724716193,-73.26119037193065,73.26119037193065,74.8348613503663,15.266121269539354,-43.91384097531473,-92.8683050275115,48.95446405219677,323.9975862211442,S1,1,250062,250317
10.54473400820902,14.969403520656204,15.374619781884624,11.188722810653509,24.364227453205096,-17.576789354569044,41.94101680777414,191.54267720885804,-63.983876932933086,63.983876932933086,64.95695797493241,11.201333937902595,-44.69394485111642,-89.10219123099904,44.40824637988262,282.86473385033196,S1,2,250327,250582
13.501238216475127,14.284328234396025,15.943743327249353,8.480537595412201,27.979880522201896,-7.076352662952501,35.0562331851544,204.0673422977668,154.30545800932225,182.89356531490262,282.4975099364856,236.63192673189317,627.8896622586228,-52.80010418886697,680.6897664474898,1398.4564784319607,S1,3,250591,250846
12.069196636750503,12.877348156029106,15.095089606709655,9.066213254608794,27.979880522201896,-6.4452968922664615,34.42517741446836,208.77471228645993,53.38344944931542,98.66518937887736,189.2222967368605,181.5359052839544,627.8896622586228,-48.89568788469445,676.7853501433173,826.5576548013415,S1,3,250719,250974
-38.153463195050904,40.18151927685852,47.39319350856158,28.114552053409277,10.487066801038791,-80.10813264635892,90.59519944739772,238.43840307840188,-47.65849377852707,47.65849377852707,51.0923727147465,18.414627891561366,-20.55598364050776,-93.3393974026379,72.78341376213014,257.4663030707595,S1,1,251100,251355
-1.458195316458644,17.649479581888066,23.373224262772414,23.327693389122533,21.661486011641873,-56.65575056818416,78.31723657982603,239.4721559129561,-12.49213461658746,13.721953583232803,22.80963680601726,19.084708641828268,9.301380686049887,-59.59449905552458,68.89587974157446,371.18099881415435,S1,2,251364,251619
12.211970978963905,12.251410292695809,12.922832840431687,4.22698159810083,21.710228451720326,-1.932329746129245,23.64255819784957,178.42185409257115,79.50423823528311,79.50722218308383,173.79566587967295,154.54452297375752,569.4348469445928,-0.3819453184918753,569.8167922630846,1264.5942792748974,S1,3,251628,251883
13.106926022975824,13.146365336707728,13.934309173346247,4.730059446417193,22.05322042887579,-1.932329746129245,23.985550175005034,189.5940318038119,65.81716002339913,92.11771420066606,175.76163956605572,162.973173833617,569.4348469445928,-39.34364289486657,608.7784898394593,1346.0061243471773,S1,3,251756,252011
12.802690669904676,15.442755593603184,17.326083595689223,11.674086018851625,30.069467135018918,-9.470185561604946,39.53965269662386,235.900595247063,-67.28374098591269,67.28374098591269,73.13444559881228,28.66261209286842,-16.82887223515705,-95.48633944376625,78.6574672086092,392.81976386501276,S1,1,252138,252393
-17.32972919608108,23.500214421811858,25.544302290705534,18.766775575719958,19.094082240543436,-40.9390010883643,60.033083328907736,239.11311400054012,-18.870083316448707,22.179583827039394,38.84384439096836,33.95238139954322,17.6814288683371,-85.60789961949237,103.28932848782947,340.2081820472453,S1,2,252402,252657
-44.27964040834212,44.27964040834212,44.77784768353611,6.661012571514629,-25.249141953345767,-56.59039311086347,31.3412511575177,247.25075209873336,142.90533231211245,142.90533231211245,265.6751717251719,223.96732544718276,770.3477545557182,3.279686060164206,767.068068495554,1645.5688276372055,S1,3,252666,252921
-49.95152280787855,49.95152280787855,51.27457128942386,11.572684653450063,-25.249141953345767,-72.27519094488262,47.026048991536854,275.40122287598956,125.83114954987887,138.1452363274776,265.27623224438315,233.53372603701575,770.3477545557182,-25.425543896298386,795.7732984520165,1663.4582101630826,S1,3,252794,253049
198.48789400652112,234.06525742633175,259.06961503069704,166.49210601409786,322.31616736605656,-71.9785714270253,394.2947387930819,568.391469619158,-85.82390319720739,85.82390319720739,97.52765138703565,46.323864530795916,-11.151640197027838,-128.97921772325816,117.82757752623033,323.1622617227823,S1,1,253176,253431
13.773216445960202,134.44544457069927,164.00828686468634,163.428934613862,309.91704635267814,-97.28660731623445,407.2036536689126,525.0229387751481,-52.83487294498016,53.09814348576165,67.9632199316041,42.74898202717104,7.677918275513866,-134.08409335832673,141.7620116338406,333.37180244403817,S1,2,253439,253694
-97.64278140642612,97.64278140642612,97.83632546823112,6.150920284195871,-85.86994259762169,-112.95852020304532,27.088577605423637,215.1485425827259,134.7184481814023,180.41849725495942,311.8945485246062,281.29903860298344,814.087990159224,-45.89569872338213,859.9836888826061,1804.6869458728186,S1,3,253703,253958
-96.69823191630081,96.69823191630081,96.93991730792501,6.841016878260251,-83.23833726694919,-112.95852020304532,29.720182936096137,246.27327962528358,134.38915363577073,180.747791800591,311.97778891235305,281.5487456191235,814.087990159224,-53.31006682887146,867.3980569880954,1831.4258072877178,S1,3,253831,254086
-92.5507078314721,92.5507078314721,92.64744991999092,4.232783548767088,-82.54137403514379,-103.28742187699488,20.746047841851095,226.67849794577202,-42.7958802211908,42.7958802211908,43.3194069968551,6.714436584901847,-20.750440191741433,-54.09602759740083,33.345587405659394,212.72021319457627,S1,3,253959,254214
-4.129610825567092,73.33835957835724,82.81626667622147,82.71324162802706,145.67477139193474,-66.97303616613736,212.6478075580721,343.1992261286176,-53.70322266621939,53.70322266621939,54.495587761644856,9.25920950997418,-37.05815908737,-82.58826878469077,45.53010969732077,286.86885580223736,S1,2,254477,254732
-30.677086472024495,33.00915458719275,38.69791994411718,23.589094378318855,11.60302203871184,-60.17159236539881,71.77461440411065,215.3283799655537,200.82027375738267,227.6015941293819,333.6435166170767,266.43801123079163,660.2756851717921,-45.4532891724632,705.7289743442553,1448.8875590865896,S1,3,254741,254996
-13.443324491412787,16.58551195749109,19.71350094098896,14.418708193487856,12.842898960904462,-45.37944204114491,58.222341002049376,235.76478832466842,130.91123831080156,194.9817100129956,301.08056724033725,271.13051405862785,660.2756851717921,-97.29622637035067,757.5719115421427,937.0861520277665,S1,3,254869,255124
-25.996588659386127,26.806708010296177,29.041091581330736,12.94458876557752,12.842898960904462,-44.96501457678118,57.80791353768564,191.87188106226745,-76.12534271807226,76.12534271807226,79.23150075926164,21.96731455187274,-28.14824053812206,-100.73791722414383,72.58967668602176,282.74526046680745,S1,3,254997,255252
139.00110582425833,173.47550121573744,228.44801263907289,181.2930971062477,363.4970814657707,-51.08892959938332,414.586011065154,927.7894761260717,-58.345959935633424,58.345959935633424,59.0025296829154,8.777668720837669,-40.23817603744617,-77.61873958063666,37.38056354319048,310.53158800463285,S1,1,255271,255526
-10.917459907753775,11.624651059652741,17.915936883770584,14.205275906712975,7.326843583894024,-42.4010335517503,49.72787713564433,270.99078932437453,157.13133401103158,190.4488914801683,340.62982332066906,302.2224684026386,856.959513319905,-46.633814181394115,903.5933275012991,1926.695326897809,S1,3,255779,256034
1.346161828808297,13.923875436046876,18.474691483265584,18.425582045962766,27.372878741166158,-42.4010335517503,69.77391229291646,216.87700217642072,57.728207111442075,80.55167258968751,198.5924945223824,190.01692815199632,828.3363048770411,-35.23460480622562,863.5709096832668,1068.4247674946002,S1,3,255907,256162
22.14253935804014,22.261963000094322,24.33181967497066,10.086892458677886,39.883276018414016,-3.749822872430961,43.63309889084498,197.65707433861107,-11.155206914309613,11.208513308740539,12.354814861180992,5.310631690580483,2.7067203842349654,-23.755608340673817,26.462328724908783,350.9904111865337,S1,3,256035,256290
-107.20854986514004,124.88567306129092,135.695284584357,83.1837549900425,42.023082324989524,-168.2450194585555,210.26810178354503,357.58710705565153,-111.01602299079856,112.81262780271618,129.49718085909686,66.67055189332187,12.565905368144392,-172.02065997310584,184.58656534125024,454.7116591668345,S1,1,256309,256564
-46.094327600436266,83.60366290904065,105.68378059010051,95.10191608416818,52.19483410482704,-180.93785195657208,233.1326860613991,418.3051953601876,-65.65974353986364,65.98901849445475,83.62694526897386,51.790578808305305,12.321116010508483,-152.60306785338324,164.92418386389173,481.6370764533529,S1,2,256573,256828
33.63068996205736,33.63068996205736,34.73070848607851,8.671724431792134,52.98682696458214,19.470086554863013,33.516740409719134,223.01355172692138,144.14501402075132,171.67831911482438,327.8556924482628,294.4682835275937,892.1822691322163,-36.01699364581222,928.1992627780286,2009.7699196079427,S1,3,256837,257092
33.14041133778257,33.14041133778257,34.40682704015526,9.248939578877764,52.98682696458214,19.470086554863013,33.516740409719134,261.00670412244153,135.4949890679683,143.4589162908601,313.8869544539463,283.13623596043817,892.1822691322163,-22.039715813591418,914.2219849458078,1308.9577238984166,S1,3,256965,257220
45.510075906655736,45.510075906655736,47.00711208030131,11.768669300326293,64.6159868079855,23.840770596373154,40.77521621161234,232.04069368622208,-33.620381429736426,33.71459527753205,39.606313563308774,20.936332692097025,2.15752974046698,-60.55204419522871,62.70957393569569,347.9549939111572,S1,1,257346,257601
27.545507784346036,27.545507784346036,28.649352791236694,7.875939071582112,47.26695806706258,13.917119571018159,33.34983849604443,209.38884805953774,-23.245424932050327,23.245424932050327,27.23678153512191,14.19480496943762,-1.2714520092563908,-54.289391635791326,53.01793962653493,331.08998554631455,S1,2,257610,257865
40.241252163821066,40.241252163821066,41.13966987762593,8.55067610939675,69.29089946841215,27.59613142534408,41.694768043068066,252.102151173521,114.06129306297538,136.00069808577965,271.0497004003071,245.88200729597568,799.2898828978618,-23.291409754044686,822.5812926519066,1751.1779058602056,S1,3,257895,258150
47.00326489167489,47.00326489167489,47.57751448170661,7.369733630196253,69.29089946841215,28.195084724838743,41.095814743573406,259.01910952219265,115.98386421462655,134.0781269341285,270.9366482614571,244.85589764797496,799.2898828978618,-23.291409754044686,822.5812926519066,1740.8595432939442,S1,3,258023,258278
51.319297745862116,51.319297745862116,51.588375007785345,5.262139756357981,62.653287988177645,39.70638681309506,22.946901175082587,185.07754147891123,-20.16985963553887,20.16985963553887,21.364619849592152,7.044412225320631,-8.631723031034179,-34.48408866286802,25.85236563183384,222.72414273476534,S1,3,258151,258406
-205.661604957948,229.27072301925267,250.80915577027554,143.5567374396593,62.234783897184506,-305.70874213282826,367.9435260300128,522.4684347155751,-102.16112992231123,102.16112992231123,110.6218449809182,42.42989653509585,-21.530654727801963,-138.5658935792512,117.03523885144924,367.5245563410525,S1,1,258425,258680
-44.96935655070524,106.78529842891162,151.57034756904628,144.74573304114023,66.50598206177983,-303.6922949080756,370.19827696985544,576.0879275259356,-42.86971938177881,44.83857789344695,63.43724476678045,46.75971753259371,32.966450608967456,-137.48778498094993,170.45423558991737,488.59000583907556,S1,2,258689,258944
20.29976570622342,20.29976570622342,21.53001671940538,7.173641488833335,34.89061785941676,0.08743532974001456,34.80318252967674,301.46836110220033,131.92466307430442,177.63509398290586,315.71614124151074,286.83194576818113,832.6615466736479,-75.9191709949273,908.5807176685752,1886.5687094408377,S1,3,258953,259208
23.919588648120993,23.919588648120993,24.467518659869306,5.149053143611385,37.41406396095955,11.024953462345863,26.38911049861369,229.28920304476253,-43.08508530841873,71.77178444758823,82.33800186728205,70.16567519423455,314.5211650494008,-82.26072863943708,396.78189368883784,575.0048297584185,S1,3,259081,259336
142.7157300218815,143.27616815782878,160.29980287454367,72.99484369418839,197.48906443974246,-8.61832320222181,206.10738764196427,396.6049620174144,7.253050613915548,22.974680770384897,25.507175119233587,24.454227433211383,41.53254678932988,-49.2752160796112,90.80776286894107,425.670284840931,S1,1,259463,259718
26.623562600673814,81.82831615552067,102.36561144859672,98.84282635423313,182.89317661579088,-59.35991254697404,242.25308916276492,382.6476123606535,-10.075987907345423,33.222207331345714,34.461690691856326,32.95576721959611,42.8080891980012,-53.35890925789084,96.16699845589204,327.5054736190795,S1,2,259727,259982
-51.61908063894017,51.61908063894017,52.85730795388553,11.373896347447658,-20.47172018130737,-82.46712250165042,61.995402320343054,270.99354044135146,96.17395787866626,148.12739588281963,278.3888565864291,261.24878047074577,833.5712774857515,-54.29934123072892,887.8706187164804,1913.2893420521625,S1,3,259991,260246
-47.143145920560116,47.143145920560116,47.48084331231216,5.652811191001729,-36.420870906766574,-59.22622850704528,22.805357600278704,169.51467350488446,-31.376675717604105,49.1206499549822,56.4710118688108,46.95188390682192,229.8355426016453,-54.29934123072892,284.1348838323742,518.4801976099782,S1,3,260119,260374
7.384807442631013,37.85298652009014,39.95854472561368,39.27021664855098,53.4722887535049,-59.80793346739937,113.28022222090428,248.9467978429402,-66.09883144986635,66.09883144986635,70.20273677821295,23.650977402915352,-18.018012825449798,-91.7943644495196,73.7763516240698,341.0031870721617,S1,1,260500,260755
-1.731341616432605,35.32603563630889,38.16865378192706,38.1293664743046,59.80021759254049,-42.839050300873126,102.63926789341362,261.1409322063013,-25.9527065104745,27.99576410294179,38.86094258667357,28.92455502693021,10.602882273686177,-76.12917214901547,86.73205442270165,271.9146465357255,S1,2,260764,261019
-55.03195912277489,55.03195912277489,55.331624714705484,5.7508406931717895,-44.91311797197603,-76.74752272692578,31.83440475494975,187.54332890883205,104.52424688790985,126.83982716466869,245.6977111139027,222.35567692129214,716.5720401369714,-24.66057621537729,741.2326163523487,1582.3834036860974,S1,3,261028,261283
-54.052775735316786,54.052775735316786,54.2155559670374,4.198088150874621,-46.29891142357864,-64.32221243974841,18.023301016169775,215.63197857615225,-9.816700468361326,35.83521839194661,54.30362339876636,53.408949682141476,267.25802201041887,-43.862647977324094,311.120669987743,480.6212005909922,S1,3,261156,261411
153.77439633145192,182.54433172663238,198.83780635348717,126.05517945869738,245.51109962211788,-71.98588536312246,317.4969849852404,432.01393228065746,-45.939133733975424,45.939133733975424,51.47315034328526,23.218122190099034,-1.8266835146859255,-71.71396273857313,69.8872792238872,327.924114546712,S1,1,261538,261793
19.379269392747965,106.13362907676515,129.0114992400015,127.5476807078679,234.68644370672496,-79.95075787786104,314.637201584586,480.80537820226425,-32.30821217160664,32.30821217160664,36.8530583305365,17.729279020546038,-8.270872051627459,-65.12795779592304,56.85708574429558,262.98893528012786,S1,2,261802,262057
-78.12324569676278,78.12324569676278,78.85227339538477,10.697639993182607,-62.781733274210026,-107.78404919658738,45.00231592237735,243.13484324250192,160.31365676989478,197.07427525695067,342.85837629877636,303.0699550455269,833.4529690145727,-43.09808047300437,876.5510494875771,1898.4381673102066,S1,3,262066,262321
-83.19000726226129,83.19000726226129,83.7813562517418,9.936717118152703,-65.80720191444411,-107.78404919658738,41.97684728214327,254.5503684347377,25.486380083436046,89.02494854088232,175.95894218015877,174.10339963195173,797.1984187511956,-55.153885252900274,852.3523040040959,1066.5955210256989,S1,3,262194,262449
-83.7789304393364,83.7789304393364,84.04611829903197,6.696328514619811,-70.09771190710973,-103.42657491659249,33.32886300948276,222.20732365121435,-34.901927337883436,34.901927337883436,36.00202902543641,8.831849299522188,-12.08701993755739,-55.153885252900274,43.06686531534288,300.19594123105435,S1,3,262322,262577
-23.60323402136221,87.27245115069954,106.50889445613117,103.86063711531958,302.96208039939995,-87.43113093377612,390.39321133317605,538.9622002071036,-44.08230587902237,44.08230587902237,59.3908344396177,39.7997678865391,-9.194198588774894,-155.59946828320057,146.40526969442567,323.7924175207775,S1,2,262840,263095
-80.51323938584767,80.51323938584767,80.71642541231401,5.7236015705880625,-64.36681227805961,-92.91169844074517,28.544886162685557,223.39316589967035,135.28084582282173,173.8947329609921,317.86676300526454,287.6427850249454,843.7130196366868,-49.39506530144523,893.108084938132,1960.6313538977458,S1,3,263104,263359
-83.71957977733359,83.71957977733359,83.86815634881951,4.989951027486026,-69.9257219744031,-93.20749008851966,23.28176811411656,250.0360532123471,4.277085126097713,60.96960964492345,116.34512753868248,116.26648375527836,630.0291724222967,-49.39506530144523,679.424237723742,964.5839931939329,S1,3,263232,263487
-83.09055248313206,83.09055248313206,83.29996381687653,5.902885729947288,-72.17504166513422,-97.90172999991825,25.72668833478403,208.3337831430353,-36.795305562443005,36.795305562443005,37.69971609805615,8.208171686830465,-19.417052691151298,-51.649266898809124,32.232214207657826,310.52726469879127,S1,3,263360,263615
162.76075839956997,195.98174264580945,209.20244221057655,131.43286252709572,269.17329415432476,-83.08189464475248,352.25518879907725,550.7536446541812,-3.970506343834061,26.15303470354169,35.405810937254465,35.182474721062206,60.975326633508395,-72.14587475391876,133.12120138742716,453.67802177538533,S1,1,263634,263889
-50.20378607346228,50.20378607346228,51.89784746601542,13.151670445074167,-26.59450423165987,-76.42419629328471,49.82969206162484,251.1089654041112,79.08880818106296,127.44647686752913,229.46590567623934,215.40557627024376,699.2519518512825,-49.71147241226524,748.9634242635477,1610.8199186601278,S1,3,264141,264396
-35.31574545353794,35.31574545353794,36.22824630757498,8.079848611405636,-20.37838247821561,-70.34158116699432,49.963198688778704,199.9162283621863,-3.61166455170952,63.26482122552375,98.6628903218034,98.59676366807449,483.4978203018393,-55.39435590932289,538.8921762111622,723.7759229525084,S1,3,264269,264524
-23.227886253234516,23.34494408563294,25.465475750890278,10.438187363042486,3.904142101205254,-44.69710870992012,48.601250811125375,177.21124524718772,-47.298201253737005,47.298201253737005,47.61139856847366,5.452103429599147,-31.40878492341239,-56.90566274593545,25.49687782252306,244.81436065056988,S1,3,264397,264652
-23.307366323038412,24.022340412299272,29.08114752193548,17.391946879986413,9.362943572280749,-60.49060196724134,69.85354553952209,283.19415751712893,-22.141062321078422,22.141062321078422,23.56906912869237,8.079256085011844,-5.618502939942077,-42.59123217641052,36.972729236468446,235.69942082234053,S1,1,264672,264927
36.67852744562941,36.67852744562941,38.88164567062409,12.90224765210196,54.85144790033896,5.240822450932951,49.61062544940601,217.23665331012256,6.916479465960943,11.070306462912924,12.708071290305405,10.661021888938466,23.80178547493706,-18.837264214183957,42.639049689121016,264.78004330290514,S1,2,264936,265191
73.88834437760784,73.88834437760784,74.58337967474807,10.158399915520905,95.67974896650452,55.28784294998867,40.39190601651585,229.16947885201532,69.76200801220895,81.04791737724422,146.1650169351626,128.44249457932864,465.01890889732334,-31.34114146751479,496.3600503648381,1215.3002050437567,S1,3,265200,265455
81.1133297751791,81.1133297751791,81.5584640660367,8.509453190073229,96.11217349592242,62.31269679882842,33.799476697094,237.28990602903434,7.750001471327753,38.24302170183231,76.89172642857417,76.50016385839385,386.58173959383595,-31.34114146751479,417.9228810613507,749.5007016722395,S1,3,265328,265583
-190.36573669261688,229.69315057538557,247.9453913898146,158.86410357574678,103.44620043412158,-320.0281675104044,423.47436794452597,563.1640626698943,-27.66869921468843,27.689628015777288,32.09384657334118,16.262166880224274,1.169060481575786,-60.322654395583626,61.49171487715941,371.4488017122386,S1,1,265709,265964
-45.93683367611749,138.9112334401482,175.3142444789608,169.1889228910733,95.60618140067179,-308.7923823730072,404.398563773679,582.0889926354405,-33.746829437874595,33.746829437874595,35.114685677778105,9.705289956521439,-15.772900540750037,-55.906681839019534,40.1337812982695,339.6069814907461,S1,2,265973,266228
50.381510859460356,50.381510859460356,51.97635243008543,12.7767200585489,73.46155319567671,21.76335306621622,51.698200129460496,226.3000443940668,77.51207446865061,128.53366311630958,223.74726104376865,209.89215120188442,640.5423848317658,-72.39250712857026,712.9348919603361,1568.5956825443088,S1,3,266237,266492
39.94120783456735,39.94120783456735,41.10622055450895,9.717061541012807,61.02903038302808,21.76335306621622,39.26567731681186,198.82495605079419,64.91517185069722,141.13056573426297,226.26102510438903,216.74886838201348,640.5423848317658,-82.81046998386094,723.3528548156268,1552.2981379792986,S1,3,266365,266620
37.949582021847114,37.949582021847114,39.4075194304271,10.619878154978416,58.641917806888394,14.199918310872379,44.44199949601602,229.79915822699502,4.485255660634465,64.3588968118718,68.04852029416669,67.90054194102107,89.49757882375488,-97.02091406045798,186.51849288421286,495.5474540856886,S1,1,266747,267002
12.16468245193338,16.46039031754841,23.336780219610063,19.915466649365953,45.344616731330355,-12.414194766568071,57.75881149789843,196.71684985180104,-27.622151285528137,68.7703828880201,70.81484427152036,65.2055130150747,70.85610484886884,-107.09878276866827,177.9548876175371,430.10372977873556,S1,2,267011,267266
4.060272211219418,13.542427431939831,15.454120149482476,14.911204484059617,25.75663116625406,-25.275154502658932,51.03178566891299,219.99086552844147,110.68806891968975,151.5285969057552,268.28686469265944,244.38902014093713,733.2571202637728,-68.5240566890325,801.7811769528053,1673.7916531749438,S1,3,267275,267530
21.429046407601504,21.429046407601504,22.35460998600942,6.365890172430978,38.13997658592352,3.5849374536718597,34.55503913225166,195.42616302076604,-0.4798029470900662,27.7534783396039,47.388743952677544,47.386314928936976,231.687884027525,-28.69747152485286,260.38535555237786,462.7493857780973,S1,3,267403,267658
-124.71343759776224,152.7068067936365,167.15883176625928,111.30423855365812,75.02077167590971,-232.7374451863801,307.7582168622898,472.67799645137427,-72.41465965495549,72.9856822083666,93.16103904229995,58.60969427064006,7.718831601830319,-171.3534215019278,179.07225310375813,522.3527533736095,S1,1,267784,268039
-3.819287251585571,93.52207321943119,113.85509819462192,113.79102086630947,82.66919429891671,-223.76864739868674,306.43784169760346,448.5811993081717,-40.079686806556026,48.394089393201966,65.70038870107358,52.059194970346354,34.95586438797543,-140.05442153299322,175.01028592096864,461.5444994052013,S1,2,268048,268303
72.52496019820961,72.52496019820961,73.10764861204945,9.211863754474788,91.57490669135261,55.22624201292708,36.34866467842553,203.8671748877735,138.2580290933137,139.97405985843884,214.25096553097583,163.6709919997671,566.519542919181,-15.84158487946676,582.3611277986478,1242.343505974366,S1,3,268312,268567
74.31172795712381,74.31172795712381,74.83167657993998,8.806072211330031,91.57490669135261,55.22624201292708,36.34866467842553,201.90871681625092,121.7568544724684,123.52438349515492,210.60061036844726,171.8367989591656,566.519542919181,-10.161149875448196,576.6806927946293,1168.2034981859827,S1,3,268440,268695
61.37476253747294,61.37476253747294,62.56125996241084,12.126408023530978,88.08156072148687,38.66624651416551,49.41531420732136,201.85719304367055,1.7544409094450992,6.266946896093902,9.312357298146015,9.145596511086566,31.746670171571726,-14.0066258703875,45.753296041959224,322.46847348099516,S1,3,268568,268823
-23.18780247136123,83.05558783359852,99.93520370622694,97.2078739421566,60.86788743719683,-177.12295611392386,237.9908435511207,411.60221421712856,-48.2590398355839,51.60722126868089,72.37008908395664,53.930463266759965,42.37674968112995,-135.05974392410403,177.43649360523398,455.92161104634454,S1,2,269086,269341
53.29613055928869,53.29613055928869,54.731404066746585,12.451869679880977,93.75816016883877,27.548632317849343,66.20952785098943,265.03070402314734,114.56072584690207,138.6042487386007,260.1926983756024,233.6152400452679,717.0831772090073,-34.79889462328466,751.882071832292,1647.4960249189012,S1,3,269350,269605
53.59134220535202,53.59134220535202,54.87732434135184,11.810536291582292,93.75816016883877,38.32247329421056,55.43568687462821,254.40358611953383,27.532491649248843,75.31911630329762,148.13041969921056,145.54924645579004,687.27361760428,-49.148434480221994,736.4220520845021,920.5181358552074,S1,3,269478,269733
46.706813259370904,46.706813259370904,46.84824085692652,3.637480796217888,53.92460492638855,35.88172564853176,18.042879277856784,208.88077389994203,-36.5650988658104,36.5650988658104,37.228930353727996,6.999057094797919,-21.81991706955218,-49.148434480221994,27.328517410669814,278.29278467473546,S1,3,269606,269861
-56.51588454425256,75.39642453332259,77.54482023705101,53.09570547395781,52.079347000468864,-101.2004693210257,153.27981632149456,290.02981909556945,-35.32022586663729,35.32022586663729,36.38850018310957,8.75240482986771,-8.242326840946737,-46.666486741418886,38.42415990047215,307.10468197156496,S1,1,269880,270135
38.78017555727001,38.78017555727001,40.27201153788063,10.859691388548226,61.68184390769788,22.795111905040947,38.886732002656935,241.85735639045706,138.19347539622132,200.43780105734584,300.6452060875688,267.0020660994044,802.9103025478202,-70.81599201372711,873.7262945615473,2050.6449242105464,S1,3,270387,270642
49.1585901046141,49.1585901046141,49.53033255948301,6.056968084736701,61.68184390769788,29.65429009990979,32.027553807788095,245.71334109545336,76.81698802908987,158.99027575245316,271.51044583096973,260.41711262025507,802.9103025478202,-66.12285431170724,869.0331568595274,1477.0821666406082,S1,3,270515,270770
49.91790328942845,49.91790328942845,50.06823264664148,3.8769642177204107,58.867920196121794,41.801197937934994,17.0667222581868,174.3136924045029,-59.76178984401568,59.76178984401568,60.017740400182724,5.536933933453617,-46.481815342028455,-71.70197177227092,25.22015643024247,258.44202837110583,S1,3,270643,270898
-142.21548185611968,176.38905327763493,195.51019093100174,134.16032005890733,63.83305213993897,-250.15612014534722,313.9891722852862,514.6284875549131,-90.66751153757457,90.66751153757457,95.16884280466792,28.92249975993386,-43.514136619601125,-134.4012288890487,90.88709226944758,369.15775117439716,S1,1,270917,271172
-3.126158473337881,67.17228931916733,97.41540664876182,97.36523294145199,52.668782736762125,-254.50202382678444,307.17080656354653,501.8704572245144,-55.128120393720096,55.128120393720096,65.11450633867545,34.6524065193878,-17.134346419818534,-144.22793677136363,127.09359035154509,409.96600408218984,S1,2,271182,271437
36.642062348364895,36.891549074371135,41.06150273420097,18.53122428900298,69.7903821973898,-7.608791470413261,77.39917366780307,312.79553920373104,152.8810126489483,191.47540653833707,327.1613367326529,289.24373152088947,801.7327503838578,-58.01001569018075,859.7427660740386,1810.7938534047992,S1,3,271446,271701
33.27169889184627,33.59198252357577,39.8266298740837,21.88959798574593,69.7903821973898,-7.608791470413261,77.39917366780307,321.95245715557485,149.63639537293747,162.3297674978955,317.0635919126398,279.5322351649965,801.7327503838578,-20.502477568897294,822.2352279527552,1206.5756965028027,S1,3,271574,271829
92.99007641807236,105.25600379191401,121.79659593072385,78.65911560698528,171.26805386860286,-26.72933080895431,197.99738467755716,361.86159421558887,-5.475442785173749,38.60753645584449,44.805848888893536,44.4700305932057,76.51158069582634,-78.69224664019691,155.20382733602327,429.2368726398014,S1,1,271956,272211
-24.429003832402195,38.015924626946024,42.82401507821447,35.172717256072495,149.53643603561846,-58.536050566436565,208.07248660205502,361.3347118631167,-57.75640634833414,59.544642594730036,64.57858530829587,28.889292240325915,37.98557428539441,-95.86969960501948,133.85527389041388,360.5541480756526,S1,2,272220,272475
-54.572781796370066,54.572781796370066,55.07170922877043,7.396258809967225,-36.807332707461605,-78.07962053196395,41.27228782450235,218.06666423114658,92.96911456590163,165.7073656524219,284.66647270989137,269.05713969698627,792.7121279088545,-99.65988191287241,892.3720098217269,1912.3064566357198,S1,3,272484,272739
-52.91461285450919,52.91461285450919,53.25652184524648,6.025019959354976,-36.807332707461605,-66.70205827749992,29.89472557003831,191.10303508355744,-4.9640843861198345,37.02865256673431,62.89098010336545,62.69476249711287,331.9135096306858,-34.58150800523546,366.4950176359213,602.7469517701826,S1,3,272612,272867
95.53049804322404,119.15748453543833,123.66000224789681,78.52209943425743,147.71191735596847,-64.35002186043806,212.06193921640653,382.6619186044254,-58.29110078645355,58.29110078645355,63.17584073984452,24.358456894674436,-8.401667688340032,-90.95565549465624,82.55398780631621,336.38760747721744,S1,1,272994,273249
-14.772514443526685,67.52181838979766,75.90514854756336,74.45377353125532,145.51826252389006,-62.24749165256523,207.7657541764553,364.476968930644,-8.560221758065433,16.765706849834423,27.651608313091533,26.29323193815047,18.990264519906308,-69.62213076133327,88.61239528123957,278.71296293752243,S1,2,273258,273513
-36.249503624563,36.249503624563,37.12703931018155,8.024371309489615,-15.7554106461713,-48.59891936763243,32.843508721461134,207.38263793407924,45.41986031215747,57.53743988574749,106.54612265118092,96.38004223502183,300.5207479295351,-17.01580054377485,317.53654847330995,674.0016163531646,S1,3,273522,273777
-23.765448324481795,23.765448324481795,25.408150641996976,8.987635116247027,-10.314165736528086,-42.8558833721021,32.54171763557402,200.88703591073664,52.66615404170024,57.1330816574876,107.11190021225892,93.26969167707595,300.5207479295351,-12.948966863806211,313.4697147933413,759.1093805977891,S1,3,273650,273905
13.941554214416328,17.54258440175841,19.806378836392053,14.06860720530534,35.82926803022597,-15.838747055573524,51.668015085799496,217.68031238566107,3.687618207349754,12.398591125143106,16.658167590768983,16.244876713566303,48.56347504767009,-35.40378230899788,83.96725735666797,422.2064305413302,S1,1,274031,274286
18.63576697347095,18.63576697347095,20.4536216336696,8.429639805104747,40.76970896072982,6.5470775663040675,34.222631394425754,219.26000214797733,-44.972690251041435,45.21270826837151,49.409498363387385,20.463520227601695,5.787273238959,-74.55925071759981,80.34652395655881,349.5872413531456,S1,2,274295,274550
21.673414630742737,21.673414630742737,22.782058256492185,7.0203473308740465,35.534460002608505,2.975985920485123,32.55847408212338,235.32337699104642,55.19915668687992,119.85712752831859,195.60984857621688,187.6599743180942,593.4866741251293,-72.57393749852105,666.0606116236504,1442.5454822422876,S1,3,274559,274814
25.711192489882237,25.711192489882237,26.026204794126546,4.037067838671876,35.534460002608505,16.506337843316217,19.028122159292288,218.6328819688627,-49.478704995425154,51.67888716271952,53.625958052826206,20.678518541210003,56.074079748034464,-72.57393749852105,128.64801724655553,411.9545338075833,S1,3,274687,274942
-64.77170800316574,73.64691951002908,83.7656422855422,53.1159925998004,30.79221886325748,-125.90626007758193,156.6984789408394,348.82848307603376,-10.621217668530482,11.881110138444829,16.639255248839053,12.808378135959053,7.988160461680058,-44.08233376890486,52.07049423058492,481.09334365267193,S1,1,275070,275325
-12.310387791645372,12.392321720133266,15.608062113249384,9.595100590945327,3.822882084132022,-40.19538567379679,44.01826775792881,244.77589917091527,-23.68436786874543,23.725875264270982,25.8585080350581,10.37849490326528,2.6068851406649536,-41.20242811699341,43.80931325765836,378.7889470021648,S1,2,275334,275589
-10.807452688232601,12.607929618325578,15.046953252008572,10.469468399099606,10.803596777125179,-36.636684098772264,47.44028087589744,341.2879078851689,182.17546168165077,225.57304898452574,370.82003304481896,322.98544559846346,849.2300888622284,-66.01347399045054,915.2435628526789,1975.729266347068,S1,3,275599,275854
-12.920300267680126,14.419228116920333,16.55227778710463,10.346194514625278,9.356289879740077,-32.455861667169366,41.81215154690944,248.35430543999698,161.73384907978485,235.4753311612711,371.2070228934334,334.1209599938971,849.2300888622284,-68.7901566501542,918.0202455123826,1587.665355986249,S1,3,275727,275982
-30.317303935170926,30.317303935170926,33.27923402332213,13.724740408529073,-11.34041296153573,-50.801787199685855,39.46137423815013,166.19245896645793,-55.74892621685653,55.74892621685653,56.2475842313979,7.4731491043394405,-34.4822154992983,-68.7901566501542,34.3079411508559,285.0136577240754,S1,3,275855,276110
32.52068213815778,80.04071746113861,112.69436189570429,107.9000668968693,222.62789574473362,-41.934845904540985,264.5627416492746,446.78590449451053,-50.8486132196241,52.69756847451149,67.82191122541205,44.880175756214946,29.82232356810555,-132.99194896961706,162.81427253772262,469.9438128578613,S1,2,276372,276627
-25.701339866213367,25.701339866213367,26.92047752381551,8.009571723359967,-8.337458818200487,-39.461936510780845,31.124477692580356,209.111865710815,67.86858421460462,109.72324901654419,211.03520823889133,199.82420872641367,685.7798068019758,-45.182468319169274,730.9622751211451,1659.7273278357434,S1,3,276636,276891
-22.519722277822243,22.519722277822243,23.518976000102814,6.782649970562301,-8.337458818200487,-39.461936510780845,31.124477692580356,221.29392395964294,71.13048912030834,106.46134411084047,210.58920553515372,198.21268124273212,685.7798068019758,-36.87242223364478,722.6522290356206,1653.13419545321,S1,3,276764,277019
-23.02443396851999,23.02443396851999,24.011117788200764,6.8124311275868275,-7.07789176253863,-40.29569149279527,33.217799730256644,209.2505286296743,-32.14263620642897,32.14263620642897,33.598860048656356,9.784392381254829,-12.541497252574004,-54.53436057303044,41.992863320456436,263.4523007926508,S1,3,276892,277147
-6.808753235608047,10.526810602670924,15.176669200871686,13.56363400454628,21.154824426283685,-36.676350014759656,57.831174441043345,247.37545994670097,7.691425028286234,23.517395587718035,30.015470729308973,29.013280823379073,60.86504894648767,-54.34342123519122,115.20847018167889,407.3385853900056,S1,1,277166,277421
-36.45871321459785,36.45871321459785,37.71993139386424,9.672406892471667,-17.31867931261142,-57.21965646633007,39.90097715371866,226.17321073833068,116.84558456029134,150.0303783497723,264.1889077787742,236.94490575259357,713.9049220585582,-56.41946763933868,770.3243896978969,1651.1695080980028,S1,3,277674,277929
-40.662562905598406,40.662562905598406,42.8334498701921,13.463298471418952,-17.31867931261142,-64.76448806499283,47.44580875238141,189.72953120575616,13.277371695503057,46.59648235202247,85.27765995301256,84.23770348199847,449.6877218005513,-47.50512185955884,497.19284366011016,764.7280010496818,S1,3,277802,278057
-56.74650773092272,56.74650773092272,57.15323474825733,6.8063281241604265,-38.76160205765959,-67.57770305696745,28.816100999307864,169.41444731016523,-44.7795653031731,44.7795653031731,50.83849632292858,24.069550050536424,-5.365664892923397,-84.65241099808615,79.28674610516276,385.6924987807155,S1,3,277930,278185
190.95571875962554,212.2929452303051,227.09140044672455,122.90816746599627,277.0785359050372,-68.09519799475447,345.17373389979167,520.6392509224731,-67.74012591737811,67.74012591737811,69.20803555901925,14.178417635132275,-27.409058583000295,-94.77719939238962,67.36814080938933,392.56254259223317,S1,1,278204,278459
-9.982798236373846,88.89410869862914,109.11924956772873,108.66165085068475,270.64753248195746,-103.7413170257426,374.38884950770006,422.10984138077583,-3.4253116007980173,10.583804822639678,13.07862439591575,12.622109828664982,23.345033215297164,-25.418976743109475,48.76400995840664,344.2389090023959,S1,2,278468,278723
-89.76232127940463,89.76232127940463,89.95553463456864,5.892698017378863,-68.80208809252602,-104.09053614109148,35.288448048565456,252.1205665221378,70.87521781493118,85.59226057428378,142.70195078630007,123.8569750070688,686.8189842927698,-39.5295730336698,726.3485573264395,1347.8268009189937,S1,3,278732,278987
-91.51156262969772,91.51156262969772,91.97813799203827,9.252663051972938,-68.80208809252602,-116.89157241402657,48.08948432150055,278.55831525216115,109.81895040865444,188.89656152175917,289.8417557744808,268.23132091829854,812.8835944714897,-137.27793512020463,950.1615295916943,2222.9208158763577,S1,3,278860,279115
138.2742427229262,191.58749871468802,198.6013467739373,142.55780841407108,238.13601553093503,-121.18236629221984,359.3183818231549,536.6884187562155,-58.40159296203602,58.40159296203602,58.78457559653281,6.699273659222036,-33.44294785834323,-70.93876215320684,37.49581429486361,385.93985213021415,S1,1,279241,279496
13.400244234815084,115.26028582187246,135.62632767286357,134.96271415644495,238.49669865454953,-92.8358644329617,331.33256308751123,507.4430196039059,-49.50316066944695,49.50316066944695,50.01459942494414,7.134230117717178,-38.246814098429056,-71.67864592894355,33.4318318305145,359.2711876833884,S1,2,279505,279760
-29.31410790827072,30.81209452767428,35.412591848219755,19.867932427680046,10.896241769725524,-54.66241431914749,65.55865608887301,196.06398630568614,79.96853946201337,130.3907738199252,233.6073031984195,219.49351881992027,699.0897925753014,-47.47949270679779,746.5692852820993,1692.4156276173012,S1,3,279769,280024
-7.513912732958797,12.019008094906493,16.81834964435076,15.04652784535731,16.75247216783099,-38.37200688031041,55.124479048141396,257.5163982393858,82.36986259654378,127.98945068539479,233.2278453143867,218.19815206783488,699.0897925753014,-47.47949270679779,746.5692852820993,1634.6485733006843,S1,3,279897,280152
-55.76386657971895,63.80118767805462,70.84439482018726,43.6957602235947,26.060978768683587,-92.75311696407721,118.81409573276079,299.49498874178016,7.80367698009792,28.00314224139599,29.663110062370414,28.618223637441066,50.39437636571364,-45.63664626944452,96.03102263515817,370.2953350834604,S1,1,280279,280534
4.525587994581251,54.60057654673459,58.296985852725044,58.12105997670832,59.16997150440673,-90.29998380528235,149.46995530968908,289.1323602073294,1.801756260769805,17.423767448119115,21.168481420025795,21.09166375625105,35.88423542704687,-36.15090793587367,72.03514336292054,309.03869410010157,S1,2,280543,280798
32.19203754252735,32.19203754252735,35.14376309982129,14.09811347935852,55.491154691707884,4.826199261235497,50.66495543047239,259.1380689993695,81.66316255175204,120.43953330985627,232.57088024647769,217.76212301653283,731.0706241733585,-36.64556065587455,767.716184829233,1683.1389469307007,S1,3,280807,281062
12.80534472449346,16.753635884608023,21.238355291330425,16.943756430250957,44.58336443165123,-14.805155459200728,59.38851989085196,200.1993454350703,20.17761812463535,73.01735484360108,142.36944425785305,140.93233264622532,669.7686627009458,-51.53998956386618,721.3086522648119,897.7261982811158,S1,3,280935,281190
4.369974531329378,17.721252784903413,20.177719060737445,19.69882405347029,35.945751029359656,-32.53084998842431,68.47660101778396,209.0444204145366,-71.53054658018203,71.53054658018203,80.111944580703,36.073599355235366,-5.86955405752923,-107.06150821627388,101.19195415874465,426.2746768551159,S1,1,281318,281573
4.36349345251548,11.35263343319415,15.816449013268455,15.202630834141017,35.75580511144397,-11.751442541067568,47.50724765251154,186.39832506731955,-14.411133123988636,26.110340550219878,42.589661143663974,40.07740608391215,55.49135561817907,-98.85402330768225,154.34537892586133,518.1040784425568,S1,2,281582,281837
3.075705146378327,5.530258147164645,7.259169948882788,6.575377266690088,24.3879678664117,-13.613121056474666,38.00108892288637,228.55568141558265,99.75821549719582,99.75821549719582,193.59826512705808,165.91740927648826,642.8269354867327,9.032267251384999,633.7946682353478,1421.4901088168697,S1,3,281845,282100
10.480991318422717,11.890225414690214,13.386028484855652,8.326738832250868,24.3879678664117,-13.613121056474666,38.00108892288637,233.8252836652356,100.69356189149661,101.18560579641914,193.8352921159612,165.62888354174024,642.8269354867327,-7.201464582047101,650.0284000687799,1493.5049648308059,S1,3,281973,282228
17.9499289358198,17.9499289358198,18.306712212772485,3.596632208093067,25.641344538102985,4.957143581966934,20.684200956136053,186.6744912208424,-2.00879259770128,22.251328235452355,23.730099178789448,23.644922485273753,39.702291032671276,-32.252118519639446,71.95440955231072,312.3015080341497,S1,3,282101,282356
-18.411203749743997,34.42937127929569,47.31864958811157,43.58993204087274,21.230231126771724,-85.98353862092728,107.213769747699,293.1791038132797,-33.25342158398747,59.97082909691588,83.20409932387668,76.27012585052637,54.93677770055059,-155.26990673834408,210.20668443889468,678.7260470134639,S1,2,282619,282874
3.690144033393649,7.39941307021952,9.572417596938395,8.83255431135213,35.04387022816076,-19.329322108884718,54.37319233704548,311.6383156856698,134.8321881182382,157.50645256711408,297.3950091643787,265.07371149008515,805.1305372537099,-32.17830797634465,837.3088452300545,1831.536107394477,S1,3,282883,283138
0.7340559365486572,5.736499849254513,7.949021616422964,7.91505568776223,35.04387022816076,-19.329322108884718,54.37319233704548,315.05020129337345,115.97979808427696,176.3588426010753,299.7680248076478,276.422783311016,805.1305372537099,-77.82990791618582,882.9604451698957,1894.0421574707175,S1,3,283011,283266
-6.047544089317997,8.914538869208663,10.645284574178161,8.760667449058346,9.116300921424152,-21.426068489530984,30.542369410955136,201.1291464746277,-75.10749358572969,75.10749358572969,78.70847020462938,23.534818657100477,-33.600755752706995,-107.91441318353554,74.31365743082856,394.53005063743416,S1,3,283139,283394
42.0722896681752,49.6864619751196,52.71277708150512,31.75782281142097,71.44060592048572,-28.88145170769048,100.3220576281762,285.3278886798634,14.021884139376345,55.24014010104599,60.495595174047594,58.84814186228955,63.59282839488394,-102.18117888330477,165.77400727818872,514.7160578451605,S1,1,283413,283668
-49.33785600864129,49.33785600864129,50.42114411178314,10.395563381163262,-35.32439974859592,-81.68695198263488,46.36255223403896,222.79191355848837,71.92209285522891,183.95330029545408,284.2154896340378,274.9648288549641,760.7561784749445,-94.38642156327602,855.1426000382205,1763.8453221373152,S1,3,283921,284176
-49.88644691835683,49.88644691835683,50.95512492801138,10.38109677689276,-37.52529870906749,-81.68695198263488,44.16165327356739,243.57516572360228,80.74456649426276,175.50209322733826,282.2196364574115,270.42233299749324,760.7561784749445,-91.3255344970769,852.0817129720214,1866.1805762755275,S1,3,284049,284304
-52.02707375924155,52.02707375924155,52.859098273610435,9.341727160950738,-37.52529870906749,-67.98985444630485,30.464555737237355,223.6061765990879,-58.434598704425596,58.8058652753436,59.7376981423499,12.409280946100699,21.417541835941307,-75.29870790291056,96.71624973885187,447.71216488816066,S1,3,284177,284432
116.0152464127296,136.0912293032335,142.17315282886202,82.18070324043585,171.97225338600379,-67.09745431867573,239.0697077046795,458.5131615826293,0.43856217582911405,19.87699971745841,26.4944614828416,26.49083147965932,51.55988055921458,-62.794759470366564,114.35464002958113,467.01599851119914,S1,1,284451,284706
-12.543090065681696,84.50186159573946,93.08532812366819,92.23637679080403,161.24639419150944,-75.86753872595543,237.11393291746487,412.429176326973,-23.429959970561885,32.98914703382827,34.43924159425652,25.24080698720697,28.581141284204058,-53.59447772004119,82.17561900424525,331.118637171385,S1,2,284715,284970
-57.87874700620183,57.87874700620183,58.99095647534197,11.401034640232146,-36.1463421414131,-75.2822641568297,39.1359220154166,261.9485400760964,134.316201334643,173.68276384686095,290.9801180204984,258.1251385321756,726.6170453762247,-58.71301801239563,785.3300633886204,1689.3790322899088,S1,3,284979,285234
-57.49079344382665,57.49079344382665,58.57780669982756,11.232457743593896,-36.1463421414131,-75.14069041379699,38.99434827238389,246.2666705267327,95.39697278943596,163.28448379627014,276.7431028612927,259.7809896122264,726.6170453762247,-61.72020733836656,788.3372527145913,1103.4434709407424,S1,3,285107,285362
122.22588405456779,141.50363620450298,149.27641589060036,85.69878417003846,178.92102314971933,-59.624368348985115,238.54539149870445,425.4151617709578,-92.78735710846914,92.78735710846914,93.71687242782095,13.166568971371607,-70.17291528143532,-117.19119410144401,47.01827882000869,382.3020864636317,S1,1,285488,285743
9.61489291042028,23.596577961930876,41.32735399424278,40.19333306018057,172.69215045617966,-34.69449261846079,207.38664307464046,409.1655796291733,-19.550179867511147,19.558516709133123,26.410236973426514,17.75643782239294,0.690142824994794,-79.73395595913959,80.42409878413439,359.4483777894036,S1,2,285753,286008
38.600165947043294,38.600165947043294,39.90242367047166,10.110915074242113,60.88629399535617,20.532258450224894,40.354035545131275,259.07522173065024,86.20132591139402,124.99478074138722,238.39924781330757,222.2690549065894,730.8691101330334,-65.90522057794145,796.7743307109748,1740.9938542659247,S1,3,286017,286272
37.755092758611255,37.755092758611255,40.15050972965375,13.660761411417758,65.87717941449738,5.440681903700106,60.43649751079727,321.14811889357736,35.400867952473334,118.60277870016145,210.22590464101617,207.22381506560765,730.8691101330334,-75.67043887404918,806.5395490070825,1185.9491582669439,S1,3,286145,286400
-211.10135844900088,226.64824302606277,254.87352614426132,142.81712358886074,46.97955919408497,-337.3163965238165,384.29595571790145,500.98896402769464,10.346945170443572,14.783099807727007,18.845895871549597,15.751460784356624,52.03386886701113,-18.021299421675426,70.05516828868656,535.2935762874729,S1,1,286526,286781
-11.174485233817279,98.12182093558282,136.1830169726903,135.72378196743284,78.06450235389879,-327.19392805488684,405.2584304087856,567.4264841113187,46.73665126563531,46.73665126563531,47.75568189420425,9.812776449854411,64.30214242474693,15.226239586288106,49.07590283845883,427.73159692575126,S1,2,286790,287045
30.37488087927373,30.37488087927373,34.07364540678342,15.439557081637545,55.15978998397941,0.15900483311381536,55.000785150865596,388.65187137929894,75.83438909643493,106.73714332424939,221.79623477893475,208.42916108952426,730.818944099493,-91.90422057206281,822.7231646715559,1926.6681271040459,S1,3,287054,287309
-1.5475691964582268,20.24254327042467,23.369853081152346,23.318556186368383,45.266671189615934,-45.40882549568609,90.67549668530202,370.64105478504814,40.49731811233147,134.73964076022594,226.71348752502243,223.0671931312786,730.818944099493,-93.67151091085992,824.4904550103529,1948.8729306694463,S1,3,287182,287437
166.14612120733068,180.00381071242796,195.23190220982755,102.52298302442559,231.4652017381825,-45.00995306355441,276.4751548017369,454.2286590989303,-126.96804853637876,126.96804853637876,139.8465525613542,58.61887847920134,-8.377813128036632,-173.44755413554904,165.06974100751242,547.1995423106348,S1,1,287564,287819
37.33691458269099,73.52748584265305,108.9475649776522,102.35002063509604,220.00634563151826,-40.517153306630306,260.5234989381486,424.70284524689566,-32.659793817505516,51.50600370418141,81.18962636072524,74.3309713133913,30.742092083913874,-166.22003907264263,196.9621311565565,514.2728596939343,S1,2,287828,288083
-6.804670146781293,11.563333233405013,15.377358550481931,13.789837569151539,31.50911636300686,-38.782688107667155,70.29180447067401,312.3336077220492,155.48287601776957,155.48287601776957,266.93017202486607,216.97186915005247,800.8304297663503,22.43208348093891,778.3983462854114,1719.18732800229,S1,3,288092,288347
8.217071466150287,17.034748761405176,20.34451690262911,18.61126284059038,33.308973298836385,-38.782688107667155,72.09166140650353,293.46800277715033,149.4914967345426,149.4914967345426,265.85133229651376,219.8390849869459,800.8304297663503,17.19886876491305,783.6315610014373,1671.5879250606727,S1,3,288220,288475
31.761052386016424,31.761052386016424,34.154582617259614,12.560695247156232,60.6627613151166,5.801368140002389,54.86139317511421,200.96910959102792,37.15655241844627,37.15655241844627,38.055435519208665,8.222334518365416,53.84909332432685,17.19886876491305,36.6502245594138,376.8954407490803,S1,3,288348,288603
-50.79174615003181,141.88226078371406,175.6896174900407,168.1875150444513,90.30893917201098,-304.7269708958288,395.0359100678398,571.371635444137,-42.993001211921445,54.995241683517065,79.96234812332155,67.42090895402542,47.47133020307226,-165.7120460037439,213.18337620681615,629.7726777790988,S1,2,288865,289120
73.96842988868502,73.96842988868502,74.59472015476804,9.645913889872864,93.41552401334336,46.14982824043254,47.26569577291082,249.2070793192347,91.04668198978757,99.21511555184921,214.74668119845296,194.4907164478564,733.1162726621835,-31.740034543668276,764.8563072058517,1723.6399997990475,S1,3,289129,289384
73.23213650040606,73.23213650040606,73.88750053128616,9.819211696806857,93.41552401334336,46.14982824043254,47.26569577291082,252.8198554407337,82.9846208454692,103.94132684508479,214.98777155750105,198.32623281450685,733.1162726621835,-31.740034543668276,764.8563072058517,1726.319601727862,S1,3,289257,289512
65.69779107477318,65.69779107477318,66.29080659762332,8.847106151672056,86.36302162832204,48.257262443913184,38.10575918440886,229.05902485419386,-7.595114488025131,11.656835428808051,13.263469779192384,10.873539740918797,19.75118898330689,-27.45570857024131,47.2068975535482,417.7173499633079,S1,3,289385,289640
-13.95544191485595,16.988741403619294,28.12360503511134,24.416854857495913,7.645931845256127,-62.14728573376566,69.79321757902179,245.62152641978287,-36.068552954004744,36.068552954004744,39.46180318833156,16.009166083177796,-3.8220979589634068,-64.20825323378004,60.38615527481664,448.708645917422,S1,2,289903,290158
15.350486959633944,15.528457691772767,17.430571470921375,8.257564526239342,30.581530663296764,-3.852132479645488,34.43366314294225,283.0994479403682,135.58428468129574,138.9445142265801,247.88740477234992,207.521245158736,726.6163829403221,-17.39193125412266,744.0083141944448,1629.552607588649,S1,3,290167,290422
13.856077905213795,14.071408992215932,16.26347980454712,8.51527336246806,30.581530663296764,-3.898771034345647,34.48030169764241,241.08233711928295,128.97891932208736,129.03795206711408,246.58880275417587,210.16773304730756,726.6163829403221,-2.6675865391449443,729.283969479467,1612.7262336787298,S1,3,290295,290550
4.485510210288412,7.866728727689117,9.797275902384397,8.710155754109131,23.336468994833854,-21.31025713444826,44.646726129282115,200.23796893472817,-8.691265522974291,18.30246017954562,24.03713506905563,22.410840366598983,34.588615070407734,-59.355544822937176,93.9441598933449,444.72283479546104,S1,3,290423,290678
71.72740814593121,83.39853624896833,93.48339940197563,59.95268871715679,145.33418437023917,-33.95814411885091,179.2923284890901,390.7168394561804,-126.89714243457541,126.89714243457541,135.24006313351757,46.7652640139762,-42.43224772847666,-199.49752012629244,157.0652723978158,581.2803929511902,S1,1,290697,290952
-65.39462045773286,65.39462045773286,66.10642728873069,9.674882121726592,-39.83944411563455,-89.63296110339017,49.79351698775562,298.41500453590083,198.6093372355663,247.26870692593985,385.0465244998581,329.8714252436379,811.3440443884206,-65.07553215909033,876.4195765475109,1732.5996398490558,S1,3,291205,291460
-59.412540838051214,59.412540838051214,61.12505193136612,14.367392414043055,-32.17372714392927,-89.63296110339017,57.4592339594609,297.2093058389893,213.87539288472243,243.58800797366416,384.8566200239336,319.95614433020666,811.3440443884206,-52.48250026738638,863.826544655807,1859.8371817813033,S1,3,291333,291588
-47.18695147208133,47.18695147208133,47.89729517930265,8.218424195956928,-30.684723986416778,-60.80876811165349,30.124044125236715,193.83258352277124,-25.68561357056722,37.27097026744766,40.638004444297415,31.491215611948515,108.94101404443832,-53.010675455320175,161.9516894997585,459.4786833749998,S1,3,291461,291716
113.22958581852888,126.57942968814369,140.49462786609413,83.17332117089393,201.952334597606,-40.77648886599676,242.72882346360277,436.5434449115936,-46.544175431049794,46.544175431049794,47.7324875721131,10.584427394318157,-24.7940500894743,-69.43451708912677,44.640466999652475,461.61098411724765,S1,1,291735,291990
1.098718879598838,13.5949889482408,19.234676604031062,19.203270577827958,64.63356776161284,-27.123677250835666,91.75724501244851,248.83439479523355,-59.816442074254546,59.816442074254546,62.52151204667544,18.19155645292434,-19.60849550510819,-89.95696452788577,70.34846902277758,400.84178725559804,S1,2,291999,292254
-3.5807862212269876,12.092440557141284,14.442014772121423,13.99106002831967,17.906880113165315,-30.368906833897277,48.27578694706259,258.3049993843098,108.74865674283018,159.51495699507544,249.79595009127576,224.88162739235327,613.784004167194,-100.01605254532227,713.8000567125163,1018.8859273860934,S1,3,292264,292519
12.943578210898046,13.113038148206455,14.753913411840031,7.081083537315351,29.532292971816965,-3.9022678210149304,33.434560792831896,217.55805165945344,184.4849413178549,184.4849413178549,263.4180717768915,188.02762287920143,613.784004167194,3.8936509825332557,609.8903531846607,1404.5363488186476,S1,3,292392,292647
-29.928298568880262,42.20617621802704,44.66904336388522,33.1605244201086,26.093522315108853,-61.38530313172894,87.47882544683779,264.1234461615053,-86.14006273477264,86.14006273477264,87.45710145834639,15.120654335872068,-57.93768202837632,-121.00883319768816,63.07115116931184,431.11753501089316,S1,1,292774,293029
-26.257875934203533,26.53534877603839,34.2869797295454,22.048150271581342,7.7076138048099505,-70.86798725860747,78.57560106341742,271.8806483695493,-83.9817751553466,83.9817751553466,84.25764174438042,6.812608463809305,-65.97290705736641,-99.32490634944396,33.35199929207755,452.5938202209274,S1,2,293037,293292
-25.786668521753526,26.057790649365188,27.441557913171014,9.38545828668609,11.714943297044316,-46.63003492682331,58.34497822386763,339.26745452443583,174.124235967928,212.3594949097864,312.7228439067118,259.7620594884614,754.218775146253,-76.89801972546529,831.1167948717183,2616.2972005628344,S1,3,293301,293556
-31.778216537783283,31.778216537783283,32.487823903138626,6.753047877743978,-14.70017605920533,-46.63003492682331,31.929858867617984,245.73127537845494,51.59192928705168,86.65167943432263,144.7653094762886,135.2600002225546,488.25540109413015,-50.74965544200307,539.0050565361332,1425.5068744848495,S1,3,293429,293684
99.05038971051022,106.79419701459759,126.72764950607186,79.05009454472429,181.28776771933755,-30.892219751011023,212.17998747034858,462.60466219023056,-78.00206926150886,82.27515132352768,99.69203622387485,62.08203667233501,24.71133567582179,-158.12886480781793,182.84020048363973,649.0338167084439,S1,1,293811,294066
11.663802304769519,59.624543993638156,78.4662419692215,77.5945026697618,183.03248611175954,-48.8517424827809,231.88422859454045,395.2951926994226,-14.11864590489704,23.540128480790578,33.90421688755246,30.824661564570853,28.64208742846946,-108.49063846277281,137.13272589124227,676.4791175902262,S1,2,294075,294330
-55.87119720291301,55.87119720291301,57.539986843071205,13.757158464378204,-34.0320721079883,-88.14759915516962,54.11552704718132,212.50106599327,109.98015515084506,115.17886132764517,206.09285031507937,174.2946597689951,678.7302344936804,-39.64341565001138,718.3736501436917,1893.0226363704564,S1,3,294339,294594
-76.55495395966915,76.55495395966915,78.00778597054405,14.985115824015104,-47.1899385864397,-97.87296241172771,50.68302382528801,253.59004113701053,67.76883608619349,103.51456485814671,200.99178835720437,189.22231327871953,678.7302344936804,-52.50231527773593,731.2325497714164,1723.725409634277,S1,3,294467,294722
120.96647387149395,179.85598568282063,189.53206968972512,145.90927880010918,245.3798279372067,-107.61872550929432,352.99855344650103,530.125033870551,-51.730725133998426,51.730725133998426,56.54834159857162,22.839593136907,-11.709344695059286,-81.02796744450097,69.31862274944169,378.5416676100872,S1,1,294849,295104
40.64890419185741,114.44513309489409,141.6103407415685,135.65085769336048,242.04259475526442,-71.22199584140694,313.2645905966714,484.6873142770368,-38.01550528430262,38.01550528430262,43.04643297441825,20.194473248892695,-5.5598914675119815,-71.49776021784858,65.9378687503366,382.5419573402441,S1,2,295113,295368
-33.166371322715506,33.166371322715506,34.95163330389882,11.027623673936432,-5.810718161498465,-57.59428443304733,51.783566271548864,234.6741396611725,106.62853467240453,114.43819943885525,222.1502923954318,194.8874239272295,665.3628143224894,-20.48256998628367,685.8453843087731,1911.9696227304862,S1,3,295376,295631
-22.922023088383188,22.922023088383188,26.256783056182357,12.806229499546427,-3.9501003871198446,-57.59428443304733,53.64418404592748,274.1956708725974,141.52719696071406,159.7653463714344,252.18959735125884,208.73343175599186,665.3628143224894,-38.02222884060573,703.3850431630951,2529.7021288958717,S1,3,295504,295759
-5.163088104292788,12.193312297153762,14.073353007941957,13.092050493083933,17.17987143391059,-29.87165526206254,47.05152669597313,214.90459719129217,28.494609245457976,53.93546703342128,119.77453334758087,116.3357042467162,482.61806748614345,-38.02222884060573,520.6402963267492,1099.610741980787,S1,3,295632,295887
11.541133987244784,77.86041505315016,85.84799788445781,85.06868382112383,69.71720632061844,-147.6914049341603,217.40861125477875,366.02565473976944,-33.15247916144229,37.919810949671266,67.80963151528117,59.15284652227945,29.153288436404356,-153.63646014561343,182.78974858201778,522.0840937696661,S1,2,296150,296405
67.22971048462722,67.22971048462722,68.01343863138744,10.295332079088702,88.0341607444826,44.64416319800052,43.389997546482086,271.2273936703705,117.4481171933895,117.59640611786119,245.47392207222532,215.5536735600876,762.5210399879795,-3.95823934975576,766.4792793377353,1808.9828178168814,S1,3,296414,296669
71.11630388109774,71.11630388109774,71.77217930762858,9.680756419709738,88.0341607444826,44.64416319800052,43.389997546482086,271.4188904847281,118.2470863799341,118.25005835142814,245.1586000816582,214.75652669163475,762.5210399879795,-0.3804123512377624,762.9014523392173,1714.1977543362177,S1,3,296542,296797
72.77002639994555,72.77002639994555,72.82242060827073,2.7619198031665233,81.54105714595849,67.4923253066533,14.04873183930519,176.7582472533861,1.7333525768777722,10.141732654835042,11.519476589517105,11.38831988225936,22.082117602671897,-21.290869020455503,43.3729866231274,413.78183680195787,S1,3,296670,296925
-131.78093501155922,169.50928594971418,179.61696471427945,122.04933093077534,84.56322717975875,-226.37704572284812,310.94027290260686,477.7475750950322,-65.05253245154579,65.0660099106491,73.95699580841452,35.18245657492419,0.9921170665717267,-107.95104869925255,108.94316576582428,453.4422012120409,S1,1,296944,297199
60.24264190498752,60.24264190498752,60.7953716201501,8.179321899741623,81.7756893739803,33.0831714151602,48.6925179588201,328.510264855679,91.93376975266746,136.38002330576285,255.3569108043665,238.23377987727247,767.9304182800676,-48.734249245140916,816.6646675252084,1787.2107544838782,S1,3,297452,297707
61.63792766678435,61.63792766678435,62.26140821224523,8.789131101314737,81.7756893739803,33.0831714151602,48.6925179588201,328.4147909623361,98.17036297575007,130.14343008268025,254.72237497239155,235.04482156555824,767.9304182800676,-48.734249245140916,816.6646675252084,1856.8484866865438,S1,3,297580,297835
64.6452962775835,64.6452962775835,64.78644538656427,4.274245548599593,73.27702625542143,55.14893351315641,18.128092742265025,184.7472734562958,-19.17976731315397,19.17976731315397,20.21560408406281,6.388049334252785,-3.58137485006754,-33.992842441293114,30.411467591225573,466.1708702768742,S1,3,297708,297963
-126.95581061072723,147.4036623296828,152.95807299373084,85.31350564903923,74.230838677661,-179.6399625520717,253.8708012297327,420.3555033669202,-60.4095313495632,60.4095313495632,63.13829754244803,18.361185655747843,-18.566954110066142,-83.32450072019142,64.75754661012527,365.92245736930886,S1,1,297984,298239
55.52456504455988,55.52456504455988,56.91082833169755,12.48459282525415,81.4133689335904,30.383984390200016,51.02938454339039,257.42046712439617,222.8475334257924,249.96353503262054,379.1267675972386,306.71824653054284,813.4844159258157,-56.300173566167274,869.784589491983,1875.3476390998503,S1,3,298492,298747
55.40269757857601,55.40269757857601,57.79068078454883,16.44092109823746,81.4133689335904,28.21015880732715,53.20321012626326,227.61865559166625,162.80954158060388,205.0699882201135,337.0744047447296,295.1477723180837,813.4844159258157,-68.42310193340522,881.9075178592209,1137.0328676944023,S1,3,298620,298875
39.89630858319049,39.89630858319049,42.7486210266192,15.353473910237716,80.57753706138304,19.79309780532756,60.78443925605548,225.83806524716232,-59.227297243033775,59.227297243033775,62.52746696674095,20.04523351228928,-17.4888218620972,-85.98222918870115,68.49340732660396,343.1806304290784,S1,3,298748,299003
-60.25528938188637,74.15626101957237,78.13363920856185,49.7409858917055,38.2955110697311,-99.49154568527042,137.78705675500152,323.36384090910474,-101.46821347610828,101.46821347610828,103.2261897634449,18.969657536330494,-71.97517339400387,-144.60626877038743,72.63109537638356,378.22384027332976,S1,1,299022,299277
19.44661206665352,28.452178058862437,32.528928674619515,26.076051845468662,39.8248438483969,-94.62528880243583,134.45013265083273,339.2342162994071,-53.95936463131251,53.95936463131251,61.905221766302965,30.342106889934527,-19.067371583867356,-142.64932177159307,123.58195018772571,358.43937751801934,S1,2,299286,299541
42.76501110049592,42.76501110049592,46.15166315031482,17.35309301290659,81.30854077755052,10.94292697089804,70.36561380665248,439.7740949274587,198.6500157992295,210.84824829086492,359.8676558235895,300.07149303279596,822.8423590743669,-24.39550286566344,847.2378619400303,1687.5408386650997,S1,3,299550,299805
61.41702801619057,61.41702801619057,63.6333803293989,16.647995729348143,86.28442185722912,10.94292697089804,75.34149488633108,412.0438875731118,214.74157315766342,215.67310192017808,360.45029139086193,289.5003787934122,822.8423590743669,-16.621815361149615,839.4641744355165,1814.5214658594155,S1,3,299678,299933
-93.4883707126715,101.941386534466,115.4491585483312,67.7379712643346,26.15873350759035,-168.48780404172163,194.64653754931197,340.3715057424722,-127.03459445889092,127.03459445889092,138.19368662065412,54.403187705066365,-17.513038155083926,-194.78830381742253,177.2752656623386,695.8023019058036,S1,1,300059,300314
-56.59437372103269,56.59437372103269,81.43583247620742,58.556568156074555,-14.98287875280491,-182.75122769539627,167.76834894259136,378.5496873434744,-70.31100339189422,70.31100339189422,85.66314416601779,48.93400729996458,-21.550640790358443,-184.75613431002034,163.2054935196619,536.873513206171,S1,2,300323,300578
-6.9841845550010655,13.435864276895476,15.735158658087629,14.100226384596619,32.77068700117719,-28.761696016001157,61.53238301717835,267.82322688138674,142.05336821508075,186.11618544896663,300.2397447714473,264.508496875194,714.612081573131,-51.96302232764499,766.5751039007761,1575.0295479348242,S1,3,300587,300842
10.155975420689305,16.85247189501856,19.41397705792788,16.545654065648318,35.12841962019782,-26.18868245520983,61.31710207540765,233.0616878436354,163.57345121440542,190.70005992478846,301.4706638345821,253.23563574400853,714.612081573131,-52.5455642114648,767.1576457845958,1685.7281728849946,S1,3,300715,300970
24.943643297134365,38.49520962028496,80.74537760618394,76.79603286518487,283.5351653331542,-20.916539188116875,304.4517045212711,432.76949936126374,-49.777255815918885,58.73149409422416,61.24462337105219,35.68092901395088,63.694541768608815,-81.52265991147371,145.21720168008252,500.208349159581,S1,1,301098,301353
101.95600872323861,101.95600872323861,159.2630694254395,122.35071543738214,321.51079552002,7.784459740481355,313.72633577953866,454.6256922581398,-32.029840278610536,59.26183615796414,61.91398326432379,52.98519279366326,85.73848892535548,-84.58559905631995,170.32408798167543,613.3674352631613,S1,2,301361,301616
35.61422963211181,35.61422963211181,39.746276060753736,17.646334135135685,69.29440553942887,12.57205636650566,56.7223491729232,269.42038401177615,148.18314896859454,219.12458332090273,307.0932016840365,268.97581467913363,727.6014179580189,-96.6572845503412,824.2587025083601,1816.6556764828897,S1,3,301625,301880
50.709120086781006,50.709120086781006,52.87514512555306,14.978855499427208,69.29440553942887,12.57205636650566,56.7223491729232,298.7953645926753,78.04590231585419,171.29362268407198,276.52643250010317,265.2841966701716,727.6014179580189,-91.14892900411854,818.7503469621374,1347.482179066074,S1,3,301753,302008
-211.88570333528864,235.7191255449827,258.67240742438423,148.3774345540341,59.61383393119988,-310.53092404030593,370.1447579715058,601.4771725094431,-60.943579531748306,60.943579531748306,62.81148642897037,15.204043583014316,-25.508418167894412,-86.16414502956698,60.65572686167257,329.2220584687111,S1,1,302135,302390
-70.28542465901187,127.92232913688844,171.61719008322618,156.5644244793962,59.495564164995436,-299.2848381567006,358.780402321696,545.9062064915535,-32.197453312670625,32.197453312670625,33.596831506809885,9.595368021882695,-14.911532738049129,-56.22713529167828,41.31560255362915,353.9852888820803,S1,2,302399,302654
49.323380438383154,49.323380438383154,50.446359140854504,10.584861486982103,62.5439601675294,18.18071569825504,44.36324446927436,217.97454862774666,71.61091884119533,115.48503853210092,228.07290621837845,216.53897305939407,702.8314305699092,-43.74434734313005,746.5757779130392,1014.3062843143096,S1,3,302663,302918
45.18273956106307,45.18273956106307,46.81286951324351,12.246011506654332,62.91479106421112,18.18071569825504,44.73407536595609,229.72200559334388,168.72753802141233,185.91590770588664,304.08131533457413,252.97522457513023,702.8314305699092,-43.74434734313005,746.5757779130392,1637.9683339824128,S1,3,302791,303046
33.64052649558526,33.64052649558526,36.89628757364542,15.154240786557635,62.91479106421112,5.465285444059304,57.44950562015182,260.0565668981791,81.8260979035451,92.33232384979401,202.49906736948657,185.230564398512,702.2289176165817,-31.96358934322015,734.1925069598019,984.7985084790396,S1,3,302919,303174
33.634613829259195,33.634613829259195,43.81319996513089,28.076845331004552,94.16787464046092,7.05510434952181,87.11277029093911,248.5709760767955,-67.81072505021146,67.81072505021146,71.3349367241137,22.144497411274205,-24.144039109798886,-125.839673814386,101.69563470458712,477.9785953370018,S1,2,303437,303692
37.333023530023326,37.333023530023326,38.184774907713724,8.020123992775217,58.87536573428603,19.47749880902068,39.39786692526535,241.06309706801096,153.48262516540177,204.33287627242194,318.4477467288478,279.01980425951336,761.2826003065808,-61.698915645764615,822.9815159523454,1798.9725721686348,S1,3,303701,303956
39.729028593809616,39.729028593809616,40.751920588564616,9.07321986115925,58.87536573428603,19.47749880902068,39.39786692526535,251.75657101751045,151.4380677257018,206.3774337121219,318.7416375717597,280.46879178516946,761.2826003065808,-65.9811697932735,827.2637700998542,1791.8654524828164,S1,3,303829,304084
42.91912024225062,42.91912024225062,43.411675659231165,6.520943273293852,57.8021640322741,27.561468727156164,30.240695305117935,230.3329790533637,-52.95191693206874,52.95191693206874,53.19228116895549,5.051066142559233,-41.54080805352744,-65.9811697932735,24.440361739746052,354.68000528329696,S1,3,303957,304212
-177.6141136868908,196.78954892688594,212.6651792080085,116.96027131806176,62.56683538074852,-284.7698858199693,347.3367212007178,456.2856632229825,-46.597683866743104,46.597683866743104,47.60957591961129,9.763584254785789,-21.797556902714604,-59.71781724510415,37.92026034238955,414.38540987489193,S1,1,304231,304486
27.93314263416552,27.93314263416552,28.895619498047207,7.395699341866898,41.88468052221573,5.087041949393745,36.79763857282199,261.6101179672603,179.24221366314646,218.57274043640928,371.56967402982764,325.4784962171346,870.1639182055867,-80.27346198033626,950.437380185923,1344.2755819404483,S1,3,304738,304993
12.731175617956762,30.02921909441873,31.56071863565096,28.87899112128866,49.38199690605787,-44.00487188387814,93.38686878993602,262.6639175369477,210.0776837390615,262.52676699737515,398.19659379390714,338.2719233159925,870.1639182055867,-105.81395223763586,975.9778704432225,1978.409548230477,S1,3,304866,305121
-34.166479950384954,44.565242325974474,49.252656351979034,35.475002544412646,49.38199690605787,-79.30929661718045,128.69129352323833,248.3098747029916,-22.15134323205958,113.30735680265701,160.32267772557347,158.78500869450357,728.4090742827908,-105.81395223763586,834.2230265204266,1186.260210069183,S1,3,304994,305249
159.4782235208716,197.30220199143517,213.76354559014277,142.34307024191924,263.88677356752885,-82.35094537683278,346.23771894436163,540.4729919018619,-104.2204334744305,104.2204334744305,109.028465798855,32.020424745057646,-44.07748655183398,-152.7650815315843,108.68759497975032,560.1138549439457,S1,1,305269,305524
17.984486595764142,50.83839436925784,93.60998350019676,91.86613768301076,263.0490756900631,-28.759195061228592,291.8082707512917,461.67275921478455,-49.26777360146713,49.26777360146713,53.984034699634684,22.067226531803687,-17.913304780478065,-106.6587697518828,88.74546497140474,374.7079608428708,S1,2,305533,305788
-12.729713691070206,15.200634014663656,18.466633706900588,13.378002459568346,12.90607003361603,-42.04393594410314,54.95000597771917,287.535072610225,116.0044983126078,141.88411119742258,280.65644962701873,255.5601672571128,818.0000478373886,-42.95366024112072,860.9537080785093,1943.9499093476309,S1,3,305797,306052
2.5543926130217702,9.845444747770946,11.349204028537798,11.058006622349184,18.664870223775754,-35.2721293016081,53.936999525383854,217.76519157558582,14.286735361308038,24.414103129799436,64.19188472051123,62.58184446536673,375.14600351183446,-18.83574236053536,393.9817458723698,700.5012233817318,S1,3,305925,306180
-145.65146475595174,160.58995701375795,177.79409378663607,101.96269219600312,41.01183787378483,-224.98351261721234,265.99535049099717,438.17412842640215,-111.5415905448315,117.75528651244568,134.14367997861441,74.51845715615744,25.118703611729313,-176.88563059872865,202.00433421045796,697.4608096831555,S1,1,306307,306562
15.837942935510123,71.21920020484006,88.54547143226134,87.11750728029891,63.14742401473332,-220.45345517325075,283.60087918798405,427.60614651080596,-20.87838133194655,28.455312369913635,53.97169441945132,49.76984017921354,64.58454574067694,-174.33453077910025,238.9190765197772,571.8974848025663,S1,2,306571,306826
51.60190438288572,51.60190438288572,52.824166820390424,11.297613213770221,78.90461879613756,25.052412803789053,53.8522059923485,303.7348754075929,155.61910572343527,158.01355008809935,296.34196688344105,252.19289298111624,832.8374441668299,-12.580500709940951,845.4179448767708,1799.539492847803,S1,3,306835,307090
41.8103955916314,41.8103955916314,44.19369972648911,14.31691014103158,68.08447710847274,11.826723143699915,56.257753964772824,228.8781483887214,19.51419095539643,27.768982200549896,44.73478135082005,40.254155237217454,190.20284772148617,-25.20884230276638,215.41169002425255,438.0648812560039,S1,3,306963,307218
5.5245266908148025,8.832791904788355,11.119151196878521,9.649618032933732,24.080539081004133,-12.53028804992915,36.61082713093328,245.29375505001676,-74.79506704274822,77.16612510055644,95.49325224600751,59.3688400643841,13.512116644268735,-149.54582194461398,163.0579385888827,492.4348056989059,S1,1,307345,307600
-14.835593746155567,17.603268846623408,22.413161056493497,16.800444837662678,13.9950937019956,-51.139432467092654,65.13452616908825,244.48919714433043,-54.29895835981587,54.29895835981587,79.51032770642516,58.08197080869503,-0.40726423285466484,-169.78108127979823,169.37381704694357,773.1053344869601,S1,2,307609,307864
-58.98332867935071,58.98332867935071,59.394300815660564,6.974948550696281,-41.58089197243937,-76.31373444961555,34.732842477176185,246.43037907754137,134.26526955637738,143.56239465732756,287.7250769013262,254.47702699620532,814.5274638518711,-25.11384350533299,839.641307357204,1911.325194983774,S1,3,307873,308128
-66.29353316637733,66.29353316637733,66.66878967970348,7.063637708360029,-51.47977695830062,-81.07975249016032,29.599975531859698,214.26911421759883,20.769047581767623,28.17451219848646,73.00395683249072,69.9873158204145,419.9548967613679,-17.93449522100522,437.8893919823731,809.4691654442846,S1,3,308001,308256
-75.27771034918077,75.27771034918077,75.59855675561889,6.9575935579318315,-58.87049749400711,-89.91893433590522,31.04843684189811,204.6870319191463,-4.52950164932286,9.414875917663426,11.326981596857884,10.381913451013673,18.798387442734047,-28.341352234414543,47.13973967714859,511.839130700047,S1,3,308129,308384
23.983520363554852,130.11552321915877,166.29485819817714,164.55628403109614,326.6234426194874,-85.26997340685678,411.89341602634414,616.2079140071106,-55.93825288596976,55.93825288596976,58.248227034412096,16.240930291018188,-25.926247631111977,-93.56547137974918,67.6392237486372,534.5005068887046,S1,2,308647,308902
-48.5465141801726,48.5465141801726,49.63062821714328,10.316744553520715,-25.212049153227497,-73.35446317804647,48.142414024818976,292.64713708596224,120.39252323180129,151.7571407094729,286.6230231456308,260.1122791161944,797.8426945418923,-45.76897266958453,843.6116672114769,1822.573267141554,S1,3,308911,309166
-36.70870907757311,36.70870907757311,38.29853813239855,10.920105353744843,-15.35852939175191,-56.03568705861489,40.67715766686298,265.31690999780966,41.302344654787156,105.49108831693025,208.8252545233299,204.70003237115202,797.8426945418923,-69.01020328126195,866.8528978231543,1203.6686292267957,S1,3,309039,309294
-29.09457303420265,29.09457303420265,30.143013151580565,7.880803373629296,-15.35852939175191,-50.006429596089234,34.647900204337326,268.4481111561456,-56.826866342974576,56.826866342974576,59.06909709669292,16.120344086161403,-16.84578348859107,-85.2416605306253,68.39587704203423,455.63700191136684,S1,3,309167,309422
-86.00662186854872,86.00662186854872,93.3010100519169,36.16544582150727,-7.856837171421662,-120.53516681396762,112.67832964254596,336.4615163790156,25.622206463440136,48.80865369666971,50.66496412251267,43.708593268147425,100.06864509666116,-71.18180123675812,171.2504463334193,558.8839843263279,S1,1,309441,309696
59.8065815695459,59.8065815695459,60.615727100833055,9.871128249998598,90.5323676686749,39.54736570611406,50.98500196256084,304.2924407823216,87.61834186093456,133.2019968963963,238.5648015450595,221.8922952825853,734.8136588086611,-66.97776394006905,801.7914227487302,1893.2347413618352,S1,3,309949,310204
66.85883018512322,66.85883018512322,67.79621793669871,11.234945162180573,90.5323676686749,39.54736570611406,50.98500196256084,339.8067355243305,63.148793709899635,145.6784727024887,241.19880820547115,232.7855127208826,734.8136588086611,-84.02508908705329,818.8387478957144,1853.289248948905,S1,3,310077,310332
89.18856737102739,89.18856737102739,90.92941636526774,17.70757495627033,113.52593106643423,57.903586151921466,55.62234491451276,214.95117287660332,-68.62170731963958,68.62170731963958,69.41674489211331,10.47596086067824,-44.43002939481851,-97.50284978369604,53.072820388877524,509.0412193963247,S1,3,310205,310460
-156.31280057936488,192.36855769049458,200.63224743377643,125.77601951629653,107.75542171040797,-237.70133999125127,345.4567617016593,553.8273193341264,23.336019460718312,53.64640371511394,56.63848709310822,51.60763912373014,95.39396446552028,-82.4074792400205,177.8014437055408,571.7884304831913,S1,1,310480,310735
14.146804459108779,125.23355381383627,137.90933478898768,137.18182294144086,106.992957456139,-237.24340837499096,344.23636583112994,516.357125097737,-31.962615292259283,65.19565123331043,67.37623522680472,59.31229465310506,84.6057181235027,-108.15723218676408,192.76295031026677,563.006918257396,S1,2,310744,310999
68.47295812337012,68.47295812337012,70.25564027303226,15.726061045567457,110.62042674353056,38.378712996440356,72.2417137470902,374.5871968736267,135.8519698419944,205.67722343851256,320.7258655683811,290.5328262600237,802.7063406530802,-94.51260467237901,897.2189453254592,2602.427913687983,S1,3,311007,311262
62.17726575945159,62.17726575945159,62.487477662417625,6.218720711663251,75.21555049810517,45.52758586929062,29.687964628814555,199.83268404073118,-32.18783224265103,84.99411148503177,98.19424989938086,92.76882110289542,288.85500703228865,-94.51260467237901,383.36761170466764,1382.3202819093892,S1,3,311135,311390
-107.94471045197898,126.03992253052786,133.77274379229706,79.01320438482398,52.12109466325672,-164.78079803579104,216.90189269904775,398.29870820544625,-70.16403350497433,70.16403350497433,70.90704667267174,10.238050114806464,-47.087905195620486,-93.74669752077871,46.658792325158224,417.47404526603634,S1,1,311517,311772
22.327396322079878,33.219914687003715,40.1188360676241,33.33179234451202,41.646109785222315,-170.334991651883,211.9811014371053,398.05068196537,-9.22528086667112,18.842047218426636,24.526518926151397,22.72541140586666,35.70409609934258,-75.02132107812726,110.72541717746984,555.7533519906273,S1,2,311782,312037
21.989760272586715,23.106400267019268,25.1952506717427,12.298418579887327,44.06916729608079,-12.422948530667126,56.49211582674792,313.60441288481843,87.76150906133012,114.01790528917059,239.86077217150978,223.2288233046777,759.937093725598,-70.33538835343037,830.2724820790284,1901.166840582163,S1,3,312046,312301
15.945411964431228,17.062051958863783,19.17903658968686,10.65735810569959,44.06916729608079,-12.422948530667126,56.49211582674792,299.2397490642212,104.98280186766405,145.24979489061775,249.61836416846052,226.46840627812298,759.937093725598,-70.33538835343037,830.2724820790284,2337.7487474665404,S1,3,312174,312429
-26.72073267304111,33.689811253443075,36.385282396428806,24.695975795334455,19.431257755332215,-53.32055731767111,72.75181507300333,331.5253441595047,-50.63812111185544,50.63812111185544,51.91217250230163,11.430413123320676,-23.930314806018504,-73.38940119673708,49.45908639071858,472.2911537396809,S1,1,312556,312811
1.4192263544677544,6.190872175174722,7.706011940246996,7.574194120697821,17.61800766481842,-15.236221970944912,32.85422963576333,246.44920202793205,-35.439118745594385,35.439118745594385,36.301235111197386,7.864383836899767,-13.620455365238826,-50.15687028105446,36.536414915815634,382.0995192597158,S1,2,312820,313075
2.829007479726881,4.977746621579431,6.22043616946451,5.539904585643301,15.654085823857416,-13.411423078101329,29.065508901958744,256.5049480074691,149.87106756179494,188.30764349759562,325.0647312451724,288.45405631986546,814.3782155957213,-65.83401169088353,880.2122272866047,1925.2838247361753,S1,3,313084,313339
4.454772988420208,5.156451832762961,6.337426634559295,4.507546335875343,14.795878110219869,-7.449011391478389,22.244889501698257,189.8118975984936,92.11223118408708,160.35166497462723,287.8131580716465,272.67517456758674,814.3782155957213,-65.83401169088353,880.2122272866047,1149.8749698035585,S1,3,313212,313467
-46.09177929159352,60.56479416010091,67.34729678306593,49.10403512667153,42.508180116110566,-96.29669033526307,138.80487045137363,335.1870522123755,-111.28962595502621,111.3171213400484,126.52026985845012,60.18303614678641,2.4293283745051544,-197.50049374667967,199.92982212118483,624.8087993747165,S1,1,313594,313849
38.346361527226,38.346361527226,39.0061567401653,7.144005967356448,48.27813458446261,14.083662885396922,34.19447169906569,201.39226208662674,-25.00270465895906,25.00270465895906,26.85678721017599,9.805701351231312,-3.2772734394490124,-61.52677757708624,58.24950413763723,463.8017853716578,S1,2,313857,314112
39.83049868227589,39.83049868227589,40.59911035647446,7.862514639630959,51.423330943947114,15.469453176233145,35.95387776771397,229.8766861875729,211.98743936732038,255.65250231808653,412.5418408589304,353.9097286170045,859.8117131100677,-65.83390492751377,925.6456180375815,2022.905325548792,S1,3,314121,314376
39.66918186580106,39.66918186580106,40.09700770964134,5.841749512349648,53.705381984695656,15.469453176233145,38.23592880846251,244.96369301351143,-5.9189146701659965,108.65977161411841,181.72915659493864,181.63274155788935,820.6789444409799,-87.59724982337862,908.2761942643585,1338.305642240632,S1,3,314249,314504
-102.47588868464405,125.18510555482715,131.99293537317467,83.19150934271784,57.83696913449492,-159.0222574371895,216.85922657168442,425.47204866686025,-122.66574456475864,122.66574456475864,128.60631368892678,38.63546338570333,-42.48296053856986,-168.4605284757544,125.97756793718452,620.4365647078102,S1,1,314631,314886
-11.096371964128146,34.45749301568854,59.13674848455625,58.08636286220181,32.77194224962005,-161.80149449228517,194.57343674190523,403.4865210530622,-43.081126519115685,43.08569321303591,57.523585116299955,38.11796666240413,0.582979667573939,-141.4616834453794,142.04466311295334,538.4855889139851,S1,2,314896,315151
-22.576029817110356,22.61783156772512,24.917927343474556,10.54637287372398,1.746509055487505,-43.601700886305196,45.3482099417927,215.63082335086273,94.45735078123764,108.83020493461875,225.50081778362838,204.764322342725,815.0117487788165,-34.84890311398632,849.8606518928028,1662.638151580049,S1,3,315159,315414
-34.90430116501947,34.90430116501947,35.872406367120576,8.277638476609944,-20.255057321250977,-52.46918264142578,32.2141253201748,217.1929808057593,193.04156772885952,205.31334501172068,356.35734352049724,299.5421663301676,830.9766115365719,-34.84890311398632,865.8255146505583,2032.603138868884,S1,3,315287,315542
-44.28120991389043,44.28120991389043,44.90961576261861,7.486523659751146,-26.830327388448357,-60.190434075411666,33.360106686963306,208.5762786323881,137.13266996665567,139.16481003846457,287.6018784988826,252.80322652984938,830.9766115365719,-18.02398987832215,849.000601414894,1233.2576035321108,S1,3,315415,315670
16.671530970577074,131.2655006099726,155.97827031805693,155.08475381709812,281.13934328276025,-94.55515375439656,375.6944970371568,569.4765339635062,-80.88800083698703,80.88800083698703,83.67662868007757,21.422173275817848,-32.50157232355546,-125.88118132203078,93.37960899847533,536.8984661083389,S1,2,315936,316191
-85.33470497191932,85.33470497191932,85.86506358961476,9.528760286840775,-64.72513469846788,-112.79448913792135,48.06935443945346,349.43796487832356,69.59299337182117,134.3394284521677,236.09445689231117,225.6045386263872,716.640819978558,-58.40708713885495,775.047907117413,1792.5445414256271,S1,3,316200,316455
-83.66536343551296,83.66536343551296,84.29872687423496,10.314180230168217,-66.80571006333786,-112.79448913792135,45.98877907458349,292.8883441516909,51.803501108786556,151.274973816821,240.55903459632125,234.91497695716646,716.640819978558,-99.14728437389542,815.7881043524535,1733.7559563355057,S1,3,316328,316583
-76.1309976435295,76.1309976435295,76.42555819794194,6.703517260954607,-58.307706704538376,-92.28233111368601,33.97462440914764,220.27949168803548,-76.82973612012313,76.82973612012313,77.56557795832774,10.658824124717833,-45.99190052884902,-99.14728437389542,53.155383845046394,438.8542649964671,S1,3,316456,316711
-26.82121794143452,64.91930014900299,72.58317086185359,67.44582240953923,143.30053376619335,-81.07482692129246,224.3753606874858,368.625490342024,-55.18240931041732,55.18240931041732,59.39027779545921,21.9569305532304,-8.649181085536348,-91.05574805423873,82.40656696870238,483.8888249206123,S1,2,316974,317229
-64.72560504493936,64.72560504493936,65.19768896028094,7.831647165702839,-45.60895962714647,-85.14305900464609,39.53409937749962,304.59794816196563,306.85455846158544,349.8132160110123,460.22272589125805,342.99451508460817,838.8964836117177,-87.68471042808092,926.5811940397987,1897.3015335900996,S1,3,317238,317493
-72.10462080348677,72.10462080348677,72.36074512404076,6.082852430543725,-59.59974163609499,-89.19820874379798,29.598467107702987,262.3314377699576,237.12295259908848,302.72771382150836,413.05864057740985,338.21612307273034,838.8964836117177,-112.61085471982666,951.5073383315444,1305.210084340561,S1,3,317366,317621
-73.94211918862648,73.94211918862648,74.12292790440702,5.174113548896636,-58.57715771024567,-89.19820874379798,30.621051033552305,222.69728555390975,-72.98408267606743,96.97111397684444,99.59641702286591,67.76997830695807,180.01678941345654,-115.72478974681987,295.7415791602764,661.7685393687766,S1,3,317494,317749
236.58908237594204,257.87152761750934,276.93686289695773,143.94315590439882,333.45669017676516,-64.95897508060068,398.41566525736584,611.6960733389041,-43.43228427810588,45.57270696011677,52.491301352216965,29.47835477151075,27.641623848785876,-105.71518477322515,133.35680862201102,509.35832399947645,S1,1,317769,318024
-40.56080308493204,40.56080308493204,41.675874400511034,9.575999172542684,-23.732160132323163,-54.36502930524188,30.63286917291872,195.10766711221652,102.84450179698962,190.38571906034417,311.5403190282478,294.0754645160854,821.7893363241468,-92.89078835777737,914.6801246819242,2101.4817277507436,S1,3,318276,318531
-38.19034008275825,38.19034008275825,39.534174876913795,10.220024831754111,-23.732160132323163,-62.739592314276784,39.00743218195362,192.15025969752935,-5.68737105216881,74.54923563014577,125.43568674104235,125.30668505196304,623.6847631700615,-64.64242476874,688.3271879388014,1100.2712549809835,S1,3,318404,318659
-44.7032162414063,44.7032162414063,45.50703365341819,8.515431263735469,-29.75051275050966,-62.739592314276784,32.98907956376712,181.40737485115227,-36.63716917645866,36.63716917645866,37.56689537884446,8.30598959429834,-22.828734933804594,-57.84906543128467,35.020330497480074,389.1805517347267,S1,3,318532,318787
-68.44554784494434,68.44554784494434,70.43900917100962,16.639140398440414,-35.23627367949749,-88.35558945193989,53.119315772442405,239.671865331454,-111.39464355696647,111.39464355696647,123.64805840481196,53.66633706613647,-15.223830165437734,-185.75323367128115,170.52940350584342,660.2806272241429,S1,1,318806,319061
-29.168499041173703,29.168499041173703,35.38293906260146,20.02875533808372,-10.062250395412844,-85.26017729511437,75.19792689970153,242.23477630511826,11.032046576923072,49.829234541736554,57.07801734803453,56.00173222952243,64.18585764547618,-125.38347177113542,189.5693294166116,662.4516919512376,S1,2,319070,319325
-20.929123153091286,21.49557172652377,23.965037352862847,11.674537222813147,18.962155002014292,-47.57096027054439,66.53311527255869,320.35284827197614,148.42703935723094,148.42703935723094,271.9823729188949,227.91188026568483,816.60263565016,6.598183463493664,810.0044521866663,1825.012885180478,S1,3,319334,319589
-22.927839975246776,22.927839975246776,23.969820975887938,6.9904557566437076,-6.958996398951617,-39.8078550676013,32.84885866864968,235.13667815783418,22.259753320235742,25.683670690967784,40.6532499756504,34.017497199308664,216.2443154682745,-24.254638168455667,240.49895363673016,608.8126261490564,S1,3,319462,319717
231.9708269589825,248.9499026787759,275.00767921269,147.71174315509109,326.43583542818214,-48.24283481710189,374.678670245284,581.5346166991701,-34.81348468423994,34.81348468423994,36.4360114150329,10.751939916898658,-1.6615874816218863,-55.90010991102952,54.23852242940763,523.7273437735834,S1,1,319844,320099
-18.380623545801246,19.280047483195297,20.154791890808916,8.268513423182764,55.746159986261176,-31.932622271999552,87.67878225826072,236.8695939394729,-40.07716861884117,40.07716861884117,40.561218331163865,6.247638594326335,-20.867896004623542,-53.808214433563435,32.94031842893989,581.7098789201873,S1,2,320108,320363
5.188025087932235,14.487547813016265,16.442502835742438,15.602573351546333,29.995027960638538,-24.27702618908002,54.27205414971856,242.87346087768782,38.223021696411216,124.62316099385194,216.52094227552476,213.12043322092984,742.898051423735,-82.70998567857622,825.6080371023112,1855.5386867710633,S1,3,320372,320627
28.140112957618154,30.645745265139805,32.844100097719846,16.93720620295838,54.87594084299261,-24.27702618908002,79.15296703207264,221.36879887748745,-27.19238817144017,99.00699533318567,143.8980019984769,141.30537500281926,710.9105991859963,-86.13608527724644,797.0466844632427,1154.6209143504784,S1,3,320500,320755
-208.9716236991273,239.60431587997806,268.51627046645456,168.61746052459844,68.18088145750694,-334.03035434230424,402.21123579981116,575.9783758500889,48.02127978268347,88.25847802181417,90.30862203998721,76.48270329162338,120.8773233862956,-82.12816530157811,203.0054886878737,591.2864584444294,S1,1,320882,321137
-45.54619975841968,129.7791405453246,172.702576960161,166.5884863255755,80.7545374347572,-334.7658915020449,415.5204289368021,653.2377801483435,-2.3886557254488032,68.06162591643404,76.27659034643486,76.23917994511169,131.07638157587712,-89.25057590495612,220.32695748083324,671.7223335358011,S1,2,321145,321400
48.298694381225225,48.298694381225225,49.360234315005954,10.18179025030933,69.26411932331136,21.348055887461154,47.916063435850205,245.3711510431297,99.01773376958784,139.9188944587587,259.60926873421516,239.98429284402965,768.0723374439558,-57.259775989234846,825.3321134331907,1865.036313089271,S1,3,321409,321664
39.012871438257726,39.012871438257726,39.96372648360618,8.665754242907012,57.91532835720887,23.292667204117173,34.6226611530917,190.39583124868457,4.796200876832877,57.764406995161565,100.43678741959377,100.32220454275185,502.81031751681,-48.171688269738645,550.9820057865487,816.7234146250263,S1,3,321537,321792
81.39279863710173,81.39279863710173,88.6792318383311,35.202535270299585,110.8053309553713,11.717171374005204,99.0881595813661,315.8409006512187,-77.7463166203427,77.7463166203427,81.57856103417544,24.70975257618157,-37.315391818835124,-117.64615570022539,80.33076388139027,467.1913131320113,S1,1,321919,322174
-12.266156119245963,38.10463266456763,43.48060580894716,41.71455975521418,91.60513953786668,-37.98836020540243,129.5934997432691,301.9323663748711,-58.683937734557695,58.683937734557695,61.47453473322865,18.311577557203844,-16.86956456746451,-105.5715790936851,88.7020145262206,499.4776590752526,S1,2,322183,322438
-20.68799427081044,20.68799427081044,22.385552609536276,8.551015067536182,-0.584848871492547,-36.83220646593428,36.24735759444173,246.86272059613196,127.85377914563308,179.70329702837174,304.4864716850768,276.3429438169297,782.6095713295703,-65.37340936517742,847.9829806947477,1856.2851305297934,S1,3,322447,322702
-15.324546582145388,15.324546582145388,16.96722981175995,7.28321079859231,-0.584848871492547,-32.22450024995449,31.63965137846194,205.39297302046907,6.388972381916279,62.72169560226483,108.56357805107973,108.37541931248059,546.1337406486793,-48.675677270996985,594.8094179196763,854.0596356798205,S1,3,322575,322830
-12.29408516084904,12.308183432414575,13.919797563217037,6.528111078921254,1.470360660848381,-32.22450024995449,33.694860910802866,178.0128706589797,-34.256210296040265,34.256210296040265,34.7095620858675,5.591579056595374,-22.051190284898382,-48.53470142194985,26.483511137051465,331.8707077489819,S1,3,322703,322958
